{
  "random": {
    "mean_reward": 98.68163433186194,
    "sem_reward": 17.620019500566684,
    "discovery_rate": 0.5666666666666667,
    "mean_first_discovery_step": 1.411764705882353,
    "mean_decision_ms": 0.12432932120713372,
    "mean_final_belief_truth": 0.95667174281707
  },
  "greedy_MAP": {
    "mean_reward": 131.67737075373697,
    "sem_reward": 30.716531757171087,
    "discovery_rate": 0.5666666666666667,
    "mean_first_discovery_step": 1.2352941176470589,
    "mean_decision_ms": 0.23745986357055326,
    "mean_final_belief_truth": 0.8683530860950298
  },
  "pomcp_topK": {
    "mean_reward": 181.25635393388015,
    "sem_reward": 31.247254512188245,
    "discovery_rate": 0.5666666666666667,
    "mean_first_discovery_step": 0.7058823529411765,
    "mean_decision_ms": 18.50094028998649,
    "mean_final_belief_truth": 0.9893290666140281
  },
  "sarsop_topK": {
    "mean_reward": 189.10614560054682,
    "sem_reward": 32.164655224326545,
    "discovery_rate": 0.5666666666666667,
    "mean_first_discovery_step": 0.4117647058823529,
    "mean_decision_ms": 9.670244359532026,
    "mean_final_belief_truth": 0.9922972340043507
  },
  "_meta": {
    "n_episodes": 30,
    "drill_budget": 9,
    "discount": 0.95,
    "alpha_fp": 0.1,
    "beta_fn": 0.1,
    "drill_cost": 1.0,
    "discovery_value": 50.0,
    "top_k": 20,
    "pomcp_n_sims": 200,
    "truth_distribution": [
      10,
      7,
      13
    ]
  }
}