{
  "k_sweep": {
    "pomcp_n_sims": 1000,
    "n_episodes": 30,
    "results": {
      "5": {
        "random": {
          "mean_reward": 17.06895332470052,
          "sem_reward": 4.279126992111062
        },
        "greedy_MAP": {
          "mean_reward": 16.94665486115885,
          "sem_reward": 4.526045845566369
        },
        "pomcp_topK": {
          "mean_reward": 16.18109184032552,
          "sem_reward": 4.4016249950338455
        },
        "sarsop_topK": {
          "mean_reward": 16.796238194492187,
          "sem_reward": 4.503378317613536
        }
      },
      "10": {
        "random": {
          "mean_reward": 17.06895332470052,
          "sem_reward": 4.279126992111062
        },
        "greedy_MAP": {
          "mean_reward": 16.94665486115885,
          "sem_reward": 4.526045845566369
        },
        "pomcp_topK": {
          "mean_reward": 17.779882986158853,
          "sem_reward": 4.40162647441161
        },
        "sarsop_topK": {
          "mean_reward": 17.69507084813802,
          "sem_reward": 4.409464376357302
        }
      },
      "20": {
        "random": {
          "mean_reward": 17.06895332470052,
          "sem_reward": 4.279126992111062
        },
        "greedy_MAP": {
          "mean_reward": 16.94665486115885,
          "sem_reward": 4.526045845566369
        },
        "pomcp_topK": {
          "mean_reward": 16.463113194492188,
          "sem_reward": 4.44008293726175
        },
        "sarsop_topK": {
          "mean_reward": 17.76261547580729,
          "sem_reward": 4.416882766370751
        }
      },
      "50": {
        "random": {
          "mean_reward": 17.06895332470052,
          "sem_reward": 4.279126992111062
        },
        "greedy_MAP": {
          "mean_reward": 16.94665486115885,
          "sem_reward": 4.526045845566369
        },
        "pomcp_topK": {
          "mean_reward": 15.844800694492188,
          "sem_reward": 4.334068753724967
        },
        "sarsop_topK": {
          "mean_reward": 18.67702829865885,
          "sem_reward": 4.273416839780868
        }
      }
    }
  },
  "pomcp_sims_sweep": {
    "top_k": 20,
    "n_episodes": 30,
    "results": {
      "200": {
        "random": {
          "mean_reward": 17.06895332470052,
          "sem_reward": 4.279126992111062
        },
        "greedy_MAP": {
          "mean_reward": 16.94665486115885,
          "sem_reward": 4.526045845566369
        },
        "pomcp_topK": {
          "mean_reward": 16.39602986115885,
          "sem_reward": 4.432643395082864
        },
        "sarsop_topK": {
          "mean_reward": 17.76261547580729,
          "sem_reward": 4.416882766370751
        }
      },
      "1000": {
        "random": {
          "mean_reward": 17.06895332470052,
          "sem_reward": 4.279126992111062
        },
        "greedy_MAP": {
          "mean_reward": 16.94665486115885,
          "sem_reward": 4.526045845566369
        },
        "pomcp_topK": {
          "mean_reward": 17.765039756992184,
          "sem_reward": 4.394713757287909
        },
        "sarsop_topK": {
          "mean_reward": 17.76261547580729,
          "sem_reward": 4.416882766370751
        }
      },
      "5000": {
        "random": {
          "mean_reward": 17.06895332470052,
          "sem_reward": 4.279126992111062
        },
        "greedy_MAP": {
          "mean_reward": 16.94665486115885,
          "sem_reward": 4.526045845566369
        },
        "pomcp_topK": {
          "mean_reward": 17.787443428867185,
          "sem_reward": 4.405295285418137
        },
        "sarsop_topK": {
          "mean_reward": 17.76261547580729,
          "sem_reward": 4.416882766370751
        }
      },
      "10000": {
        "random": {
          "mean_reward": 17.06895332470052,
          "sem_reward": 4.279126992111062
        },
        "greedy_MAP": {
          "mean_reward": 16.94665486115885,
          "sem_reward": 4.526045845566369
        },
        "pomcp_topK": {
          "mean_reward": 16.347758506992186,
          "sem_reward": 4.434264298957408
        },
        "sarsop_topK": {
          "mean_reward": 17.76261547580729,
          "sem_reward": 4.416882766370751
        }
      }
    }
  },
  "regime_sweep": {
    "cutoff_values": [
      0.12,
      0.15,
      0.18
    ],
    "penalty_values": [
      15.0,
      30.0,
      50.0
    ],
    "n_episodes": 30,
    "results": {
      "0.12_15.0": {
        "random": {
          "mean_reward": 17.06895332470052,
          "sem_reward": 4.279126992111062
        },
        "greedy_MAP": {
          "mean_reward": 16.94665486115885,
          "sem_reward": 4.526045845566369
        },
        "pomcp_topK": {
          "mean_reward": 16.784154861158854,
          "sem_reward": 4.4971042859613855
        },
        "sarsop_topK": {
          "mean_reward": 18.809914077304686,
          "sem_reward": 4.310410900348386
        }
      },
      "0.12_30.0": {
        "random": {
          "mean_reward": 17.06895332470052,
          "sem_reward": 4.279126992111062
        },
        "greedy_MAP": {
          "mean_reward": 16.94665486115885,
          "sem_reward": 4.526045845566369
        },
        "pomcp_topK": {
          "mean_reward": 16.33514814240885,
          "sem_reward": 4.1658249979394855
        },
        "sarsop_topK": {
          "mean_reward": 18.994386490130204,
          "sem_reward": 4.348176345442705
        }
      },
      "0.12_50.0": {
        "random": {
          "mean_reward": 17.06895332470052,
          "sem_reward": 4.279126992111062
        },
        "greedy_MAP": {
          "mean_reward": 16.94665486115885,
          "sem_reward": 4.526045845566369
        },
        "pomcp_topK": {
          "mean_reward": 16.633331944492188,
          "sem_reward": 4.473610694526436
        },
        "sarsop_topK": {
          "mean_reward": 18.640081264804685,
          "sem_reward": 4.2790439889925285
        }
      },
      "0.15_15.0": {
        "random": {
          "mean_reward": 17.06895332470052,
          "sem_reward": 4.279126992111062
        },
        "greedy_MAP": {
          "mean_reward": 16.94665486115885,
          "sem_reward": 4.526045845566369
        },
        "pomcp_topK": {
          "mean_reward": 16.038810590325518,
          "sem_reward": 4.381868390816166
        },
        "sarsop_topK": {
          "mean_reward": 19.061392881992184,
          "sem_reward": 4.331427812641038
        }
      },
      "0.15_30.0": {
        "random": {
          "mean_reward": 17.06895332470052,
          "sem_reward": 4.279126992111062
        },
        "greedy_MAP": {
          "mean_reward": 16.94665486115885,
          "sem_reward": 4.526045845566369
        },
        "pomcp_topK": {
          "mean_reward": 16.241248611158856,
          "sem_reward": 4.4062836481882295
        },
        "sarsop_topK": {
          "mean_reward": 17.76261547580729,
          "sem_reward": 4.416882766370751
        }
      },
      "0.15_50.0": {
        "random": {
          "mean_reward": 17.06895332470052,
          "sem_reward": 4.279126992111062
        },
        "greedy_MAP": {
          "mean_reward": 16.94665486115885,
          "sem_reward": 4.526045845566369
        },
        "pomcp_topK": {
          "mean_reward": 17.345613194492184,
          "sem_reward": 4.315601174953169
        },
        "sarsop_topK": {
          "mean_reward": 18.752236631992183,
          "sem_reward": 4.2842582375375295
        }
      },
      "0.18_15.0": {
        "random": {
          "mean_reward": 17.06895332470052,
          "sem_reward": 4.279126992111062
        },
        "greedy_MAP": {
          "mean_reward": 16.94665486115885,
          "sem_reward": 4.526045845566369
        },
        "pomcp_topK": {
          "mean_reward": 16.090039756992187,
          "sem_reward": 4.381208306988061
        },
        "sarsop_topK": {
          "mean_reward": 17.80575868798177,
          "sem_reward": 4.413766554705526
        }
      },