{
  "grid_n": 32,
  "sensor_noise_sigma": 0.001,
  "cutoff_grade": 0.15,
  "drill_cost": 1.0,
  "discovery_value": 50.0,
  "pomdp_budget": 9,
  "grid_budget": 36,
  "n_episodes_per_truth": 8,
  "n_episodes_total": 32,
  "pomcp_n_particles": 400,
  "pomcp_n_rollouts": 120,
  "pomdp_curves": {
    "random": [
      0.1875,
      0.28125,
      0.5,
      0.6875,
      0.71875,
      0.8125,
      0.8125,
      0.875,
      0.90625
    ],
    "greedy_mean": [
      0.5625,
      0.84375,
      0.9375,
      0.96875,
      1.0,
      1.0,
      1.0,
      1.0,
      1.0
    ],
    "bayes_greedy": [
      0.46875,
      0.75,
      0.8125,
      0.8125,
      0.84375,
      0.875,
      0.875,
      0.875,
      0.90625
    ],
    "pomcp": [
      0.53125,
      0.78125,
      0.8125,
      0.84375,
      0.84375,
      0.875,
      0.875,
      0.875,
      0.9375
    ]
  },
  "grid_curves": {
    "grid_drilling": [
      0.09375,
      0.1875,
      0.3125,
      0.34375,
      0.34375,
      0.34375,
      0.40625,
      0.40625,
      0.5,
      0.5,
      0.53125,
      0.53125,
      0.53125,
      0.84375,
      0.9375,
      1.0,
      1.0,
      1.0,
      1.0,
      1.0,
      1.0,
      1.0,
      1.0,
      1.0,
      1.0,
      1.0,
      1.0,
      1.0,
      1.0,
      1.0,
      1.0,
      1.0,
      1.0,
      1.0,
      1.0,
      1.0
    ]
  },
  "pomdp_elapsed_sec": 15.6971377650043,
  "grid_elapsed_sec": 0.013657190022058785
}