{
  "model_version": "placer-v3.6.0",
  "release": "ai-minerals-v1.0.1",
  "calibration_method": "isotonic_via_CalibratedClassifierCV",
  "fusion_method": "np.maximum(P_tertiary, P_quaternary)",
  "crs": "EPSG:4326",
  "quantile_keys_used": [
    "p50",
    "p75",
    "p90",
    "p95",
    "p99",
    "p99p9"
  ],
  "extra_keys_used": [
    "min",
    "max",
    "mean",
    "median",
    "pct_gt_0p001",
    "pct_gt_0p01",
    "pct_gt_0p05"
  ],
  "fused": {
    "n_finite": 863886,
    "min": 0.0,
    "max": 0.8864988684654236,
    "mean": 0.0048018102534115314,
    "median": 0.0003474183031357825,
    "p50": 0.0003474183031357825,
    "p75": 0.0006626337417401373,
    "p90": 0.0015804958529770374,
    "p95": 0.0030119067523628473,
    "p99": 0.07673611491918564,
    "p99p9": 0.8492621779441833,
    "pct_gt_0p001": 15.61861171497165,
    "pct_gt_0p01": 1.7011503832681625,
    "pct_gt_0p05": 1.1009554501404122
  },
  "per_population": {
    "tertiary": {
      "n_finite": 863886,
      "min": 0.0,
      "max": 0.8864988684654236,
      "mean": 0.004375666845589876,
      "median": 0.0,
      "p50": 0.0,
      "p75": 1.6058505934779532e-05,
      "p90": 0.00029665243346244097,
      "p95": 0.0014828091952949762,
      "p99": 0.0767250657081604,
      "p99p9": 0.8492621779441833,
      "pct_gt_0p001": 5.616250292283936,
      "pct_gt_0p01": 1.5635164824988483,
      "pct_gt_0p05": 1.1008396941263083
    },
    "quaternary": {
      "n_finite": 863886,
      "min": 0.0,
      "max": 0.03127063810825348,
      "mean": 0.0004965265979990363,
      "median": 0.0003221326624043286,
      "p50": 0.0003221326624043286,
      "p75": 0.0006626337417401373,
      "p90": 0.0010872853454202414,
      "p95": 0.0016693680081516504,
      "p99": 0.0031372052617371082,
      "p99p9": 0.011641467921435833,
      "pct_gt_0p001": 11.096950292052425,
      "pct_gt_0p01": 0.13485575643082537,
      "pct_gt_0p05": 0.0
    }
  },
  "per_region": {
    "northern_sierra": {
      "bbox_wsen": [
        -121.15,
        39.0,
        -120.7,
        39.45
      ],
      "stats": {
        "n_finite": 33856,
        "min": 6.151788511488121e-06,
        "max": 0.8864988684654236,
        "mean": 0.0768943503499031,
        "median": 0.002770759863778949,
        "p50": 0.002770759863778949,
        "p75": 0.01144440844655037,
        "p90": 0.2929021120071411,
        "p95": 0.602865993976593,
        "p99": 0.8864988684654236,
        "p99p9": 0.8864988684654236,
        "pct_gt_0p001": 71.19860586011342,
        "pct_gt_0p01": 25.951086956521742,
        "pct_gt_0p05": 18.6288988657845
      }
    },
    "el_dorado_placer": {
      "bbox_wsen": [
        -121.15,
        38.65,
        -120.6,
        39.0
      ],
      "stats": {
        "n_finite": 32175,
        "min": 4.561793684842996e-05,
        "max": 0.8664445281028748,
        "mean": 0.0035030266735702753,
        "median": 0.001471832045353949,
        "p50": 0.001471832045353949,
        "p75": 0.0028536191675812006,
        "p90": 0.005160675384104252,
        "p95": 0.0074044386856257915,
        "p99": 0.02165208011865616,
        "p99p9": 0.2944597005844116,
        "pct_gt_0p001": 64.08391608391608,
        "pct_gt_0p01": 3.073815073815074,
        "pct_gt_0p05": 0.49106449106449107
      }
    },
    "amador": {
      "bbox_wsen": [
        -121.0,
        38.25,
        -120.55,
        38.55
      ],
      "stats": {
        "n_finite": 22632,
        "min": 1.085152143787127e-05,
        "max": 0.8538393974304199,
        "mean": 0.0027962683234363794,
        "median": 0.0009722236427478492,
        "p50": 0.0009722236427478492,
        "p75": 0.0017638218123465776,
        "p90": 0.003114256775006652,
        "p95": 0.005025454331189394,
        "p99": 0.0157091673463583,
        "p99p9": 0.355415940284729,
        "pct_gt_0p001": 48.811417462000705,
        "pct_gt_0p01": 1.6039236479321313,
        "pct_gt_0p05": 0.4727819017320608
      }
    },
    "tuolumne": {
      "bbox_wsen": [
        -120.9,
        37.75,
        -120.1,
        38.15
      ],
      "stats": {
        "n_finite": 53628,
        "min": 0.0,
        "max": 0.1721600443124771,
        "mean": 0.0008378161583095789,
        "median": 0.0006482518510892987,
        "p50": 0.0006482518510892987,
        "p75": 0.001006797538138926,
        "p90": 0.0016545989783480763,
        "p95": 0.0022051401901990175,
        "p99": 0.0033217635937035084,
        "p99p9": 0.007063241675496101,
        "pct_gt_0p001": 25.223763705526963,
        "pct_gt_0p01": 0.06712911165808906,
        "pct_gt_0p05": 0.003729395092116059
      }
    },
    "mariposa": {
      "bbox_wsen": [
        -120.2,
        37.5,
        -119.65,
        37.8
      ],
      "stats": {
        "n_finite": 27675,
        "min": 0.0,
        "max": 0.02372991107404232,
        "mean": 0.0007812047842890024,
        "median": 0.0006163291982375085,
        "p50": 0.0006163291982375085,
        "p75": 0.0008572311489842832,
        "p90": 0.001648640725761652,
        "p95": 0.002320034196600318,
        "p99": 0.004082559607923031,
        "p99p9": 0.012932481244206429,
        "pct_gt_0p001": 21.145438121047878,
        "pct_gt_0p01": 0.16260162601626016,
        "pct_gt_0p05": 0.0
      }
    },
    "calaveras": {
      "bbox_wsen": [
        -120.7,
        37.9,
        -120.35,
        38.2
      ],
      "stats": {
        "n_finite": 17589,
        "min": 1.3251193195173983e-05,
        "max": 0.1721600443124771,
        "mean": 0.0011527609312906861,
        "median": 0.0008718991302885115,
        "p50": 0.0008718991302885115,
        "p75": 0.001399892964400351,
        "p90": 0.002107473323121667,
        "p95": 0.0026459950022399426,
        "p99": 0.004045968409627676,
        "p99p9": 0.00755012221634388,
        "pct_gt_0p001": 42.572062084257205,
        "pct_gt_0p01": 0.08528057308545113,
        "pct_gt_0p05": 0.011370743078060151
      }
    }
  },
  "recommended_bands": {
    "description": "Cutoffs derived from the fused raster's distribution. Goldbug's prior absolute bands (high=0.05, moderate=0.01, weak=0.001) map cleanly onto these quantiles: high cuts at the AOI p99, moderate at p95, weak at p90. Per-region cutoffs should generally use the northern_sierra region's values rather than per-region p99, since the model's training signal is northern-Sierra-anchored.",
    "high": 0.07673611491918564,
    "moderate": 0.0030119067523628473,
    "weak": 0.0015804958529770374
  }
}