{
  "model_version": "placer-v3.7.0",
  "release": "ai-minerals-v1.1.0",
  "calibration_method": "isotonic_via_CalibratedClassifierCV",
  "fusion_method": "np.maximum(P_tertiary, P_quaternary)",
  "crs": "EPSG:4326",
  "quantile_keys_used": [
    "p50",
    "p75",
    "p90",
    "p95",
    "p99",
    "p99p9"
  ],
  "extra_keys_used": [
    "min",
    "max",
    "mean",
    "median",
    "pct_gt_0p001",
    "pct_gt_0p01",
    "pct_gt_0p05"
  ],
  "fused": {
    "n_finite": 863886,
    "min": 0.0,
    "max": 0.8864988684654236,
    "mean": 0.017312301322817802,
    "median": 0.005997152999043465,
    "p50": 0.005997152999043465,
    "p75": 0.01117265410721302,
    "p90": 0.022559896111488342,
    "p95": 0.04359041154384613,
    "p99": 0.3324131667613983,
    "p99p9": 0.86387699842453,
    "pct_gt_0p001": 82.34905994540946,
    "pct_gt_0p01": 28.489059899107055,
    "pct_gt_0p05": 4.450239962217236
  },
  "per_population": {
    "tertiary": {
      "n_finite": 863886,
      "min": 0.0,
      "max": 0.8864988684654236,
      "mean": 0.004375666845589876,
      "median": 0.0,
      "p50": 0.0,
      "p75": 1.6058505934779532e-05,
      "p90": 0.00029665243346244097,
      "p95": 0.0014828091952949762,
      "p99": 0.0767250657081604,
      "p99p9": 0.8492621779441833,
      "pct_gt_0p001": 5.616250292283936,
      "pct_gt_0p01": 1.5635164824988483,
      "pct_gt_0p05": 1.1008396941263083
    },
    "quaternary": {
      "n_finite": 863886,
      "min": 0.0,
      "max": 0.8666666746139526,
      "mean": 0.014343280345201492,
      "median": 0.005982662551105022,
      "p50": 0.005982662551105022,
      "p75": 0.011110049672424793,
      "p90": 0.02189159207046032,
      "p95": 0.03920700401067734,
      "p99": 0.2120039016008377,
      "p99p9": 0.7640306949615479,
      "pct_gt_0p001": 82.32197303810919,
      "pct_gt_0p01": 28.334872888320913,
      "pct_gt_0p05": 3.9225082939184106
    }
  },
  "per_region": {
    "northern_sierra": {
      "bbox_wsen": [
        -121.15,
        39.0,
        -120.7,
        39.45
      ],
      "stats": {
        "n_finite": 33856,
        "min": 0.0011710097314789891,
        "max": 0.8864988684654236,
        "mean": 0.10120289027690887,
        "median": 0.020015083253383636,
        "p50": 0.020015083253383636,
        "p75": 0.06263606250286102,
        "p90": 0.3427201807498932,
        "p95": 0.6410641670227051,
        "p99": 0.8864988684654236,
        "p99p9": 0.8864988684654236,
        "pct_gt_0p001": 100.0,
        "pct_gt_0p01": 74.94092627599244,
        "pct_gt_0p05": 28.777764650283554
      }
    },
    "el_dorado_placer": {
      "bbox_wsen": [
        -121.15,
        38.65,
        -120.6,
        39.0
      ],
      "stats": {
        "n_finite": 32175,
        "min": 0.0013342044549062848,
        "max": 0.8664445281028748,
        "mean": 0.028751662001013756,
        "median": 0.01523143146187067,
        "p50": 0.01523143146187067,
        "p75": 0.028308849781751633,
        "p90": 0.058820441365242004,
        "p95": 0.09196063131093979,
        "p99": 0.2654165029525757,
        "p99p9": 0.5137710571289062,
        "pct_gt_0p001": 100.0,
        "pct_gt_0p01": 70.13209013209013,
        "pct_gt_0p05": 12.537684537684537
      }
    },
    "amador": {
      "bbox_wsen": [
        -121.0,
        38.25,
        -120.55,
        38.55
      ],
      "stats": {
        "n_finite": 22632,
        "min": 0.001312335953116417,
        "max": 0.8538393974304199,
        "mean": 0.020036328583955765,
        "median": 0.009620863012969494,
        "p50": 0.009620863012969494,
        "p75": 0.014642378315329552,
        "p90": 0.028327833861112595,
        "p95": 0.05773960426449776,
        "p99": 0.26633524894714355,
        "p99p9": 0.5766400694847107,
        "pct_gt_0p001": 100.0,
        "pct_gt_0p01": 47.10144927536232,
        "pct_gt_0p05": 5.8103570166136445
      }
    },
    "tuolumne": {
      "bbox_wsen": [
        -120.9,
        37.75,
        -120.1,
        38.15
      ],
      "stats": {
        "n_finite": 53628,
        "min": 0.0014909154269844294,
        "max": 0.7852520942687988,
        "mean": 0.01478916872292757,
        "median": 0.00903664343059063,
        "p50": 0.00903664343059063,
        "p75": 0.013749590143561363,
        "p90": 0.021399736404418945,
        "p95": 0.03116011433303356,
        "p99": 0.1262282133102417,
        "p99p9": 0.48759758472442627,
        "pct_gt_0p001": 100.0,
        "pct_gt_0p01": 43.419482359961215,
        "pct_gt_0p05": 2.5042888043559337
      }
    },
    "mariposa": {
      "bbox_wsen": [
        -120.2,
        37.5,
        -119.65,
        37.8
      ],
      "stats": {
        "n_finite": 27675,
        "min": 0.0,
        "max": 0.3488537073135376,
        "mean": 0.011698102578520775,
        "median": 0.008947760798037052,
        "p50": 0.008947760798037052,
        "p75": 0.013805950991809368,
        "p90": 0.020281633362174034,
        "p95": 0.025791916996240616,
        "p99": 0.04818209260702133,
        "p99p9": 0.21541419625282288,
        "pct_gt_0p001": 98.04878048780488,
        "pct_gt_0p01": 43.57362240289069,
        "pct_gt_0p05": 0.9539295392953929
      }
    },
    "calaveras": {
      "bbox_wsen": [
        -120.7,
        37.9,
        -120.35,
        38.2
      ],
      "stats": {
        "n_finite": 17589,
        "min": 0.002024129731580615,
        "max": 0.3601606488227844,
        "mean": 0.01120442058891058,
        "median": 0.008843095041811466,
        "p50": 0.008843095041811466,
        "p75": 0.012172915041446686,
        "p90": 0.016666578128933907,
        "p95": 0.020998584106564522,
        "p99": 0.03867175430059433,
        "p99p9": 0.2114025503396988,
        "pct_gt_0p001": 100.0,
        "pct_gt_0p01": 40.030701006310764,
        "pct_gt_0p05": 0.6936153277616692
      }
    }
  },
  "recommended_bands": {
    "description": "Cutoffs derived from the fused raster's distribution. Goldbug's prior absolute bands (high=0.05, moderate=0.01, weak=0.001) map cleanly onto these quantiles: high cuts at the AOI p99, moderate at p95, weak at p90.",
    "high": 0.3324131667613983,
    "moderate": 0.04359041154384613,
    "weak": 0.022559896111488342
  }
}