{
"type": "FeatureCollection",
"name": "nome_ardf_all_wgs84",
"crs": { "type": "name", "properties": { "name": "urn:ogc:def:crs:OGC:1.3:CRS84" } },
"features": [
{ "type": "Feature", "properties": { "ardf_num": "NM013", "mrds_num": "10307908", "site": "Unnamed (near American Creek)", "location": "The occurrence is on hill 375 about 1.5 miles west-northwest of the confluence of American Creek and Sinuk River.  It is in the SW1/4 section 18, T. 8 S., R. 35 W., Kateel River Meridian.  The location of this occurrence is taken from figure 3 of Mulligan", "quad_250": "NM", "quad_63360": "D-2", "comm_main": "Fe", "comm_other": null, "ore": "Goethite, hematite, limonite, pyrite (?), pyrolusite", "gangue": "Calcite, dolomite (?), quartz", "site_type": "Occurrence", "status": "Probably inactive", "production": "None", "dep_model": "Carbonate-hosted, iron oxide deposit.", "model_code": null, "alteration": "Probable dolomitization and oxidation.", "geol_desc": "This occurrence near lower American Creek was shown on figure 3 of Mulligan and Hess (1965, but no other data are available for this specific occurrence.  It appears to be the northern-most of a group of iron-rich prospects that include NM014, NM017, NM01", "work_expl": "Some shallow prospecting pits may be present here.", "comments": null, "expand_ref": "Brobst, D.A., Pinckney, D.M., and Sainsbury, C.L., 1971, Geology and geochemistry of the Sinuk River barite deposits, Seward Peninsula, Alaska:  U.S. Geological Survey Professional Paper 750-D, p. D1-D8.|Bundtzen, T.K., Reger, R.D., Laird, G.M., Pinney, D", "rept_names": "C.C. Hawley and Travis L. Hudson", "rept_date": "10/22/1999", "age": "Late Cretaceous or Early Tertiary; post mid-Cretaceous metamorphism.", "rept_aff": "Hawley Resource Group, Inc.", "prod_notes": null, "reserves": null, "prime_ref": "Mulligan and Hess, 1965", "latitude": 64.792037, "longitude": -165.853879, "datum": "WGS84", "source_datum": "NAD27 (EPSG:4267) reprojected to WGS84 (EPSG:4326)" }, "geometry": { "type": "Point", "coordinates": [ -165.853879153239319, 64.792037349959656 ] } },
{ "type": "Feature", "properties": { "ardf_num": "NM014", "mrds_num": "A012777", "site": "American", "location": "The American prospect is on a north-sloping  face of a hill about 1 mile south of American Creek at an elevation of 600 feet.  The prospect is about 2 miles west of a south-flowing part of Sinuk River and 2.3 miles northeast of a low divide near hill 660", "quad_250": "NM", "quad_63360": "D-2", "comm_main": "Fe", "comm_other": "Au, Mn, Zn", "ore": "Goethite, limonite, pyrite", "gangue": "Dolomite, quartz", "site_type": "Prospect", "status": "Inactive", "production": "None", "dep_model": "Iron deposit localized by marble-schist contact and intersecting fault.", "model_code": null, "alteration": "Dolomitization, silicification, and oxidation.", "geol_desc": "Extensive amounts of limonite occur near a contact between marble and schist, probably along a high-angle fault that strikes west and is nearly coincident with the lithologic contact (Herreid, 197, figure 8).  Surface rubble locally contains more than 30", "work_expl": "A few surface prospecting pits to 6 or 8 feet deep are present here.", "comments": null, "expand_ref": "Brobst, D.A., Pinckney, D.M., and Sainsbury, C.L., 1971, Geology and geochemistry of the Sinuk River barite deposits, Seward Peninsula, Alaska:  U.S. Geological Survey Professional Paper 750-D, p. D1-D8. |Bundtzen, T.K., Reger, R.D., Laird, G.M., Pinney,", "rept_names": "C.C. Hawley and Travis L. Hudson", "rept_date": "10/22/1999", "age": "Late Cretaceous or Early Tertiary; post mid-Cretaceous metamorphism.", "rept_aff": "Hawley Resource Group, Inc.", "prod_notes": null, "reserves": "Shallit (1942) estimated that 40,000 long tons of rock are present that contain 20 to 40 percent iron with minor manganese (also see Mulligan and Hess, 1965, p. 18).", "prime_ref": "Herreid, 1970", "latitude": 64.776237, "longitude": -165.872778, "datum": "WGS84", "source_datum": "NAD27 (EPSG:4267) reprojected to WGS84 (EPSG:4326)" }, "geometry": { "type": "Point", "coordinates": [ -165.87277772318771, 64.776236600939441 ] } },
{ "type": "Feature", "properties": { "ardf_num": "NM015", "mrds_num": "10307909", "site": "Sinuk River", "location": "Sinuk River is the major drainage along the southwest flank of the Kigluaik Mountains.  Collier and others (1908, plate X) show the river to be gold-bearing for several miles downstream from Rulby Creek, a small east tributary (NM016).  This location is t", "quad_250": "NM", "quad_63360": "D-2", "comm_main": "Au", "comm_other": null, "ore": "Gold", "gangue": null, "site_type": "Prospects", "status": "Probably inactive", "production": "Undetermined", "dep_model": "Placer Au (Cox and Singer, 1986; model 39a).", "model_code": "39a", "alteration": null, "geol_desc": "The Sinuk River is the major drainage along the southwest flank of the Kigluaik Mountains.  Collier and others (1908, plate X) show the river to be gold-bearing for several miles downstream from Rulby Creek, a small east tributary (NM016).  The placer dep", "work_expl": "Sinuk River was probably worked on a small scale prior to WWI.  Production figures are not available, but some gold was probably produced by pan, rocker, or other small-scale operations.", "comments": null, "expand_ref": "Collier, A.J., Hess, F.L., Smith, P.S., and Brooks, A.H., 1908, The gold placers of parts of Seward Peninsula, Alaska, including the Nome, Council, Kougarok, Port Clarence, and Goodhope precincts:  U.S. Geological Survey Bulletin 328, 343 p.|Kaufman, D.S.", "rept_names": "C.C. Hawley and Travis L. Hudson", "rept_date": "10/22/1999", "age": "Holocene.", "rept_aff": "Hawley Resource Group, Inc.", "prod_notes": null, "reserves": null, "prime_ref": "Collier and others, 1908", "latitude": 64.749736, "longitude": -165.855475, "datum": "WGS84", "source_datum": "NAD27 (EPSG:4267) reprojected to WGS84 (EPSG:4326)" }, "geometry": { "type": "Point", "coordinates": [ -165.855474823829638, 64.749736262562124 ] } },
{ "type": "Feature", "properties": { "ardf_num": "NM016", "mrds_num": "A012866", "site": "Rulby Creek", "location": "Rulby Creek is a small east tributary to Sinuk River (NM015).  The mouth of Rulby Creek is 0.6 mile downstream of the mouth of American Creek.  It is locality 68 of Cobb (1972 [MF 463], 1978 [OFR 78-93]).", "quad_250": "NM", "quad_63360": "D-2", "comm_main": "Au", "comm_other": null, "ore": "Gold", "gangue": null, "site_type": "Mine", "status": "Inactive", "production": "Yes; small", "dep_model": "Placer Au (Cox and Singer, 1986; model 39a).", "model_code": "39a", "alteration": null, "geol_desc": "Rulby Creek was prospected and produced a little placer gold in the early 1900's (Collier and others, 1908).  The creek flows across a higher gravel deposit, probably glacial, that carries small amounts of gold. This locality is within an area of iron and", "work_expl": "Some gold was produced by pan, rocker, or other small scale operations in the early 1900's.", "comments": null, "expand_ref": "Cobb, E.H., 1972, Metallic mineral resources map of the Nome quadrangle, Alaska:  U.S. Geological Survey Miscellaneous Field Studies Map MF-463, 2 sheets, scale 1:250,000.|Cobb, E.H., 1978, Summary of references to mineral occurrences (other than mineral", "rept_names": "C.C. Hawley and Travis L. Hudson", "rept_date": "10/22/1999", "age": "Quaternary.", "rept_aff": "Hawley Resource Group, Inc.", "prod_notes": null, "reserves": null, "prime_ref": "Collier and others, 1908", "latitude": 64.775538, "longitude": -165.784777, "datum": "WGS84", "source_datum": "NAD27 (EPSG:4267) reprojected to WGS84 (EPSG:4326)" }, "geometry": { "type": "Point", "coordinates": [ -165.784776740671276, 64.775538229925672 ] } },
{ "type": "Feature", "properties": { "ardf_num": "NM017", "mrds_num": "A012779", "site": "Monarch", "location": "The Monarch prospect is at the head of an unnamed northwest-flowing tributary of the Sinuk River.  It is mainly in the W1/2 section 33, T. 8 S., R. 35 W., Kateel River Meridian.  It is 1.5 miles southwest of the Mogul prospect  (NM020) and accurately loca", "quad_250": "NM", "quad_63360": "D-2", "comm_main": "Fe", "comm_other": "Au, Mn, Pb, Zn", "ore": "Goethite, hematite, limonite, pyrolusite", "gangue": "Dolomite", "site_type": "Prospect", "status": "Probably inactive", "production": "None", "dep_model": "Carbonate-hosted, iron oxide deposit.", "model_code": null, "alteration": "Dolomitization and oxidation.", "geol_desc": "The Monarch prospect occurs in marble overlying mica schist; it is the largest of the iron deposits of the Sinuk River region.  The main Monarch prospect (called the East Gap) contains abundant limonite and some hematite in an area about 2,000 feet long a", "work_expl": "Open cuts, a shallow shaft, and a short adit were driven before 1914. There are at least 12 patented claims over this prospect (Mulligan and Hess, 1965).", "comments": null, "expand_ref": "Brobst, D.A., Pinckney, D.M., and Sainsbury, C.L., 1971, Geology and geochemistry of the Sinuk River barite deposits, Seward Peninsula, Alaska:  U.S. Geological Survey Professional Paper 750-D, p. D1-D8. |Bundtzen, T.K., Reger, R.D., Laird, G.M., Pinney,", "rept_names": "C.C. Hawley and Travis L. Hudson", "rept_date": "10/22/1999", "age": "Late Cretaceous or Early Tertiary; post mid-Cretaceous metamorphism.", "rept_aff": "Hawley Resource Group, Inc.", "prod_notes": null, "reserves": "Shallit (1942; Mulligan and Hess, 1965, table 3) estimated that this prospect contains 50,000 long tons of 30 to 45 percent iron and about 500,000 tons of 15 to 25 percent iron.  Most of the iron ore has only 1 percent or less of manganese, but Mulligan a", "prime_ref": "Herreid, 1970", "latitude": 64.751838, "longitude": -165.777674, "datum": "WGS84", "source_datum": "NAD27 (EPSG:4267) reprojected to WGS84 (EPSG:4326)" }, "geometry": { "type": "Point", "coordinates": [ -165.777674234110549, 64.751837770287665 ] } },
{ "type": "Feature", "properties": { "ardf_num": "NM018", "mrds_num": "A012778", "site": "Tub Mountain", "location": "The Tub Mountain prospect is on hill 956 in the SW1/4NW1/4 section 22, T. 8 S., R 35 W., Kateel River Meridian.  It is 1.25 miles southwest of the confluence of Stewart and Sinuk Rivers and about 0.8 mile south of Sinuk River. The prospect is locality 6 o", "quad_250": "NM", "quad_63360": "D-2", "comm_main": "Fe", "comm_other": "Mn", "ore": "Goethite, hematite, limonite [so called], pyrite", "gangue": "Calcite, dolomite, quartz", "site_type": "Prospect", "status": "Inactive", "production": "None", "dep_model": "Carbonate-hosted, iron oxide deposit.", "model_code": null, "alteration": "Dolomitization and oxidation.", "geol_desc": "The Tub Mountain prospect is a limonite-rich deposit about 300 by 600 feet that appears to be localized along high-angle faults in marble (Herried, 1970).  It is one of several similar deposits in the area (see NM014, NM014, NM017, NM019, and NM020).  The", "work_expl": "Surface prospecting pits, dating to before WWI, are present.", "comments": null, "expand_ref": "Brobst, D.A., Pinckney, D.M., and Sainsbury, C.L., 1971, Geology and geochemistry of the Sinuk River barite deposits, Seward Peninsula, Alaska:  U.S. Geological Survey Professional Paper 750-D, p. D1-D8. |Bundtzen, T.K., Reger, R.D., Laird, G.M., Pinney,", "rept_names": "C.C. Hawley and Travis L. Hudson", "rept_date": "10/22/1999", "age": "Late Cretaceous or Early Tertiary; post mid-Cretaceous metamorphism.", "rept_aff": "Hawley Resource Group, Inc.", "prod_notes": null, "reserves": "Shallit (1942; table 3, Mulligan and Hess, 1965) estimated that the Tub Mountain prospect includes 8,000 long tons of rock containing 10 to 20 percent iron.", "prime_ref": "Herreid, 1970", "latitude": 64.781939, "longitude": -165.751877, "datum": "WGS84", "source_datum": "NAD27 (EPSG:4267) reprojected to WGS84 (EPSG:4326)" }, "geometry": { "type": "Point", "coordinates": [ -165.751877056274481, 64.78193900553039 ] } },
{ "type": "Feature", "properties": { "ardf_num": "NM019", "mrds_num": "10307910", "site": "Unnamed (at head of Rulby Creek)", "location": "This occurrence is about 0.8 mile south of the Tub Mountain prospect (NM018) near the head of Rulby Creek (NM016).  The occurrence is at an elevation of 760 feet and is accurately located from Herreid (1970).", "quad_250": "NM", "quad_63360": "D-2", "comm_main": "Fe", "comm_other": null, "ore": "Limonite", "gangue": null, "site_type": "Occurrence", "status": "Probably inactive", "production": "None", "dep_model": "Carbonate-hosted, iron oxide deposit.", "model_code": null, "alteration": "Dolomitization and oxidation.", "geol_desc": "This limonite occurrence is about 0.8 mile south of the Tub Mountain prospect (NM018).  It is a few hundred feet across (Herreid, 1970) and one of several carbonate-hosted, iron-rich deposits in the area (NM014, NM014, NM017, NM018, and NM020).  The limon", "work_expl": "There may be small prospecting pits at this locality.", "comments": null, "expand_ref": "Brobst, D.A., Pinckney, D.M., and Sainsbury, C.L., 1971, Geology and geochemistry of the Sinuk River barite deposits, Seward Peninsula, Alaska:  U.S. Geological Survey Professional Paper 750-D, p. D1-D8. |Bundtzen, T.K., Reger, R.D., Laird, G.M., Pinney,", "rept_names": "C.C. Hawley and Travis L. Hudson", "rept_date": "10/22/1999", "age": "Late Cretaceous or Early Tertiary; post mid-Cretaceous metamorphism.", "rept_aff": "Hawley Resource Group, Inc.", "prod_notes": null, "reserves": null, "prime_ref": "Herreid, 1970", "latitude": 64.771639, "longitude": -165.739876, "datum": "WGS84", "source_datum": "NAD27 (EPSG:4267) reprojected to WGS84 (EPSG:4326)" }, "geometry": { "type": "Point", "coordinates": [ -165.739875872947636, 64.77163897221881 ] } },
{ "type": "Feature", "properties": { "ardf_num": "NM020", "mrds_num": "A012780", "site": "Mogul", "location": "The Mogul prospect is on a rolling hill south of the divide between Trinity Creek to the west and Durrant Creek to the east.  It is about 1.5 miles northeast of the Monarch prospect (NM017) and 1.5 miles south-southeast of the Tub Mountain prospect (NM018", "quad_250": "NM", "quad_63360": "D-2", "comm_main": "Fe", "comm_other": null, "ore": "Limonite", "gangue": null, "site_type": "Prospect", "status": "Probably inactive", "production": "None", "dep_model": "Carbonate-hosted, iron oxide deposit.", "model_code": null, "alteration": "Dolomitization and oxidation.", "geol_desc": "The Mogul prospect includes four small concentrations of limonite at or near a contact of marble and schist (Herreid, 1970, figure 1).  This prospect is one of several carbonate-hosted, iron-rich deposits in the area (NM014, NM014, NM017, NM018, and NM019", "work_expl": "There may be small prospecting pits at this locality.", "comments": null, "expand_ref": "Brobst, D.A., Pinckney, D.M., and Sainsbury, C.L., 1971, Geology and geochemistry of the Sinuk River barite deposits, Seward Peninsula, Alaska:  U.S. Geological Survey Professional Paper 750-D, p. D1-D8. |Bundtzen, T.K., Reger, R.D., Laird, G.M., Pinney,", "rept_names": "C.C. Hawley and Travis L. Hudson", "rept_date": "10/22/1999", "age": "Late Cretaceous or Early Tertiary; post mid-Cretaceous metamorphism.", "rept_aff": "Hawley Resource Group, Inc.", "prod_notes": null, "reserves": "Shallit (1942); Mulligan and Hess, 1965, table 3) estimated that the Mogul prospect contains 5,000 long tons of rock with 10 to 20 percent iron.", "prime_ref": "Herreid, 1970", "latitude": 64.761139, "longitude": -165.734075, "datum": "WGS84", "source_datum": "NAD27 (EPSG:4267) reprojected to WGS84 (EPSG:4326)" }, "geometry": { "type": "Point", "coordinates": [ -165.734074734601421, 64.761138818097479 ] } },
{ "type": "Feature", "properties": { "ardf_num": "NM062", "mrds_num": "D002568; A012799", "site": "California; Connolly and Jensen (or Jannsen)", "location": "The California mine is in the headwaters of Goldbottom Creek.  The main workings are in and near a west-flowing unnamed tributary at the end of the jeep trail at the north end of the Snake River road.  This tributary was called Henry Gulch by Cathcart (19", "quad_250": "NM", "quad_63360": "D-1", "comm_main": "Au", "comm_other": "Ag, Mo, Sb, W", "ore": "Arsenopyrite, gold, molybdenite (?), scheelite, stibnite", "gangue": "Quartz", "site_type": "Mine", "status": "Probably inactive", "production": "Yes; small", "dep_model": "Low sulfide Au-quartz veins (Cox and Singer, 1986; model 36a).", "model_code": "36a", "alteration": "Extensive iron-staining of the host schist reflects oxidized pyrite or arsenopyrite.", "geol_desc": "The California vein was discovered and developed before 1908 (Smith, 1908; Chapin, 1914 [B 592-L, p. 397-407]; Mertie, 1918 [B 451-458]).  It is localized in a subsidiary shear zone to a north- to northeast-striking regional fault.  The lode is exposed in", "work_expl": "The California lode was developed by a 70-foot decline that was reported to be in vein material to a depth of 33 feet.  There are shallow pits, including a pit on the marble-schist contact about 250 feet east of  the California incline.  This pit has abun", "comments": "Complex target within major shear zone.", "expand_ref": "Amato, J.M., and Wright, J.E., 1997, Potassic mafic magmatism in the Kigluaik gneiss dome, northern Alaska--A geochemical study of arc magmatism in an extensional tectonic setting: Journal of Geophysical Research, v. B102, no. 4, p. 8065-8084.|Amato, J.M.", "rept_names": "C.C. Hawley and Travis L. Hudson", "rept_date": "10/22/1999", "age": "Mid-Cretaceous?; structures controlling deposits post-date regional metamorphism - mineralization could be similar in age to other lode gold deposits of Seward Peninsula.", "rept_aff": "Hawley Resource Group, Inc.", "prod_notes": "Small production in early 1900's, also some probably about 1937-38.", "reserves": null, "prime_ref": "Mertie, 1918", "latitude": 64.769044, "longitude": -165.451873, "datum": "WGS84", "source_datum": "NAD27 (EPSG:4267) reprojected to WGS84 (EPSG:4326)" }, "geometry": { "type": "Point", "coordinates": [ -165.451872569934011, 64.769044290682388 ] } },
{ "type": "Feature", "properties": { "ardf_num": "NM063", "mrds_num": "10307934", "site": "Unnamed (lode near Fred Creek)", "location": "Mineralized schist occurs about 600 feet southwest of upper Fred Creek (Gulch) in the approximate center of the SW1/4NE1/4 section 19, T. 8 S., R. 33 W., Kateel River Meridian.  The location is accurate to within 250 feet of the coordinates.", "quad_250": "NM", "quad_63360": "D-1", "comm_main": "Au", "comm_other": "As", "ore": "Gold (?), hematite", "gangue": null, "site_type": "Prospect", "status": "Probably inactive", "production": "None", "dep_model": "Possible low sulfide, Au-quartz vein (Cox and Singer, 1986; model 36a).", "model_code": "36a?", "alteration": "Oxidation; possible development of secondary layered silicates; sulfidation of contact zone.", "geol_desc": "The basal contact zone of massive marble with schist is mineralized at this locality.  The mineralized rock is hematized schist that is anomalous in gold and arsenic; arsenic is inferred to be present in a secondary mineral oxidized from arsenopyrite.  Th", "work_expl": "The area was explored by Kennecott Exploration Company in 1994. Kennecott extended an earlier soil geochemistry survey that was confined to the immediate area of the California mine (NM062).  The extended survey found soils anomalous in gold and arsenic n", "comments": "Basal contact zone of massive marble is a favorable horizon in the Fred Creek area; also a major fault, probably related to the Penny River fault traverses the area.", "expand_ref": "Amato, J.M., and Wright, J.E., 1997, Potassic mafic magmatism in the Kigluaik gneiss dome, northern Alaska--A geochemical study of arc magmatism in an extensional tectonic setting: Journal of Geophysical Research, v. B102, no. 4, p. 8065-8084.|Amato, J.M.", "rept_names": "C.C. Hawley and Travis L. Hudson", "rept_date": "10/22/1999", "age": "Mid-Cretaceous?; structures controlling deposits post-date regional metamorphism - mineralization could be similar in age to other lode gold deposits of Seward Peninsula.", "rept_aff": "Hawley Resource Group, Inc.", "prod_notes": null, "reserves": null, "prime_ref": "This report", "latitude": 64.781745, "longitude": -165.438274, "datum": "WGS84", "source_datum": "NAD27 (EPSG:4267) reprojected to WGS84 (EPSG:4326)" }, "geometry": { "type": "Point", "coordinates": [ -165.438273728067742, 64.781744863144226 ] } },
{ "type": "Feature", "properties": { "ardf_num": "NM064", "mrds_num": "A012882", "site": "Fred Creek (or Fred Gulch--placer)", "location": "Fred Creek is a southern tributary of Stewart River. The creek has been mined in about a half-mile stretch where it leaves the hills northwest of Mount Distin.  The placer is mainly in the NE1/4 section 19, T. 8 S., R. 33 W., Kateel River Meridian.  The l", "quad_250": "NM", "quad_63360": "D-1", "comm_main": "Au", "comm_other": "Sn", "ore": "Cassiterite, gold", "gangue": null, "site_type": "Mine", "status": "Inactive", "production": "Yes; small", "dep_model": "Placer Au (Cox and Singer, 1986; model 39a).", "model_code": "39a", "alteration": null, "geol_desc": "Small-scale placer gold mining took place by 1906 in Fred Creek downstream from the basal massive marble (Bundtzen and others, 1994) contact with schist (Moffit, 1913). Hess (1906, p. 157) reported minor cassiterite in Fred Creek,which he thought could ha", "work_expl": "Fred Creek appears to have been worked in at least two periods.  It was mined by 1906 because stream tin was reported by Hess (1906).  Moffit (1913) also noted mining below the marble contact. Some of the creek was been worked in more recent years by smal", "comments": "Gold in part derived from basal contact zone of massive marble.", "expand_ref": "Bundtzen, T.K., Reger, R.D., Laird, G.M., Pinney, D.S., Clautice, K.H., Liss, S.A., and Cruse, G.R., 1994, Progress report on the geology and mineral resources of the Nome mining district: Alaska Division of Geological and Geophysical Surveys, Public Data", "rept_names": "C.C. Hawley and Travis L. Hudson", "rept_date": "10/22/1999", "age": "Holocene.", "rept_aff": "Hawley Resource Group, Inc.", "prod_notes": null, "reserves": null, "prime_ref": "Moffit, 1913", "latitude": 64.783245, "longitude": -165.427474, "datum": "WGS84", "source_datum": "NAD27 (EPSG:4267) reprojected to WGS84 (EPSG:4326)" }, "geometry": { "type": "Point", "coordinates": [ -165.427473766684614, 64.783245102546459 ] } },
{ "type": "Feature", "properties": { "ardf_num": "NM065", "mrds_num": null, "site": "Jackpot", "location": "The Jackpot prospect is in the eastern headwaters of Boulder Creek, a south tributary to Stewart River.  It is in section 16,  T. 8 S., R. 33 W., Kateel River Meridian.  Alaska State mining claims cover all but the NW1/4NW1/4 of section 16; Jack Gulch is", "quad_250": "NM", "quad_63360": "D-1", "comm_main": "Au (?)", "comm_other": null, "ore": "Gold", "gangue": null, "site_type": "Prospect", "status": "Active", "production": "None", "dep_model": "Disseminated and stratabound in metamorphic rocks, or in low sulfide Au-quartz veins (Cox and Singer, 1986; model 36a).", "model_code": "36a?", "alteration": null, "geol_desc": "The Jackpot claims were located by following up anomalous concentrations of gold, arsenic, and other metals in stream sediments (Daniel Lajack, written communication, 1999).  The Jackpot claim block is bisected by a strong fault that strikes northeast; it", "work_expl": "Surface observation and possibly some sampling has been done here.", "comments": null, "expand_ref": "Bundtzen, T.K., Reger, R.D., Laird, G.M., Pinney, D.S., Clautice, K.H., Liss, S.A., and Cruse, G.R., 1994, Progress report on the geology and mineral resources of the Nome mining district: Alaska Division of Geological and Geophysical Surveys, Public Data", "rept_names": "C.C. Hawley and Travis L. Hudson", "rept_date": "10/22/1999", "age": null, "rept_aff": "Hawley Resource Group, Inc.", "prod_notes": null, "reserves": null, "prime_ref": "This report", "latitude": 64.794247, "longitude": -165.366474, "datum": "WGS84", "source_datum": "NAD27 (EPSG:4267) reprojected to WGS84 (EPSG:4326)" }, "geometry": { "type": "Point", "coordinates": [ -165.366474242760887, 64.794246518208922 ] } },
{ "type": "Feature", "properties": { "ardf_num": "NM066", "mrds_num": "A012810", "site": "Unnamed (near Hed & [and] Strand, NM070)", "location": "The occurrence is at the head of a steep,  unnamed southwest-flowing tributary to Lost Creek, 2.9 miles northeast of Mount Distin. It is in the NW1/4NW1/4 section 14, T. 8 S., R. 33 W., Kateel River Meridian, at an elevation of about 1,350 feet.  It is ap", "quad_250": "NM", "quad_63360": "D-1", "comm_main": "Sb", "comm_other": "Au (?)", "ore": "Stibnite (?)", "gangue": "Quartz (?)", "site_type": "Occurrence", "status": "Active?", "production": "No", "dep_model": "Antimony occurrence in marble, possibly simple Sb deposit (Cox and Singer, 1986; model 27d).", "model_code": "27d?", "alteration": null, "geol_desc": "Hummel (1962 [MF 248]) identified this locality as an antimony occurrence. Stibnite is probably present as is at least a small amount of gold.  The occurrence is within the claim block of the Bulk Gold prospect (NM071).  It is in massive marble and within", "work_expl": "Some surface observation and sampling may have occurred.", "comments": null, "expand_ref": "Bundtzen, T.K., Reger, R.D., Laird, G.M., Pinney, D.S., Clautice, K.H., Liss, S.A., and Cruse, G.R., 1994, Progress report on the geology and mineral resources of the Nome mining district: Alaska Division of Geological and Geophysical Surveys, Public Data", "rept_names": "C.C. Hawley and Travis L. Hudson", "rept_date": "10/22/1999", "age": null, "rept_aff": "Hawley Resource Group, Inc.", "prod_notes": null, "reserves": null, "prime_ref": "Hummel, 1962 (MF 248)", "latitude": 64.798548, "longitude": -165.311974, "datum": "WGS84", "source_datum": "NAD27 (EPSG:4267) reprojected to WGS84 (EPSG:4326)" }, "geometry": { "type": "Point", "coordinates": [ -165.311974097675773, 64.798547644206337 ] } },
{ "type": "Feature", "properties": { "ardf_num": "NM067", "mrds_num": "A012898", "site": "Unnamed (near Hed & [and] Strand, NM070)", "location": "The occurrence is in a steep canyon that trends west and southwest into upper Lost Creek about 0.2 mile north of the confluence of Dahl Creek (not shown on the 1972 edition of the USGS topographic map) with Lost Creek.  Dahl Creek is the location of the H", "quad_250": "NM", "quad_63360": "D-1", "comm_main": "Sb", "comm_other": "Au (?)", "ore": "Stibnite (?)", "gangue": "Quartz (?)", "site_type": "Occurrence", "status": "Inactive", "production": "None", "dep_model": "Antimony occurrence in marble, possibly simple Sb deposit (Cox and Singer, 1986; model 27d).", "model_code": "27d?", "alteration": null, "geol_desc": "Hummel (1962 [MF 248]) identified this locality as an antimony occurence.  Stibnite is probably present as is at least a small amount of gold.  The occurrence is within the claim block of the Bulk Gold prospect (NM071).  It appears to be in massive marble", "work_expl": "Surface observation and sampling.", "comments": null, "expand_ref": "Bundtzen, T.K., Reger, R.D., Laird, G.M., Pinney, D.S., Clautice, K.H., Liss, S.A., and Cruse, G.R., 1994, Progress report on the geology and mineral resources of the Nome mining district: Alaska Division of Geological and Geophysical Surveys, Public Data", "rept_names": "C.C. Hawley and Travis L. Hudson", "rept_date": "10/22/1999", "age": "Probably mid-Cretaceous, similar to most low-sulfide gold deposits and simple antimony veins of the area.", "rept_aff": "Hawley Resource Group, Inc.", "prod_notes": null, "reserves": null, "prime_ref": "Hummel, 1962 (MF 248)", "latitude": 64.795848, "longitude": -165.314274, "datum": "WGS84", "source_datum": "NAD27 (EPSG:4267) reprojected to WGS84 (EPSG:4326)" }, "geometry": { "type": "Point", "coordinates": [ -165.314273845067589, 64.795847533407965 ] } },
{ "type": "Feature", "properties": { "ardf_num": "NM068", "mrds_num": "10307935", "site": "Unnamed (near Hed & [and] Strand, NM070)", "location": "The prospect is on the west side of the ridge that separates the west Lost Creek and Dorothy Creek drainages; it is about 3 miles northeast of Mount Distin.  It is about 0.4 mile north-northeast of the Hed & [and] Strand antimony mine (NM070) and at an el", "quad_250": "NM", "quad_63360": "D-1", "comm_main": "Sb", "comm_other": "Au (?)", "ore": "Stibnite (?)", "gangue": "Quartz (?)", "site_type": "Occurrence", "status": "Active?", "production": "None", "dep_model": "Antimony occurrence in marble, possibly simple Sb deposit (Cox and Singer, 1986; model 27d).", "model_code": "27d ?", "alteration": null, "geol_desc": "Hummel (1962 [MF 248]) identified this locality as an antimony occurence.  Stibnite is probably present, as is at least a small amount of gold.  The occurrence is within the claim block of the Bulk Gold prospect (NM071).  It appears to be in massive marbl", "work_expl": "Surface observation and sampling.", "comments": null, "expand_ref": "Bundtzen, T.K., Reger, R.D., Laird, G.M., Pinney, D.S., Clautice, K.H., Liss, S.A., and Cruse, G.R., 1994, Progress report on the geology and mineral resources of the Nome mining district: Alaska Division of Geological and Geophysical Surveys, Public Data", "rept_names": "C.C. Hawley and Travis L. Hudson", "rept_date": "10/22/1999", "age": "Probably mid-Cretaceous.", "rept_aff": "Hawley Resource Group, Inc.", "prod_notes": null, "reserves": null, "prime_ref": "Hummel, 1962 (MF 248)", "latitude": 64.796648, "longitude": -165.303074, "datum": "WGS84", "source_datum": "NAD27 (EPSG:4267) reprojected to WGS84 (EPSG:4326)" }, "geometry": { "type": "Point", "coordinates": [ -165.303073806355201, 64.796647762682099 ] } },
{ "type": "Feature", "properties": { "ardf_num": "NM069", "mrds_num": "A012809", "site": "Unnamed (near Hed & [and] Strand, NM070)", "location": "The occurrence is on the ridge north of Dahl Creek (not shown on the 1972 edition of the USGS topographic map), about 2.8 miles northeast of Mount Distin.  Dahl Creek is a west-flowing upper tributary of Lost Creek, a south tributary of Stewart River.  Th", "quad_250": "NM", "quad_63360": "D-1", "comm_main": "Sb", "comm_other": "Au (?)", "ore": "Stibnite (?)", "gangue": "Quartz (?)", "site_type": "Occurrence", "status": "Active?", "production": "None", "dep_model": "Antimony occurrence, possibly simple Sb deposit (Cox and Singer, 1986; model 27d).", "model_code": "27d?", "alteration": null, "geol_desc": "Hummel (1962 [MF 248]) identified this locality as an antimony occurrence. It appears to be near locality 45 of Hummel (1975), which is shown as a sulfide-bearing silicified marble.  The occurrence is assumed to contain stibnite and possibly  red and yell", "work_expl": "Some surface observation, digging of shallow prospect pits,  and sampling may have occurred.", "comments": null, "expand_ref": "Bundtzen, T.K., Reger, R.D., Laird, G.M., Pinney, D.S., Clautice, K.H., Liss, S.A., and Cruse, G.R., 1994, Progress report on the geology and mineral resources of the Nome mining district: Alaska Division of Geological and Geophysical Surveys, Public Data", "rept_names": "C.C. Hawley and Travis L. Hudson", "rept_date": "10/22/1999", "age": "Probably mid-Cretaceous.", "rept_aff": "Hawley Resource Group, Inc.", "prod_notes": null, "reserves": null, "prime_ref": "Hummel, 1962 (MF 248)", "latitude": 64.793848, "longitude": -165.305174, "datum": "WGS84", "source_datum": "NAD27 (EPSG:4267) reprojected to WGS84 (EPSG:4326)" }, "geometry": { "type": "Point", "coordinates": [ -165.305173541384221, 64.793847653114113 ] } },
{ "type": "Feature", "properties": { "ardf_num": "NM070", "mrds_num": "A012807", "site": "Hed & Strand (Head and Strand)", "location": "The Hed & [and] Strand mine is in an east fork of upper Lost Creek, a south tributary to Stewart River; it is about 2.7 miles northeast of Mount Distin. The east fork tributary is known as Dahl Creek or Dahl Gulch (Cathcart, 1922, p. 224).  The property i", "quad_250": "NM", "quad_63360": "D-1", "comm_main": "Au, Sb", "comm_other": null, "ore": "Arsenopyrite, gold, pyrite, stibnite", "gangue": "Calcite, quartz", "site_type": "Mine", "status": "Active", "production": "Yes; small", "dep_model": "Simple Sb deposit (Cox and Singer, 1986; model 27d).", "model_code": "27d", "alteration": "Quartz veining and apparently some disseminated pyrite and arsenopyrite in nearby schist.", "geol_desc": "The Hed & [and] Strand mine was developed by an adit and drifts on stibnite-bearing quartz veins in metamorphic rocks.  The main vein was intersected 90 feet in from the portal of the adit; it strikes N 45 E and dips 48 N.  At this point, the vein was fol", "work_expl": "Stibnite was discovered in Dahl Creek in about 1909, and development followed soon after.  Workings consist of surface pits, an adit,  and underground cross-cuts, drifts, and small stopes. Most of the workings were driven before 1918, and ore was produced", "comments": null, "expand_ref": "Amato, J.M., and Wright, J.E., 1997, Potassic mafic magmatism in the Kigluaik gneiss dome, northern Alaska--A geochemical study of arc magmatism in an extensional tectonic setting: Journal of Geophysical Research, v. B102, no. 4, p. 8065-8084.|Amato, J.M.", "rept_names": "C.C. Hawley and Travis L. Hudson", "rept_date": "10/22/1999", "age": "Mid-Cretaceous?; structures controlling deposits post-date regional metamorphism; mineralization could be similar in age to lode gold deposits of Seward Peninsula.", "rept_aff": "Hawley Resource Group, Inc.", "prod_notes": "About 106 tons of stibnite ore were mined and shipped in 1915 and 1916.  This ore had a low gold content.  Development continued at the mine in the late 1920s and early 1930s.  When Anderson (1947) visited the mine in about 1943,  about 10 tons of 30 perc", "reserves": "Probably a few tens of tons of stibnite ore were left exposed in mine workings (Anderson, 1947).", "prime_ref": "Mertie, 1918", "latitude": 64.790948, "longitude": -165.307373, "datum": "WGS84", "source_datum": "NAD27 (EPSG:4267) reprojected to WGS84 (EPSG:4326)" }, "geometry": { "type": "Point", "coordinates": [ -165.307373267280894, 64.790947539182 ] } },
{ "type": "Feature", "properties": { "ardf_num": "NM071", "mrds_num": null, "site": "Bulk Gold", "location": "The Bulk Gold prospect of Altar Resources consists of a large block of State claims in the upper valley of Dorothy Creek.  The coordinates are near the center of the block of claims; the widespread mineralization include much of sections 13 and 14, parts", "quad_250": "NM", "quad_63360": "D-1", "comm_main": "Au, Sb", "comm_other": "As, Bi", "ore": "Arsenopyrite, gold, stibnite", "gangue": "Calcite, quartz", "site_type": "Prospect", "status": "Active", "production": "None", "dep_model": "Disseminated gold and stratabound gold in metamorphic rocks, and in gold-arsenopyrite-stibnite quartz veins.", "model_code": null, "alteration": "Quartz veining and apparently some disseminated pyrite and arsenopyrite in nearby schist.", "geol_desc": "The Bulk Gold prospect was first identified in 1992 by Altar Resources by following up stream sediment samples anomalous in gold, arsenic, and antimony  (Andover Ventures, 2006, Nome Drill Program; 2007, Gold Results;  2008, Bulk Gold). Between 1993 and 2", "work_expl": "The Bulk Gold prospect was first identified in 1992 by Altar Resources by following up stream-sediment anomalies in gold, arsenic, and antimony  (Andover Ventures, 2006, Nome Drill Program; 2007, Gold Results;  2008, Bulk Gold) .  Between 1993 and 2003, A", "comments": null, "expand_ref": "Amato, J.M., and Wright, J.E., 1997, Potassic mafic magmatism in the Kigluaik gneiss dome, northern Alaska--A geochemical study of arc magmatism in an extensional tectonic setting: Journal of Geophysical Research, v. B102, no. 4, p. 8065-8084.|Amato, J.M.", "rept_names": "C.C. Hawley and Travis L. Hudson (Hawley Resource Group); D.J. Grybeck  (Port Ludlow, WA); D.J. Grybeck (Port Ludlow, WA)", "rept_date": "3/4/2008", "age": "Lode gold mineralization on Seward Peninsula is mostly related to higher temperature metamorphism in the mid-Cretaceous.", "rept_aff": null, "prod_notes": null, "reserves": "None.", "prime_ref": "This report", "latitude": 64.790448, "longitude": -165.290173, "datum": "WGS84", "source_datum": "NAD27 (EPSG:4267) reprojected to WGS84 (EPSG:4326)" }, "geometry": { "type": "Point", "coordinates": [ -165.290173030153056, 64.790447847827309 ] } },
{ "type": "Feature", "properties": { "ardf_num": "NM073", "mrds_num": "A012913", "site": "Christian Creek", "location": "Christian Creek is a west-flowing tributary to Nome River; it enters Nome River between Sulphur Creek and Rocky Mountain Creek (NM082).  The location is accurate; it is the approximate mid-point of tailings on the lower creek about a quarter of a mile abo", "quad_250": "NM", "quad_63360": "D-1", "comm_main": "Au", "comm_other": "W", "ore": "Gold, scheelite (?)", "gangue": null, "site_type": "Prospect", "status": "Probably inactive", "production": "Yes; small", "dep_model": "Placer Au (Cox and Singer, 1986; model 39a).", "model_code": "39a", "alteration": null, "geol_desc": "Christian Creek has been placer mined for gold over about 1,000 feet of its length starting a half-mile upstream of its confluence with Nome River.  This mining may have taken place after WW II.  The occurrence of scheelite in a nearby lode (NM075) sugges", "work_expl": "Shallow mechanical placer mining took place along about 1,000 feet of the creek, possibly after WW II.", "comments": null, "expand_ref": "Cobb, E.H., 1972, Metallic mineral resources map of the Nome quadrangle, Alaska:  U.S. Geological Survey Miscellaneous Field Studies Map MF-463, 2 sheets, scale 1:250,000.|Cobb, E.H., 1978, Summary of references to mineral occurrences (other than mineral", "rept_names": "C.C. Hawley and Travis L. Hudson", "rept_date": "10/22/1999", "age": "Holocene.", "rept_aff": "Hawley Resource Group, Inc.", "prod_notes": null, "reserves": null, "prime_ref": "This report", "latitude": 64.79485, "longitude": -165.202973, "datum": "WGS84", "source_datum": "NAD27 (EPSG:4267) reprojected to WGS84 (EPSG:4326)" }, "geometry": { "type": "Point", "coordinates": [ -165.20297253618611, 64.794849586517785 ] } },
{ "type": "Feature", "properties": { "ardf_num": "NM074", "mrds_num": "A012812", "site": "Unnamed (Christian Creek)", "location": "The prospect is near the forks on the south side of the canyon of Christian Creek at an elevation of about 500 feet.  Christian Creek is an east tributary to upper Nome River.  It is locality 33 of Hummel (1962 [MF 248]), and locality 41 of Hummel (1975)", "quad_250": "NM", "quad_63360": "D-1", "comm_main": "Cu", "comm_other": null, "ore": "Chalcopyrite (?), copper carbonates (?)", "gangue": "Quartz", "site_type": "Prospect", "status": "Probably inactive", "production": "None", "dep_model": "Carbonate-hosted, copper-bearing silica-rich rock.", "model_code": null, "alteration": "Possible development of silica-rich layers; formation of white mica; bleaching of marble; oxidation.", "geol_desc": "The prospect is a copper-bearing mineral occurrence contained within calcareous metasedimentary rocks (Hummel,1962 [MF 248]).  It appears to be on the north or hanging wall side of the same fault structure that is adjacent to a nearby scheelite prospect (", "work_expl": "A surface prospect pit or trench may be present.", "comments": null, "expand_ref": "Cobb, E.H., 1972, Metallic mineral resources map of the Nome quadrangle, Alaska:  U.S. Geological Survey Miscellaneous Field Studies Map MF-463, 2 sheets, scale 1:250,000.|Cobb, E.H., 1978, Summary of references to mineral occurrences (other than mineral", "rept_names": "C.C. Hawley and Travis L. Hudson", "rept_date": "10/22/1999", "age": "Late Proterozoic, early Paleozoic, or mid-Cretaceous.", "rept_aff": "Hawley Resource Group, Inc.", "prod_notes": null, "reserves": null, "prime_ref": "Hummel, 1962 (MF 248)", "latitude": 64.79255, "longitude": -165.188172, "datum": "WGS84", "source_datum": "NAD27 (EPSG:4267) reprojected to WGS84 (EPSG:4326)" }, "geometry": { "type": "Point", "coordinates": [ -165.188172138866946, 64.792549804979743 ] } },
{ "type": "Feature", "properties": { "ardf_num": "NM075", "mrds_num": "A012811", "site": "Unnamed (near Christian Creek)", "location": "The prospect is on the west side of a north-trending ridge on the south side of Christian Creek; the floodplain of Nome River flanks the ridge on the west.  The prospect is at an elevation of about 700 feet.  It is locality 24 of Hummel (1962 [MF 248]) an", "quad_250": "NM", "quad_63360": "D-1", "comm_main": "W", "comm_other": null, "ore": "Scheelite", "gangue": "Quartz (?)", "site_type": "Prospect", "status": "Probably inactive", "production": "Undetermined.", "dep_model": "Low-sulfide, quartz-scheelite vein?", "model_code": null, "alteration": "Quartz veining?", "geol_desc": "The prospect is a vein-type occurrence of scheelite (locality 40, Hummel, 1975).  It is mapped as being on the north or hanging wall side of a east-northeast-striking fault (Hummel,1962 [MF 248]).  It is the northernmost of several scheelite occurrences n", "work_expl": "The vein is opened by a pit or other shallow surface workings.", "comments": null, "expand_ref": "Cobb, E.H., 1972, Metallic mineral resources map of the Nome quadrangle, Alaska:  U.S. Geological Survey Miscellaneous Field Studies Map MF-463, 2 sheets, scale 1:250,000.|Cobb, E.H., 1978, Summary of references to mineral occurrences (other than mineral", "rept_names": "C.C. Hawley and Travis L. Hudson", "rept_date": "10/22/1999", "age": null, "rept_aff": "Hawley Resource Group, Inc.", "prod_notes": null, "reserves": null, "prime_ref": "Hummel, 1962 (MF 248)", "latitude": 64.79185, "longitude": -165.194472, "datum": "WGS84", "source_datum": "NAD27 (EPSG:4267) reprojected to WGS84 (EPSG:4326)" }, "geometry": { "type": "Point", "coordinates": [ -165.194472135628502, 64.791849669781982 ] } },
{ "type": "Feature", "properties": { "ardf_num": "NM076", "mrds_num": "10307938", "site": "Unnamed (near head of Rocky Mountain Creek)", "location": "The prospect is at the head of Rocky Mountain Creek, an east tributary to upper Nome River, at an elevation of about 1,000 feet.  The prospect is locality 34 of Hummel (1962 [MF 248]) and is located within about 1,000 feet of the coordinates.", "quad_250": "NM", "quad_63360": "D-1", "comm_main": "Au (?)", "comm_other": null, "ore": "Arsenopyrite, pyrite, pyrrhotite (?)", "gangue": null, "site_type": "Prospect", "status": "Probably inactive", "production": "Undetermined.", "dep_model": "Vein-type occurrence of pyrite and arsenopyrite in schist (?).", "model_code": null, "alteration": null, "geol_desc": "Hummel (1962 [MF 248]) identified this locality as an iron sulfide occurrence and part of a group of prospects that contained pyrite, arsenopyrite, and at some of the prospects, pyrrhotite. The sulfides may be disseminated or in veins.  The prospect is ne", "work_expl": "A surface pit or trench may be present.", "comments": null, "expand_ref": "Hummel, C.L., 1962, Preliminary geologic map of the Nome D-1 quadrangle, Seward Peninsula, Alaska:  U.S. Geological Survey Miscellaneous Field Studies Map MF-248, 1 sheet, scale 1:63,360.", "rept_names": "C.C. Hawley and Travis L. Hudson", "rept_date": "10/22/1999", "age": "Probably mid-Cretaceous or younger if in cross-cutting veins.", "rept_aff": "Hawley Resource Group, Inc.", "prod_notes": null, "reserves": null, "prime_ref": "Hummel, 1962 (MF 248)", "latitude": 64.78505, "longitude": -165.173371, "datum": "WGS84", "source_datum": "NAD27 (EPSG:4267) reprojected to WGS84 (EPSG:4326)" }, "geometry": { "type": "Point", "coordinates": [ -165.173371207839125, 64.785049892742578 ] } },
{ "type": "Feature", "properties": { "ardf_num": "NM077", "mrds_num": "A012816", "site": "Thompson", "location": "The Thompson prospect is near the nead of Rocky Mountain Creek, an east tributary to upper Nome River, at an elevation of about 1,400 feet.  It is locality 19 of Hummel (1962 [MF 248]) and locality 37 of Hummel (1975) and included in locality 32 of  Cobb", "quad_250": "NM", "quad_63360": "D-1", "comm_main": "Sb, Zn", "comm_other": null, "ore": "Sphalerite (?), stibnite (?)", "gangue": null, "site_type": "Prospect", "status": "Inactive", "production": "No", "dep_model": "Vein (?) occurrence of antimony and zinc minerals in calcarous metasedimentary rocks.", "model_code": null, "alteration": null, "geol_desc": "The Thompson prospect is a vein or fault-controlled occurrence containing zinc and antimony minerals (Hummel, 1975) that are assumed to be sphalerite and stibnite. The prospect is near or at the upper contact of calcareous schist with a marble layer; the", "work_expl": "Probably discovered in the World War II era during the search for strategic metals.", "comments": null, "expand_ref": "Cobb, E.H., 1972, Metallic mineral resources map of the Nome quadrangle, Alaska:  U.S. Geological Survey Miscellaneous Field Studies Map MF-463, 2 sheets, scale 1:250,000.|Cobb, E.H., 1978, Summary of references to mineral occurrences (other than mineral", "rept_names": "C.C. Hawley and Travis L. Hudson", "rept_date": "10/22/1999", "age": "Probably mid-Cretaceous or younger if a vein occurrence.", "rept_aff": "Hawley Resource Group, Inc.", "prod_notes": null, "reserves": null, "prime_ref": "Hummel, 1962 (MF 248)", "latitude": 64.78235, "longitude": -165.172171, "datum": "WGS84", "source_datum": "NAD27 (EPSG:4267) reprojected to WGS84 (EPSG:4326)" }, "geometry": { "type": "Point", "coordinates": [ -165.172170917784598, 64.782349847304062 ] } },
{ "type": "Feature", "properties": { "ardf_num": "NM078", "mrds_num": null, "site": "Spring", "location": "The Spring antimony occurrence is in upper Rocky Mountain Creek, an east tributary to upper Nome River, at an elevation of 1,150 feet.  It is locality 17 of Hummel (1962 [MF 248]) and included in locality 32 of Cobb (1972 [MF 463], 1978 [OFR 78-93]).  The", "quad_250": "NM", "quad_63360": "D-1", "comm_main": "Sb", "comm_other": "Au (?)", "ore": "Stibnite (?)", "gangue": "Quartz (?)", "site_type": "Occurrence", "status": "Probably inactive", "production": "None", "dep_model": "Antimony-bearing vein (?) in metasedimentary rocks.", "model_code": null, "alteration": null, "geol_desc": "Hummel (1962 [MF 248]) identified the Spring prospect as an antimony occurrence.  The ore mineral is assumed to be stibnite, possibly with quartz and some gold values, that occurs in veins that cross-cut the  metasedimentary rocks.  The prospect is in,or", "work_expl": "A surface pit or trench may be present.", "comments": null, "expand_ref": "Cobb, E.H., 1972, Metallic mineral resources map of the Nome quadrangle, Alaska:  U.S. Geological Survey Miscellaneous Field Studies Map MF-463, 2 sheets, scale 1:250,000.|Cobb, E.H., 1978, Summary of references to mineral occurrences (other than mineral", "rept_names": "C.C. Hawley and Travis L. Hudson", "rept_date": "10/22/1999", "age": "Probably mid-Cretaceous or younger if a vein occurrence.", "rept_aff": "Hawley Resource Group, Inc.", "prod_notes": null, "reserves": null, "prime_ref": "Hummel, 1962 (MF 248)", "latitude": 64.78325, "longitude": -165.179771, "datum": "WGS84", "source_datum": "NAD27 (EPSG:4267) reprojected to WGS84 (EPSG:4326)" }, "geometry": { "type": "Point", "coordinates": [ -165.17977109295569, 64.783249728064035 ] } },
{ "type": "Feature", "properties": { "ardf_num": "NM079", "mrds_num": "10307939", "site": "Unnamed (on hill 1231)", "location": "This occurrence is on the west side of hill 1231 at an elevation of about 1,300 feet; it is on the east side of the upper Nome River valley between Christian and Rocky Mountain Creeks.  It is locality 23 of Hummel (1962 [MF 248]).", "quad_250": "NM", "quad_63360": "D-1", "comm_main": "W", "comm_other": null, "ore": "Scheelite", "gangue": "Quartz (?)", "site_type": "Occurrence", "status": "Probably inactive", "production": "None", "dep_model": "Scheelite-bearing quartz vein (?) in metasedimentary rocks.", "model_code": null, "alteration": null, "geol_desc": "Hummel (1962 [MF 248]) identified this locality as a tungsten occurrence.  The ore mineral is assumed to be scheelite, probably with quartz, in veins that cross-cut the metasedimentary rocks.  It is one of several scheelite occurrences in the Christian Cr", "work_expl": "A surface pit or trench may be present.", "comments": null, "expand_ref": "Hummel, C.L., 1962, Preliminary geologic map of the Nome D-1 quadrangle, Seward Peninsula, Alaska:  U.S. Geological Survey Miscellaneous Field Studies Map MF-248, 1 sheet, scale 1:63,360.", "rept_names": "C.C. Hawley and Travis L. Hudson", "rept_date": "10/22/1999", "age": "Probably mid-Cretaceous or younger if a vein occurrence.", "rept_aff": "Hawley Resource Group, Inc.", "prod_notes": null, "reserves": null, "prime_ref": "Hummel, 1962 (MF 248)", "latitude": 64.783649, "longitude": -165.192971, "datum": "WGS84", "source_datum": "NAD27 (EPSG:4267) reprojected to WGS84 (EPSG:4326)" }, "geometry": { "type": "Point", "coordinates": [ -165.192971277781197, 64.783649491730145 ] } },
{ "type": "Feature", "properties": { "ardf_num": "NM080", "mrds_num": "A012814", "site": "Lindfors", "location": "The Lindfors prospect is in Rocky Mountain Creek, an east tributary to upper Nome River, at an elevation of about 650 feet.  It is locality 9 of Hummel (1962 [MF 248]) and included in locality 32 of Cobb (1972 [MF 463], 1978 [OFR 78-93]).  The prospect is", "quad_250": "NM", "quad_63360": "D-1", "comm_main": "Sb", "comm_other": "Au (?)", "ore": "Stibnite (?)", "gangue": "Quartz (?)", "site_type": "Prospect", "status": "Inactive", "production": "None", "dep_model": "Antimony-bearing vein (?) in metasedimentary rocks.", "model_code": null, "alteration": null, "geol_desc": "Hummel (1962 [MF 248]) identified the Lindfors prospect as an antimony occurrence.  The ore mineral is assumed to be stibnite, possibly with quartz and some gold values, in veins that cross-cut metasedimentary rocks.  The prospect is in calcareous schist", "work_expl": "The Rocky Mountain Creek area was prospected for scheelite and other strategic minerals during World War II.  Various prospects along the creek were described by Coats (1944) and by Anderson (1947).  Some exploration pits or trenches are probably present.", "comments": null, "expand_ref": "Anderson, Eskil, 1947, Mineral occurrences other than gold deposits in northwestern Alaska: Alaska Territorial Division of Mines Pamphlet 5-R, 48 p.|Coats, R.R., 1944, Lode scheelite occurrences of the Nome area:  U.S. Geological Survey Open-File Report 1", "rept_names": "C.C. Hawley and Travis L. Hudson", "rept_date": "10/22/1999", "age": "Probably mid-Cretaceous or younger if a vein occurrence.", "rept_aff": "Hawley Resource Group, Inc.", "prod_notes": null, "reserves": null, "prime_ref": "Hummel, 1962 (MF 248)", "latitude": 64.77885, "longitude": -165.185771, "datum": "WGS84", "source_datum": "NAD27 (EPSG:4267) reprojected to WGS84 (EPSG:4326)" }, "geometry": { "type": "Point", "coordinates": [ -165.185770707052512, 64.778849505555343 ] } },
{ "type": "Feature", "properties": { "ardf_num": "NM081", "mrds_num": "D002569", "site": "Nelson Gulch", "location": "Nelson Gulch is an unnamed small, west-flowing drainage about one-half mile south of Rocky Mountain Creek.  The scheelite occurrence is at an elevation of about 1,450 feet in Nelson Gulch and about 1.4 miles due east of the mouth of Rocky Mountain Creek.", "quad_250": "NM", "quad_63360": "D-1", "comm_main": "Au, W", "comm_other": null, "ore": "Gold, scheelite", "gangue": "Albite, quartz", "site_type": "Occurrence", "status": "Inactive", "production": "No", "dep_model": "Low-sulfide, scheelite-bearing quartz vein with some gold.", "model_code": null, "alteration": null, "geol_desc": "The Nelson Gulch prospect is a scheelite-bearing quartz vein or veins.  On the basis of the size of abundant float in the area, the scheelite-bearing vein is as much as 1.5 feet wide (Coats, 1944, p. 4-6).  Albite and some gold also occur with the scheeli", "work_expl": "The area was explored for scheelite and other strategic minerals during World War II.  The lodes were apparently not mined, but attempts were made to recover scheelite from the placers in this area.", "comments": null, "expand_ref": "Coats, R.R., 1944, Lode scheelite occurrences of the Nome area:  U.S. Geological Survey Open-File Report 17, 6 p.|Cobb, E.H., 1972, Metallic mineral resources map of the Nome quadrangle, Alaska:  U.S. Geological Survey Miscellaneous Field Studies Map MF-4", "rept_names": "C.C. Hawley and Travis L. Hudson", "rept_date": "10/22/1999", "age": "Probably mid-Cretaceous or younger; post-dates regional metamorphism.", "rept_aff": "Hawley Resource Group, Inc.", "prod_notes": null, "reserves": null, "prime_ref": "Coats, 1944", "latitude": 64.768149, "longitude": -165.17587, "datum": "WGS84", "source_datum": "NAD27 (EPSG:4267) reprojected to WGS84 (EPSG:4326)" }, "geometry": { "type": "Point", "coordinates": [ -165.17586950247275, 64.768149421695384 ] } },
{ "type": "Feature", "properties": { "ardf_num": "NM082", "mrds_num": "D002571; A012914; A012813", "site": "Rocky Mountain Creek", "location": "Rocky Mountain Creek is an east tributary to upper Nome River.  It is about 2 miles south of Christian Creek (NM073).  Tailings extend about one-half mile along Rocky Mountain Creek, beginning just east of the Nome-Taylor road.  The location is accurate;", "quad_250": "NM", "quad_63360": "D-1", "comm_main": "Au, Sn, W", "comm_other": null, "ore": "Cassiterite, gold, scheelite", "gangue": null, "site_type": "Mine", "status": "Inactive", "production": "Yes; small", "dep_model": "Placer Au (Cox and Singer, 1986; model 39a).", "model_code": "39a", "alteration": null, "geol_desc": "The lower part of Rocky Mountain Creek was placer mined for gold, probably after WW II.  The area was actively prospected for tungsten and other strategic metals during World War II (Coats, 1944), and native gold and small amounts of cassiterite were pres", "work_expl": "Rocky Mountain Creek was worked as a placer mine on a small scale relatively late in the history of the district.  It is not mentioned as a placer prospect in reports earlier than World War II.", "comments": null, "expand_ref": "Anderson, Eskil, 1947, Mineral occurrences other than gold deposits in northwestern Alaska: Alaska Territorial Division of Mines Pamphlet 5-R, 48 p.|Coats, R.R., 1944, Lode scheelite occurrences of the Nome area:  U.S. Geological Survey Open-File Report 1", "rept_names": "C.C. Hawley and Travis L. Hudson", "rept_date": "10/22/1999", "age": "Holocene.", "rept_aff": "Hawley Resource Group, Inc.", "prod_notes": null, "reserves": null, "prime_ref": "Coats, 1944", "latitude": 64.769449, "longitude": -165.20647, "datum": "WGS84", "source_datum": "NAD27 (EPSG:4267) reprojected to WGS84 (EPSG:4326)" }, "geometry": { "type": "Point", "coordinates": [ -165.206469968704937, 64.76944888321691 ] } },
{ "type": "Feature", "properties": { "ardf_num": "NM083", "mrds_num": "A012915; D002570", "site": "Nelson Gulch", "location": "Nelson Gulch is the unnamed creek about a half mile south of Rocky Mountain Creek (NM082) near the center of section 29, T. 8 S., R. 32 W., Kateel River Meridian.  It is an east tributary to upper Nome River.  It is locality 108 of Cobb (1972 [MF 463], 19", "quad_250": "NM", "quad_63360": "D-1", "comm_main": "Au, W", "comm_other": null, "ore": "Gold, scheelite", "gangue": null, "site_type": "Mine", "status": "Inactive", "production": "Yes; small", "dep_model": "Placer Au (Cox and Singer, 1986; model 39a).", "model_code": "39a", "alteration": null, "geol_desc": "Nelson Gulch was placer mined during and possibly after WW II; both gold and scheelite were recovered.  An attempt to mine the gulch for scheelite during World War II was reportedly unsuccessful, but Coats (1944) thought that the area between Nelson Gulch", "work_expl": "The gulch was explored and mined on a small scale during World War II and possibly after.", "comments": null, "expand_ref": "Coats, R.R., 1944, Lode scheelite occurrences of the Nome area:  U.S. Geological Survey Open-File Report 17, 6 p.|Cobb, E.H., 1972, Metallic mineral resources map of the Nome quadrangle, Alaska:  U.S. Geological Survey Miscellaneous Field Studies Map MF-4", "rept_names": "C.C. Hawley and Travis L. Hudson", "rept_date": "10/22/1999", "age": "Holocene.", "rept_aff": "Hawley Resource Group, Inc.", "prod_notes": null, "reserves": null, "prime_ref": "Coats, 1944", "latitude": 64.763249, "longitude": -165.202769, "datum": "WGS84", "source_datum": "NAD27 (EPSG:4267) reprojected to WGS84 (EPSG:4326)" }, "geometry": { "type": "Point", "coordinates": [ -165.202769293308847, 64.763248796719836 ] } },
{ "type": "Feature", "properties": { "ardf_num": "NM084", "mrds_num": "A012918", "site": "Hobson Creek", "location": "Hobson Creek is a west tributary to Nome River that enters Nome River about 1 mile above Willow Creek.  It joins Manila Creek at the Miocene Ditch crossing in the Nome C-1 quadrangle and is auriferous from about the Miocene Ditch upstream for more than a", "quad_250": "NM", "quad_63360": "D-1", "comm_main": "Au", "comm_other": null, "ore": "Gold", "gangue": null, "site_type": "Mine", "status": "Inactive", "production": "Yes; small", "dep_model": "Placer Au (Cox and Singer, 1986; model 39a).", "model_code": "39a", "alteration": null, "geol_desc": "Hobson Creek  was prospected in 1900 but little gold was produced by 1908 (Collier and others, 1908, p. 181). The creek was subsequently mined by dredging from at least 1913 to 1916.  The fault that hosts the Breen antimony-gold prospect (NM085) likely cr", "work_expl": "Small-scale mechanical placer mining for gold took place after 1908.  In 1913, a 2.5-cubic-foot dredge was moved onto the creek by Arctic Gold Dredging Company.  The creek was considered to be rather steep for dredging (Chapin, 1914, p. 387, 390).  The dr", "comments": "Fairly extensive placer mining on Hobson Creek suggests that the headwaters may contain undiscovered lode gold deposits, possibly continuations of the Breen East lodes (NM085).", "expand_ref": "Chapin, Theodore, 1914, Placer mining on Seward Peninsula:  U.S. Geological Survey Bulletin 592-L, p. 385-395.|Cobb, E.H., 1972, Metallic mineral resources map of the Nome quadrangle, Alaska:  U.S. Geological Survey Miscellaneous Field Studies Map MF-463,", "rept_names": "C.C. Hawley and Travis L. Hudson", "rept_date": "10/22/1999", "age": "Quaternary.", "rept_aff": "Hawley Resource Group, Inc.", "prod_notes": "The creek was productive at least from 1913 to 1916.", "reserves": null, "prime_ref": "Cobb, 1978 (OFR 78-93)", "latitude": 64.749147, "longitude": -165.281369, "datum": "WGS84", "source_datum": "NAD27 (EPSG:4267) reprojected to WGS84 (EPSG:4326)" }, "geometry": { "type": "Point", "coordinates": [ -165.281368701456273, 64.749146976194453 ] } },
{ "type": "Feature", "properties": { "ardf_num": "NM085", "mrds_num": "10307940", "site": "Breen East (Hobson)", "location": "The Breen East prospect includes two patented claims, Hobson Gold Lode and the adjacent Great American Lode.  These are in the south-central part of section 26, T. 8 S., R. 33 W., Kateel River Meridian. The claims are on the top of the ridge that separate", "quad_250": "NM", "quad_63360": "D-1", "comm_main": "Au (?)", "comm_other": "Sb (?)", "ore": "Arsenopyrite (?), gold, pyrite, pyrrhotite (?), stibnite (?)", "gangue": "Quartz (?)", "site_type": "Prospect", "status": "Active?", "production": "None", "dep_model": "Sulfide-bearing quartz veins (?) in metasedimentary rocks.", "model_code": null, "alteration": null, "geol_desc": "The Breen East prospect includes two claims patented in 1924, the Hobson Gold Lode and the adjacent Great American Lode.  Hummel reported this to be an iron sulfide occurrence that may include arsenopyrite, pyrite, and, in some cases, pyrrhotite. The clai", "work_expl": "Workings at the time of the patent application included six shafts, six surface cuts, and two discovery locations.  The two claims were patented in 1924; there has been no recent exploration.", "comments": null, "expand_ref": "Cobb, E.H., 1972, Metallic mineral resources map of the Nome quadrangle, Alaska:  U.S. Geological Survey Miscellaneous Field Studies Map MF-463, 2 sheets, scale 1:250,000.|Cobb, E.H., 1978, Summary of references to mineral occurrences (other than mineral", "rept_names": "C.C. Hawley and Travis L. Hudson", "rept_date": "10/22/1999", "age": null, "rept_aff": "Hawley Resource Group, Inc.", "prod_notes": null, "reserves": null, "prime_ref": "Hummel, 1962 (MF 248)", "latitude": 64.765047, "longitude": -165.298671, "datum": "WGS84", "source_datum": "NAD27 (EPSG:4267) reprojected to WGS84 (EPSG:4326)" }, "geometry": { "type": "Point", "coordinates": [ -165.298670516430349, 64.76504705168216 ] } },
{ "type": "Feature", "properties": { "ardf_num": "NM086", "mrds_num": "A012805; AO12806", "site": "Sliscovich", "location": "The Sliscovich claims extend north-northeast for about 1.5 miles from the gentle ridge between Cold and Manila Creeks into the head of Manila Creek.  From southwest to northeast the claims are the Greater Alaska, My Best Lode, Sliscovich Discovery, Nasrad", "quad_250": "NM", "quad_63360": "D-1", "comm_main": "Au, Sb", "comm_other": "Ag, As", "ore": "Arsenopyrite, gold, pyrite, stibnite", "gangue": "Albite, ankerite, quartz", "site_type": "Mine", "status": "Active?", "production": "Yes; small", "dep_model": "Simple Sb deposits and low sulfide, Au-quartz vein? (Cox and Singer, 1986; models 27a and 36a).", "model_code": "27d?, 36a?", "alteration": "Chapin (1914, p. 404) reported that the footwall was strongly bleached for about 15 inches and converted to quartz and sericite with fine-grained white pyrite (arsenopyrite?).  The hanging wall was silicified.  D. Simpson (Bear Creek Mining Company, writt", "geol_desc": "At least two distinctive types of mineral deposits occur on the Sliscovich claim block.  A vein, probably continuous with mineralization at the Breen East prospect (NM085), strikes about east-west and appears to trend onto the southwest part of the My Bes", "work_expl": "The claims of the Sliscovich group were located between June 20, 1907, and January 1, 1917, and were patented to James F. Halpin in 1924.  According to Chapin (1914, p. 403-404), at least one claim was located as early as 1905.  The Sliscovich Discovery c", "comments": null, "expand_ref": "Amato, J.M., and Wright, J.E., 1997, Potassic mafic magmatism in the Kigluaik gneiss dome, northern Alaska--A geochemical study of arc magmatism in an extensional tectonic setting: Journal of Geophysical Research, v. B102, no. 4, p. 8065-8084.|Amato, J.M.", "rept_names": "C.C. Hawley and Travis L. Hudson", "rept_date": "10/22/1999", "age": "Mid-Cretaceous?; controlled by structures that post-date regional metamorphism; may be same age as some lode gold deposits of Seward Peninsula.", "rept_aff": "Hawley Resource Group, Inc.", "prod_notes": "A small ore shipment reported by Chapin (1914) contained about 35 percent antimony; gold and silver were present, but their values were not reported.  An 88-ton ore shipment in 1915 returned most of its value in gold (Mertie, 1918 [B 662-I, p. 425-449]).", "reserves": null, "prime_ref": "Chapin, 1914", "latitude": 64.759447, "longitude": -165.31467, "datum": "WGS84", "source_datum": "NAD27 (EPSG:4267) reprojected to WGS84 (EPSG:4326)" }, "geometry": { "type": "Point", "coordinates": [ -165.314670115222725, 64.75944661257283 ] } },
{ "type": "Feature", "properties": { "ardf_num": "NM087", "mrds_num": "A012804", "site": "Breen West (Bison)", "location": "The Breen West mine is on the Bison Lode claim, which was patented in 1924.  It is at an elevation of about 800 to 1,000 feet on the southwest-facing slope of the ridge between Cold and Manila Creeks and accessible by foot or ATV from a trail which starts", "quad_250": "NM", "quad_63360": "D-1", "comm_main": "Au, Sb", "comm_other": null, "ore": "Arsenopyrite, gold, stibnite", "gangue": "Calcite, quartz", "site_type": "Mine", "status": "Inactive", "production": "Yes; small", "dep_model": "Disseminated, gold-bearing sulfide mineralization in calcareous metasedimentary schist; simple Sb deposits; low sulfide, Au-quartz vein? (Cox and Singer, 1986; model 27d and 36a).", "model_code": "27d?, 36a?", "alteration": "Disseminated arsenopyrite in sheared metasedimentary schist.", "geol_desc": "The Breen West deposit, as exposed on the Bison Lode claim, includes quartz-stibnite veins with some calcite in metasedimentary schist.  The quartz-stibnite veins are like those at the adjacent Sliscovich mine (NM086).   The metasedimentary schist host ro", "work_expl": "A lode was found at the nearby Sliscovich claim by 1905.  Discoveries were subsequently made on the nearby Bison and Haymaker claims that were patented to Henry P. Breen in 1924.  The area was probably actively prospected in World War II for strategic min", "comments": "Most of the area is controlled by Bering Straits Regional Native Corporation.", "expand_ref": "Amato, J.M., and Wright, J.E., 1997, Potassic mafic magmatism in the Kigluaik gneiss dome, northern Alaska--A geochemical study of arc magmatism in an extensional tectonic setting: Journal of Geophysical Research, v. B102, no. 4, p. 8065-8084.|Amato, J.M.", "rept_names": "C.C. Hawley and Travis L. Hudson", "rept_date": "10/22/1999", "age": "Mid-Cretaceous?; controlled by structures that post-date regional metamorphism; may be same age as some lode gold deposits of Seward Peninsula.", "rept_aff": "Hawley Resource Group, Inc.", "prod_notes": "The surface workings on the Breen West mine are the probable source of 14 tons of ore that were produced in about 1920.  Reportedly only gold was paid for, although the ore contained about 10 percent antimony  (Anderson, 1947).", "reserves": null, "prime_ref": "Stevens, 1991; this report", "latitude": 64.756946, "longitude": -165.33637, "datum": "WGS84", "source_datum": "NAD27 (EPSG:4267) reprojected to WGS84 (EPSG:4326)" }, "geometry": { "type": "Point", "coordinates": [ -165.336370092772256, 64.75694614475475 ] } },
{ "type": "Feature", "properties": { "ardf_num": "NM088", "mrds_num": "A012803", "site": "Unnamed (in upper Cold Creek)", "location": "An unnamed antimony prospect is in Cold Creek about one-half mile north of the east-west trail that connects the Steep Creek and Manila Creek areas.  It is 1.2 miles southeast of Mount Distin.  This location was  called the Breen (West) mine by Hummel (lo", "quad_250": "NM", "quad_63360": "D-1", "comm_main": "Au", "comm_other": "Sb", "ore": "Gold, stibnite", "gangue": "Calcite, quartz", "site_type": "Occurrence", "status": "Probably inactive", "production": "None", "dep_model": "Simple Sb deposits and low sulfide, Au-quartz vein? (Cox and Singer, 1986; models 27d and 36a).", "model_code": "27d?, 36a?", "alteration": null, "geol_desc": "This locality was identifed as an antimony occurrence by Hummel (1962 [MF 248]).   The vein geology and production formerly ascribed to this occurrence by Cobb (locality 26; 1972 [MF463]; 1978 [OFR 78-93]) probably belong to the Bison Lode patented by Hen", "work_expl": "Some antimony claims in the vicinity, including the Hed & [and] Strand (NM070) and the Sliscovich (NM086), were located prior to and during  World War I, when the region was actively prospected for antimony.", "comments": null, "expand_ref": "Bundtzen, T.K., Reger, R.D., Laird, G.M., Pinney, D.S., Clautice, K.H., Liss, S.A., and Cruse, G.R., 1994, Progress report on the geology and mineral resources of the Nome mining district: Alaska Division of Geological and Geophysical Surveys, Public Data", "rept_names": "C.C. Hawley and Travis L. Hudson", "rept_date": "10/22/1999", "age": "Mid-Cretaceous?; may be same age as some lode gold deposits of Seward Peninsula.", "rept_aff": "Hawley Resource Group, Inc.", "prod_notes": null, "reserves": null, "prime_ref": "Hummel, 1962 (MF 248)", "latitude": 64.760946, "longitude": -165.351871, "datum": "WGS84", "source_datum": "NAD27 (EPSG:4267) reprojected to WGS84 (EPSG:4326)" }, "geometry": { "type": "Point", "coordinates": [ -165.351870669165407, 64.760945955542667 ] } },
{ "type": "Feature", "properties": { "ardf_num": "NM089", "mrds_num": "10307941", "site": "Unnamed (in Grouse Creek)", "location": "This occurrence is along Grouse Creek, 0.8 mile southeast of Mount Distin, at an elevation of about 400 feet.  It is locality 28 of Hummel (1962 [MF 248]) and locality 24 of Cobb (1972 [MF 463], 1978 [OFR 78-93]).", "quad_250": "NM", "quad_63360": "D-1", "comm_main": "Cu", "comm_other": null, "ore": null, "gangue": null, "site_type": "Occurrence", "status": "Inactive", "production": "None", "dep_model": "Surface float of copper-bearing material.", "model_code": null, "alteration": null, "geol_desc": "Hummel (1962 [MF248]) identified this locality as an occurrence of copper-bearing float.  The nature of the copper-bearing material is not known.", "work_expl": "The general area has been prospected and explored many times during the last century.", "comments": null, "expand_ref": "Cobb, E.H., 1972, Metallic mineral resources map of the Nome quadrangle, Alaska:  U.S. Geological Survey Miscellaneous Field Studies Map MF-463, 2 sheets, scale 1:250,000.|Cobb, E.H., 1978, Summary of references to mineral occurrences (other than mineral", "rept_names": "C.C. Hawley and Travis L. Hudson", "rept_date": "10/22/1999", "age": null, "rept_aff": "Hawley Resource Group, Inc.", "prod_notes": null, "reserves": null, "prime_ref": "Hummel, 1962 (MF 248)", "latitude": 64.764646, "longitude": -165.361371, "datum": "WGS84", "source_datum": "NAD27 (EPSG:4267) reprojected to WGS84 (EPSG:4326)" }, "geometry": { "type": "Point", "coordinates": [ -165.361371150377039, 64.764645870856555 ] } },
{ "type": "Feature", "properties": { "ardf_num": "NM090", "mrds_num": "A012801", "site": "Nelson", "location": "The Nelson prospect is in Steep Creek, a tributary of Gold Bottom Creek, at an elevation of about 800 feet.  It is about 0.5 mile southeast of the center of section 29, T. 8 S., R. 33 W.  The location is accurate.", "quad_250": "NM", "quad_63360": "D-1", "comm_main": "Pb, Zn", "comm_other": null, "ore": "Galena, pyrite, sphalerite", "gangue": "Calcite", "site_type": "Prospect", "status": "Undetermined", "production": "Undetermined", "dep_model": "Sedimentary exhalative (SEDEX) lead-zinc-silver-fluorite deposit (Cox and Singer, 1986, model 31a).", "model_code": "31a", "alteration": "Marble is bleached at the prospect.", "geol_desc": "The Nelson prospect contains sphalerite, galena, and pyrite in veinlets subparallel to layering in marble and in stockwork-like fracture zones; it includes a galena vein 2 inches thick (Mertie, 1918; Cathcart, 1922).  When the prospect was visited by Cath", "work_expl": "Developments included a 55-foot adit, an open cut, and several pits; all are badly sloughed. There apparently has been little work on the prospect  since before 1920. Covered by at least one geochemical survey by the USGS and examined by several companies", "comments": "The Nelson prospect is on Bering Straits Native Corporation selected lands.", "expand_ref": "Bundtzen, T.K., Reger, R.D., Laird, G.M., Pinney, D.S., Clautice, K.H., Liss, S.A., and Cruse, G.R., 1994, Progress report on the geology and mineral resources of the Nome mining district: Alaska Division of Geological and Geophysical Surveys, Public Data", "rept_names": "C.C. Hawley and Travis L. Hudson; D.J. Grybeck (Contractor, USGS)", "rept_date": "4/1/2012", "age": "Deposited syngenetically in a marine environment during the Devonian; metamorphosed in the Jurassic or early Cretaceous.", "rept_aff": "Hawley Resource Group, Inc.", "prod_notes": "None.", "reserves": "None.", "prime_ref": "Slack and others, 2011", "latitude": 64.761445, "longitude": -165.391571, "datum": "WGS84", "source_datum": "NAD27 (EPSG:4267) reprojected to WGS84 (EPSG:4326)" }, "geometry": { "type": "Point", "coordinates": [ -165.391571146300493, 64.761445226653308 ] } },
{ "type": "Feature", "properties": { "ardf_num": "NM091", "mrds_num": "A012800", "site": "Tanner", "location": "The Tanner prospect is in the canyon of Steep Creek, a tributary to Goldbottom Creek; it is at an elevation of about 650 feet, 0.9 mile south of Mount Distin.  It is about 4,500 feet north-northeast of the junction of the road up Goldbottom Creek and a je", "quad_250": "NM", "quad_63360": "D-1", "comm_main": "Au, Sb", "comm_other": null, "ore": "Gold, stibnite", "gangue": "Ankerite (?), calcite, mica (pale green)", "site_type": "Prospect", "status": "Inactive", "production": "Undetermined", "dep_model": "Massive stibnite lenses and disseminated gold-bearing mineralization in calcareous schist below marble.", "model_code": null, "alteration": "Development of ankerite (?) and pale-green mica .", "geol_desc": "The Tanner prospect is in the sheared contact zone between massive marble and underlying mica schist.  Schistosity strikes east-west and dips 20 to 40 degrees to the north.  The marble is locally stained yellow-brown and may contain some secondary ankerit", "work_expl": "Prospecting prior to 1947 identified an essentially stratabound zone that contains native gold and stibnite in the basal schistose zone of a massive marble unit.  Subsequently prospectors found and probably mined small quantities of native gold from this", "comments": "The site has been selected by Bering Straits Native Corporation of Nome.", "expand_ref": "Amato, J.M., and Wright, J.E., 1997, Potassic mafic magmatism in the Kigluaik gneiss dome, northern Alaska--A geochemical study of arc magmatism in an extensional tectonic setting: Journal of Geophysical Research, v. B102, no. 4, p. 8065-8084.|Amato, J.M.", "rept_names": "C.C. Hawley and Travis L. Hudson", "rept_date": "10/22/1999", "age": "Probably mid-Cretaceous or younger; appears to postdate regional metamorphism of mid-Cretaceous age.", "rept_aff": "Hawley Resource Group, Inc.", "prod_notes": "Stibnite was mined and stockpiled at the site.  Small amounts of gold have been produced at the site from the schistose zone and from adjacent alluvium.", "reserves": null, "prime_ref": "This report", "latitude": 64.758245, "longitude": -165.387671, "datum": "WGS84", "source_datum": "NAD27 (EPSG:4267) reprojected to WGS84 (EPSG:4326)" }, "geometry": { "type": "Point", "coordinates": [ -165.38767077663033, 64.758245219331513 ] } },
{ "type": "Feature", "properties": { "ardf_num": "NM092", "mrds_num": "10307942", "site": "McDuffee; McDuffie", "location": "The McDuffee mine is on the east side of Steep Creek between elevations of about 600 and 900 feet; it is 1 mile south of Mount Distin.  Vein float can be found above mine workings to an elevation of about 1,000 feet.  The mine is about 4,000 feet north-no", "quad_250": "NM", "quad_63360": "D-1", "comm_main": "Au", "comm_other": "Ag, Sb (?)", "ore": "Gold, pyrite", "gangue": "Quartz", "site_type": "Mine", "status": "Active?", "production": "Yes; small", "dep_model": "Low sulfide, Au-quartz vein (Cox and Singer, 1986; model 36a).", "model_code": "36a", "alteration": null, "geol_desc": "The McDuffee mine was developed by shafts, adits, and open cuts on gold-bearing quartz veins along faults that cut the host rock schistosity at a high angle. The veins are best developed in a metabasite sill in mica schist that underlies massive marble (H", "work_expl": "The McDuffee vein is developed principally by two adits at elevations of about 730 and 780 feet.  These adits develop the northeast-striking part of the vein.  The vein splits near the lower adit; a north branch trends about due west downslope and is deve", "comments": "The area is in the regional selections of the Bering Straits Native Corporation.", "expand_ref": "Amato, J.M., and Wright, J.E., 1997, Potassic mafic magmatism in the Kigluaik gneiss dome, northern Alaska--A geochemical study of arc magmatism in an extensional tectonic setting: Journal of Geophysical Research, v. B102, no. 4, p. 8065-8084.|Amato, J.M.", "rept_names": "C.C. Hawley and Travis L. Hudson", "rept_date": "10/22/1999", "age": "Probably mid-Cretaceous; controlled by structures that postdate regional metamorphism; probably similar in age to some other lode gold deposits of Seward Peninsula.", "rept_aff": "Hawley Resource Group, Inc.", "prod_notes": "A small amount of gold is assumed to have been mined and milled.", "reserves": null, "prime_ref": "This report", "latitude": 64.756945, "longitude": -165.385171, "datum": "WGS84", "source_datum": "NAD27 (EPSG:4267) reprojected to WGS84 (EPSG:4326)" }, "geometry": { "type": "Point", "coordinates": [ -165.385170616665192, 64.756945233460812 ] } },
{ "type": "Feature", "properties": { "ardf_num": "NM093", "mrds_num": "A012883", "site": "Steep Creek", "location": "Steep Creek flows south from Mount Distin.  Placer gold mining occurred on Steep Creek for about 0.75 mile upstream from its confluence with Goldbottom Creek (in the Nome C-1 quadrangle).  The location used here is 1.5 miles south of Mount Distin.  This i", "quad_250": "NM", "quad_63360": "D-1", "comm_main": "Au", "comm_other": null, "ore": "Gold, magnetite", "gangue": null, "site_type": "Mine", "status": "Inactive", "production": "Yes; small", "dep_model": "Placer Au (Cox and Singer, 1986; model 39a).", "model_code": "39a", "alteration": null, "geol_desc": "The gravels of Steep Creek were placer mined for gold over a distance of about 0.75 mile upstream of its confluence with Goldbottom Creek.  Much of this mining was before 1905.  The paystreak was 60 to 70 feet wide in coarse gravels 1.5 to 4 feet thick, a", "work_expl": "Small-scale placer mining took place along the lower 0.75 miles of Steep Creek, probably before 1905.", "comments": null, "expand_ref": "Cobb, E.H., 1972, Metallic mineral resources map of the Nome quadrangle, Alaska:  U.S. Geological Survey Miscellaneous Field Studies Map MF-463, 2 sheets, scale 1:250,000.|Cobb, E.H., 1978, Summary of references to mineral occurrences (other than mineral", "rept_names": "C.C. Hawley and Travis L. Hudson", "rept_date": "10/22/1999", "age": "Holocene.", "rept_aff": "Hawley Resource Group, Inc.", "prod_notes": null, "reserves": null, "prime_ref": "Moffit, 1913", "latitude": 64.749845, "longitude": -165.39177, "datum": "WGS84", "source_datum": "NAD27 (EPSG:4267) reprojected to WGS84 (EPSG:4326)" }, "geometry": { "type": "Point", "coordinates": [ -165.391769960234683, 64.749844932424864 ] } },
{ "type": "Feature", "properties": { "ardf_num": "NM094", "mrds_num": null, "site": "Silver Creek", "location": "Silver Creek, a north tributary of Steep Creek (NM093), flows south from the southwest flank of Mount Distin. The stream has been placer mined by mechanical methods for about 1,500 feet above its confluence with Steep Creek.", "quad_250": "NM", "quad_63360": "D-1", "comm_main": "Au", "comm_other": null, "ore": "Gold", "gangue": null, "site_type": "Mine", "status": "Probably inactive", "production": "Yes; small", "dep_model": "Placer Au (Cox and Singer, 1986; model 39a).", "model_code": "39a", "alteration": null, "geol_desc": "The lower 1,500 feet of Silver Creek has been placer mined by small-scale mechanical methods; this mining probably occurred in the 1930's and 1940's.  The creek flows across interlayered marble, mica schist, and probably some metabasite for about a mile a", "work_expl": "Small-scale mechanical mining of placer gold probably took place in 1930's and 1940's.  The area has been explored in the 1990s for lode gold deposits.", "comments": null, "expand_ref": "Bundtzen, T.K., Reger, R.D., Laird, G.M., Pinney, D.S., Clautice, K.H., Liss, S.A., and Cruse, G.R., 1994, Progress report on the geology and mineral resources of the Nome mining district: Alaska Division of Geological and Geophysical Surveys, Public Data", "rept_names": "C.C. Hawley and Travis L. Hudson", "rept_date": "10/22/1999", "age": "Holocene.", "rept_aff": "Hawley Resource Group, Inc.", "prod_notes": null, "reserves": null, "prime_ref": "This report", "latitude": 64.749245, "longitude": -165.39947, "datum": "WGS84", "source_datum": "NAD27 (EPSG:4267) reprojected to WGS84 (EPSG:4326)" }, "geometry": { "type": "Point", "coordinates": [ -165.399469981220022, 64.749244773605042 ] } },
{ "type": "Feature", "properties": { "ardf_num": "NM095", "mrds_num": "A012885", "site": "Goldbottom Creek", "location": "Goldbottom Creek is the main drainage on the southwest side of Mount Distin.  It has been placer mined for gold upstream from its confluence with Steep Creek and into section 31, T. 8 S., R 33 W., Kateel River Meridian.  Goldbottom Creek, including Steep", "quad_250": "NM", "quad_63360": "D-1", "comm_main": "Au", "comm_other": "Sn", "ore": "Cassiterite, gold", "gangue": null, "site_type": "Mine", "status": "Active?", "production": "Yes; small", "dep_model": "Placer Au (Cox and Singer, 1986; model 39a).", "model_code": "39a", "alteration": null, "geol_desc": "Goldbottom Creek was placer mined for gold at least as early as 1900 (Brooks and others, 1901).  Moffit (1913, p. 87) reported that hand mining and a small hydraulic plant operated in the upper part of the creek in 1905.  Moffit (1913) also reported strea", "work_expl": "Hand and small-scale mechanical placer mining started as early as 1900 and may still be active on Goldbottom Creek.", "comments": "See also Silver Creek (NM094), Steep Creek (NM093) and Grouse Creek (NM099).", "expand_ref": "Brooks, A.H., Richardson, G.B., Collier, A.J., and W.C. Mendenhall, 1901, A reconnaissance in the Cape Nome and adjacent gold fields of Seward Peninsula, Alaska, in 1900:  U.S. Geological Survey Special Publication, p. 1-185, maps.|Bundtzen, T.K., Reger,", "rept_names": "C.C. Hawley and Travis L. Hudson", "rept_date": "10/22/1999", "age": "Quaternary.", "rept_aff": "Hawley Resource Group, Inc.", "prod_notes": null, "reserves": null, "prime_ref": "This report", "latitude": 64.749544, "longitude": -165.42797, "datum": "WGS84", "source_datum": "NAD27 (EPSG:4267) reprojected to WGS84 (EPSG:4326)" }, "geometry": { "type": "Point", "coordinates": [ -165.427970316539671, 64.749544248826496 ] } },
{ "type": "Feature", "properties": { "ardf_num": "NM096", "mrds_num": "10307943", "site": "Unnamed (Silver Creek--lode)", "location": "This prospect is in the drainage of Silver Creek, a northeast tributary to Goldbottom Creek.  It is  about 1 mile southwest of Mount Distin.  A sulfide-bearing, northeast-trending vein zone is located at an elevation of 900 feet in the NW1/4 section 32, T", "quad_250": "NM", "quad_63360": "D-1", "comm_main": "As, Au, Sb", "comm_other": null, "ore": "Arsenopyrite, gold (?), pyrite, stibnite", "gangue": "Ankerite, quartz", "site_type": "Prospect", "status": "Probably inactive", "production": "None", "dep_model": "Massive stibnite lenses and disseminated gold-bearing mineralization in calcareous schist below marble and/or low-sulfide, Au-quartz veins (Cox and Singer, 1986; model 36a).", "model_code": "36a ?", "alteration": "Disseminated sulfides (?), silicification (?), ankerite replacement (?).", "geol_desc": "This prospect is located near the west end of a large area of anomalous gold and arsenic values in soils defined by BHP-Utah International, Inc. (Stevens, 1991).  Near Silver Creek, gold in soils locally exceeds 100 ppb and arsenic exceeds 800 ppm.  Kenne", "work_expl": "BHP-Utah International, Inc. completed surface mapping and a large soil geochemistry survey in the general area in 1989-90.  The soil geochemistry survey defined an area of anomalous gold and arsenic values about 4 miles long.  This prospect is in the wes", "comments": null, "expand_ref": "Bundtzen, T.K., Reger, R.D., Laird, G.M., Pinney, D.S., Clautice, K.H., Liss, S.A., and Cruse, G.R., 1994, Progress report on the geology and mineral resources of the Nome mining district: Alaska Division of Geological and Geophysical Surveys, Public Data", "rept_names": "C.C. Hawley and Travis L. Hudson", "rept_date": "10/22/1999", "age": "Mid-Cretaceous?; appears to postdate regional metamorphism.", "rept_aff": "Hawley Resource Group, Inc.", "prod_notes": null, "reserves": null, "prime_ref": "This report", "latitude": 64.760545, "longitude": -165.407671, "datum": "WGS84", "source_datum": "NAD27 (EPSG:4267) reprojected to WGS84 (EPSG:4326)" }, "geometry": { "type": "Point", "coordinates": [ -165.407671226408155, 64.760544903400373 ] } },
{ "type": "Feature", "properties": { "ardf_num": "NM098", "mrds_num": "A012917", "site": "Manila Creek", "location": "Manila Creek joins Hobson Creek to flow into the west side of Nome River in the Nome C-1 quadrangle.  The location used here is the approximate center of the placer mined section which is mostly in the Nome C-1 quadrangle. This is locality 110 of  Cobb (1", "quad_250": "NM", "quad_63360": "C-1", "comm_main": "Au", "comm_other": "Sb (?)", "ore": "Gold, stibnite (?)", "gangue": null, "site_type": "Mine", "status": "Inactive", "production": "Yes; small", "dep_model": "Placer Au (Cox and Singer, 1986; model 39a).", "model_code": "39a", "alteration": null, "geol_desc": "Chapin (1914, p. 389) reported a rich placer gold discovery on Manila Creek.  The paystreak, about 10 feet thick, was on schist bedrock below about 25 feet of barren alluvium.  The gold was reported to be coarse and flaky.  In 1916, Mertie (1918, p. 454)", "work_expl": "Small-scale drift mines operated on this creek at least up to 1916.", "comments": null, "expand_ref": "Chapin, Theodore, 1914, Placer mining on Seward Peninsula:  U.S. Geological Survey Bulletin 592-L, p. 385-395.|Cobb, E.H., 1972, Metallic mineral resources map of the Nome quadrangle, Alaska:  U.S. Geological Survey Miscellaneous Field Studies Map MF-463,", "rept_names": "C.C. Hawley and Travis L. Hudson", "rept_date": "10/22/1999", "age": "Quaternary.", "rept_aff": "Hawley Resource Group, Inc.", "prod_notes": null, "reserves": null, "prime_ref": "Cobb, 1978 (OFR 78-93)", "latitude": 64.744247, "longitude": -165.290168, "datum": "WGS84", "source_datum": "NAD27 (EPSG:4267) reprojected to WGS84 (EPSG:4326)" }, "geometry": { "type": "Point", "coordinates": [ -165.290168295110078, 64.744246689213867 ] } },
{ "type": "Feature", "properties": { "ardf_num": "NM099", "mrds_num": "A012884", "site": "Grouse Creek", "location": "Grouse Creek is a small, south-flowing stream on the southeast side of Mount Distin.  It is a north tributary to Goldbottom Creek; its confluence with Goldbottom Creek is in the Nome C-1 quadrangle.  The creek is auriferous about 1 mile above its mouth (C", "quad_250": "NM", "quad_63360": "D-1", "comm_main": "Au", "comm_other": null, "ore": "Gold, hematite", "gangue": null, "site_type": "Mine", "status": "Inactive", "production": "Yes; small", "dep_model": "Placer Au (Cox and Singer, 1986; model 39a).", "model_code": "39a", "alteration": null, "geol_desc": "Small-scale placer mining for gold took place as early as 1903 on Grouse Creek (Collier and others, 1908).  This early mining was about 1 mile upstream from its confluence with Goldbottom Creek.  The pay along this part of the creek was 1 to 3 feet thick", "work_expl": "Grouse Creek was prospected and mined at least as early as 1903.  It carried a considerable flow of water and was active during some dry years when other creeks were inactive.  Mining was on a small scale and mostly hand operations.", "comments": null, "expand_ref": "Anderson, Eskil, 1947, Mineral occurrences other than gold deposits in northwestern Alaska: Alaska Territorial Division of Mines Pamphlet 5-R, 48 p.|Bundtzen, T.K., Reger, R.D., Laird, G.M., Pinney, D.S., Clautice, K.H., Liss, S.A., and Cruse, G.R., 1994,", "rept_names": "C.C. Hawley and Travis L. Hudson", "rept_date": "10/22/1999", "age": "Quaternary.", "rept_aff": "Hawley Resource Group, Inc.", "prod_notes": null, "reserves": null, "prime_ref": "Collier and others, 1908", "latitude": 64.749545, "longitude": -165.36427, "datum": "WGS84", "source_datum": "NAD27 (EPSG:4267) reprojected to WGS84 (EPSG:4326)" }, "geometry": { "type": "Point", "coordinates": [ -165.364269634774672, 64.749545438455286 ] } },
{ "type": "Feature", "properties": { "ardf_num": "NM100", "mrds_num": null, "site": "Cold Creek", "location": "Cold Creek is an east tributary to Grouse Creek, itself a tributary to Goldbottom Creek.  At the south boundary of the Nome D-1 quadrangle, Cold Creek is about 0.4 mile east of Grouse Creek and about 1 mile west of Manila Creek.  Placer mining for gold ha", "quad_250": "NM", "quad_63360": "D-1", "comm_main": "Au", "comm_other": "Sb (?)", "ore": "Gold, stibnite (?)", "gangue": null, "site_type": "Mine", "status": "Probably inactive", "production": "Yes; small", "dep_model": "Placer Au (Cox and Singer, 1986; model 39a).", "model_code": "39a", "alteration": null, "geol_desc": "Cold Creek has been placer mined for gold by small-scale mechanical or hand methods at several places.  Possible lode sources of gold and stibnite in the Cold Creek drainage are the Breen West mine (NM087) and an unnamed antimony-gold (?) occurrence (NM08", "work_expl": "Hand or small-scale mechanical placer workings occur at several places along this creek at some unknown time (field examination by C.C. Hawley, 1995).", "comments": null, "expand_ref": null, "rept_names": "C.C. Hawley and Travis L. Hudson", "rept_date": "10/22/1999", "age": "Quaternary.", "rept_aff": "Hawley Resource Group, Inc.", "prod_notes": null, "reserves": null, "prime_ref": "This report", "latitude": 64.749246, "longitude": -165.353069, "datum": "WGS84", "source_datum": "NAD27 (EPSG:4267) reprojected to WGS84 (EPSG:4326)" }, "geometry": { "type": "Point", "coordinates": [ -165.353069483840869, 64.749245640079266 ] } },
{ "type": "Feature", "properties": { "ardf_num": "NM101", "mrds_num": "10307944", "site": "Nome River", "location": "Nome River is auriferous downstream from its confluence with Buffalo Creek, an east headwater tributary  (Nome D-1 quadrangle), to the mouth of the river east of Nome (on Nome B-1 quadrangle).  The location shown is the approximate mid-point  of the aurif", "quad_250": "NM", "quad_63360": "C-1", "comm_main": "Au", "comm_other": null, "ore": "Gold", "gangue": null, "site_type": "Mines", "status": "Inactive", "production": "Undetermined", "dep_model": "Placer Au (Cox and Singer, 1986; model 39a).", "model_code": "39a", "alteration": null, "geol_desc": "The Nome River floodplain is gold-bearing downstream from its confluence with Buffalo Creek (Nome D-1 quadrangle) to the mouth of Nome Creek (Nome B-1 quadrangle) (Collier and others,1908, plate X).  Almost certainly some placer gold was mined from the No", "work_expl": "Small-scale placer mining by rocker or pan almost certainly occurred in the early years of the 20th century on river bar deposits of Nome River.  Parts of the Nome River flood plain near the mouths of auriferous tributaries were mined mechanically in late", "comments": null, "expand_ref": "Bundtzen, T.K., Reger, R.D., Laird, G.M., Pinney, D.S., Clautice, K.H., Liss, S.A., and Cruse, G.R., 1994, Progress report on the geology and mineral resources of the Nome mining district: Alaska Division of Geological and Geophysical Surveys, Public Data", "rept_names": "C.C. Hawley and Travis L. Hudson", "rept_date": "10/22/1999", "age": "Quaternary.", "rept_aff": "Hawley Resource Group, Inc.", "prod_notes": "Production from Nome River may have been reported with that of its gold-bearing tributaries, such as Dexter Creek.", "reserves": "Unknown, but the floodplain between Sparkle and McDonald Creeks is a gold resource.", "prime_ref": "Collier and others, 1908", "latitude": 64.645544, "longitude": -165.286858, "datum": "WGS84", "source_datum": "NAD27 (EPSG:4267) reprojected to WGS84 (EPSG:4326)" }, "geometry": { "type": "Point", "coordinates": [ -165.286858203914448, 64.64554428800048 ] } },
{ "type": "Feature", "properties": { "ardf_num": "NM103", "mrds_num": "10307946", "site": "Unnamed; Head of LaSpray Creek; southwest of the head of Nelson Gulch (NM083)", "location": "The occurrence is at an elevation of about 1,500 feet and about 0.25 mile southwest of hill 1710 in the SW1/4SW 1/4 section 28, T. 8 S., R. 32 W., Kateel River Meridian.  It is in the extreme headwaters of LaSpray Creek, a creek mostly on the Nome C-1 qua", "quad_250": "NM", "quad_63360": "D-1", "comm_main": "Au (?)", "comm_other": null, "ore": "Arsenopyrite, pyrite, pyrrhotite (?)", "gangue": null, "site_type": "Occurrence", "status": "Inactive", "production": "None", "dep_model": "Arsenopyrite and (or) pyrite associated with a schist-marble contact.", "model_code": null, "alteration": null, "geol_desc": "This is an occurrence of arsenopyrite and (or) pyrite near the upper contact of a layer of marble and overlying schist; the rocks strike about north-northwest  and dip generally to the east (Hummel, 1962 [MF 248]). The  deposit may be marked by an prospec", "work_expl": "Prospect pit or cut.", "comments": null, "expand_ref": "Hummel, C.L., 1962, Preliminary geologic map of the Nome D-1 quadrangle, Seward Peninsula, Alaska:  U.S. Geological Survey Miscellaneous Field Studies Map MF-248, 1 sheet, scale 1:63,360.|Hummel, C.L., 1975, Mineral deposits and occurrences, and associate", "rept_names": "C.C. Hawley and Travis L. Hudson", "rept_date": "10/22/1999", "age": null, "rept_aff": "Hawley Resource Group, Inc.", "prod_notes": null, "reserves": null, "prime_ref": "Hummel, 1962 (MF 248)", "latitude": 64.759249, "longitude": -165.174569, "datum": "WGS84", "source_datum": "NAD27 (EPSG:4267) reprojected to WGS84 (EPSG:4326)" }, "geometry": { "type": "Point", "coordinates": [ -165.174568576832797, 64.759249222661253 ] } },
{ "type": "Feature", "properties": { "ardf_num": "NM104", "mrds_num": "10307947", "site": "Unnamed (at the head of Fox Creek)", "location": "The occurrence is on the north side of a ridge between upper Fox Creek and Bock Creek at an elevation of about 1,600 feet.  It is about on the east half of the section line that separates sections 21 and 28, T. 8 S., R. 32 W., Kateel River Meridian.  The", "quad_250": "NM", "quad_63360": "D-1", "comm_main": "Au (?)", "comm_other": null, "ore": "Arsenopyrite, pyrite, pyrrhotite (?)", "gangue": null, "site_type": "Occurrence", "status": "Inactive", "production": "None", "dep_model": "Arsenopyrite, pyrite, or pyrrhotite associated with schist and marble.", "model_code": null, "alteration": null, "geol_desc": "Arsenopyrite, pyrite, and (or) possibly pyrrhotite occur in a old pit or cut at this locality (Hummel, 1962 [MF 248]).  The occurrence is in interlayed marble and calcareous mica schist .  Hummel (1975) cited the location as an unevaluated mineral occurre", "work_expl": "A prospect pit or cut is apparently present here.", "comments": null, "expand_ref": "Hummel, C.L., 1962, Preliminary geologic map of the Nome D-1 quadrangle, Seward Peninsula, Alaska:  U.S. Geological Survey Miscellaneous Field Studies Map MF-248, 1 sheet, scale 1:63,360.|Hummel, C.L., 1975, Mineral deposits and occurrences, and associate", "rept_names": "C.C. Hawley and Travis L. Hudson", "rept_date": "10/22/1999", "age": null, "rept_aff": "Hawley Resource Group, Inc.", "prod_notes": null, "reserves": null, "prime_ref": "Hummel, 1962 (MF 248)", "latitude": 64.77275, "longitude": -165.15497, "datum": "WGS84", "source_datum": "NAD27 (EPSG:4267) reprojected to WGS84 (EPSG:4326)" }, "geometry": { "type": "Point", "coordinates": [ -165.15496974588666, 64.772749927199314 ] } },
{ "type": "Feature", "properties": { "ardf_num": "NM105", "mrds_num": "10307948", "site": "Unnamed (upper Bock Creek)", "location": "The occurrence is in a minor unnamed gulch on the west side of the south-facing ridge between the upper forks of Bock Creek, a headwater tributary to Fox Creek.  It is at an elevation of about 1,000 feet and its location is known within about 1,000 feet o", "quad_250": "NM", "quad_63360": "D-1", "comm_main": null, "comm_other": null, "ore": null, "gangue": "Carbonate, quartz", "site_type": "Occurrence", "status": "Inactive", "production": "None", "dep_model": null, "model_code": null, "alteration": "Silica-rich rocks in marble, silicification?", "geol_desc": "Hummel (1975) identified this ocurrence as stratabound, metallized, and silicified marble; other information was not provided.  The occurrence is near a steep fault that strikes northwest (Hummel, 1962 [MF 248]).", "work_expl": null, "comments": null, "expand_ref": "Hummel, C.L., 1962, Preliminary geologic map of the Nome D-1 quadrangle, Seward Peninsula, Alaska:  U.S. Geological Survey Miscellaneous Field Studies Map MF-248, 1 sheet, scale 1:63,360.|Hummel, C.L., 1975, Mineral deposits and occurrences, and associate", "rept_names": "C.C. Hawley and Travis L. Hudson", "rept_date": "10/22/1999", "age": null, "rept_aff": "Hawley Resource Group, Inc.", "prod_notes": null, "reserves": null, "prime_ref": "Hummel, 1975", "latitude": 64.78065, "longitude": -165.13757, "datum": "WGS84", "source_datum": "NAD27 (EPSG:4267) reprojected to WGS84 (EPSG:4326)" }, "geometry": { "type": "Point", "coordinates": [ -165.137570365639448, 64.780650450325439 ] } },
{ "type": "Feature", "properties": { "ardf_num": "NM114", "mrds_num": "10307954", "site": "Unnamed (lode in Rocky Mountain Creek)", "location": "The occurrence is in Rocky Mountain Creek about 0.2 mile below the stibnite vein called the Lindfors prospect (NM080); it is at an elevation of about 550 feet.  The location is shown on figure 4 of Coats (1944).  The location is accurate within about 500", "quad_250": "NM", "quad_63360": "D-1", "comm_main": "W", "comm_other": "Au?", "ore": "Gold (?), scheelite", "gangue": "Quartz, feldspar", "site_type": "Occurrence", "status": "Probably inactive", "production": "None", "dep_model": "Scheelite-bearing quartz-plagioclase veins in schist.", "model_code": null, "alteration": null, "geol_desc": "Rocky Mountain Creek has been mined for gold, and concentrates contain scheelite (NM082).  The creek was one of six creeks on the Seward Peninsula that have been identified as possibly containing important amounts of scheelite (Coats, 1944, p. 6).  This p", "work_expl": "Explored by placer mining on Rocky Mountain Creek.", "comments": null, "expand_ref": "Coats, R.R., 1944, Lode scheelite occurrences of the Nome area:  U.S. Geological Survey Open-File Report 17, 6 p.|Hummel, C.L., 1962, Preliminary geologic map of the Nome D-1 quadrangle, Seward Peninsula, Alaska:  U.S. Geological Survey Miscellaneous Fiel", "rept_names": "C.C. Hawley and Travis L. Hudson", "rept_date": "10/22/1999", "age": null, "rept_aff": "Hawley Resource Group, Inc.", "prod_notes": "Possibly some placer production of scheelite from Rocky Mountain Creek.", "reserves": null, "prime_ref": "Coats, 1944", "latitude": 64.776249, "longitude": -165.19047, "datum": "WGS84", "source_datum": "NAD27 (EPSG:4267) reprojected to WGS84 (EPSG:4326)" }, "geometry": { "type": "Point", "coordinates": [ -165.190470491641463, 64.776249352542223 ] } },
{ "type": "Feature", "properties": { "ardf_num": "NM120", "mrds_num": "10307958", "site": "Sinuk River", "location": "Collier and others (1908, plate X) identified a gold-bearing area about 3 miles long in the upper part of Sinuk River centered approximately, between Green Gulch (NM127) and Independence Creek (NM126) southwest of the Nome-Teller road.  The east limit of", "quad_250": "NM", "quad_63360": "C-2", "comm_main": "Au", "comm_other": null, "ore": "Gold", "gangue": null, "site_type": "Mines", "status": "Probably inactive", "production": "Undetermined", "dep_model": "Alluvial placer Au (Cox and Singer, 1986; model 39a).", "model_code": "39a", "alteration": null, "geol_desc": "As indicated by mining claim locations (Kardex site Kx 52-308; Alaska Division of Geological and Geophysical Surveys, 1982), exploitation of the gold-bearing high-level gravels in this area was considered in the early days of the district and possibly as", "work_expl": "The upper Sinuk River region was recognized as gold bearing as early as 1900. Both Boulder Creek (NM119) and Independence Creek (MN126) were worked on a small scale before 1903.  Some claim activity south of Green Gulch was reported as recently as 1982 (A", "comments": null, "expand_ref": "Alaska Division of Geological and Geophysical Surveys, 1982, Mining claim location maps -- Nome quadrangle: Alaska Division of Geological and Geophysical Surveys, 8 p., 3 sheets, scales 1:63,360 and 1:250,000.|Collier, A.J., Hess, F.L., Smith, P.S., and B", "rept_names": "C.C. Hawley and Travis L. Hudson", "rept_date": "3/12/2000", "age": "Quaternary.", "rept_aff": "Hawley Resource Group, Inc.", "prod_notes": null, "reserves": "A possible gold resource exists in high-level gravels of the area.", "prime_ref": "Collier and others, 1908", "latitude": 64.700333, "longitude": -165.948571, "datum": "WGS84", "source_datum": "NAD27 (EPSG:4267) reprojected to WGS84 (EPSG:4326)" }, "geometry": { "type": "Point", "coordinates": [ -165.948570722448977, 64.700333290241076 ] } },
{ "type": "Feature", "properties": { "ardf_num": "NM126", "mrds_num": "A012860", "site": "Independence Creek", "location": "Independence Creek is a west tributary of Sinuk River; its mouth is 1.5 miles downstream from where the  Nome-Teller road crosses Sinuk River.  It is locality 4 of Hummel (1975).  Cobb (1978 [OFR 78-93])  summarized information for this location under the", "quad_250": "NM", "quad_63360": "C-2", "comm_main": "Au", "comm_other": null, "ore": "Gold", "gangue": null, "site_type": "Mine", "status": "Inactive", "production": "Yes; small", "dep_model": "Alluvial placer Au (Cox and Singer, 1986; model 39a).", "model_code": "39a", "alteration": null, "geol_desc": "Mining claims were staked on Independence Creek in 1900 (Heiner and Porter, 1972, Kardex site Kx 52-88).  The creek was visited by Collier and his associates in 1903; there was no activity at that time, but there was considerable evidence of  previous pla", "work_expl": "Mining claims were located in 1900, and some placer gold mining occurred before 1903.", "comments": null, "expand_ref": "Cobb, E.H., 1978, Summary of references to mineral occurrences (other than mineral fuels and construction materials) in the Nome quadrangle, Alaska:  U.S. Geological Survey Open-File report 78-93, 213 p.|Collier, A.J., Hess, F.L., Smith, P.S., and Brooks,", "rept_names": "C.C. Hawley and Travis L. Hudson", "rept_date": "3/12/2000", "age": "Quaternary.", "rept_aff": "Hawley Resource Group, Inc.", "prod_notes": null, "reserves": null, "prime_ref": "Collier and others, 1908", "latitude": 64.710733, "longitude": -165.984272, "datum": "WGS84", "source_datum": "NAD27 (EPSG:4267) reprojected to WGS84 (EPSG:4326)" }, "geometry": { "type": "Point", "coordinates": [ -165.984272149959025, 64.710732880956471 ] } },
{ "type": "Feature", "properties": { "ardf_num": "NM127", "mrds_num": "A012861", "site": "Green Gulch; Irish Hill; Washington Creek", "location": "Green Gulch was a productive placer mine within a large area of auriferous gravel southwest of Washington Creek (NM128) just south of the Nome-Teller road and on the southside of the Sinuk River site (NM120).  The location given is on Green Gulch, an east", "quad_250": "NM", "quad_63360": "C-2", "comm_main": "Au", "comm_other": null, "ore": "Gold", "gangue": null, "site_type": "Mine", "status": "Inactive", "production": "Yes; small", "dep_model": "Alluvial placer Au (Cox and Singer, 1986; model 39a).", "model_code": "39a", "alteration": null, "geol_desc": "An extensive area of auriferous bench gravel was mapped by Collier and others (1908, plate X) west of Washington Creek (NM128) extending south along the west flank of hill 1335.  The auriferous area merges with the Sinuk River valley (NM120).  Collier and", "work_expl": "The area was known as auriferous by 1903.  Some claim activity was reported as recently as 1969 when 23 claims were located (Heiner and Porter, 1972, Kardex site Kx 52-308).  Their location is very approximate but appears to be near Irish Hill (hill 1335)", "comments": null, "expand_ref": "Cobb, E.H., 1972, Metallic mineral resources map of the Nome quadrangle, Alaska:  U.S. Geological Survey Miscellaneous Field Studies Map MF-463, 2 sheets, scale 1:250,000.|Cobb, E.H., 1978, Summary of references to mineral occurrences (other than mineral", "rept_names": "C.C. Hawley and Travis L. Hudson", "rept_date": "3/12/2000", "age": "Quaternary; gravels of the active Green Gulch are Holocene.", "rept_aff": "Hawley Resource Group, Inc.", "prod_notes": "Minor production.", "reserves": "Large areas of low-grade, gold-bearing gravels may be present in the area.", "prime_ref": "Collier and others, 1908", "latitude": 64.698634, "longitude": -165.92257, "datum": "WGS84", "source_datum": "NAD27 (EPSG:4267) reprojected to WGS84 (EPSG:4326)" }, "geometry": { "type": "Point", "coordinates": [ -165.922570282828218, 64.698633734331239 ] } },
{ "type": "Feature", "properties": { "ardf_num": "NM128", "mrds_num": "10307963", "site": "Washington Creek", "location": "Washington Creek is an east tributary to Sinuk River; its mouth is 0.5 mile downstream from where the Nome-Teller road crosses Sinuk River.  Washington Creek forms the approximate east limit of a large, low-grade gold-bearing area on the south side of Sin", "quad_250": "NM", "quad_63360": "C-2", "comm_main": "Au", "comm_other": null, "ore": "Gold", "gangue": null, "site_type": "Mine", "status": "Probably inactive", "production": "Undetermined", "dep_model": "Alluvial placer Au (Cox and Singer, 1986; model 39a).", "model_code": "39a", "alteration": null, "geol_desc": "Placer claims were located on Washington Creek, a tributary of the Sinuk River, in 1900 (Heiner and Porter, 1972, Kardex site Kx 52-93).  Washington Creek was mentioned by Collier and others (1908, p. 216) as part of an area of auriferous bench gravels.", "work_expl": "Placer claims were staked on Washington Creek in 1900 (Heiner and Porter, 1972), but the nature of the deposit or related mining is not known.", "comments": null, "expand_ref": "Collier, A.J., Hess, F.L., Smith, P.S., and Brooks, A.H., 1908, The gold placers of parts of Seward Peninsula, Alaska, including the Nome, Council, Kougarok, Port Clarence, and Goodhope precincts:  U.S. Geological Survey Bulletin 328, 343 p.|Heiner, L.E.,", "rept_names": "C.C. Hawley and Travis L. Hudson", "rept_date": "3/12/2000", "age": "Quaternary.", "rept_aff": "Hawley Resource Group, Inc.", "prod_notes": null, "reserves": null, "prime_ref": "Heiner and Porter, 1972", "latitude": 64.712634, "longitude": -165.903372, "datum": "WGS84", "source_datum": "NAD27 (EPSG:4267) reprojected to WGS84 (EPSG:4326)" }, "geometry": { "type": "Point", "coordinates": [ -165.903371517013653, 64.712634441743646 ] } },
{ "type": "Feature", "properties": { "ardf_num": "NM129", "mrds_num": "A012848", "site": "Coal Creek", "location": "Coal Creek is a west tributary to Sinuk River; the mouth of Coal Creek is about three-quarters of a mile upstream from where the Nome-Teller road crosses Sinuk River.  Coal Creek is not identified by name on the current U.S. Geological Survey Nome C-2 qua", "quad_250": "NM", "quad_63360": "C-2", "comm_main": "Au", "comm_other": null, "ore": "Gold", "gangue": null, "site_type": "Mine", "status": "Inactive", "production": "Yes; small", "dep_model": "Alluvial placer Au (Cox and Singer, 1986; model 39a).", "model_code": "39a", "alteration": null, "geol_desc": "The Coal Creek placer gold mine is developed on graphitic schist and coal-bearing Tertiary sedimentary rocks that may be downfaulted against schist.  Herreid (1970, figure 1, p. 10) described the Tertiary sedimentary rocks as conglomerate with marble and", "work_expl": "Some small-scale surface placer gold workings are present.  An adit was used to prospect coal beds in the area.", "comments": null, "expand_ref": "Cobb, E.H., 1972, Metallic mineral resources map of the Nome quadrangle, Alaska:  U.S. Geological Survey Miscellaneous Field Studies Map MF-463, 2 sheets, scale 1:250,000.|Cobb, E.H., 1978, Summary of references to mineral occurrences (other than mineral", "rept_names": "C.C. Hawley and Travis L. Hudson", "rept_date": "3/12/2000", "age": "Quaternary; gold may have been derived by rewoking of Tertiary sedimentary rocks.", "rept_aff": "Hawley Resource Group, Inc.", "prod_notes": null, "reserves": null, "prime_ref": "Collier and others, 1908", "latitude": 64.735035, "longitude": -165.921874, "datum": "WGS84", "source_datum": "NAD27 (EPSG:4267) reprojected to WGS84 (EPSG:4326)" }, "geometry": { "type": "Point", "coordinates": [ -165.921873999751796, 64.735034653587647 ] } },
{ "type": "Feature", "properties": { "ardf_num": "NM130", "mrds_num": "A012781", "site": "Galena", "location": "The Galena prospect is at an elevation of about 800 feet on the ridge crest along the west side of Washington Creek, an east tributary to Sinuk River. It is 1.2 miles northeast of where the Nome-Teller road crosses Washington Creek and about a half mile s", "quad_250": "NM", "quad_63360": "C-2", "comm_main": "Fe, Pb, Zn", "comm_other": "Ag, Au, F", "ore": "Fluorite, galena, hemimorphite, limonite, pyrite, sphalerite", "gangue": "Calcite, dolomite, quartz", "site_type": "Prospect", "status": "Probably inactive", "production": "None", "dep_model": "Iron oxide and some quartz-sulfide veins and replacements in marble and schist.", "model_code": null, "alteration": "Possible dolomitization, silicification, and oxidation.", "geol_desc": "The Galena prospect was discovered before 1915 (Eakin, 1915 [B 622-I, p. 366-373]).  It was visited by Mertie in 1916 (1918 [B 662-I, p. 445), who reported a total of nine claims and some propecting work, primarily for iron.  Joint-controlled (N 15 W, ver", "work_expl": "The prospect was located and explored by shallow shafts, short adits and trenches before 1915 (Eakin, 1915 [B 622-I, p. 366-373]; Mertie, 1918 [B 662-I, p. 425-449]; Cathcart, 1922).  Herreid conducted geologic mapping and soil sampling of the area (1966,", "comments": "The prospect could be explored along the basal contact of the massive marble that overlies schist.  Before erosion, there may have been nearly continuous mineralized horizons between the Quarry prospect (NM135) and this deposit.", "expand_ref": "Cathcart, S.H., 1922, Metalliferous lodes in southern Seward Peninsula:  U.S. Geological Survey Bulletin 722-F, p. 163-261.|Cobb, E.H., 1972, Metallic mineral resources map of the Nome quadrangle, Alaska:  U.S. Geological Survey Miscellaneous Field Studie", "rept_names": "C.C. Hawley and Travis L. Hudson", "rept_date": "3/12/2000", "age": "Post mid-Cretaceous, the age of metamorphism of the host schist and marble.", "rept_aff": "Hawley Resource Group, Inc.", "prod_notes": null, "reserves": "Shallit (1942; Mullgan and Hess, 1965, table 3) estimated that the iron oxide deposits at the Galena prospect include 100 long tons containing 30 to 45 percent iron and 10,000 long tons containing 10 to 20 percent iron.", "prime_ref": "Herreid, 1966", "latitude": 64.729336, "longitude": -165.822572, "datum": "WGS84", "source_datum": "NAD27 (EPSG:4267) reprojected to WGS84 (EPSG:4326)" }, "geometry": { "type": "Point", "coordinates": [ -165.822572393756474, 64.729336369055062 ] } },
{ "type": "Feature", "properties": { "ardf_num": "NM131", "mrds_num": "A012782", "site": "Iron Creek", "location": "The Iron Creek prospect  is on the ridge crest northeast of the head of Ashland Creek, 2.5 miles northeast of the Nome-Teller road.  The prospect is at an elevation of about 1,100 feet and near the center of section 6, T. 9 S., R. 35 W.,  Kateel River Mer", "quad_250": "NM", "quad_63360": "C-2", "comm_main": "Fe, Mn", "comm_other": "Ti", "ore": "Limonite, pyrolusite (?), rutile", "gangue": "Calcite, dolomite", "site_type": "Prospect", "status": "Inactive", "production": "None", "dep_model": "Iron oxide veins and replacement of marble and schist.", "model_code": null, "alteration": null, "geol_desc": "Limonitic rocks occur in a synform near the base of a marble unit (Herreid, 1970, figure 1).  According to Mulligan and Hess (1965), samples of outcrop consist of finely crystalline marble with minor disseminated limonite and limonitic cavity fillings; se", "work_expl": "Some surface prospecting pits are probably present.", "comments": null, "expand_ref": "Cobb, E.H., 1972, Metallic mineral resources map of the Nome quadrangle, Alaska:  U.S. Geological Survey Miscellaneous Field Studies Map MF-463, 2 sheets, scale 1:250,000.|Cobb, E.H., 1978, Summary of references to mineral occurrences (other than mineral", "rept_names": "C.C. Hawley and Travis L. Hudson", "rept_date": "3/12/2000", "age": "Post mid-Cretaceous, the age of metamorphism of the host schist and marble.", "rept_aff": "Hawley Resource Group, Inc.", "prod_notes": null, "reserves": "Shallit (1942; Mulligan and Hess, 1965, table 3) estimated that there are 12,000 long tons of limonitic material containing 20 to 40 percent iron and 20,000 long tons of limonitic material containing 10 to 20 percent iron.", "prime_ref": "Mulligan and Hess, 1965", "latitude": 64.735338, "longitude": -165.743272, "datum": "WGS84", "source_datum": "NAD27 (EPSG:4267) reprojected to WGS84 (EPSG:4326)" }, "geometry": { "type": "Point", "coordinates": [ -165.743272185778778, 64.735338001650504 ] } },
{ "type": "Feature", "properties": { "ardf_num": "NM132", "mrds_num": null, "site": "Unnamed", "location": "The occurrence is approximately located about a half mile northwest of the Quarry prospect (NM135) on the west slope of  hill 1205; it is about 0.6 mile northeast of the Nome-Teller road at an elevation of about 1,100 feet.  This location is Kardex site K", "quad_250": "NM", "quad_63360": "C-2", "comm_main": "Fe", "comm_other": null, "ore": "Hematite (?) or limonite (?)", "gangue": null, "site_type": "Occurrence", "status": "Inactive", "production": "None", "dep_model": "Iron oxide veins and replacement of marble and schist?", "model_code": null, "alteration": null, "geol_desc": "A single claim located for iron was reported in 1927 for Maximoff and G. Victor (Heiner and Porter, 1972).  There are no other data on the occurrence. It is inferred to be an iron oxide deposit similar to the Cub Bear prospect (NM133) which is apparently", "work_expl": "One patented claim in 1927 was reported for this location (Heiner and Porter, 1972).  Activity at the claim was reported until 1965 (Alaska Division of Geological and Geophysical Surveys, 1982).  Surface prospecting pits are probably present.", "comments": null, "expand_ref": "Alaska Division of Geological and Geophysical Surveys, 1982, Mining claim location maps -- Nome quadrangle: Alaska Division of Geological and Geophysical Surveys, 8 p., 3 sheets, scales 1:63,360 and 1:250,000.|Heiner, L.E., and Porter, Eve, 1972, Alaska M", "rept_names": "C.C. Hawley and Travis L. Hudson", "rept_date": "3/12/2000", "age": "Probably post mid-Cretaceous, the age of bedrock metamorphism in the area.", "rept_aff": "Hawley Resource Group, Inc.", "prod_notes": null, "reserves": null, "prime_ref": "Heiner and Porter, 1972", "latitude": 64.709637, "longitude": -165.76907, "datum": "WGS84", "source_datum": "NAD27 (EPSG:4267) reprojected to WGS84 (EPSG:4326)" }, "geometry": { "type": "Point", "coordinates": [ -165.769069824827227, 64.709636878577797 ] } },
{ "type": "Feature", "properties": { "ardf_num": "NM133", "mrds_num": "A012783", "site": "Cub Bear", "location": "The Cub Bear prospect is on the west side of Cripple River, about 4,000 feet northwest of the mouth of Snowshoe Gulch; the prospect is mainly on a steep easterly slope between about 750 and 1,000 feet in elevation in section 18, T. 9 S., R. 35 W., Kateel", "quad_250": "NM", "quad_63360": "C-2", "comm_main": "Fe, Mn", "comm_other": "Ag, Pb, Zn", "ore": "Galena (?), goethite, hematite, pyrite, pyrolusite (?), sphalerite (?)", "gangue": "Dolomite, quartz, sericite (white mica)", "site_type": "Prospect", "status": "Inactive", "production": "None", "dep_model": "Iron oxide veins and replacement of marble and schist.", "model_code": null, "alteration": "Dolomitization peripheral to iron oxide mineralization.", "geol_desc": "The Cub Bear prospect is a ferruginous zone about 3,000 feet long and as much as 200 feet across that strikes north-northwest (Herreid, 1970, figure 6).  The prospect contains a mineralized zone near Herreid's samples 1, 2, and 3 that contains anomalous z", "work_expl": "The Cub Bear prospect was developed  by a series of pits and trenches before 1915 (Eakin, 1915 [B 622-I, p. 361-365]).  Mertie (1918 [B 662-I, p.446]) reported that no recent work was evident in 1916.  Cathcart (1922, p. 261), however, reported exploratio", "comments": null, "expand_ref": "Brobst, D.A., Pinckney, D.M., and Sainsbury, C.L., 1971, Geology and geochemistry of the Sinuk River barite deposits, Seward Peninsula, Alaska:  U.S. Geological Survey Professional Paper 750-D, p. D1-D8.|Bundtzen, T.K., Reger, R.D., Laird, G.M., Pinney, D", "rept_names": "C.C. Hawley and Travis L. Hudson", "rept_date": "3/12/2000", "age": "Post mid-Cretaceous, the age of metamorphism of the host schist and marble.", "rept_aff": "Hawley Resource Group, Inc.", "prod_notes": null, "reserves": "The prospect has been estimated to contain 100 tons of material with 30 to 45 percent iron and 10,000 tons with 10 to 20 percent iron (Shallit, 1942).  There is some manganese oxide.", "prime_ref": "Herreid, 1970", "latitude": 64.710637, "longitude": -165.75047, "datum": "WGS84", "source_datum": "NAD27 (EPSG:4267) reprojected to WGS84 (EPSG:4326)" }, "geometry": { "type": "Point", "coordinates": [ -165.750469733940747, 64.710637251219396 ] } },
{ "type": "Feature", "properties": { "ardf_num": "NM134", "mrds_num": "10307964", "site": "Iron Creek (lower)", "location": "Iron Creek is an informally named, small west tributary to Cripple River that is not shown on the current U.S. Geological Survey topographic map.  This occurrence is 2 miles northeast of the Nome-Teller road.  The occurrence, called the Lower Iron Creek g", "quad_250": "NM", "quad_63360": "C-2", "comm_main": "Fe", "comm_other": "Pb (?)", "ore": "Hematite (?), limonite (?)", "gangue": null, "site_type": "Occurrence", "status": "Inactive", "production": "None", "dep_model": "Iron oxide veins and replacement of marble and schist.", "model_code": null, "alteration": null, "geol_desc": "The Lower Iron Creek gossan was located by Herreid (1970, figure 1) and shown to be about 600 feet long in a north-northwest direction.  It is in massive marble, probably the same as the massive marble unit of Bundtzen and others (1994).  This occurrence", "work_expl": "Surface exposure only; workings have not been discribed at this locality although it was probably prospected before 1915, as were other iron oxide prospects in the area.", "comments": null, "expand_ref": "Bundtzen, T.K., Reger, R.D., Laird, G.M., Pinney, D.S., Clautice, K.H., Liss, S.A., and Cruse, G.R., 1994, Progress report on the geology and mineral resources of the Nome mining district: Alaska Division of Geological and Geophysical Surveys, Public Data", "rept_names": "C.C. Hawley and Travis L. Hudson", "rept_date": "3/12/2000", "age": "Post mid-Cretaceous, the age of metamorphism of the host carbonate rocks.", "rept_aff": "Hawley Resource Group, Inc.", "prod_notes": null, "reserves": null, "prime_ref": "Herreid, 1970", "latitude": 64.722038, "longitude": -165.731271, "datum": "WGS84", "source_datum": "NAD27 (EPSG:4267) reprojected to WGS84 (EPSG:4326)" }, "geometry": { "type": "Point", "coordinates": [ -165.731270699783664, 64.722037894264673 ] } },
{ "type": "Feature", "properties": { "ardf_num": "NM135", "mrds_num": "A012784", "site": "Quarry", "location": "The Quarry prospect is on a gentle ridge between Willow Creek and Cripple River at an elevation of about 900 feet and near the southeast corner of section 13, T. 9 S., R. 35 W., Kateel River Meridian.  The prospect is about 1,000 feet northeast of, and vi", "quad_250": "NM", "quad_63360": "C-2", "comm_main": "Ag, Ba, F, Pb, Zn", "comm_other": "Au, Sb", "ore": "Barite, boulangerite, fluorite, galena, limonite, pyrite, sphalerite", "gangue": "Ankerite, aragonite, calcite, dolomite, quartz", "site_type": "Prospect", "status": "Probably inactive", "production": "None", "dep_model": "Stratabound replacement lode of  quartz-fluorite-barite with associated galena and sphalerite.", "model_code": null, "alteration": "Silicification, dolomitization, and ankeritization.", "geol_desc": "The Quarry prospect is in the contact zone of marble and underlying schist; the marble unit is probably part of the massive marble unit of Bundtzen and others (1994) The main minerals are quartz, fluorite, and barite that replace the marble.  They occur w", "work_expl": "Some workings on the property appear to have been done about the time of  World War I (Herreid, 1966, 1970).  The prospect was probably re-exposed when work was done on a rock quarry for the Nome-Teller road.  Fluorite-rich samples were collected by Mulli", "comments": null, "expand_ref": "Alaska Division of Geological and Geophysical Surveys, 1982, Mining claim location maps -- Nome quadrangle: Alaska Division of Geological and Geophysical Surveys, 8 p., 3 sheets, scales 1:63,360 and 1:250,000.|Brobst, D.A., Pinckney, D.M., and Sainsbury,", "rept_names": "C.C. Hawley and Travis L. Hudson", "rept_date": "3/12/2000", "age": "Probably Late Cretaceous; post regional metamorphism.", "rept_aff": "Hawley Resource Group, Inc.", "prod_notes": null, "reserves": null, "prime_ref": "Herreid, 1970", "latitude": 64.701037, "longitude": -165.769169, "datum": "WGS84", "source_datum": "NAD27 (EPSG:4267) reprojected to WGS84 (EPSG:4326)" }, "geometry": { "type": "Point", "coordinates": [ -165.769168947327529, 64.701036662588166 ] } },
{ "type": "Feature", "properties": { "ardf_num": "NM136", "mrds_num": "10307965", "site": "Unnamed (in Snowshoe Gulch)", "location": "Snowshoe Gulch is an east tributary to Cripple River; the mouth of the Snowshoe Gulch stream is 1.3 miles upstream from where the Nome-Teller road crosses Cripple River.  The location is of one claim located in 1977 and reported as Kardex site Kx 52-330", "quad_250": "NM", "quad_63360": "C-2", "comm_main": "Au (?)", "comm_other": null, "ore": "Gold (?)", "gangue": null, "site_type": "Occurrence", "status": "Inactive", "production": "None", "dep_model": "Alluvial placer Au (Cox and Singer, 1986; model 39a).", "model_code": "39a", "alteration": null, "geol_desc": "Gold can be panned from Snowshoe Gulch, and this claim was probably staked for placer gold.  Bedrock of Snowshoe Gulch is almost entirely massive marble (Bundtzen and others, 1994).", "work_expl": "A single mining claim was located in 1977.", "comments": null, "expand_ref": "Alaska Division of Geological and Geophysical Surveys, 1982, Mining claim location maps -- Nome quadrangle: Alaska Division of Geological and Geophysical Surveys, 8 p., 3 sheets, scales 1:63,360 and 1:250,000.|Bundtzen, T.K., Reger, R.D., Laird, G.M., Pin", "rept_names": "C.C. Hawley and Travis L. Hudson", "rept_date": "3/12/2000", "age": "Quaternary.", "rept_aff": "Hawley Resource Group, Inc.", "prod_notes": null, "reserves": null, "prime_ref": "Alaska Division of Geological and Geophysical Surveys, 1982", "latitude": 64.707738, "longitude": -165.690669, "datum": "WGS84", "source_datum": "NAD27 (EPSG:4267) reprojected to WGS84 (EPSG:4326)" }, "geometry": { "type": "Point", "coordinates": [ -165.690668814936174, 64.707738296786133 ] } },
{ "type": "Feature", "properties": { "ardf_num": "NM137", "mrds_num": "10307966", "site": "Unnamed (in Daisy Swift Creek)", "location": "Daisy Swift Creek is a mile-long east tributary to upper Cripple River.  Its mouth is 4.5 miles upstream from where the Nome-Teller road crosses Cripple River. The location is of the stream sediment anomaly at an elevation of about 650 feet; it is within", "quad_250": "NM", "quad_63360": "C-2", "comm_main": "Au, Zn", "comm_other": "Sb", "ore": "Pyrite, sphalerite (?)", "gangue": null, "site_type": "Occurrence", "status": "Probably inactive", "production": "None", "dep_model": "Pyritized metabasite with Au.", "model_code": null, "alteration": "Pyritization.", "geol_desc": "During reconnaissance mapping of the area in 1990 by Kennecott Exploration Company, 2,300 ppm zinc and anomalous amounts of gold were found in a stream sediment sample from Daisy Swift Creek. The gold content of a panned concentrate from Daisy Swift Creek", "work_expl": "The area was explored from 1990 to 1992 by Kennecott Exploration Co.;  there is no evidence of previous exploration.", "comments": "The source of the high zinc concentrations in stream sediments has not been determined.", "expand_ref": "Bundtzen, T.K., Reger, R.D., Laird, G.M., Pinney, D.S., Clautice, K.H., Liss, S.A., and Cruse, G.R., 1994, Progress report on the geology and mineral resources of the Nome mining district: Alaska Division of Geological and Geophysical Surveys, Public Data", "rept_names": "C.C. Hawley and Travis L. Hudson", "rept_date": "3/12/2000", "age": null, "rept_aff": "Hawley Resource Group, Inc.", "prod_notes": null, "reserves": null, "prime_ref": "This report", "latitude": 64.716739, "longitude": -165.660869, "datum": "WGS84", "source_datum": "NAD27 (EPSG:4267) reprojected to WGS84 (EPSG:4326)" }, "geometry": { "type": "Point", "coordinates": [ -165.660869423056823, 64.716739078056989 ] } },
{ "type": "Feature", "properties": { "ardf_num": "NM138", "mrds_num": "10307967", "site": "Unnamed (in Aurora Creek)", "location": "Aurora Creek is an east tributary of upper Cripple River; its mouth is about 5.5 miles upstream from where the Nome-Teller road crosses Cripple River.  The location is in Aurora Creek at an elevationof about 600 feet and about half-way between the head of", "quad_250": "NM", "quad_63360": "C-2", "comm_main": "Zn", "comm_other": "Au", "ore": "Gold, sphalerite", "gangue": null, "site_type": "Occurrence", "status": "Inactive", "production": null, "dep_model": "Alluvial placer Au (Cox and Singer, 1986; model 39a); sphalerite-bearing boulders are present in Aurora Creek gravels.", "model_code": "39a", "alteration": null, "geol_desc": "A stratabound zinc-lead deposit (NM140) crops out in Aurora Creek about 1-mile above this location.  Aurora Creek has been mined with hand tools for placer gold, especially in the benches on the southwest of Aurora Creek.  Numerous boulders of zinc-bearin", "work_expl": "Fifteen claims were staked in 1968 during a period of activity on the Aurora Creek zinc-lead deposits (NM140).  Some mining for placer gold has taken place along Aurora Creek and its west side benches.", "comments": null, "expand_ref": "Alaska Division of Geological and Geophysical Surveys, 1982, Mining claim location maps -- Nome quadrangle: Alaska Division of Geological and Geophysical Surveys, 8 p., 3 sheets, scales 1:63,360 and 1:250,000.|Bundtzen, T.K., Reger, R.D., Laird, G.M., Pin", "rept_names": "C.C. Hawley and Travis L. Hudson", "rept_date": "3/12/2000", "age": "Quaternary.", "rept_aff": "Hawley Resource Group, Inc.", "prod_notes": "Probably very minor production of placer gold.", "reserves": null, "prime_ref": "This report", "latitude": 64.72174, "longitude": -165.62277, "datum": "WGS84", "source_datum": "NAD27 (EPSG:4267) reprojected to WGS84 (EPSG:4326)" }, "geometry": { "type": "Point", "coordinates": [ -165.622769534748045, 64.72173991479346 ] } },
{ "type": "Feature", "properties": { "ardf_num": "NM139", "mrds_num": null, "site": "Slate Creek", "location": "Slate Creek is a west tributary to Cripple River near its head.  The mouth of Slate Creek is about 6 miles upstream from where the Nome-Teller road crosses Cripple River.  Slate Creek has been mined for placer gold on a small scale about one-half mile abo", "quad_250": "NM", "quad_63360": "C-2", "comm_main": "Au", "comm_other": null, "ore": "Arsenopyrite (?), gold, pyrite", "gangue": null, "site_type": "Mine", "status": "Probably inactive", "production": "Yes; small", "dep_model": "Alluvial placer Au (Cox and Singer, 1986; model 39a).", "model_code": "39a", "alteration": null, "geol_desc": "The lower part of Slate Creek has been placer mined for gold on a small scale.  Pans taken near the head of Slate Creek and on Cripple River 2,000 feet below the mouth of Slate Creek contained more than 10,000 ppm of gold.  A stream sediment sample collec", "work_expl": "Small-scale placer workings are present on Slate Creek.", "comments": null, "expand_ref": "Bundtzen, T.K., Reger, R.D., Laird, G.M., Pinney, D.S., Clautice, K.H., Liss, S.A., and Cruse, G.R., 1994, Progress report on the geology and mineral resources of the Nome mining district: Alaska Division of Geological and Geophysical Surveys, Public Data", "rept_names": "C.C. Hawley and Travis L. Hudson", "rept_date": "3/12/2000", "age": "The placer gold deposits are Quaternary.  The mineralization along the Charlie Creek fault is probably Late Cretaceous or early Tertiary  (post-mid-Cretaceous regional metamorphism).", "rept_aff": "Hawley Resource Group, Inc.", "prod_notes": null, "reserves": null, "prime_ref": "This report", "latitude": 64.74134, "longitude": -165.624672, "datum": "WGS84", "source_datum": "NAD27 (EPSG:4267) reprojected to WGS84 (EPSG:4326)" }, "geometry": { "type": "Point", "coordinates": [ -165.624671560169787, 64.741340368606586 ] } },
{ "type": "Feature", "properties": { "ardf_num": "NM140", "mrds_num": "A012867", "site": "Aurora", "location": "The Aurora prospect is at the head of Aurora Creek, an eastern tributary to the Cripple River, at an elevation of about 1,060 feet. The mineralization trends south-southeast  in a zone that extends for about a mile to a similar  prospect, the Christophose", "quad_250": "NM", "quad_63360": "C-2", "comm_main": "Au, Ba, F, Zn", "comm_other": "Ag, Cu, Pb, Sb", "ore": "Arsenopyrite, barite, chalcopyrite, fluorite, galena, gold?, pyrite, sphalerite, stibnite?, tennantite?", "gangue": "Ankerite, dolomite, quartz", "site_type": "Prospect", "status": "Undetermined", "production": "None", "dep_model": "Metamorphosed Kuroko-type volcanogenic massive sulfide (Cox and Singer, 1986; model 28a) or sedimental exhalative (SEDEX) deposit. (Cox and Singer, 1986, model 31a).", "model_code": "28a or 31a", "alteration": "Remobilization of metallic minerals and carbonates during Cretaceous metamorphism.", "geol_desc": "The Aurora zinc-lead prospect  was discovered in 1966 by a geochemical survey (Herreid, 1968).  Resource Associates of Alaska then found  a train  of boulders trending north-northwest of disseminated to semi-massive sulfides, mainly sphalerite.  Herreid (", "work_expl": "Soil surveys were done by the Alaska Division of Geological and Geophysical Surveys in the late 1960s. Some work by Resource Associates of Alaska in the early 1970s. Cominco explored the deposit in 1976 and 1977 and drilled 22 holes.  Kennecott Exploratio", "comments": null, "expand_ref": "Bundtzen, T.K., Reger, R.D., Laird, G.M., Pinney, D.S., Clautice, K.H., Liss, S.A., and Cruse, G.R., 1994, Progress report on the geology and mineral resources of the Nome mining district: Alaska Division of Geological and Geophysical Surveys, Public Data", "rept_names": "C.C. Hawley and Travis L. Hudson; D.J. Grybeck (Contractor, USGS)", "rept_date": "4/1/2012", "age": "Massive sulfides were syngenetic in early Paleozoic (Devonian?) sedimentary and/or marine volcanic rocks with remobilization during mid-Cretaceous deformation and metamorphism.  Mineralization along crosscutting structures is probably mid-Cretaceous or yo", "rept_aff": "Hawley Resource Group, Inc.", "prod_notes": "None.", "reserves": "None.", "prime_ref": "Bundtzen and others, 1994; Slack and others, 2011", "latitude": 64.71504, "longitude": -165.593669, "datum": "WGS84", "source_datum": "NAD27 (EPSG:4267) reprojected to WGS84 (EPSG:4326)" }, "geometry": { "type": "Point", "coordinates": [ -165.593668544099955, 64.715040291424216 ] } },
{ "type": "Feature", "properties": { "ardf_num": "NM141", "mrds_num": "A012786", "site": "Christophosen", "location": "The Christophosen prospect is on the ridge between the headwaters of Oregon Creek and Penny River, just downslope and east of elevation 1620.  It is about 0.4 mile north of the center of section 24, T. 9 S., R. 34 W.  The location is accurate.", "quad_250": "NM", "quad_63360": "C-2", "comm_main": "Zn", "comm_other": "Ag, Au, Pb, Sb", "ore": "Chalcopyrite, galena, pyrite, sphalerite, stibnite", "gangue": "Ankerite, dolomite, quartz", "site_type": "Prospect", "status": "Undetermined", "production": "None", "dep_model": "Metamorphosed Kuroko-type volcanogenic massive sulfide (Cox and Singer, 1986; model 28a) or sedimentary exhalative (SEDEX) deposit. (Cox and Singer, 1986, model 31a).", "model_code": "28a or 31a", "alteration": "Not noted.", "geol_desc": "The Christophosen prospect was discovered before 1916.  When Mertie (1918) visited the prospect in 1916, he found one caved shaft and reported sphalerite and pyrite with quartz.  The locality was visited by Herreid (1968), who reported dolomite with spars", "work_expl": "Several prospect pits are present; a shallow shaft was caved by 1916.  Surface examination and sampling by Kennecott Exploration Company in 1991 and 1992.", "comments": null, "expand_ref": "Bundtzen, T.K., Reger, R.D., Laird, G.M., Pinney, D.S., Clautice, K.H., Liss, S.A., and Cruse, G.R., 1994, Progress report on the geology and mineral resources of the Nome mining district: Alaska Division of Geological and Geophysical Surveys, Public Data", "rept_names": "C.C. Hawley and Travis L. Hudson; D.J. Grybeck (Contractor, USGS)", "rept_date": "4/1/2012", "age": "Either a syngenetic deposit  or a volcanogenic massive-sulfide deposit in early Paleozoic (Devonian?) sedimentary and marine volcanic rocks.", "rept_aff": "Hawley Resource Group, Inc.", "prod_notes": "None.", "reserves": "None.", "prime_ref": "Bundtzen and others, 1994; Slack and others, 2011", "latitude": 64.69804, "longitude": -165.584267, "datum": "WGS84", "source_datum": "NAD27 (EPSG:4267) reprojected to WGS84 (EPSG:4326)" }, "geometry": { "type": "Point", "coordinates": [ -165.584266709547677, 64.698040043281893 ] } },
{ "type": "Feature", "properties": { "ardf_num": "NM142", "mrds_num": null, "site": "Last Chance", "location": "The Last Chance prospect is on the south side of the headwaters of Last Chance Creek at an elevation of about 650 feet.  This is 1 mile northeast of the divide between Last Chance Creek and Penny River. The prospect is located to within about 500 feet.  I", "quad_250": "NM", "quad_63360": "C-2", "comm_main": "Au, Pb, Sb", "comm_other": "Ag", "ore": "Galena, gold (?), pyrite, stibnite", "gangue": "Ankerite, quartz", "site_type": "Prospect", "status": "Probably inactive", "production": "Undetermined.", "dep_model": "Low-sulfide Au-quartz veins (Cox and Singer, 1986; model 36a).", "model_code": "36a", "alteration": null, "geol_desc": "The Last Chance prospect consists of an adit driven south-southwest on the Penny River fault or a splay of the fault.  The prospect was first reported by Smith (1908, p. 345).  Mertie (1918 [B 662-I, p. 446]) also mentions it ,but it appears unlikely that", "work_expl": "The prospect was discovered by G. Christophosen, who was apparently very active in the area before 1915 (see also NM141 and NM143).  A 70-foot adit was driven on the vein.  It is inferred from the lack of further development that the gold content of the v", "comments": null, "expand_ref": "Bundtzen, T.K., Reger, R.D., Laird, G.M., Pinney, D.S., Clautice, K.H., Liss, S.A., and Cruse, G.R., 1994, Progress report on the geology and mineral resources of the Nome mining district: Alaska Division of Geological and Geophysical Surveys, Public Data", "rept_names": "C.C. Hawley and Travis L. Hudson", "rept_date": "3/12/2000", "age": "Mid-Cretaceous or younger; host structure crosscuts rocks metamorphosed in the mid-Cretaceous.", "rept_aff": "Hawley Resource Group, Inc.", "prod_notes": null, "reserves": null, "prime_ref": "Mertie, 1918", "latitude": 64.720741, "longitude": -165.540869, "datum": "WGS84", "source_datum": "NAD27 (EPSG:4267) reprojected to WGS84 (EPSG:4326)" }, "geometry": { "type": "Point", "coordinates": [ -165.540868569716451, 64.720741420100808 ] } },
{ "type": "Feature", "properties": { "ardf_num": "NM143", "mrds_num": "A012797; A012798", "site": "Christophosen; Last Chance", "location": "This mine is in upper Waterfall Creek, a name and stream not currently shown on the Nome C-2 topographic map.  The creek is a north tributary of Last Chance Creek; it flows south through sections 6 and 8, T. 9 S., R. 34 W., Kateel River Meridian.  The loc", "quad_250": "NM", "quad_63360": "C-2", "comm_main": "Sb", "comm_other": "Ag, Au, Cu, Pb", "ore": "Azurite, chalcopyrite, galena, gold (?), malachite, pyrite, pyrrhotite, stibnite", "gangue": "Quartz", "site_type": "Mine", "status": "Inactive", "production": "Yes", "dep_model": "Low-sulfide Au-quartz veins; associated mineralized shear zone (Cox and Singer, 1986; model 36a).", "model_code": "36a", "alteration": "Sulfidation along a wide shear zone.", "geol_desc": "The Christophosen mine is on quartz-sulfide veins as much as 5 feet wide within a weakly mineralized shear zone hundreds of feet across.  The shear zone strikes north-northeast and is a mineralized part of the Penny River fault.  Discrete veins occur on s", "work_expl": "The prospect was explored by surface pits and adits that were driven before 1916 on four mining claims (Mertie, 1918 [B 662-I, p. 425-449]).  An upper adit was about 105 feet long; the lower adit, in part a crosscut, was driven N 25 W for about 270 feet.", "comments": null, "expand_ref": "Bundtzen, T.K., Reger, R.D., Laird, G.M., Pinney, D.S., Clautice, K.H., Liss, S.A., and Cruse, G.R., 1994, Progress report on the geology and mineral resources of the Nome mining district: Alaska Division of Geological and Geophysical Surveys, Public Data", "rept_names": "C.C. Hawley and Travis L. Hudson", "rept_date": "3/12/2000", "age": "Mid-Cretaceous or younger; host structure crosscuts rocks metamorphosed in the mid-Cretaceous.", "rept_aff": "Hawley Resource Group, Inc.", "prod_notes": "More than 2.5 tons of stibnite ore assaying more than 58 percent antimony were produced.", "reserves": null, "prime_ref": "Mertie, 1918", "latitude": 64.737442, "longitude": -165.53607, "datum": "WGS84", "source_datum": "NAD27 (EPSG:4267) reprojected to WGS84 (EPSG:4326)" }, "geometry": { "type": "Point", "coordinates": [ -165.536070226798017, 64.737441926844156 ] } },
{ "type": "Feature", "properties": { "ardf_num": "NM144", "mrds_num": "A012887; D002578", "site": "Last Chance Creek", "location": "Last Chance Creek is in the northeast corner of the Nome C-2 quadrangle and adjacent parts of the Nome C-1 quadrangle; it was placer mined for gold from the headwaters (NM142) downstream to near Hazel Gulch in the Nome C-1 quadrangle. The location used is", "quad_250": "NM", "quad_63360": "C-2", "comm_main": "Au", "comm_other": "W", "ore": "Gold, hematite, magnetite, pyrite, scheelite, stibnite", "gangue": null, "site_type": "Mine", "status": "Inactive", "production": "Yes; small", "dep_model": "Alluvial placer Au (Cox and Singer, 1986; 39a).", "model_code": "39a", "alteration": null, "geol_desc": "Placer gold was discovered in Last Chance Creek in or before 1900 and some sluicing was reported in 1900 (Brooks and others, 1901, p. 80). Reportedly the creek was prospected extensively in 1901, but probably with poor results because the prospect was aba", "work_expl": "Hand and small-scale mechanical operations occurred on Last Chance Creek.  Mining was reported in 1900, 1903, and as recently as 1924 (Smith, 1926). Some of the tailings below Hazel Gulch could have been processed by small-scale mechanical operations afte", "comments": null, "expand_ref": "Brooks, A.H., Richardson, G.B., Collier, A.J., and W.C. Mendenhall, 1901, A reconnaissance in the Cape Nome and adjacent gold fields of Seward Peninsula, Alaska, in 1900:  U.S. Geological Survey Special Publication, p. 1-185, maps.|Bundtzen, T.K., Reger,", "rept_names": "C.C. Hawley and Travis L. Hudson", "rept_date": "3/12/2000", "age": "Quaternary.", "rept_aff": "Hawley Resource Group, Inc.", "prod_notes": null, "reserves": null, "prime_ref": "Moffit, 1913", "latitude": 64.723242, "longitude": -165.503068, "datum": "WGS84", "source_datum": "NAD27 (EPSG:4267) reprojected to WGS84 (EPSG:4326)" }, "geometry": { "type": "Point", "coordinates": [ -165.503068425074304, 64.723242188628774 ] } },
{ "type": "Feature", "properties": { "ardf_num": "NM145", "mrds_num": "A012858", "site": "Mountain Creek (Greenstone Creek)", "location": "Mountain Creek is a north tributary of upper Oregon Creek (see NM146) in the northern part of section 22, T. 9 S., R. 35 W., Kateel River Meridian.  The mouth of Oregon Creek is where the Nome-Teller road crosses Cripple River.  Mountain Creek was apparen", "quad_250": "NM", "quad_63360": "C-2", "comm_main": "Au", "comm_other": "Sb, W", "ore": "Gold, scheelite, stibnite", "gangue": "Quartz", "site_type": "Prospect", "status": "Inactive", "production": "Yes; small", "dep_model": "Alluvial placer Au (Cox and Singer, 1986; model 39a).", "model_code": "39a", "alteration": null, "geol_desc": "A placer gold deposit was discovered before 1904 in Mountain Creek; rich values were reported in schist-bearing gravel (Collier and others, 1908), and some mining was done in the lower part of the creek.  Kennecott Exploration Company found about 5,000 pp", "work_expl": "Gold was discovered in this creek before 1901 (Brooks and others, 1901). Collier and others (1908, p. 214) reported plans to mine one claim in auriferous schist-bearing gravel in 1904.", "comments": null, "expand_ref": "Brooks, A.H., Richardson, G.B., Collier, A.J., and W.C. Mendenhall, 1901, A reconnaissance in the Cape Nome and adjacent gold fields of Seward Peninsula, Alaska, in 1900:  U.S. Geological Survey Special Publication, p. 1-185, maps.|Bundtzen, T.K., Reger,", "rept_names": "C.C. Hawley and Travis L. Hudson", "rept_date": "3/12/2000", "age": "Quaternary.", "rept_aff": "Hawley Resource Group, Inc.", "prod_notes": null, "reserves": null, "prime_ref": "This report", "latitude": 64.693939, "longitude": -165.654567, "datum": "WGS84", "source_datum": "NAD27 (EPSG:4267) reprojected to WGS84 (EPSG:4326)" }, "geometry": { "type": "Point", "coordinates": [ -165.654567028959974, 64.693938627735776 ] } },
{ "type": "Feature", "properties": { "ardf_num": "NM146", "mrds_num": "A012869; A012870; A012871; D002573", "site": "Oregon Creek", "location": "Oregon Creek is a east tributary to Cripple River; the mouth of Oregon Creek is just above where the Nome-Teller road crosses Cripple River.  The Oregon Creek placer consists of auriferous gravel in or near modern Oregon Creek and nearly parallel bench de", "quad_250": "NM", "quad_63360": "C-2", "comm_main": "Au", "comm_other": "Bi, Ti, W", "ore": "Bismuth, galena, gold, hematite, magnetite, rutile, scheelite, sphalerite, stibnite", "gangue": "Garnet", "site_type": "Mine", "status": "Active", "production": "Yes; small", "dep_model": "Alluvial placer Au (Cox and Singer, 1986; model 39a).", "model_code": "39a", "alteration": null, "geol_desc": "Gold was discovered in Oregon Creek and adjacent bench deposits before 1901 (Brooks and others, 1901, p. 69, 92-94); the deposits were worked extensively before 1918.  Gold, accompanied by magnetite, garnet, bismuth, rutile, and scheelite, occurs in the p", "work_expl": "The placer deposits have been worked by surface hand operations, hydraulic cuts, and drift mining.  Placer mining began in 1900; the gold produced in 1900 from Oregon and nearby Nugget (NM147), Mountain (NM145) and Hungry Creeks (NM149) was estimated at a", "comments": null, "expand_ref": "Anderson, Eskil, 1947, Mineral occurrences other than gold deposits in northwestern Alaska: Alaska Territorial Division of Mines Pamphlet 5-R, 48 p.|Brooks, A.H., Richardson, G.B., Collier, A.J., and W.C. Mendenhall, 1901, A reconnaissance in the Cape Nom", "rept_names": "C.C. Hawley and Travis L. Hudson", "rept_date": "3/12/2000", "age": "Quaternary.", "rept_aff": "Hawley Resource Group, Inc.", "prod_notes": "Patented claims cover most of the bench placers.", "reserves": "There is at least a small placer resource left in the area, especially in the bench deposits.", "prime_ref": "Collier and others, 1908", "latitude": 64.690539, "longitude": -165.654767, "datum": "WGS84", "source_datum": "NAD27 (EPSG:4267) reprojected to WGS84 (EPSG:4326)" }, "geometry": { "type": "Point", "coordinates": [ -165.654766684246823, 64.690538539365335 ] } },
{ "type": "Feature", "properties": { "ardf_num": "NM147", "mrds_num": "A012872; D002572", "site": "Nugget Gulch", "location": "Nugget Gulch is an east tributary to Oregon Creek in section 27, T. 9 S., R. 35 W., Kateel River Meridian.  The mouth of Oregon Creek is where the Nome-Teller road crosses Cripple River. The gulch was mined about due south of the former village of Oregon;", "quad_250": "NM", "quad_63360": "C-2", "comm_main": "Au", "comm_other": "Bi, W", "ore": "Bismuth, gold, hematite, magnetite, pyrite, rutile, scheelite.", "gangue": "Garnet", "site_type": "Mine", "status": "Inactive", "production": "Yes; small", "dep_model": "Alluvial placer Au (Cox and Singer, 1986; model 39a).", "model_code": "39a", "alteration": null, "geol_desc": "Nugget Gulch was discovered and worked before 1901 (Brooks and others, 1901, p. 92, 95; Moffit, 1906, p. 136; Eakin, 1915, p. 369-370).  A short distance above the junction of Nugget Gulch and Oregon Creek, a 25-foot-wide paystreak was discovered at a dep", "work_expl": "A placer discovery was made, probably by shafting, before 1901 (Brooks and others, 1901) and the deposit was mainly mined out before about 1906 (Collier and others, 1908).  Two claims, reportedly for gold and bismuth, were active in 1958 (Heiner and Porte", "comments": null, "expand_ref": "Alaska Division of Geological and Geophysical Surveys, 1982, Mining claim location maps -- Nome quadrangle: Alaska Division of Geological and Geophysical Surveys, 8 p., 3 sheets, scales 1:63,360 and 1:250,000.|Brooks, A.H., Richardson, G.B., Collier, A.J.", "rept_names": "C.C. Hawley and Travis L. Hudson", "rept_date": "3/12/2000", "age": "Quaternary.", "rept_aff": "Hawley Resource Group, Inc.", "prod_notes": null, "reserves": null, "prime_ref": "Collier and others, 1908", "latitude": 64.678938, "longitude": -165.654766, "datum": "WGS84", "source_datum": "NAD27 (EPSG:4267) reprojected to WGS84 (EPSG:4326)" }, "geometry": { "type": "Point", "coordinates": [ -165.654765501755691, 64.678938250768141 ] } },
{ "type": "Feature", "properties": { "ardf_num": "NM148", "mrds_num": "10307968", "site": "Oregon Creek (below Nugget Gulch)", "location": "Oregon Creek is an east tributary to Cripple River; the mouth of Oregon Creek is where the Nome-Teller road crosses Cripple River.  This site is 2 to 3 miles below Nugget Gulch (NM147).  According to Collier and others (1908, p. 211), a section of ground", "quad_250": "NM", "quad_63360": "C-2", "comm_main": "Au", "comm_other": "Bi, W", "ore": "Bismuth, gold, hematite, magnetite, scheelite", "gangue": "Garnet", "site_type": "Mine", "status": "Probably inactive", "production": "Yes; small", "dep_model": "Alluvial placer Au (Cox and Singer, 1986; model 39a).", "model_code": "39a", "alteration": null, "geol_desc": "Placer mining on Oregon Creek about a half mile below Nugget Gulch was in a gravel from 1.5 to 6 feet thick that consisted of schist, limestone (marble), and granite pebbles.  Gold was bright, coarse, and little worn and was produced above a false, yellow", "work_expl": "Gold was discovered in Oregon Creek in the winter of 1898-99.  Some ground about a quarter of a mile below Nugget Gulch was worked in 1900. The area was visited by F.L. Hess in 1903 who found production on eight claims along the creek. Parts of Oregon Cre", "comments": null, "expand_ref": "Alaska Division of Geological and Geophysical Surveys, 1982, Mining claim location maps -- Nome quadrangle: Alaska Division of Geological and Geophysical Surveys, 8 p., 3 sheets, scales 1:63,360 and 1:250,000.|Collier, A.J., Hess, F.L., Smith, P.S., and B", "rept_names": "C.C. Hawley and Travis L. Hudson", "rept_date": "3/12/2000", "age": "Quaternary.", "rept_aff": "Hawley Resource Group, Inc.", "prod_notes": "Mining started in 1898 and continued intermittantly to 1965.", "reserves": null, "prime_ref": "Collier and others, 1908", "latitude": 64.682438, "longitude": -165.687666, "datum": "WGS84", "source_datum": "NAD27 (EPSG:4267) reprojected to WGS84 (EPSG:4326)" }, "geometry": { "type": "Point", "coordinates": [ -165.68766620205065, 64.682437723085059 ] } },
{ "type": "Feature", "properties": { "ardf_num": "NM149", "mrds_num": "A012874", "site": "Hungry Creek", "location": "Hungry Creek is an east tributary of Oregon Creek. The mouth of Hungry Creek is three quarters of a mile upstream of the junction of Oregon Creek and Cripple River at the Nome-Teller road.  It has been mined for about 2 miles from near its mouth upstream", "quad_250": "NM", "quad_63360": "C-2", "comm_main": "Au", "comm_other": "Bi, Fe, Ti", "ore": "Bismuth, gold, ilmenite, magnetite, rutile", "gangue": "Garnet", "site_type": "Mine", "status": "Inactive", "production": "Yes; small", "dep_model": "Alluvial placer Au (Cox and Singer, 1986; model 39a).", "model_code": "39a", "alteration": null, "geol_desc": "Placer gold mining on Hungry Creek began soon after discovery in July, 1900.  In 1903, there were three mines in operation, but most of the creek had some prospecting or mining by then (Collier and others, 1908).  The creek had numerous rounded granitic b", "work_expl": "Small-scale surface workings are present.", "comments": null, "expand_ref": "Bundtzen, T.K., Reger, R.D., Laird, G.M., Pinney, D.S., Clautice, K.H., Liss, S.A., and Cruse, G.R., 1994, Progress report on the geology and mineral resources of the Nome mining district: Alaska Division of Geological and Geophysical Surveys, Public Data", "rept_names": "C.C. Hawley and Travis L. Hudson", "rept_date": "3/12/2000", "age": "Quaternary.", "rept_aff": "Hawley Resource Group, Inc.", "prod_notes": null, "reserves": null, "prime_ref": "Collier and others, 1908", "latitude": 64.665837, "longitude": -165.699365, "datum": "WGS84", "source_datum": "NAD27 (EPSG:4267) reprojected to WGS84 (EPSG:4326)" }, "geometry": { "type": "Point", "coordinates": [ -165.699364633034094, 64.665837091879808 ] } },
{ "type": "Feature", "properties": { "ardf_num": "NM150", "mrds_num": "10307969", "site": "Cleveland Creek", "location": "This placer mine is in Cleveland Creek, a south tributary of the Cripple River.  Cleveland Creek enters Cripple River three quarters of a mile below the Nome-Teller road.  The location is the mid-point of placer tailings and is accurate to within about 50", "quad_250": "NM", "quad_63360": "C-2", "comm_main": "Au", "comm_other": null, "ore": "Gold", "gangue": null, "site_type": "Mine", "status": "Probably inactive", "production": "Yes; small", "dep_model": "Alluvial placer Au (Cox and Singer, 1986; model 39a).", "model_code": "39a", "alteration": null, "geol_desc": "Cleveland Creek (not then named) was shown as auriferous and placer mined just above its mouth by Collier and others (1908).  Sainsbury and others (1972 [OFR 72-321]) mapped the bedrock in the creek as graphitic schist.", "work_expl": "Placer gold was produced near the mouth of Cleveland Creek by small-scale surface operations before 1908 (Collier and others, 1908, plate X).", "comments": null, "expand_ref": "Cobb, E.H., 1972, Metallic mineral resources map of the Nome quadrangle, Alaska:  U.S. Geological Survey Miscellaneous Field Studies Map MF-463, 2 sheets, scale 1:250,000.|Cobb, E.H., 1978, Summary of references to mineral occurrences (other than mineral", "rept_names": "C.C. Hawley and Travis L. Hudson", "rept_date": "3/12/2000", "age": "Quaternary.", "rept_aff": "Hawley Resource Group, Inc.", "prod_notes": null, "reserves": null, "prime_ref": "Collier and others, 1908", "latitude": 64.665736, "longitude": -165.761765, "datum": "WGS84", "source_datum": "NAD27 (EPSG:4267) reprojected to WGS84 (EPSG:4326)" }, "geometry": { "type": "Point", "coordinates": [ -165.761765271077849, 64.665735923352202 ] } },
{ "type": "Feature", "properties": { "ardf_num": "NM151", "mrds_num": "A012865", "site": "Stella Creek", "location": "Stella Creek is an east tributary of Cripple River.  The mouth of Stella Creek is about 3 miles downstream of where the Nome-Teller road crosses Cripple River.  It is locality 67 of Cobb (1972 [MF 463], 1978 [OFR 78-93]) and is located within about a half", "quad_250": "NM", "quad_63360": "C-2", "comm_main": "Au", "comm_other": null, "ore": "Gold", "gangue": null, "site_type": "Prospect", "status": "Inactive", "production": "Yes; small", "dep_model": "Alluvial placer Au (Cox and Singer, 1986; model 39a).", "model_code": "39a", "alteration": null, "geol_desc": "A placer deposit was reported by Collier and others (1908, p. 210-211) in Stella Creek.  The deposit was in a parallel bench about 10 feet above modern Stella Creek.  The bench channel was cut in quartz-chlorite schist bedrock, but it also contained many", "work_expl": "Stella Creek was probably discovered in 1900 (Brooks and others, 1901, p. 96).  Workings had been developed before a visit by the U.S. Geological Survey in 1903 (Collier and others, 1908, p. 210-211).  There is little indication of more recent mining.", "comments": null, "expand_ref": "Brooks, A.H., Richardson, G.B., Collier, A.J., and W.C. Mendenhall, 1901, A reconnaissance in the Cape Nome and adjacent gold fields of Seward Peninsula, Alaska, in 1900:  U.S. Geological Survey Special Publication, p. 1-185, maps.|Cobb, E.H., 1972, Metal", "rept_names": "C.C. Hawley and Travis L. Hudson", "rept_date": "3/12/2000", "age": "Quaternary.", "rept_aff": "Hawley Resource Group, Inc.", "prod_notes": null, "reserves": null, "prime_ref": "Collier and others, 1908", "latitude": 64.655534, "longitude": -165.834565, "datum": "WGS84", "source_datum": "NAD27 (EPSG:4267) reprojected to WGS84 (EPSG:4326)" }, "geometry": { "type": "Point", "coordinates": [ -165.834564984770452, 64.655534309564828 ] } },
{ "type": "Feature", "properties": { "ardf_num": "NM152", "mrds_num": "10307970", "site": "Cripple River", "location": "The Cripple River bench placer is on the northwest side of the Cripple River valley.  It extends about 1.5 miles upstream from the mouth of Fox Creek  to the mouth of Elizabeth Creek.  The deposit is approximately located downslope from the end of two par", "quad_250": "NM", "quad_63360": "C-2", "comm_main": "Au", "comm_other": null, "ore": "Gold", "gangue": null, "site_type": "Prospect", "status": "Inactive", "production": "Undetermined", "dep_model": "Alluvial placer Au (Cox and Singer, 1986; model 39a).", "model_code": "39a", "alteration": null, "geol_desc": "The prospect is a gravel bench on bedrock, 10 feet above and to the north above of Cripple River;  Collier and others (1908, p. 210) reported it to contain an economic deposit of placer gold.  A proposal was made to hydraulically mine the deposit, and at", "work_expl": "Attempts were made in 1903 and subsequent years to mine a placer gold deposit on a Cripple River bench below Elizabeth Creek.  These attempts apparently failed because of leakage from one or more ditches constructed to develop the project (Collier and oth", "comments": null, "expand_ref": "Cobb, E.H., 1972, Metallic mineral resources map of the Nome quadrangle, Alaska:  U.S. Geological Survey Miscellaneous Field Studies Map MF-463, 2 sheets, scale 1:250,000.|Cobb, E.H., 1978, Summary of references to mineral occurrences (other than mineral", "rept_names": "C.C. Hawley and Travis L. Hudson", "rept_date": "3/12/2000", "age": "Quaternary.", "rept_aff": "Hawley Resource Group, Inc.", "prod_notes": null, "reserves": null, "prime_ref": "Collier and others, 1908", "latitude": 64.646133, "longitude": -165.900565, "datum": "WGS84", "source_datum": "NAD27 (EPSG:4267) reprojected to WGS84 (EPSG:4326)" }, "geometry": { "type": "Point", "coordinates": [ -165.900564706076068, 64.646132842765041 ] } },
{ "type": "Feature", "properties": { "ardf_num": "NM153", "mrds_num": "10307971", "site": "Arctic Creek (upper)", "location": "Arctic Creek is an east tributary of lower Cripple River. The mouth of Arctic Creek is about 5 miles upstream from the mouth of Cripple River on Norton Sound. Two segments of the creek have been mined, probably with gold derived in part from two different", "quad_250": "NM", "quad_63360": "C-2", "comm_main": "Au", "comm_other": "Pb, Sb, W", "ore": "Gold, scheelite (?)", "gangue": null, "site_type": "Mine", "status": "Inactive", "production": "Yes; small", "dep_model": "Alluvial placer Au (Cox and Singer, 1986; model 39a).", "model_code": "39a", "alteration": null, "geol_desc": "Upper Arctic Creek was mined by hand methods for about 1 mile downstream from the Nome-Teller road and probably by mechanical methods for a half-mile segment above the mouth of  Bluff Creek (NM154).  Abundant granitic boulders have been stacked on the nor", "work_expl": "Mostly shovel-in type workings; probably most date from before 1906 (Moffit, 1906, p. 136).", "comments": null, "expand_ref": "Cobb, E.H., 1972, Metallic mineral resources map of the Nome quadrangle, Alaska:  U.S. Geological Survey Miscellaneous Field Studies Map MF-463, 2 sheets, scale 1:250,000.|Cobb, E.H., 1978, Summary of references to mineral occurrences (other than mineral", "rept_names": "C.C. Hawley and Travis L. Hudson", "rept_date": "3/12/2000", "age": "Quaternary.", "rept_aff": "Hawley Resource Group, Inc.", "prod_notes": null, "reserves": null, "prime_ref": "This report", "latitude": 64.632735, "longitude": -165.745062, "datum": "WGS84", "source_datum": "NAD27 (EPSG:4267) reprojected to WGS84 (EPSG:4326)" }, "geometry": { "type": "Point", "coordinates": [ -165.745061742574762, 64.632735416935233 ] } },
{ "type": "Feature", "properties": { "ardf_num": "NM154", "mrds_num": "10307972", "site": "Bluff Creek", "location": "Bluff Creek is an east tributary of Arctic Creek; the mouth of Bluff Creek is about 1.5 miles down Artic Creek from the Nome-Teller road.  The course of lower Bluff Creek and a small north tributary are covered by patented mining claims, although there do", "quad_250": "NM", "quad_63360": "C-2", "comm_main": "Au", "comm_other": null, "ore": "Gold", "gangue": null, "site_type": "Prospect", "status": "Probably inactive", "production": "Undetermined", "dep_model": "Alluvial placer Au (Cox and Singer, 1986; model 39a).", "model_code": "39a", "alteration": null, "geol_desc": "Lower Bluff Creek and a small north tributary are covered by patented mining claims, although there does not appear to have been any significant placer mining.  Bedrock in lower Bluff Creek is mineralized pyritic graphitic quartz schist;  a bedrock sample", "work_expl": "This is an area of patented mining claims, possibly the patented five claims of G. Schofield reported by Heiner and Porter (1972, Kardex site Kx 52-48).", "comments": null, "expand_ref": "Bundtzen, T.K., Reger, R.D., Laird, G.M., Pinney, D.S., Clautice, K.H., Liss, S.A., and Cruse, G.R., 1994, Progress report on the geology and mineral resources of the Nome mining district: Alaska Division of Geological and Geophysical Surveys, Public Data", "rept_names": "C.C. Hawley and Travis L. Hudson", "rept_date": "3/12/2000", "age": "Quaternary.", "rept_aff": "Hawley Resource Group, Inc.", "prod_notes": null, "reserves": null, "prime_ref": "This report", "latitude": 64.621635, "longitude": -165.752261, "datum": "WGS84", "source_datum": "NAD27 (EPSG:4267) reprojected to WGS84 (EPSG:4326)" }, "geometry": { "type": "Point", "coordinates": [ -165.752260690562395, 64.621635007541897 ] } },
{ "type": "Feature", "properties": { "ardf_num": "NM155", "mrds_num": "AO12876", "site": "Arctic Creek (lower)", "location": "Arctic Creek is an east tributary of lower Cripple River. The mouth of Arctic Creek is about 5 miles upstream from the mouth of Cripple River on Norton Sound. Two segments of the creek have been mined, probably producing  gold derived in part from two dif", "quad_250": "NM", "quad_63360": "C-2", "comm_main": "Au", "comm_other": null, "ore": "Gold", "gangue": null, "site_type": "Mine", "status": "Undetermined", "production": "Yes; small", "dep_model": "Alluvial placer Au (Cox and Singer, 1986; model 39a).", "model_code": "39a", "alteration": null, "geol_desc": "From 1914 to at least 1922, an alluvial placer gold deposit was mined for at least a half mile along lower Arctic Creek by a floating bucket line dredge, starting about a mile above its mouth. The placer in lower Arctic Creek appears to have gold sources", "work_expl": "A bucket line dredge operated on the lower part of Arctic Creek from 1914 until at least 1922 (Eakin, 1915; Harrington, 1921; Brooks, 1922; Brooks and Capps, 1924) There was probably some hand and small-scale mining along the creek during this period or l", "comments": null, "expand_ref": "Brooks, A.H., 1922, The Alaska mining industry in 1920:  U.S. Geological Survey Bulletin 722-A, p. 1-74.|Brooks, A.H., and Capps, S.R., 1924, The Alaska mining industry in 1922:  U.S. Geological Survey Bulletin 755-A, p. 1-56. |Bundtzen, T.K., Reger, R.D.", "rept_names": "C.C. Hawley and Travis L. Hudson (Hawley Resource Group, Inc.); D.J. Grybeck (Contractor, U.S. Geological Survey)", "rept_date": "4/2/2010", "age": "Quaternary.", "rept_aff": null, "prod_notes": "There are no systematic records of early mining on Arctic Creek.  However, since 1986, The Gold Prospectors Association of America  has run a camp each summer near the mouth of the Cripple River; some of their prospecting and mining activity has been on A", "reserves": null, "prime_ref": "Cobb, 1978; Gold Prospectors Association of America, 2010", "latitude": 64.608734, "longitude": -165.79846, "datum": "WGS84", "source_datum": "NAD27 (EPSG:4267) reprojected to WGS84 (EPSG:4326)" }, "geometry": { "type": "Point", "coordinates": [ -165.798459859738841, 64.608733825295928 ] } },
{ "type": "Feature", "properties": { "ardf_num": "NM156", "mrds_num": "A012864", "site": "Cripple River", "location": "Cripple River was reported to be auriferous from its headwaters to its mouth on Norton Sound by Collier and others (1908, plate X).  The location given is the approximate midpoint of patented claims along a section of the river that extends from above Ste", "quad_250": "NM", "quad_63360": "C-2", "comm_main": "Au", "comm_other": null, "ore": "Gold", "gangue": null, "site_type": "Mine", "status": "Active", "production": "Yes; small", "dep_model": "Gold placer(Cox and Singer, 1986; model 39a).", "model_code": "39a", "alteration": null, "geol_desc": "Collier and others (1908) reported that Cripple River was auriferous from its head to its mouth on Norton Sound.  This was partly confirmed in the upper part of Cripple River during 1989-1990 reconnaissance exploration by Kennecott Exploration Company (wr", "work_expl": "There was some mining on Cripple River and in tributaries before WW I (Brooks, 1904; Brooks,1905; Collier and others, 1908; Smith, 1912; Chapin, 1914).  Also see the record for 'Second Beach' (NM178) for recent prospecting and mining activities in the are", "comments": null, "expand_ref": "Brooks, A.H., 1904, Placer mining in Alaska in 1903:  U.S. Geological Survey Bulletin 225, p. 43-59.|Brooks, A.H., 1905, Placer mining in Alaska in 1904:  U.S. Geological Survey Bulletin 259, p. 18-31.|Chapin, Theodore, 1914, Placer mining on Seward Penin", "rept_names": "C.C. Hawley and Travis L. Hudson (Hawley Resource Group. Inc.); D.J. Grybeck (Contractor, U.S. Geological Survey)", "rept_date": "4/2/2010", "age": "Quaternary.", "rept_aff": null, "prod_notes": "There are no systematic records of early mining on the Cripple River.  However, since 1986, The Gold Prospectors Association of America  (2010) has run a camp each summer near the mouth of the Cripple River; some of their prospecting and mining activity h", "reserves": null, "prime_ref": "Collier and others, 1908; Gold Prospectors Association of America, 2010", "latitude": 64.612833, "longitude": -165.856361, "datum": "WGS84", "source_datum": "NAD27 (EPSG:4267) reprojected to WGS84 (EPSG:4326)" }, "geometry": { "type": "Point", "coordinates": [ -165.856360870979188, 64.612832844800181 ] } },
{ "type": "Feature", "properties": { "ardf_num": "NM157", "mrds_num": "10307973", "site": "Unnamed (Arctic Creek)", "location": "A quartz-ankerite vein crops out on the north bank of Arctic Creek about 800 feet west of the mouth of Bluff Creek. This is about 2 miles down Arctic Creek from the Nome-Teller road. The location is accurate within about 500 feet.", "quad_250": "NM", "quad_63360": "C-2", "comm_main": "Au", "comm_other": null, "ore": "Gold", "gangue": "Ankerite, quartz", "site_type": "Occurrence", "status": "Inactive", "production": "None", "dep_model": "Low-sulfide Au-quartz vein (Cox and singer, 1986; model 36a).", "model_code": "36a", "alteration": null, "geol_desc": "A quartz-ankerite vein that strikes northeast and dips about 50 degrees to the northwest is exposed on the north bank of Arctic Creek about 800 feet below the mouth of Bluff Creek.  The vein itself is apparently barren, but gold can be panned from its wal", "work_expl": "The vein is exposed in a natural outcrop.", "comments": null, "expand_ref": "Bundtzen, T.K., Reger, R.D., Laird, G.M., Pinney, D.S., Clautice, K.H., Liss, S.A., and Cruse, G.R., 1994, Progress report on the geology and mineral resources of the Nome mining district: Alaska Division of Geological and Geophysical Surveys, Public Data", "rept_names": "C.C. Hawley and Travis L. Hudson", "rept_date": "3/12/2000", "age": "Mid-Cretaceous or younger; located on a structure that cuts rocks metamorphosed in the mid-Cretaceous.", "rept_aff": "Hawley Resource Group, Inc.", "prod_notes": null, "reserves": null, "prime_ref": "This report", "latitude": 64.627235, "longitude": -165.776162, "datum": "WGS84", "source_datum": "NAD27 (EPSG:4267) reprojected to WGS84 (EPSG:4326)" }, "geometry": { "type": "Point", "coordinates": [ -165.776161506062806, 64.627234699665337 ] } },
{ "type": "Feature", "properties": { "ardf_num": "NM158", "mrds_num": "A012973", "site": "Sonora Creek", "location": "Sonora Creek is a small 2-mile-long stream that flows south to Norton Sound about 4 miles west of the mouth of Cripple River.  The placer on Sonora Creek  is less than a mile from the coast at about the point where Sonora Creek flows onto the coastal plai", "quad_250": "NM", "quad_63360": "C-2", "comm_main": "Au", "comm_other": null, "ore": "Gold", "gangue": null, "site_type": "Prospect", "status": "Inactive", "production": "None", "dep_model": "Alluvial placer Au ? (Cox and Singer, 1986; model 39a).", "model_code": "39a ?", "alteration": null, "geol_desc": "Gold was discovered and claims located on Sonora Creek in 1900; there was some development work done in 1901 (Collier and others, 1908).  Because this location is near where Sonora Creek flows onto a marine terrace of the Norton Sound coastal plain, coast", "work_expl": "Surface work; discovery in 1900 and some development in 1901 but there has apparently been little or no work since.", "comments": null, "expand_ref": "Alaska Division of Geological and Geophysical Surveys, 1982, Mining claim location maps -- Nome quadrangle: Alaska Division of Geological and Geophysical Surveys, 8 p., 3 sheets, scales 1:63,360 and 1:250,000.|Collier, A.J., Hess, F.L., Smith, P.S., and B", "rept_names": "C.C. Hawley and Travis L. Hudson", "rept_date": "3/12/2000", "age": "Quaternary.", "rept_aff": "Hawley Resource Group, Inc.", "prod_notes": null, "reserves": null, "prime_ref": "Collier and others, 1908", "latitude": 64.603931, "longitude": -165.925961, "datum": "WGS84", "source_datum": "NAD27 (EPSG:4267) reprojected to WGS84 (EPSG:4326)" }, "geometry": { "type": "Point", "coordinates": [ -165.925960680684511, 64.603931324124929 ] } },
{ "type": "Feature", "properties": { "ardf_num": "NM159", "mrds_num": "10307974", "site": "Unnamed (on present beach of Norton Sound)", "location": "Placer gold on the modern beach of Norton Sound was discovered at Nome in 1899.  The beach was mined from Quartz Creek to the west (in the Nome C-3 quadrangle) to Cape Nome to the east (in the Nome B-1 quadrangle). The segment of the  beach discussed here", "quad_250": "NM", "quad_63360": "C-2", "comm_main": "Au", "comm_other": "Ti, W", "ore": "Gold, ilmenite, magnetite, pyrite, scheelite", "gangue": "Garnet", "site_type": "Mine", "status": "Probably inactive", "production": "Yes; medium", "dep_model": "Holocene beach placer formed by winnowing by wave action and long-shore currents.", "model_code": null, "alteration": null, "geol_desc": "Relatively small amounts of  so called beach gold were recovered from the segment of the modern beach between Snake River and a point just west of Quartz Creek in the Nome C-3 quadrangle (Collier and others, 1908).  Although some of the gold in this segme", "work_expl": "The beach placers were discovered in 1899 and were worked immediately after discovery.  In 1899, as much as 1,000,000 dollars (nearly 50,000 ounces) was recovered from the beach deposits, mostly, however, on the more productive segment east of the Nome C-", "comments": null, "expand_ref": "Brooks, A.H., Richardson, G.B., Collier, A.J., and W.C. Mendenhall, 1901, A reconnaissance in the Cape Nome and adjacent gold fields of Seward Peninsula, Alaska, in 1900:  U.S. Geological Survey Special Publication, p. 1-185, maps.|Bundtzen, T.K., Reger,", "rept_names": "C.C. Hawley and Travis L. Hudson", "rept_date": "3/12/2000", "age": "Holocene.", "rept_aff": "Hawley Resource Group, Inc.", "prod_notes": null, "reserves": "Local concentrations of gold are still produced during winter storms.", "prime_ref": "Schrader and Brooks, 1900", "latitude": 64.631935, "longitude": -165.748762, "datum": "WGS84", "source_datum": "NAD27 (EPSG:4267) reprojected to WGS84 (EPSG:4326)" }, "geometry": { "type": "Point", "coordinates": [ -165.748761699683484, 64.631935327990576 ] } },
{ "type": "Feature", "properties": { "ardf_num": "NM160", "mrds_num": "10307975", "site": "Wheel Creek", "location": "Wheel Creek is a small west tributary to Penny River.  The mouth of Wheel Creek is about 4.2 miles up Penny River from the Nome-Teller road.", "quad_250": "NM", "quad_63360": "C-2", "comm_main": "Au", "comm_other": "Ba", "ore": "Gold", "gangue": null, "site_type": "Occurrence", "status": "Inactive", "production": "None", "dep_model": "Alluvial placer Au (Cox and Singer, 1986; model 39a).", "model_code": "39a", "alteration": null, "geol_desc": "Gold was panned on Wheel Creek in 1991 during the Kennecott Exploration Company evaluation of the area. Herreid (1970) also reported a barium geochemical anomaly on the creek.  The creek apparently follows a steep east-striking fault that cuts through mas", "work_expl": "Very limited stream sediment sampling and panning has taken place here.", "comments": "Wheel Creek appears too narrow and steep to contain a significant placer deposit, but the occurrence indicates the presence of lode deposits in the drainage.", "expand_ref": "Bundtzen, T.K., Reger, R.D., Laird, G.M., Pinney, D.S., Clautice, K.H., Liss, S.A., and Cruse, G.R., 1994, Progress report on the geology and mineral resources of the Nome mining district: Alaska Division of Geological and Geophysical Surveys, Public Data", "rept_names": "C.C. Hawley and Travis L. Hudson", "rept_date": "3/12/2000", "age": "Quaternary.", "rept_aff": "Hawley Resource Group, Inc.", "prod_notes": null, "reserves": null, "prime_ref": "This report", "latitude": 64.645738, "longitude": -165.640962, "datum": "WGS84", "source_datum": "NAD27 (EPSG:4267) reprojected to WGS84 (EPSG:4326)" }, "geometry": { "type": "Point", "coordinates": [ -165.64096197938693, 64.64573768383481 ] } },
{ "type": "Feature", "properties": { "ardf_num": "NM161", "mrds_num": "10307976", "site": "Cleveland Creek", "location": "This occurrence, called the Cleveland Creek gossan by Herreid (1970), is at an elevation of about 600 feet on the south side of hill 738 in the headwaters of Cleveland Creek, an east tributary to Cripple River. The occurrence was mapped by Bundtzen and ot", "quad_250": "NM", "quad_63360": "C-2", "comm_main": "Fe", "comm_other": "Pb, Zn", "ore": "Goethite, hematite", "gangue": "Dolomite", "site_type": "Occurrence", "status": "Probably inactive", "production": "None", "dep_model": "Iron oxide vein and replacement of marble and schist.", "model_code": null, "alteration": "Dolomitization.", "geol_desc": "An iron oxide occurrence lies on the south side of hill 738 in the headwaters of Cleveland Creek in or adjacent to the massive marble unit of Bundtzen and others (1994)   Herreid (1970, p. 18) called this the Cleveland Creek gossan and found anomalous amo", "work_expl": "Surface exposures in natural outcrop and rubble crop; some geochemical sampling by Herried (1970).", "comments": null, "expand_ref": "Bundtzen, T.K., Reger, R.D., Laird, G.M., Pinney, D.S., Clautice, K.H., Liss, S.A., and Cruse, G.R., 1994, Progress report on the geology and mineral resources of the Nome mining district: Alaska Division of Geological and Geophysical Surveys, Public Data", "rept_names": "C.C. Hawley and Travis L. Hudson", "rept_date": "3/12/2000", "age": "Post mid-Cretaceous, the age of regional metamophism of the country rocks.", "rept_aff": "Hawley Resource Group, Inc.", "prod_notes": null, "reserves": null, "prime_ref": "Herreid, 1970", "latitude": 64.659137, "longitude": -165.721964, "datum": "WGS84", "source_datum": "NAD27 (EPSG:4267) reprojected to WGS84 (EPSG:4326)" }, "geometry": { "type": "Point", "coordinates": [ -165.721964186269787, 64.659136503232929 ] } },
{ "type": "Feature", "properties": { "ardf_num": "NM162", "mrds_num": "A012970", "site": "Willow Creek", "location": "Willow Creek is a west tributary to lower Penny River.  The mouth of Willow Creek is about 500 feet down Penny River from the Nome-Teller road.  The location is the approximate mid-point of patented claims that extend for about 2.5 miles along the creek.", "quad_250": "NM", "quad_63360": "C-2", "comm_main": "Au", "comm_other": "Sn", "ore": "Cassiterite, gold", "gangue": null, "site_type": "Mine", "status": "Probably inactive", "production": "Yes", "dep_model": "Alluvial placer Au (Cox and Singer, 1986; model 39a).", "model_code": "39a", "alteration": null, "geol_desc": "A placer gold deposit on Willow Creek was mined as early as 1914 (Eakin, 1915 [B 622-I, p. 369-370]).  Claims were patented about 1924, and activity continued at least until 1965 (Heiner and Porter, 1972, Kardex site Kx 52-100; Alaska Division of Geologic", "work_expl": "Open cut mining took place before 1914.  A large block of claims was patented by 1924.", "comments": null, "expand_ref": "Alaska Division of Geological and Geophysical Surveys, 1982, Mining claim location maps -- Nome quadrangle: Alaska Division of Geological and Geophysical Surveys, 8 p., 3 sheets, scales 1:63,360 and 1:250,000.|Bundtzen, T.K., Reger, R.D., Laird, G.M., Pin", "rept_names": "C.C. Hawley and Travis L. Hudson", "rept_date": "3/12/2000", "age": "Quaternary.", "rept_aff": "Hawley Resource Group, Inc.", "prod_notes": null, "reserves": null, "prime_ref": "Eakin, 1915", "latitude": 64.598936, "longitude": -165.695158, "datum": "WGS84", "source_datum": "NAD27 (EPSG:4267) reprojected to WGS84 (EPSG:4326)" }, "geometry": { "type": "Point", "coordinates": [ -165.695157797746788, 64.598935512475066 ] } },
{ "type": "Feature", "properties": { "ardf_num": "NM163", "mrds_num": "A012785", "site": "Steiner", "location": "The Steiner prospect is reported to be about 1 mile west of Penny River, 4.5 miles north from the coast, at an elevation of 200 feet, and south of an unnamed east-flowing stream immediately south of Willow Creek (Cathcart, 1922, p. 256, figure 9).  This i", "quad_250": "NM", "quad_63360": "C-2", "comm_main": "Au", "comm_other": null, "ore": "Gold, pyrite", "gangue": "Calcite, feldspar, quartz", "site_type": "Prospect", "status": "Inactive", "production": "No", "dep_model": "Low-sulfide Au-quartz vein (Cox and Singer, 1986; model 36a).", "model_code": "36a", "alteration": "Pyritization.", "geol_desc": "Cathcart (1922, p. 256) reports that a 105-foot shaft was sunk on a 5- to10- foot-wide, east-striking, quartz-feldspar vein.  The vein was followed 60 feet in the shaft and lost.  Values of 7 dollars per ton (about 0.35 ounce of gold per ton) were reporte", "work_expl": "Uncertain; 105-foot shaft with 220 feet of drifting reported by Cathcart (1922), but Mertie (1918 [B 662-I, p. 427]) reported a 135-foot shaft with 100 feet of drifting at a nearby location, if not this one.", "comments": null, "expand_ref": "Cathcart, S.H., 1922, Metalliferous lodes in southern Seward Peninsula:  U.S. Geological Survey Bulletin 722-F, p. 163-261.|Cobb, E.H., 1972, Metallic mineral resources map of the Nome quadrangle, Alaska:  U.S. Geological Survey Miscellaneous Field Studie", "rept_names": "C.C. Hawley and Travis L. Hudson", "rept_date": "3/12/2000", "age": "Mid-Cretaceous or younger; vein crosscuts metamorphic rocks.", "rept_aff": "Hawley Resource Group, Inc.", "prod_notes": null, "reserves": null, "prime_ref": "Mertie, 1918", "latitude": 64.591035, "longitude": -165.687957, "datum": "WGS84", "source_datum": "NAD27 (EPSG:4267) reprojected to WGS84 (EPSG:4326)" }, "geometry": { "type": "Point", "coordinates": [ -165.68795692338449, 64.591035451660559 ] } },
{ "type": "Feature", "properties": { "ardf_num": "NM164", "mrds_num": "10307977", "site": "Unnamed (ridge between Butterfield and upper Bangor Creeks)", "location": "This occurrence is at an elevation of about 1,250 feet on the ridge crest between the headwaters of Bangor and Butterfield Creeks in the northwest Nome C-2 quadrangle.  Mining claims were located on intensely deformed quartz-rich schist, probably before 1", "quad_250": "NM", "quad_63360": "C-2", "comm_main": "Au", "comm_other": "As", "ore": null, "gangue": null, "site_type": "Occurrence", "status": "Inactive", "production": "None", "dep_model": "Metamorphosed low-sulfide Au-quartz veins?", "model_code": null, "alteration": "Pre-metamorphism quartz veining or replacement?", "geol_desc": "This occurrence is at or near the crest of an antiform where intensely deformed schist contains weakly mineralized quartz, including quartz rods (Kennecott Exploration Company, written communication, 1992).   The quartz rods and linear elements in the sch", "work_expl": "Claims staking and surface prospecting appears to have taken place here before 1920.", "comments": null, "expand_ref": null, "rept_names": "C.C. Hawley and Travis L. Hudson", "rept_date": "3/12/2000", "age": "Mineralization either predates regional metamorphism or took place during a ductile stage of  deformation, possibly mid-Cretaceous.", "rept_aff": "Hawley Resource Group, Inc.", "prod_notes": null, "reserves": null, "prime_ref": "This report", "latitude": 64.689341, "longitude": -165.516965, "datum": "WGS84", "source_datum": "NAD27 (EPSG:4267) reprojected to WGS84 (EPSG:4326)" }, "geometry": { "type": "Point", "coordinates": [ -165.516965112325011, 64.689341083597625 ] } },
{ "type": "Feature", "properties": { "ardf_num": "NM165", "mrds_num": "D002583; A012823", "site": "Boulder Creek; Claus Rodine", "location": "Boulder Creek is a west tributary to Snake River; it flows east from headwaters in the eastern Nome C-2 quadrangle.  The prospect is on the south side of Boulder Creek, approximately at the elevation of a prominent ditch and about 1,100 feet above the con", "quad_250": "NM", "quad_63360": "C-2", "comm_main": "As, Sb", "comm_other": "Au, Pb, W", "ore": "Arsenopyrite, galena, gold, scheelite, stibnite", "gangue": "Ankerite, quartz", "site_type": "Prospect", "status": "Inactive", "production": "None", "dep_model": "Low-sulfide Au-quartz veins (Cox and Singer, 1986; model 36a).", "model_code": "36a", "alteration": "Sulfidation of schist and ankeritization of marble.", "geol_desc": "The Boulder Creek or Claus Rodine prospect is a complex deposit related generally to the Rodine fault (Bundtzen and others, 1994).  The prospect was first reported by Mertie (1918 [B 662-I, p. 427-429]), who noted that a 50-pound pod of stibnite had been", "work_expl": "An adit had been driven about 87 feet when the prospect was visited by Mertie in 1916; it was subsequently extended a few more feet.  The prospect had power from a small Pelton wheel that was still at the site in 1995.   A large soil geochemistry survey w", "comments": null, "expand_ref": "Bundtzen, T.K., Reger, R.D., Laird, G.M., Pinney, D.S., Clautice, K.H., Liss, S.A., and Cruse, G.R., 1994, Progress report on the geology and mineral resources of the Nome mining district: Alaska Division of Geological and Geophysical Surveys, Public Data", "rept_names": "C.C. Hawley and Travis L. Hudson", "rept_date": "3/12/2000", "age": "Mid-Cretaceous; postdates regional metmorphism and is probably similar in age to other low-sulfide Au-quartz veins of the Nome district (see, for example, the Divide prospect, NM058).", "rept_aff": "Hawley Resource Group, Inc.", "prod_notes": "A small amout of high-grade stibnite ore may have been mined.", "reserves": null, "prime_ref": "This report", "latitude": 64.64974, "longitude": -165.520761, "datum": "WGS84", "source_datum": "NAD27 (EPSG:4267) reprojected to WGS84 (EPSG:4326)" }, "geometry": { "type": "Point", "coordinates": [ -165.520761122816481, 64.649740027666752 ] } },
{ "type": "Feature", "properties": { "ardf_num": "NM166", "mrds_num": "A012893; D002580", "site": "Twin Mountain Creek (Yellow Bird claims)", "location": "Twin Mountain Creek (shown as Twin Mtn Ck onthe map) is a north tributary of Boulder Creek.  Boulder Creek is a west tributary to Snake River; it flows east from headwaters in the eastern Nome C-2 quadrangle. Twin Mountain Creek and a series of west side", "quad_250": "NM", "quad_63360": "C-2", "comm_main": "Au", "comm_other": "W", "ore": "Gold, scheelite", "gangue": null, "site_type": "Mine", "status": "Inactive", "production": "Yes; small", "dep_model": "Alluvial placer Au-W and residual deposits (Cox and Singer, 1986; model 39a).", "model_code": "39a", "alteration": null, "geol_desc": "A shallow placer deposit on Twin Mountain Creek (shown as Twin Mtn Ck on the map) just above Boulder Creek was worked in 1903 and earlier, but apparently without profit (Collier and others, 1908, p. 197).  Prospecting during World War I resulted in discov", "work_expl": "Gold was discovered and some was placer mined in Twin Mountain Creek (shown as Twin Mtn Ck on the map) in 1900 (Brooks and others, 1901, p. 80).  The lower part of the creek was mined unsuccessfully before 1903.  Other mining took place in 1916 when schee", "comments": null, "expand_ref": "Brooks, A.H., Richardson, G.B., Collier, A.J., and W.C. Mendenhall, 1901, A reconnaissance in the Cape Nome and adjacent gold fields of Seward Peninsula, Alaska, in 1900:  U.S. Geological Survey Special Publication, p. 1-185, maps.|Bundtzen, T.K., Reger,", "rept_names": "C.C. Hawley and Travis L. Hudson", "rept_date": "3/12/2000", "age": "Quaternary.", "rept_aff": "Hawley Resource Group, Inc.", "prod_notes": "At least 500 pounds of scheelite were produced from the residual placers on the benches west of Twin Mountain Creek.", "reserves": null, "prime_ref": "This report", "latitude": 64.659841, "longitude": -165.502862, "datum": "WGS84", "source_datum": "NAD27 (EPSG:4267) reprojected to WGS84 (EPSG:4326)" }, "geometry": { "type": "Point", "coordinates": [ -165.502861960144656, 64.659840612819266 ] } },
{ "type": "Feature", "properties": { "ardf_num": "NM167", "mrds_num": "A012824; A012820", "site": "Unnamed (Boulder Creek east bench)", "location": "This prospect is on the bench east of the mouth of Twin Mountain Creek  (Twin Mtn Ck on the map) and north of Boulder Creek.  Boulder Creek is a west tributary to Snake River; it flows east from headwaters in the eastern Nome C-2 quadrangle.  Mineralizati", "quad_250": "NM", "quad_63360": "C-2", "comm_main": "Au", "comm_other": "As, W (?)", "ore": "Arsenopyrite, pyrite, scheelite (?)", "gangue": "Quartz", "site_type": "Prospect", "status": "Inactive", "production": "None", "dep_model": "Low-sulfide Au-quartz veins (Cox and Singer, 1986; model 36a).", "model_code": "36a", "alteration": "Sulfidation of schist.", "geol_desc": "This prospect was discovered in 1992 by following up results of a soil geochemistry survey.  Mineralization continues to the south and the prospect is also probably related to quartz and sulfide vein mineralization reported as the Dakota group of some 13", "work_expl": "Kennecott Exporation Company completed about 900 feet of trenches in 1992 to follow up arsenic and gold soil anomalies on the bench northeast of the confluence of Twin Mountain and Boulder Creek. The trenches were backfilled and reclaimed after mapping an", "comments": "The northwesterly trending mineralization at this prospect may be cut off or displaced by the Rodine fault (Bundtzen and others, 1994).", "expand_ref": "Bundtzen, T.K., Reger, R.D., Laird, G.M., Pinney, D.S., Clautice, K.H., Liss, S.A., and Cruse, G.R., 1994, Progress report on the geology and mineral resources of the Nome mining district: Alaska Division of Geological and Geophysical Surveys, Public Data", "rept_names": "C.C. Hawley and Travis L. Hudson", "rept_date": "3/12/2000", "age": "Mid-Cretaceous; postdates regional metmorphism and is probably similar in age to other low-sulfide Au-quartz veins of the Nome district (see, for example, the Divide prospect, NM058).", "rept_aff": "Hawley Resource Group, Inc.", "prod_notes": null, "reserves": null, "prime_ref": "This report", "latitude": 64.64954, "longitude": -165.504761, "datum": "WGS84", "source_datum": "NAD27 (EPSG:4267) reprojected to WGS84 (EPSG:4326)" }, "geometry": { "type": "Point", "coordinates": [ -165.504760933453326, 64.64954032139859 ] } },
{ "type": "Feature", "properties": { "ardf_num": "NM168", "mrds_num": "AO12892; D002584", "site": "Boulder Creek", "location": "Boulder Creek is a west tributary to Snake River; it flows east from headwaters in the eastern Nome C-2 quadrangle.  An alluvial placer gold deposit was worked downstream from the Boulder Creek lode prospect (NM165) over a distance of about a mile. The lo", "quad_250": "NM", "quad_63360": "C-2", "comm_main": "Au", "comm_other": "Bi, Sb, W", "ore": "Bismuth, gold, hematite, ilmenite, magnetite, scheelite, stibnite", "gangue": null, "site_type": "Mine", "status": "Inactive", "production": "Yes; medium", "dep_model": "Alluvial placer Au (Cox and Singer, 1986; model 39a).", "model_code": "39a", "alteration": "Marble is altered to ankerite.", "geol_desc": "An alluvial placer gold deposit was worked downstream from the Boulder Creek lode prospect (NM165) over a distance of about a mile. The locality was known shortly after the discovery of the Nome district (Collier and others, 1908, p. 196), and mining clai", "work_expl": "Boulder Creek was worked from about 1900 until as late as 1924 (Smith, 1924).  It probably had a moderate amount of production.  Collier and others (1908) reported that the gold was coarse but that miners in 1903 were making little more than wages.  Place", "comments": null, "expand_ref": "Bundtzen, T.K., Reger, R.D., Laird, G.M., Pinney, D.S., Clautice, K.H., Liss, S.A., and Cruse, G.R., 1994, Progress report on the geology and mineral resources of the Nome mining district: Alaska Division of Geological and Geophysical Surveys, Public Data", "rept_names": "C.C. Hawley and Travis L. Hudson", "rept_date": "3/12/2000", "age": "Quaternary.", "rept_aff": "Hawley Resource Group, Inc.", "prod_notes": null, "reserves": null, "prime_ref": "Collier and others, 1908", "latitude": 64.64654, "longitude": -165.510061, "datum": "WGS84", "source_datum": "NAD27 (EPSG:4267) reprojected to WGS84 (EPSG:4326)" }, "geometry": { "type": "Point", "coordinates": [ -165.510060684743678, 64.646540147945615 ] } },
{ "type": "Feature", "properties": { "ardf_num": "NM169", "mrds_num": "A012969; D002591", "site": "Sledge Creek", "location": "Sledge Creek is a west tributary to Snake River.  A placer gold deposit has been mined at the surface near the point where the creek enters the Snake River valley and was drift mined at unknown locations.  The location is the site of surface mining.  It i", "quad_250": "NM", "quad_63360": "C-2", "comm_main": "Au", "comm_other": "Ag, Sn, W", "ore": "Cassiterite (?), gold, scheelite", "gangue": null, "site_type": "Prospect", "status": "Probably inactive", "production": "Yes; small", "dep_model": "Alluvial placer Au (Cox and Singer, 1986; model 39a).", "model_code": "39a", "alteration": null, "geol_desc": "Sledge Creek has been mined at the surface in a shallow deposit near where the creek emerges from the hills and enters the Snake River valley. Drift mining at two unknown locations was also reported by Mertie (1918 [B 662-I, p. 454]).  Patented claim U.S.", "work_expl": "Drift mining reported in 1916; small open-cut surface mining on and below U.S. Mineral Survey No. 1343 probably took place in about 1925 (Heiner and Porter, 1972).", "comments": null, "expand_ref": "Bundtzen, T.K., Reger, R.D., Laird, G.M., Pinney, D.S., Clautice, K.H., Liss, S.A., and Cruse, G.R., 1994, Progress report on the geology and mineral resources of the Nome mining district: Alaska Division of Geological and Geophysical Surveys, Public Data", "rept_names": "C.C. Hawley and Travis L. Hudson", "rept_date": "3/12/2000", "age": "Quaternary.", "rept_aff": "Hawley Resource Group, Inc.", "prod_notes": null, "reserves": "Sledge Creek could contain a largely unmined placer deposit (C.C. Hawley, personal observation, 1994, 2000).", "prime_ref": "This report", "latitude": 64.63624, "longitude": -165.50696, "datum": "WGS84", "source_datum": "NAD27 (EPSG:4267) reprojected to WGS84 (EPSG:4326)" }, "geometry": { "type": "Point", "coordinates": [ -165.506959606328678, 64.636239950110692 ] } },
{ "type": "Feature", "properties": { "ardf_num": "NM170", "mrds_num": "10307978", "site": "Unnamed (Sledge Creek)", "location": "Sledge Creek is a west tributary to Snake River; this location is on the ridge crest south of Sledge Creek at an elevation of about 420 feet and about 700 feet upslope of a water ditch.  A quartz-feldspar vein and nearby prospect pits are present.  It is", "quad_250": "NM", "quad_63360": "C-2", "comm_main": "Au (?)", "comm_other": null, "ore": "Limonite", "gangue": "Feldspar, quartz", "site_type": "Occurrence", "status": "Inactive", "production": "None", "dep_model": "Low-sulfide Au-quartz vein? (Cox and Singer, 1986; model 36a).", "model_code": "36a?", "alteration": null, "geol_desc": "Quartz-feldspar veins crop out south of Sledge Creek just upstream of where Sledge Creek enters onto the Snake River valley and about 700 feet upslope from a water ditch.  This occurrence appears to be similar to a quartz-feldspar vein described by Cathca", "work_expl": "The veins were explored by shallow pits, some of which were excavated before Cathcart's visit in 1920.", "comments": null, "expand_ref": "Cathcart, S.H., 1922, Metalliferous lodes in southern Seward Peninsula:  U.S. Geological Survey Bulletin 722-F, p. 163-261.", "rept_names": "C.C. Hawley and Travis L. Hudson", "rept_date": "3/12/2000", "age": "Mid-Cretaceous or younger; cross cuts metamorphic rocks of that age.", "rept_aff": "Hawley Resource Group, Inc.", "prod_notes": null, "reserves": null, "prime_ref": "Cathcart, 1922", "latitude": 64.63324, "longitude": -165.513259, "datum": "WGS84", "source_datum": "NAD27 (EPSG:4267) reprojected to WGS84 (EPSG:4326)" }, "geometry": { "type": "Point", "coordinates": [ -165.513259368470244, 64.633239758072065 ] } },
{ "type": "Feature", "properties": { "ardf_num": "NM171", "mrds_num": "10307979", "site": "Alpha Ridge", "location": "The prospect is on the ridge between Alpha Creek (in the Nome C-1 quadrangle) and Sledge Creek, west tributaries to Snake River.  Mineralization extends along the ridge for at least 1,000 feet between elevations of about 800 and 1,050 feet.  The location", "quad_250": "NM", "quad_63360": "C-2", "comm_main": "Au", "comm_other": "Ag, As, Pb, Sb, Zn", "ore": "Arsenopyrite, galena, gold (?), sphalerite, stibnite", "gangue": "Albite, ankerite, quartz", "site_type": "Prospect", "status": "Probably inactive", "production": "None", "dep_model": "Low-sulfide Au-quartz veins ? (Cox and Singer, 1986; model 36a).", "model_code": "36a?", "alteration": "Albitization associated with the introduction of arsenopyrite and other metallic minerals in schist.", "geol_desc": "The Alpha Ridge prospect is an old prospect but its location was first reported by Sainsbury and others (1972 [OFR 72-321]).  It was explored by Kennecott Exploration Company from 1990 to 1993.  A series of soil samples collected in a reconnaissance surve", "work_expl": "About 1000 feet of  trenches was excavated in 1991.  An extensive soil geochemistry survey, part of a grid that extended from Monument Creek to Bangor Creek, was also completed between 1991 and 1993 by Kennecott Exploration Company.  The prospect was prob", "comments": null, "expand_ref": "Bundtzen, T.K., Reger, R.D., Laird, G.M., Pinney, D.S., Clautice, K.H., Liss, S.A., and Cruse, G.R., 1994, Progress report on the geology and mineral resources of the Nome mining district: Alaska Division of Geological and Geophysical Surveys, Public Data", "rept_names": "C.C. Hawley and Travis L. Hudson", "rept_date": "3/12/2000", "age": "Mid-Cretaceous; postdates regional metmorphism and may be similar in age to low-sulfide Au-quartz veins of the Nome district (see, for example, the Divide prospect, NM058).", "rept_aff": "Hawley Resource Group, Inc.", "prod_notes": null, "reserves": null, "prime_ref": "This report", "latitude": 64.625939, "longitude": -165.522559, "datum": "WGS84", "source_datum": "NAD27 (EPSG:4267) reprojected to WGS84 (EPSG:4326)" }, "geometry": { "type": "Point", "coordinates": [ -165.522558726204863, 64.625939403412232 ] } },
{ "type": "Feature", "properties": { "ardf_num": "NM172", "mrds_num": "A012901", "site": "Monument Creek; Poorman Bench", "location": "Monument Creek is a west tributary to Snake River; this location is 2.2 miles north-northwest from the bridge on the Nome-Teller road that crosses Snake River.  Monument Creek and an adjacent north-side bench were mined extensively in the Nome C-2 quadran", "quad_250": "NM", "quad_63360": "C-2", "comm_main": "Au", "comm_other": "Ag, Sn", "ore": "Cassiterite, gold", "gangue": null, "site_type": "Mine", "status": "Probably inactive", "production": "Yes; medium", "dep_model": "Alluvial placer Au (Cox and Singer, 1986; model 39a).", "model_code": "39a", "alteration": null, "geol_desc": "The placer deposit on Monument Creek was apparently discovered after the discovery of a rich, shallow bench, called the Poorman bench, on the north side of the creek.  The pay streak on the bench was discovered in 1918 and mined immediately; it was about", "work_expl": "Gold was discovered in a shallow bench north of Monument Creek in about 1918 (Martin, 1920; Cathcart, 1920). The deposit was rich but small and quickly worked out.  Monument Creek itself  was worked continuously from 1928 to 1935 by mechanical methods and", "comments": null, "expand_ref": "Anderson, Eskil, 1947, Mineral occurrences other than gold deposits in northwestern Alaska: Alaska Territorial Division of Mines Pamphlet 5-R, 48 p.|Bundtzen, T.K., Reger, R.D., Laird, G.M., Pinney, D.S., Clautice, K.H., Liss, S.A., and Cruse, G.R., 1994,", "rept_names": "C.C. Hawley and Travis L. Hudson", "rept_date": "3/12/2000", "age": "Quaternary.", "rept_aff": "Hawley Resource Group, Inc.", "prod_notes": "A few tens of thousands of ounces of gold may have been produced from Monument Creek.", "reserves": null, "prime_ref": "Martin, 1920", "latitude": 64.596139, "longitude": -165.513556, "datum": "WGS84", "source_datum": "NAD27 (EPSG:4267) reprojected to WGS84 (EPSG:4326)" }, "geometry": { "type": "Point", "coordinates": [ -165.513555613382181, 64.59613883320435 ] } },
{ "type": "Feature", "properties": { "ardf_num": "NM173", "mrds_num": "A012877", "site": "Sunset Creek", "location": "Sunset Creek is a northwest tributary to lower Snake River.  Patented mining claims are present along Sunset Creek from an elevation of about 250 feet downstream for about 3 miles to Snake River; the coordinates are about the center of the area that was m", "quad_250": "NM", "quad_63360": "C-2", "comm_main": "Au", "comm_other": null, "ore": "Gold", "gangue": null, "site_type": "Mine", "status": "Inactive", "production": "Yes; medium", "dep_model": "Alluvial placer Au and beach placers (Cox and Singer, 1986; model 39a).", "model_code": "39a", "alteration": null, "geol_desc": "This is probably a complex placer deposit developed, in part, by beach reworking of gold-bearing alluvium on the edge of the coastal plain where it is cut by Sunset Creek.  The deposit was correlated with Third Beach deposits by 1907 (Smith, 1908, p. 214)", "work_expl": "Early small-scale workings occurred in 1907 (Smith, 1908)  and 1924 (Smith, 1926).  A dredge was moved here from Osborn Creek ,and the deposit was mined from 1934 to 1939 (Cobb, 1978 [OFR 78-93]).", "comments": null, "expand_ref": "Bundtzen, T.K., Reger, R.D., Laird, G.M., Pinney, D.S., Clautice, K.H., Liss, S.A., and Cruse, G.R., 1994, Progress report on the geology and mineral resources of the Nome mining district: Alaska Division of Geological and Geophysical Surveys, Public Data", "rept_names": "C.C. Hawley and Travis L. Hudson", "rept_date": "3/12/2000", "age": "Quaternary.", "rept_aff": "Hawley Resource Group, Inc.", "prod_notes": null, "reserves": null, "prime_ref": "Smith, 1908", "latitude": 64.601738, "longitude": -165.563457, "datum": "WGS84", "source_datum": "NAD27 (EPSG:4267) reprojected to WGS84 (EPSG:4326)" }, "geometry": { "type": "Point", "coordinates": [ -165.563456705137583, 64.601738040509503 ] } },
{ "type": "Feature", "properties": { "ardf_num": "NM174", "mrds_num": "A012824", "site": "Dakota", "location": "The Dakota prospect is probably on the north side of Boulder Creek about  a quarter of a mile below its confluence withTwin Mountain Creek (shown as Twin Mtn Ck on the map) which joins it from the north.  Mertie (1918 [B 662-I, p. 425-449]) reported a 35-", "quad_250": "NM", "quad_63360": "C-2", "comm_main": "Au (?)", "comm_other": "Sb, W", "ore": "Gold (?), scheelite (?), stibnite (?)", "gangue": "Calcite, quartz", "site_type": "Prospect", "status": "Inactive", "production": "None", "dep_model": null, "model_code": null, "alteration": null, "geol_desc": "The location is at a bold outcrop of marble about a quarter mile below Twin Mountain Creek (shown as Ttwin Mtn Ck on the map) on the north side of Boulder Creek.  At this site, a short adit is driven into apparently barren marble.  Strongly ankeritized ro", "work_expl": "A short adit was driven before 1916; claim activity dates back to 1900 (Heiner and Porter, 1972).", "comments": null, "expand_ref": "Cobb, E.H., 1978, Summary of references to mineral occurrences (other than mineral fuels and construction materials) in the Nome quadrangle, Alaska:  U.S. Geological Survey Open-File report 78-93, 213 p.|Heiner, L.E., and Porter, Eve, 1972, Alaska Mineral", "rept_names": "C.C. Hawley and Travis L. Hudson", "rept_date": "3/12/2000", "age": null, "rept_aff": "Hawley Resource Group, Inc.", "prod_notes": null, "reserves": null, "prime_ref": "Mertie, 1918", "latitude": 64.64744, "longitude": -165.506961, "datum": "WGS84", "source_datum": "NAD27 (EPSG:4267) reprojected to WGS84 (EPSG:4326)" }, "geometry": { "type": "Point", "coordinates": [ -165.506960743393734, 64.647440228168307 ] } },
{ "type": "Feature", "properties": { "ardf_num": "NM175", "mrds_num": "10307980", "site": "Unnamed (west of Sunset Creek)", "location": "This prospect is a large block of patented claims (U.S. Mineral Survey No. 1320) about 2.5 miles long, generally oriented easterly and almost 1 mile wide.  The claim block extends north into the foothills but is mostly on the upper coastal plain west of S", "quad_250": "NM", "quad_63360": "C-2", "comm_main": "Au", "comm_other": null, "ore": "Gold", "gangue": null, "site_type": "Prospect", "status": "Probably inactive", "production": "Undetermined", "dep_model": "Buried beach placer?", "model_code": null, "alteration": null, "geol_desc": "This prospect is a large block of patented claims (U.S. Mineral Survey No. 1320) about 2.5 miles long, generally oriented easterly and almost 1 mile wide.  The claim block extends north into the foothills but is mostly on the upper coastal plain, west of", "work_expl": "The claims were sufficiently explored to obtain patent (U.S. Mineral Survey No. 1320) on a large block.  They are not known to have been developed.  The claims predate 1925 because they appear on a Hammon Consolidated Goldfields map of that date.", "comments": null, "expand_ref": null, "rept_names": "C.C. Hawley and Travis L. Hudson", "rept_date": "3/12/2000", "age": "Quaternary.", "rept_aff": "Hawley Resource Group, Inc.", "prod_notes": null, "reserves": null, "prime_ref": "This report", "latitude": 64.615338, "longitude": -165.588958, "datum": "WGS84", "source_datum": "NAD27 (EPSG:4267) reprojected to WGS84 (EPSG:4326)" }, "geometry": { "type": "Point", "coordinates": [ -165.588958350111625, 64.615337901207354 ] } },
{ "type": "Feature", "properties": { "ardf_num": "NM176", "mrds_num": "A012875", "site": "May Gulch", "location": "May Gulch is the southern headwater tributary of Hungry Creek (NM149).  Hungry Creek is an east tributary of Oregon Creek. The mouth of Hungry Creek is three quarters of a mile upstream from the junction of Oregon Creek and Cripple River at the Nome-Telle", "quad_250": "NM", "quad_63360": "C-2", "comm_main": "Au", "comm_other": null, "ore": "Gold", "gangue": null, "site_type": "Mine", "status": "Probably inactive", "production": "Yes; small", "dep_model": "Alluvial placer Au (Cox and Singer, 1986; model 39a).", "model_code": "39a", "alteration": null, "geol_desc": "Collier and others (1908, p. 215) reported that prospect holes sunk 20 feet into washed gravel found small gold flecks throughout the gravel.  The prospect holes did not encounter bedrock.  Bundtzen and others (1994) mapped some placer tailings in the low", "work_expl": "Some 20-foot-deep prospect pits were reported to have been dug in upper May Gulch before 1908 (Collier and others, 1908); placer tailings were mapped in lower May Gulch by Bundtzen and others (1994).", "comments": null, "expand_ref": "Bundtzen, T.K., Reger, R.D., Laird, G.M., Pinney, D.S., Clautice, K.H., Liss, S.A., and Cruse, G.R., 1994, Progress report on the geology and mineral resources of the Nome mining district: Alaska Division of Geological and Geophysical Surveys, Public Data", "rept_names": "C.C. Hawley and Travis L. Hudson", "rept_date": "3/12/2000", "age": "Quaternary.", "rept_aff": "Hawley Resource Group, Inc.", "prod_notes": null, "reserves": null, "prime_ref": "Collier and others, 1908", "latitude": 64.655337, "longitude": -165.669763, "datum": "WGS84", "source_datum": "NAD27 (EPSG:4267) reprojected to WGS84 (EPSG:4326)" }, "geometry": { "type": "Point", "coordinates": [ -165.669763256095877, 64.655337384144417 ] } },
{ "type": "Feature", "properties": { "ardf_num": "NM177", "mrds_num": "A012873", "site": "Trilby Creek", "location": "Trilby Creek is a northern tributary to Hungry Creek, about 1 mile upstream from the junction of Hungry Creek and Oregon Creek.  Trilby Creek is not named on current topographic maps of the area.  The mouth of Hungry Creek is about 4,000 feet upstream fro", "quad_250": "NM", "quad_63360": "C-2", "comm_main": "Au", "comm_other": null, "ore": "Gold", "gangue": null, "site_type": "Mine", "status": "Inactive", "production": "Yes; small", "dep_model": "Alluvial placer Au (Cox and Singer, 1986; model 39a).", "model_code": "39a", "alteration": null, "geol_desc": "Trilby Creek produced about 250 ounces of gold (5,000 dollars) before 1903 from a placer on the north side of Hungry Creek.  When the area was visited by the U.S. Geological Survey in 1903, there had been no development work that year because of the dryne", "work_expl": "Surface workings and some production took place about 1900.", "comments": null, "expand_ref": "Bundtzen, T.K., Reger, R.D., Laird, G.M., Pinney, D.S., Clautice, K.H., Liss, S.A., and Cruse, G.R., 1994, Progress report on the geology and mineral resources of the Nome mining district: Alaska Division of Geological and Geophysical Surveys, Public Data", "rept_names": "C.C. Hawley and Travis L. Hudson", "rept_date": "3/12/2000", "age": "Quaternary.", "rept_aff": "Hawley Resource Group, Inc.", "prod_notes": "About 250 ounces of gold were produced before 1903.", "reserves": null, "prime_ref": "Collier and others, 1908", "latitude": 64.668137, "longitude": -165.693865, "datum": "WGS84", "source_datum": "NAD27 (EPSG:4267) reprojected to WGS84 (EPSG:4326)" }, "geometry": { "type": "Point", "coordinates": [ -165.693864809894222, 64.668137251779953 ] } },
{ "type": "Feature", "properties": { "ardf_num": "NM178", "mrds_num": "10307981", "site": "Second Beach (near the mouth of Cripple River)", "location": "Somewhat arbitrarily, this site is located about 1,500 feet  upstream from the mouth of the Cripple River where Sainsbury and others (1972) reported a placer mine on the so-called Second Beach.  However, see the Geologic Description below for more recent", "quad_250": "NM", "quad_63360": "C-2", "comm_main": "Au", "comm_other": null, "ore": "Gold", "gangue": null, "site_type": "Mine", "status": "Active", "production": "Yes; small", "dep_model": "Beach and stream, gold placers.", "model_code": null, "alteration": null, "geol_desc": "A placer mine near the mouth of Cripple River was reported by Sainsbury and others (1972). The location is on the west side of Cripple River, about 1,500 feet upstream from the mouth. It is inferred to be on a westward extension of the so-called Second Be", "work_expl": "Old surface workings and dumps from drift mining prior to 1985 are widespread in the general area.  Since 1986,  there has been considerable mining and prospecting in the area from a camp run by the Gold Prospectors Association of America at the mouth of", "comments": null, "expand_ref": "Bundtzen, T.K., Reger, R.D., Laird, G.M., Pinney, D.S., Clautice, K.H., Liss, S.A., and Cruse, G.R., 1994, Progress report on the geology and mineral resources of the Nome mining district: Alaska Division of Geological and Geophysical Surveys, Public Data", "rept_names": "C.C. Hawley and Travis L. Hudson (Hawley Resource Group, Inc.); D.J. Grybeck (Contractor, U.S. Geological Survey)", "rept_date": "4/2/2010", "age": "Late Pleistocene.", "rept_aff": null, "prod_notes": "There was probably some gold production from the lower Cripple River prior to 1986 but the amount and the production history is uncertain.  Since 1986, the Gold Prospectors Association of America has brought parties to their camp at the mouth of the Cripp", "reserves": "There are probably no defined reserves but at least small amounts of gold can be panned along the beach and in streams in the area.", "prime_ref": "Sainsbury and others, 1972; Gold Prospectors Association of America, 2010", "latitude": 64.542332, "longitude": -165.787753, "datum": "WGS84", "source_datum": "NAD27 (EPSG:4267) reprojected to WGS84 (EPSG:4326)" }, "geometry": { "type": "Point", "coordinates": [ -165.787753037566034, 64.542332387252742 ] } },
{ "type": "Feature", "properties": { "ardf_num": "NM179", "mrds_num": "10307982", "site": "Second Beach (east of Penny River); Jess Creek", "location": "This site is a linear beach placer about 3 miles long that extends east from the mouth of Penny River.  It is, in part, known as Jess Creek (Collier and others, 1908). The location is the approximate mid-point of the placer; it is about a third of a mile", "quad_250": "NM", "quad_63360": "C-2", "comm_main": "Au", "comm_other": null, "ore": "Gold", "gangue": null, "site_type": "Mine", "status": "Probably inactive", "production": "Yes; small", "dep_model": "Auriferous beach placer.", "model_code": null, "alteration": null, "geol_desc": "A gold deposit at Jess Creek (not named on current U.S. Geological Survey topographic maps), which enters Norton Sound east of the mouth of Penny River, was correlated with Second Beach deposits (Collier and others, 1908, figure 9; Moffit, 1907, p. 134-14", "work_expl": "The Jess Creek site was known at least by 1905 and was developed for mining before 1908 (Collier and others, 1908); State files show various claim groups along Second Beach at and east of Penny River (Heiner and Porter, 1972; Alaska Division of Geological", "comments": null, "expand_ref": "Alaska Division of Geological and Geophysical Surveys, 1982, Mining claim location maps -- Nome quadrangle: Alaska Division of Geological and Geophysical Surveys, 8 p., 3 sheets, scales 1:63,360 and 1:250,000.|Bundtzen, T.K., Reger, R.D., Laird, G.M., Pin", "rept_names": "C.C. Hawley and Travis L. Hudson", "rept_date": "3/12/2000", "age": "Late Pleistocene.", "rept_aff": "Hawley Resource Group, Inc.", "prod_notes": null, "reserves": null, "prime_ref": "Moffit, 1907", "latitude": 64.635837, "longitude": -165.676161, "datum": "WGS84", "source_datum": "NAD27 (EPSG:4267) reprojected to WGS84 (EPSG:4326)" }, "geometry": { "type": "Point", "coordinates": [ -165.676161341270983, 64.635836780841501 ] } },
{ "type": "Feature", "properties": { "ardf_num": "NM180", "mrds_num": "10307983", "site": "Penny River", "location": "A placer mine was shown by Sainsbury and others (1972 [OFR 72-321]) on the east side of Penny River 1.3 miles upstream from its mouth; it is in the SE1/4 section 8, T. 10. S., R. 35 W., Kateel River Meridian.  The site is located within about 1,000 feet.", "quad_250": "NM", "quad_63360": "C-2", "comm_main": "Au", "comm_other": null, "ore": "Gold", "gangue": null, "site_type": "Mine", "status": "Probably inactive", "production": "Undetermined", "dep_model": "Placer Au; alluvial or beach placer (Cox and Singer, 1986; model 39a).", "model_code": "39a", "alteration": null, "geol_desc": "A placer mine was shown by Sainsbury and others (1972 [OFR 72-321]) on the east side of Penny River 1.3 miles upstream from its mouth. It is not known if this placer is in the Penny River alluvium or if it is associated with raised beach deposits of the c", "work_expl": "Surface placer mine workings or shaft dumps are probably present at the site.", "comments": null, "expand_ref": "Sainsbury, C.L., Hudson, T.L., Ewing, Rodney, and Marsh, W.R., 1972, Reconnaissance geologic map of the Nome C-2 quadrangle, Seward Peninsula, Alaska:  U.S. Geological Survey Open-File Report 72-321, 13 p., 1 sheet, scale 1:63,360.", "rept_names": "C.C. Hawley and Travis L. Hudson", "rept_date": "3/12/2000", "age": "Quaternary.", "rept_aff": "Hawley Resource Group, Inc.", "prod_notes": null, "reserves": null, "prime_ref": "Sainsbury and others, 1972 (OFR 72-321)", "latitude": 64.623336, "longitude": -165.70866, "datum": "WGS84", "source_datum": "NAD27 (EPSG:4267) reprojected to WGS84 (EPSG:4326)" }, "geometry": { "type": "Point", "coordinates": [ -165.708660410816066, 64.623335864080573 ] } },
{ "type": "Feature", "properties": { "ardf_num": "NM181", "mrds_num": "10307984", "site": "Unnamed (east of lower Penny River)", "location": "A gold placer mine was mapped at this locality by Sainsbury and others (1972 [OFR 72-321]).  It is shown as a linear trend of workings about one-half mile long and oriented northwest.  It trends across the nose of a low hill at an elevation of about 110 f", "quad_250": "NM", "quad_63360": "C-2", "comm_main": "Au", "comm_other": null, "ore": "Gold", "gangue": null, "site_type": "Mine", "status": "Inactive", "production": "Undetermined.", "dep_model": "Beach placer Au.", "model_code": null, "alteration": null, "geol_desc": "Sainsbury and others (1972 [OFR 72-321]) mapped a linear trend of placer workings about one-half mile long that trends northwest at an elevation of about 110 feet across the nose of a low north-trending hill.  The low hill probably marks a bedrock ridge t", "work_expl": "Surface workings are present at the site.", "comments": null, "expand_ref": "Sainsbury, C.L., Hudson, T.L., Ewing, Rodney, and Marsh, W.R., 1972, Reconnaissance geologic map of the Nome C-2 quadrangle, Seward Peninsula, Alaska:  U.S. Geological Survey Open-File Report 72-321, 13 p., 1 sheet, scale 1:63,360.", "rept_names": "C.C. Hawley and Travis L. Hudson", "rept_date": "3/12/2000", "age": "Late Pleistocene.", "rept_aff": "Hawley Resource Group, Inc.", "prod_notes": null, "reserves": null, "prime_ref": "Sainsbury and others, 1972 (OFR 72-321)", "latitude": 64.628537, "longitude": -165.65646, "datum": "WGS84", "source_datum": "NAD27 (EPSG:4267) reprojected to WGS84 (EPSG:4326)" }, "geometry": { "type": "Point", "coordinates": [ -165.656460394825643, 64.628536967843914 ] } },
{ "type": "Feature", "properties": { "ardf_num": "NM182", "mrds_num": "10307985", "site": "Snake River (lower)", "location": "A placer gold mine was reported on the south bank of lower Snake River (Sainsbury and others, 1972 [OFR 72-321]).  It is in the NW1/4 section 19, T. 11 S.,  R. 34 W., Kateel River Meridian and about 0.8 miles north of the present coastline of Norton Sound", "quad_250": "NM", "quad_63360": "C-2", "comm_main": "Au", "comm_other": null, "ore": "Gold", "gangue": null, "site_type": "Mine", "status": "Probably inactive", "production": "Undetermined.", "dep_model": "Alluvial placer Au (Cox and Singer, 1986; model 39a).", "model_code": "39a", "alteration": null, "geol_desc": "The entire Snake River drainage south of Last Chance Creek in the Nome C-1 quadrangle was reported as auriferous by Collier and others (1908) but not in economic quantities.  This site, reported as a mine by Sainsbury and others (1972 [OFR 72-321]),  was", "work_expl": "Mining claims on lower Snake River were probably located for Hammon Consolidated Goldfields by 1925.  Sainsbury and others (1972 [OFR 72-321]) reported a mine here, probably based on aerial observation of tailings.", "comments": null, "expand_ref": "Collier, A.J., Hess, F.L., Smith, P.S., and Brooks, A.H., 1908, The gold placers of parts of Seward Peninsula, Alaska, including the Nome, Council, Kougarok, Port Clarence, and Goodhope precincts:  U.S. Geological Survey Bulletin 328, 343 p.|Sainsbury, C.", "rept_names": "C.C. Hawley and Travis L. Hudson", "rept_date": "3/12/2000", "age": "Quaternary.", "rept_aff": "Hawley Resource Group, Inc.", "prod_notes": null, "reserves": null, "prime_ref": "Sainsbury and others, 1972 (OFR 72-321)", "latitude": 64.644339, "longitude": -165.555861, "datum": "WGS84", "source_datum": "NAD27 (EPSG:4267) reprojected to WGS84 (EPSG:4326)" }, "geometry": { "type": "Point", "coordinates": [ -165.555860944341816, 64.644339238257373 ] } },
{ "type": "Feature", "properties": { "ardf_num": "NM183", "mrds_num": "10307986", "site": "Unnamed (north of Boulder Creek; near hill 1293)", "location": "The occurrence is about 500 feet south-southwest of hill 1293 near the center of section 32, T. 9 S., R. 34 W., Kateel River Meridian.  It is on the ridge crest about a half-mile north of Twin Mountain Creek (shown as Twin Mtn Ck on the map).  The locatio", "quad_250": "NM", "quad_63360": "C-2", "comm_main": "Au", "comm_other": "As, Pb, Zn", "ore": "Arsenopyrite", "gangue": "Albite, quartz", "site_type": "Occurrence", "status": "Inactive", "production": "None", "dep_model": "Low-sulfide Au-quartz veins? (Cox and Singer, 1986; model 36a).", "model_code": "36a?", "alteration": "Sulfidation and albitization of schist near the occurrence.", "geol_desc": "Mineralized schist crops out south of hill 1293 on the ridge crest northwest of theTwin Mountain Creek prospect (NM166).  The occurrence was found as a result of a soil geochemistry survey of the Boulder-Twin Mountain Creek area by Kennecott Exploration C", "work_expl": "The occurrence was found during follow-up of a soil geochemistry survey conducted for Kennecott Exploration Company in 1992.", "comments": null, "expand_ref": "Bundtzen, T.K., Reger, R.D., Laird, G.M., Pinney, D.S., Clautice, K.H., Liss, S.A., and Cruse, G.R., 1994, Progress report on the geology and mineral resources of the Nome mining district: Alaska Division of Geological and Geophysical Surveys, Public Data", "rept_names": "C.C. Hawley and Travis L. Hudson", "rept_date": "3/12/2000", "age": "Mid-Cretaceous; postdates regional metmorphism and may be similar in age to low-sulfide gold-quartz veins of the Nome district (see, for example, the Divide prospect, NM058).", "rept_aff": "Hawley Resource Group, Inc.", "prod_notes": null, "reserves": null, "prime_ref": "This report", "latitude": 64.66264, "longitude": -165.519662, "datum": "WGS84", "source_datum": "NAD27 (EPSG:4267) reprojected to WGS84 (EPSG:4326)" }, "geometry": { "type": "Point", "coordinates": [ -165.519662422462346, 64.662640368764272 ] } },
{ "type": "Feature", "properties": { "ardf_num": "NM184", "mrds_num": "10307987", "site": "Penny River", "location": "This prospect consists of patented mining claims along Penny River.  They extend about 1.5 miles upstream and about 2.5 miles downstream from the mouth of Willow Creek (NM162).  The mouth of Willow Creek is 500 feet downstream from where the Nome-Teller r", "quad_250": "NM", "quad_63360": "C-2", "comm_main": "Au", "comm_other": null, "ore": "Gold", "gangue": null, "site_type": "Prospects", "status": "Probably inactive", "production": "Undetermined", "dep_model": "Alluvial placer Au (Cox and Singer, 1986; model 39a).", "model_code": "39a", "alteration": null, "geol_desc": "Penny River parallels or follows the Penny River fault over most of its length (Bundtzen and others, 1994), and several mineralized areas are present along or near this fault.  Although patented mining claims exist along this part of Penny River, there is", "work_expl": "Mining claims were staked in 1913 by Pioneer Mining Company and later assigned to the F.E. Company.  The claims were active from 1913 until 1978 (Heiner and Porter, 1972; Alaska Division of Geological and Geophysical Surveys, 1982).  There is no record of", "comments": null, "expand_ref": "Alaska Division of Geological and Geophysical Surveys, 1982, Mining claim location maps -- Nome quadrangle: Alaska Division of Geological and Geophysical Surveys, 8 p., 3 sheets, scales 1:63,360 and 1:250,000.|Bundtzen, T.K., Reger, R.D., Laird, G.M., Pin", "rept_names": "C.C. Hawley and Travis L. Hudson", "rept_date": "3/12/2000", "age": "Quaternary.", "rept_aff": "Hawley Resource Group, Inc.", "prod_notes": null, "reserves": null, "prime_ref": "Heiner and Porter, 1972", "latitude": 64.589836, "longitude": -165.659357, "datum": "WGS84", "source_datum": "NAD27 (EPSG:4267) reprojected to WGS84 (EPSG:4326)" }, "geometry": { "type": "Point", "coordinates": [ -165.659356504342782, 64.589835956001707 ] } },
{ "type": "Feature", "properties": { "ardf_num": "NM185", "mrds_num": "10307988", "site": "Russel Creek", "location": "One patented claim is reported on Russel Creek, the creek that enters the west side of Snake River between Monument Creek (NM172) and Sunset Creek (NM173).  The location is the approximate center of the patented claim, 0.9 mile north-northwest from where", "quad_250": "NM", "quad_63360": "C-2", "comm_main": "Au", "comm_other": null, "ore": "Gold", "gangue": null, "site_type": "Prospect", "status": "Probably inactive", "production": "Undetermined", "dep_model": "Alluvial placer Au (Cox and Singer, 1986, model 39a).", "model_code": "39a", "alteration": null, "geol_desc": "Russel Creek is a short and fairly steep creek between Monument Creek (NM172) and Sunset Creek (NM173), west tributaries to Snake River. One claim was located and patented (U.S. Mineral Survey No. 757) where the stream gradient decreases to approximate th", "work_expl": null, "comments": "Russel Creek was reported as being named by a prospector in 1900 (Orth, 1967).", "expand_ref": "Orth, D.J., 1967, Dictionary of Alaska place names:  U.S. Geological Survey Professional Paper 567, 1,084 p. (Reprinted in 1971 with minor revisions.)", "rept_names": "C.C. Hawley and Travis L. Hudson", "rept_date": "3/12/2000", "age": "Quaternary.", "rept_aff": "Hawley Resource Group, Inc.", "prod_notes": null, "reserves": null, "prime_ref": "This report", "latitude": 64.592839, "longitude": -165.515655, "datum": "WGS84", "source_datum": "NAD27 (EPSG:4267) reprojected to WGS84 (EPSG:4326)" }, "geometry": { "type": "Point", "coordinates": [ -165.515655301780072, 64.592838712366714 ] } },
{ "type": "Feature", "properties": { "ardf_num": "NM186", "mrds_num": "10307989", "site": "Twin Mountain", "location": "The Twin Mountain prospect  is at an elevation of  1,000 feet on the western headwater slope of Twin Mountains Creek valley, due west of the headwater drainage of Twin Mountains Creek.  The prospect is about 700 feet south of hill 1134, in the SW1/4 secti", "quad_250": "NM", "quad_63360": "C-1", "comm_main": "Ag, Au, Pb, Zn", "comm_other": null, "ore": "Arsenopyrite, boulangerite, galena, gold (?), hematite, limonite, pyrite, sphalerite", "gangue": "Albite, ankerite, quartz", "site_type": "Prospect", "status": "Probably inactive", "production": "None", "dep_model": "Low-sulfide Au-quartz veins (Cox and Singer, 1986; model 36a); massive quartz-sulfide masses in schist.", "model_code": "36a", "alteration": "Silicification, albitization, and some introduction of ankerite.", "geol_desc": "Mineral deposits at Twin Mountain consist of nearly stratabound zones of sulfidized schist flanked to the north by zones of nearly horizontal white quartz veins.  In plan, the deposit is at least 700 feet long, as much as 120 feet across in a north-south", "work_expl": "The prospect was found by following up a major soil geochemical survey by Kennecott Exploration Company mainly in 1992 and 1993.  The soil survey extended northerly from Monument Creek to Bangor Creek, a distance of about 6.5 miles, and was about 1 mile a", "comments": "The Twin Mountain deposit is similar to those at Alpha Ridge (NM171) and Goodluck Gulch (NM202).", "expand_ref": "Bundtzen, T.K., Reger, R.D., Laird, G.M., Pinney, D.S., Clautice, K.H., Liss, S.A., and Cruse, G.R., 1994, Progress report on the geology and mineral resources of the Nome mining district: Alaska Division of Geological and Geophysical Surveys, Public Data", "rept_names": "C.C. Hawley and Travis L. Hudson", "rept_date": "7/10/2000", "age": "Protolith ages of the enclosing schist is probably early Paleozoic (Till and others, 1986; Till and Dumoulin, 1994).  Some fissure-controlled gold quartz veins on the Seward Peninsula formed at about 109 Ma (Ford and Snee, 1996), but more age determinatio", "rept_aff": "Hawley Resource Group, Inc.", "prod_notes": null, "reserves": null, "prime_ref": "This report", "latitude": 64.676141, "longitude": -165.497564, "datum": "WGS84", "source_datum": "NAD27 (EPSG:4267) reprojected to WGS84 (EPSG:4326)" }, "geometry": { "type": "Point", "coordinates": [ -165.497563562400444, 64.676141117207877 ] } },
{ "type": "Feature", "properties": { "ardf_num": "NM187", "mrds_num": "10307990", "site": "Unnamed (west side of Twin Mountain Creek)", "location": "This prospect is at an elevation of about 1,000 feet on the west slope of Twin Mountains Creek valley, due west of the central part of Twin Mountain Creek. The prospect is in the NW1/4NW 1/4 section 33, T. 9 S., R. 34 W., Kateel River Meridian.  The vein", "quad_250": "NM", "quad_63360": "C-1", "comm_main": "Sb", "comm_other": "Ag, Au, Pb", "ore": "Galena, gold (?), stibnite", "gangue": "Quartz", "site_type": "Prospect", "status": "Inactive", "production": "None", "dep_model": "Simple Sb deposit (Cox and Singer, 1986; model 27d).", "model_code": null, "alteration": null, "geol_desc": "This prospect is on a simple quartz vein, as much as 3 feet thick and 600 feet long, that strikes northwest and dips steeply.  It cuts across the schistosity of the host micaceous calc-schist.  The vein contains as much as several percent of stibnite and", "work_expl": "The vein can be traced in outcrop or by float for a distance of about 600 feet.", "comments": null, "expand_ref": null, "rept_names": "C.C. Hawley and Travis L. Hudson", "rept_date": "7/10/2000", "age": "Mid-Cretaceous or younger; vein crosscuts rocks regionally metamorphosed in the mid-Cretaceous.", "rept_aff": "Hawley Resource Group, Inc.", "prod_notes": null, "reserves": null, "prime_ref": "This report", "latitude": 64.670541, "longitude": -165.502363, "datum": "WGS84", "source_datum": "NAD27 (EPSG:4267) reprojected to WGS84 (EPSG:4326)" }, "geometry": { "type": "Point", "coordinates": [ -165.502363043221891, 64.670540888242243 ] } },
{ "type": "Feature", "properties": { "ardf_num": "NM188", "mrds_num": "A012822", "site": "Ruby and Golconda", "location": "This prospect is at an elevation of about 900 feet on the divide between the headwaters of Twin Mountains Creek and Butterfield Canyon. The prospect is about one-quarter mile northwest of the Lilly prospect (NM189).  The location is near the center of sec", "quad_250": "NM", "quad_63360": "C-1", "comm_main": "Cu", "comm_other": null, "ore": "Azurite, chalcopyrite, limonite, malachite", "gangue": "Quartz", "site_type": "Prospect", "status": "Inactive", "production": "None", "dep_model": "Concordant copper-bearing quartz vein in schist.", "model_code": null, "alteration": "Oxidation.", "geol_desc": "Mertie (1918 [B 622-I, p. 442]) reported azurite and malachite in fractured quartz on the Ruby and Golconda claims at the head of Twin Mountains Creek.  A copper-bearing quartz vein located by Kennecott Exploration Company at the head of Twin Mountain Cre", "work_expl": "A short tunnel was reported but was not found by Mertie (1918) or  by C.C. Hawley in 1993.", "comments": "Sometimes confused with the nearby Lilly prospect (NM189).", "expand_ref": "Hummel, C.L., 1962, Preliminary geologic map of the Nome C-1 quadrangle, Seward Peninsula, Alaska:  U.S. Geological Survey Miscellaneous Field Studies Map MF-247, 1 sheet, scale 1:63,360.|Mertie, J.B., Jr., 1918, Lode mining and prospecting on Seward Peni", "rept_names": "C.C. Hawley and Travis L. Hudson", "rept_date": "7/10/2000", "age": "Pre-Late Cretaceous; possibly as old as early Paleozoic, the protolith age of the enclosing metamorphic rocks.", "rept_aff": "Hawley Resource Group, Inc.", "prod_notes": null, "reserves": null, "prime_ref": "Mertie, 1918", "latitude": 64.680641, "longitude": -165.485964, "datum": "WGS84", "source_datum": "NAD27 (EPSG:4267) reprojected to WGS84 (EPSG:4326)" }, "geometry": { "type": "Point", "coordinates": [ -165.485963897709553, 64.68064144581551 ] } },
{ "type": "Feature", "properties": { "ardf_num": "NM189", "mrds_num": "A012821", "site": "Lilly", "location": "The Lilly prospect is at an elevation of about 850 feet on the divide between the headwaters of Twin Mountains Creek and Bangor Creek.  It is about one-quarter mile south of hill 992, in the NW1/4SE1/4 section 28, T. 9 S., R. 34 W., of the Kateel River Me", "quad_250": "NM", "quad_63360": "C-1", "comm_main": "Au", "comm_other": null, "ore": "Arsenopyrite, gold (?), pyrite", "gangue": "Ankerite, quartz", "site_type": "Prospect", "status": "Inactive", "production": "None", "dep_model": "Low-sulfide Au-quartz veins (Cox and Singer, 1986; model 36a).", "model_code": "36a", "alteration": "Silicification; introduction of arsenopyrite into schist.", "geol_desc": "The Lilly prospect consists of pyrite and arsenopyrite in quartz veins and disseminated in silicified graphitic marble and schist near old prospect pits that probably are just east of the Rodine fault (Bundtzen and others, 1994).  Soil samples in the area", "work_expl": "Exploration includes early 1900's prospect pits and more than 2,000 feet of trenches cut here in 1991 by Kennecott Exploration Company.", "comments": null, "expand_ref": "Bundtzen, T.K., Reger, R.D., Laird, G.M., Pinney, D.S., Clautice, K.H., Liss, S.A., and Cruse, G.R., 1994, Progress report on the geology and mineral resources of the Nome mining district: Alaska Division of Geological and Geophysical Surveys, Public Data", "rept_names": "C.C. Hawley and Travis L. Hudson", "rept_date": "7/10/2000", "age": "Mid-Cretaceous or younger; postdates mid-Cretaceous regional metamorphism.", "rept_aff": "Hawley Resource Group, Inc.", "prod_notes": null, "reserves": null, "prime_ref": "This report", "latitude": 64.677741, "longitude": -165.479964, "datum": "WGS84", "source_datum": "NAD27 (EPSG:4267) reprojected to WGS84 (EPSG:4326)" }, "geometry": { "type": "Point", "coordinates": [ -165.479963538803304, 64.677741485645228 ] } },
{ "type": "Feature", "properties": { "ardf_num": "NM190", "mrds_num": "10307991", "site": "Unnamed (east flank of NorthTwin Mountain)", "location": "This small placer mine is at an elevation of about 350 to 600 feet in the headwaters of an unnamed, east-trending drainage on the northeast flank of Twin Mountain.  The site is 2,500 feet northeast of elevation 1140 on Twin Mountain and is located to with", "quad_250": "NM", "quad_63360": "C-1", "comm_main": "Au", "comm_other": null, "ore": "Gold", "gangue": "Quartz", "site_type": "Mine", "status": "Inactive", "production": "Yes; small", "dep_model": "Alluvial placer Au (Cox and Singer, 1986; model 39a).", "model_code": "39a", "alteration": null, "geol_desc": "A small hillside placer gold mine was worked by hand methods in the head of a gulch to the east and south of the Lilly lode (NM189). The gulch contains locally derived quartz boulders.  Although only low-grade material has been found at the Lilly and near", "work_expl": "Small hand workings are present in this gulch below the Lilly prospect.", "comments": null, "expand_ref": null, "rept_names": "C.C. Hawley and Travis L. Hudson", "rept_date": "7/10/2000", "age": "Quaternary.", "rept_aff": "Hawley Resource Group, Inc.", "prod_notes": null, "reserves": null, "prime_ref": "This report", "latitude": 64.674242, "longitude": -165.467863, "datum": "WGS84", "source_datum": "NAD27 (EPSG:4267) reprojected to WGS84 (EPSG:4326)" }, "geometry": { "type": "Point", "coordinates": [ -165.467863054158869, 64.674241624432327 ] } },
{ "type": "Feature", "properties": { "ardf_num": "NM191", "mrds_num": "D002576", "site": "Butterfield Canyon", "location": "Butterfield Canyon is a south tributary to Bangor Creek, a west tributary to Snake River.  The confluence of Butterfield Canyon and Bangor Creek is about 2.8 miles due west of the Snake River road.  The lower 2,000 feet of Butterfield Canyon has been plac", "quad_250": "NM", "quad_63360": "C-1", "comm_main": "Au", "comm_other": "W", "ore": "Gold, scheelite", "gangue": "Albite", "site_type": "Mine", "status": "Inactive", "production": "Yes; small", "dep_model": "Alluvial placer Au (Cox and Singer, 1986; model 39a).", "model_code": "39a", "alteration": null, "geol_desc": "Butterfield Creek has been placer mined for approximately 2,000 feet above its confluence with Bangor Creek (NM192).  The source of the placer gold appears to be lode deposits at an elevation of 400 to 500 feet southeast of the placer workings.  This zone", "work_expl": "Butterfield Creek was worked largely by hand methods above its confluence with Bangor Creek.  The creek was probably mined mainly before 1930.  In 1992, Kennecott Exploration Company mapped the geology and collected soil samples in the area and found an e", "comments": null, "expand_ref": "Bundtzen, T.K., Reger, R.D., Laird, G.M., Pinney, D.S., Clautice, K.H., Liss, S.A., and Cruse, G.R., 1994, Progress report on the geology and mineral resources of the Nome mining district: Alaska Division of Geological and Geophysical Surveys, Public Data", "rept_names": "C.C. Hawley and Travis L. Hudson", "rept_date": "7/10/2000", "age": "Quaternary.", "rept_aff": "Hawley Resource Group, Inc.", "prod_notes": null, "reserves": null, "prime_ref": "This report", "latitude": 64.688842, "longitude": -165.485365, "datum": "WGS84", "source_datum": "NAD27 (EPSG:4267) reprojected to WGS84 (EPSG:4326)" }, "geometry": { "type": "Point", "coordinates": [ -165.485364726709321, 64.688841661237447 ] } },
{ "type": "Feature", "properties": { "ardf_num": "NM192", "mrds_num": "A012890; D002574", "site": "Bangor Creek", "location": "Bangor Creek is an east-flowing tributary to Snake River; their confluence is about 1.2 miles due west of the Snake River road.  About 1.4 miles of Bangor Creek have been placer mined, from an elevation of about 175 feet at the edge of the Snake River flo", "quad_250": "NM", "quad_63360": "C-1", "comm_main": "Au", "comm_other": "Ag, W", "ore": "Gold, hematite, scheelite", "gangue": null, "site_type": "Mine", "status": "Inactive", "production": "Yes", "dep_model": "Alluvial placer Au (Cox and Singer, 1986; model 39a).", "model_code": "39a", "alteration": null, "geol_desc": "Bangor Creek was placer mined for about 1,500 feet above its confluence  with Butterfield Creek and for more than a mile below the confluence.  Mining probably began in Bangor Creek as early as 1906 (Brooks, 1911) and continued to 1914 when a 3.5 foot buc", "work_expl": "Bangor Creek was worked by surface or by shallow underground methods from at least 1910 until 1914, when a bucketline dredge was erected on the creek.  The grade of the placer reported in Moffit (1913) was 0.12 ounce of gold per cubic yard. The main perio", "comments": null, "expand_ref": "Brooks, A.H., 1911, The mining industry in 1910, in Brooks, A.K., and others, Mineral resources of Alaska, report on progress of investigations in 1910:  U.S. Geological Survey Bulletin 480-B p. 21-43.|Bundtzen, T.K., Reger, R.D., Laird, G.M., Pinney, D.S", "rept_names": "C.C. Hawley and Travis L. Hudson", "rept_date": "7/10/2000", "age": "Quaternary.", "rept_aff": "Hawley Resource Group, Inc.", "prod_notes": null, "reserves": null, "prime_ref": "Moffit, 1913", "latitude": 64.689042, "longitude": -165.468565, "datum": "WGS84", "source_datum": "NAD27 (EPSG:4267) reprojected to WGS84 (EPSG:4326)" }, "geometry": { "type": "Point", "coordinates": [ -165.468564568829578, 64.68904197991192 ] } },
{ "type": "Feature", "properties": { "ardf_num": "NM193", "mrds_num": "10307992", "site": "Jarosa Ridge", "location": "This prospect is at an elevation of about 1,150 feet on the ridge crest trending west from Jarosa Creek valley.  Jarosa Creek is a north tributary to Bangor Creek. The map location is in the SW1/4 section 16, T. 9 S., R. 34 W., Kateel River Meridian.  The", "quad_250": "NM", "quad_63360": "C-1", "comm_main": "Au", "comm_other": "As, Sb", "ore": "Arsenopyrite, gold (?), stibnite (?)", "gangue": "Quartz", "site_type": "Prospect", "status": "Inactive", "production": "None", "dep_model": "Possibly low sulfide, Au-quartz veins (Cox and Singer, 1986; model 36a).", "model_code": "36a?", "alteration": "Silicification.", "geol_desc": "This is an old prospect that has apparently not been previously reported.  Workings consist of at least six prospect pits or shallow shafts.  A local soil geochemical survey in the 1990's found as much as 990 ppb gold, greater than 10,000 ppm arsenic, and", "work_expl": "Six shallow shafts or prospect pits were dug before 1918, probably during the same period as prospecting near Twin Mountains Creek (Mertie, 1918 [B 662-I, p. 425-449]).  The area was mapped and a local soil geochemical survey completed by Kennecott Explor", "comments": null, "expand_ref": "Bundtzen, T.K., Reger, R.D., Laird, G.M., Pinney, D.S., Clautice, K.H., Liss, S.A., and Cruse, G.R., 1994, Progress report on the geology and mineral resources of the Nome mining district: Alaska Division of Geological and Geophysical Surveys, Public Data", "rept_names": "C.C. Hawley and Travis L. Hudson", "rept_date": "7/10/2000", "age": "Not known; probably mid-Cretaceous or younger, similar to other gold lodes near Nome.", "rept_aff": "Hawley Resource Group, Inc.", "prod_notes": null, "reserves": null, "prime_ref": "This report", "latitude": 64.704742, "longitude": -165.488066, "datum": "WGS84", "source_datum": "NAD27 (EPSG:4267) reprojected to WGS84 (EPSG:4326)" }, "geometry": { "type": "Point", "coordinates": [ -165.488066376739823, 64.704742007134314 ] } },
{ "type": "Feature", "properties": { "ardf_num": "NM194", "mrds_num": "10307993", "site": "Last Chance Creek (west bench)", "location": "This is a small bench placer mine located on the west side of Last Chance Creek, about 2,000 feet southwest of its confluence with North Fork Snake River.  It is included in locality 89 of Cobb (1972 [MF 463], 1978 [OFR 78-93]).  The map location is in th", "quad_250": "NM", "quad_63360": "C-1", "comm_main": "Au", "comm_other": "Ag", "ore": "Gold, hematite, magnetite, pyrite, scheelite", "gangue": null, "site_type": "Mine", "status": "Inactive", "production": "Yes; small", "dep_model": "Alluvial placer Au (Cox and Singer, 1986; model 39a).", "model_code": "39a", "alteration": null, "geol_desc": "A bench placer was mined about 500 to 600 feet west of Last Chance Creek, immediately above its confluence with North Fork.  The pit is oriented northeast, parallel to the modern drainage.  The placer was mined hydraulically to bedrock for a distance of a", "work_expl": "This small bench placer was mined hydraulically, probably before 1926.  Claims were located between 1906 and 1916; the claims were surveyed for patent in 1926, and most of the workings predate that year.", "comments": null, "expand_ref": "Bundtzen, T.K., Reger, R.D., Laird, G.M., Pinney, D.S., Clautice, K.H., Liss, S.A., and Cruse, G.R., 1994, Progress report on the geology and mineral resources of the Nome mining district: Alaska Division of Geological and Geophysical Surveys, Public Data", "rept_names": "C.C. Hawley and Travis L. Hudson", "rept_date": "7/10/2000", "age": "Quaternary.", "rept_aff": "Hawley Resource Group, Inc.", "prod_notes": null, "reserves": null, "prime_ref": "Moffit, 1913", "latitude": 64.720643, "longitude": -165.462168, "datum": "WGS84", "source_datum": "NAD27 (EPSG:4267) reprojected to WGS84 (EPSG:4326)" }, "geometry": { "type": "Point", "coordinates": [ -165.462167725082452, 64.720642887617799 ] } },
{ "type": "Feature", "properties": { "ardf_num": "NM195", "mrds_num": "A012825; A012815", "site": "Unnamed (lower Boulder Creek)", "location": "This prospect is at an elevation of about 175 feet on lower Boulder Creek, a west tributary to Snake River.  The prospect is near the edge of the Snake River flood plain and about 6,000 feet upstream from the mouth of Boulder Creek.  The map location is a", "quad_250": "NM", "quad_63360": "C-1", "comm_main": "Au", "comm_other": null, "ore": "Gold, limonite, pyrite", "gangue": "Quartz", "site_type": "Prospect", "status": "Inactive", "production": "Undetermined", "dep_model": "Low-sulfide Au-quartz veins (Cox and Singer, 1986; model 36a).", "model_code": "36a", "alteration": null, "geol_desc": "Auriferous quartz veins near the mouth of Boulder Creek were reported to contain 0.15 to 0.20 ounce of gold per ton (Collier and others, 1908, p. 196).  Mertie (1918) reported a gold-bearing quartz vein in the bed of Boulder Creek on placer claim No. 1 Be", "work_expl": "A short adit, now caved, was driven northeast on an iron-stained quartz vein.  This may be the same prospect as that reported by Collier and others (1908).", "comments": null, "expand_ref": "Cobb, E.H., 1972, Metallic mineral resources map of the Nome quadrangle, Alaska:  U.S. Geological Survey Miscellaneous Field Studies Map MF-463, 2 sheets, scale 1:250,000.|Cobb, E.H., 1978, Summary of references to mineral occurrences (other than mineral", "rept_names": "C.C. Hawley and Travis L. Hudson", "rept_date": "7/10/2000", "age": "Mid-Cretaceous or younger; postdates regional metamorphism of the host rocks.", "rept_aff": "Hawley Resource Group, Inc.", "prod_notes": null, "reserves": null, "prime_ref": "Collier and others, 1908", "latitude": 64.64334, "longitude": -165.49806, "datum": "WGS84", "source_datum": "NAD27 (EPSG:4267) reprojected to WGS84 (EPSG:4326)" }, "geometry": { "type": "Point", "coordinates": [ -165.498060232939395, 64.643340292490564 ] } },
{ "type": "Feature", "properties": { "ardf_num": "NM196", "mrds_num": "A012900", "site": "Alpha Creek", "location": "This small bench and alluvial placer gold mine is on Alpha Creek, a west tributary to Snake River.  Their confluence is 0.9 mile west-northwest of the Snake River road crossing of Lindblom Creek.  The main workings are where Alpha Creek enters the Snake R", "quad_250": "NM", "quad_63360": "C-1", "comm_main": "Au", "comm_other": null, "ore": "Gold", "gangue": null, "site_type": "Mine", "status": "Inactive", "production": "Yes; small", "dep_model": "Alluvial placer Au (Cox and Singer, 1986; model 36a); possibly partly residual.", "model_code": "39a", "alteration": null, "geol_desc": "The Alpha Creek placer deposit is on the flood plain of Snake River on the flank of the range of hills that extends from Monument Creek to Sledge Creek.   On the basis of the configuration of tailings, the placer deposit was surface mined by scraper and g", "work_expl": "The Alpha placer deposit was worked, probably by scraper and gin pole, before 1920 (Cathcart, 1922).  A reverse-circulation drill hole was completed near the ditch line above the placer by Kennecott Exploration Company in about 1994.  Samples from this ho", "comments": null, "expand_ref": "Bundtzen, T.K., Reger, R.D., Laird, G.M., Pinney, D.S., Clautice, K.H., Liss, S.A., and Cruse, G.R., 1994, Progress report on the geology and mineral resources of the Nome mining district: Alaska Division of Geological and Geophysical Surveys, Public Data", "rept_names": "C.C. Hawley and Travis L. Hudson", "rept_date": "7/10/2000", "age": "Quaternary.", "rept_aff": "Hawley Resource Group, Inc.", "prod_notes": null, "reserves": null, "prime_ref": "Cathcart, 1922", "latitude": 64.62554, "longitude": -165.496458, "datum": "WGS84", "source_datum": "NAD27 (EPSG:4267) reprojected to WGS84 (EPSG:4326)" }, "geometry": { "type": "Point", "coordinates": [ -165.496458410064889, 64.625539880646031 ] } },
{ "type": "Feature", "properties": { "ardf_num": "NM197", "mrds_num": "A012836", "site": "Gold Hill", "location": "This prospect is on the crest of hill 206, locally called Gold Hill, on the west side of Snake River between its tributaries Monument and Thompson Creeks.  The map location is near the center of section 21, T. 10 S., R. 34 W., Kateel River Meridian.  It i", "quad_250": "NM", "quad_63360": "C-1", "comm_main": "Ag, Au", "comm_other": "Sb", "ore": "Arsenopyrite, galena, gold (?), stibnite", "gangue": "Albite, quartz", "site_type": "Prospect", "status": "Inactive", "production": "None", "dep_model": "Low-sulfide Au-quartz veins (Cox and Singer, 1986; model 36a).", "model_code": "36a", "alteration": "Sulfidation and silicification.", "geol_desc": "The Gold Hill prospect is on a low bedrock hill tht is thinly covered by soil. Several subdued and sloughed prospect pits are near  the crest of the hill, and another pit is on the southeast flank of the hill just above Snake River.  Cathcart (1922, p. 24", "work_expl": "Cathcart (1922) reported as much as about 0.17 ounce of gold per ton in narrow vein zones.  Soil sampling, trenching, and drilling by Kennecott Exploration Co. in 1990 and 1991 found wide low-grade zones that appear to have been upgraded by secondary enri", "comments": null, "expand_ref": "Cathcart, S.H., 1922, Metalliferous lodes in southern Seward Peninsula:  U.S. Geological Survey Bulletin 722-F, p. 163-261.|Cobb, E.H., 1972, Metallic mineral resources map of the Nome quadrangle, Alaska:  U.S. Geological Survey Miscellaneous Field Studie", "rept_names": "C.C. Hawley and Travis L. Hudson", "rept_date": "7/10/2000", "age": "Mid-Cretaceous or younger; postdates regional metamorphism of the host rocks.", "rept_aff": "Hawley Resource Group, Inc.", "prod_notes": null, "reserves": null, "prime_ref": "This report", "latitude": 64.60654, "longitude": -165.481356, "datum": "WGS84", "source_datum": "NAD27 (EPSG:4267) reprojected to WGS84 (EPSG:4326)" }, "geometry": { "type": "Point", "coordinates": [ -165.481356325679712, 64.606539691540846 ] } },
{ "type": "Feature", "properties": { "ardf_num": "NM198", "mrds_num": "A012819; A012878", "site": "Pioneer Gulch", "location": "This partly residual, alluvial placer gold mine is in Pioneer Gulch, a small west tributary to upper Snake River on the east side of hill 1276.  The map site is in the NW1/4 section 23, T. 9 S., R. 34 W., Kateel River Meridian.  It includes localities 35", "quad_250": "NM", "quad_63360": "C-1", "comm_main": "Ag, Au", "comm_other": null, "ore": "Arsenopyrite, gold, pyrite", "gangue": "Calcite, quartz", "site_type": "Mine", "status": "Inactive", "production": "Yes; small", "dep_model": "Alluvial placer Au, in part residual, and low-sulfide Au-quartz veins (Cox and Singer, 1986; models 39a and 36a).", "model_code": "39a and 36A", "alteration": null, "geol_desc": "A partly residual alluvial gold placer was mined in Pioneer Gulch as early as 1903 (Collier and others, 1908).  Its discovery must have occurred early in the history of the Nome District because a 4.5 mile-long ditch had been constructed from Last Chance", "work_expl": "Surface mining of alluvial placer deposits commenced in 1903, and a residual placer deposit was mined by 1913.  Hard rock exploration, including at least one shaft, was reported by Cathcart (1922).", "comments": null, "expand_ref": "Bundtzen, T.K., Reger, R.D., Laird, G.M., Pinney, D.S., Clautice, K.H., Liss, S.A., and Cruse, G.R., 1994, Progress report on the geology and mineral resources of the Nome mining district: Alaska Division of Geological and Geophysical Surveys, Public Data", "rept_names": "C.C. Hawley and Travis L. Hudson", "rept_date": "7/10/2000", "age": "Quaternary; veins are mid-Cretaceous or younger because they cut schist metamorphosed in the mid-Cretaceous.", "rept_aff": "Hawley Resource Group, Inc.", "prod_notes": null, "reserves": null, "prime_ref": "Moffit, 1913", "latitude": 64.694543, "longitude": -165.423065, "datum": "WGS84", "source_datum": "NAD27 (EPSG:4267) reprojected to WGS84 (EPSG:4326)" }, "geometry": { "type": "Point", "coordinates": [ -165.423064645337178, 64.694542966488626 ] } },
{ "type": "Feature", "properties": { "ardf_num": "NM199", "mrds_num": "A012886", "site": "Grub Gulch", "location": "This placer gold mine is on Grub Gulch, an east tributary to lower Goldbottom Creek.  The mouth of Grub Gulch is about 1.5 miles upstream of the confluence of Goldbottom Creek and North Fork Snake River.  About 1,400 feet of Grub Gluch has been placer min", "quad_250": "NM", "quad_63360": "C-1", "comm_main": "Au", "comm_other": null, "ore": "Gold", "gangue": "Quartz", "site_type": "Mine", "status": "Inactive", "production": "Yes; small", "dep_model": "Alluvial placer Au (Cox and Singer, 1986; model 39a).", "model_code": "39a", "alteration": null, "geol_desc": "The lower half-mile or so of Grub Gulch, at surface elevations less than 300 feet, was placer mined by hand or horse-drawn scrapers and apparently worked out before 1905 (Collier and others, 1908; Moffit, 1913).  The pay streak was 40 feet wide and 5 to 6", "work_expl": "This placer deposit was worked by hand or horse-drawn scrapers mainly between 1903 and 1906.  The pay averaged about 0.18 ounce of gold per cubic yard.", "comments": null, "expand_ref": "Bundtzen, T.K., Reger, R.D., Laird, G.M., Pinney, D.S., Clautice, K.H., Liss, S.A., and Cruse, G.R., 1994, Progress report on the geology and mineral resources of the Nome mining district: Alaska Division of Geological and Geophysical Surveys, Public Data", "rept_names": "C.C. Hawley and Travis L. Hudson", "rept_date": "7/10/2000", "age": "Quaternary.", "rept_aff": "Hawley Resource Group, Inc.", "prod_notes": null, "reserves": null, "prime_ref": "This report", "latitude": 64.718744, "longitude": -165.389267, "datum": "WGS84", "source_datum": "NAD27 (EPSG:4267) reprojected to WGS84 (EPSG:4326)" }, "geometry": { "type": "Point", "coordinates": [ -165.38926675345968, 64.718744201435342 ] } },
{ "type": "Feature", "properties": { "ardf_num": "NM200", "mrds_num": "A012889; D002579", "site": "Seattle Creek", "location": "This small placer mine is on Seattle Creek, a small southwest-flowing tributary to Snake River.   A small amount of placer mining has taken place upstream of the Snake River road crossing of Seattle Creek. The map location is near the center of section 24", "quad_250": "NM", "quad_63360": "C-1", "comm_main": "W", "comm_other": "Au", "ore": "Scheelite", "gangue": null, "site_type": "Mine", "status": "Inactive", "production": "Yes; small", "dep_model": "Alluvial placer containing scheelite and gold (Cox and Singer, 1986; model 39a).", "model_code": "39a", "alteration": null, "geol_desc": "Seattle Creek was examined during WW II and found to contain possibly important amounts of placer scheelite (Coats, 1944).  Bedrock in the area includes graphitic mica schist, marble, and calc-muscovite schist, units that are probably of early Paleozoic p", "work_expl": "About 300 feet of upper Seattle Creek was worked by shovel-in methods.", "comments": null, "expand_ref": "Bundtzen, T.K., Reger, R.D., Laird, G.M., Pinney, D.S., Clautice, K.H., Liss, S.A., and Cruse, G.R., 1994, Progress report on the geology and mineral resources of the Nome mining district: Alaska Division of Geological and Geophysical Surveys, Public Data", "rept_names": "C.C. Hawley and Travis L. Hudson", "rept_date": "7/10/2000", "age": "Quaternary.", "rept_aff": "Hawley Resource Group, Inc.", "prod_notes": null, "reserves": null, "prime_ref": "This report", "latitude": 64.695344, "longitude": -165.386164, "datum": "WGS84", "source_datum": "NAD27 (EPSG:4267) reprojected to WGS84 (EPSG:4326)" }, "geometry": { "type": "Point", "coordinates": [ -165.386164333006434, 64.695343675279787 ] } },
{ "type": "Feature", "properties": { "ardf_num": "NM201", "mrds_num": "A012891; D002577", "site": "Divining Creek", "location": "This alluvial gold placer prospect is on Divining Creek, a small east tributary to Snake River.  This locality is upstream of the Snake River road crossing of Divining Creek and 1.6 miles north-northwest of Mount Byrnteson.  The map location is in the NW1", "quad_250": "NM", "quad_63360": null, "comm_main": "Au, W", "comm_other": null, "ore": "Gold, scheelite", "gangue": null, "site_type": "Prospect", "status": "Inactive", "production": "Undetermined.", "dep_model": "Alluvial placer Au and scheelite deposit (Cox and Singer, 1986; model 39a).", "model_code": "39a", "alteration": null, "geol_desc": "Divining Creek reportedly contains small amounts of placer gold and scheelite in 5- to 6-foot-thick gravels that are as much as 125 feet wide and extend along about 4,000 feet of the creek (Thorne and others, 1948).  There is no reported mining.  Bedrock", "work_expl": "There are no reported workings or mining on Divining Creek.", "comments": null, "expand_ref": "Bundtzen, T.K., Reger, R.D., Laird, G.M., Pinney, D.S., Clautice, K.H., Liss, S.A., and Cruse, G.R., 1994, Progress report on the geology and mineral resources of the Nome mining district: Alaska Division of Geological and Geophysical Surveys, Public Data", "rept_names": "C.C. Hawley and Travis L. Hudson", "rept_date": "7/10/2000", "age": "Quaternary.", "rept_aff": "Hawley Resource Group, Inc.", "prod_notes": null, "reserves": null, "prime_ref": "Thorne and others, 1948", "latitude": 64.656942, "longitude": -165.425061, "datum": "WGS84", "source_datum": "NAD27 (EPSG:4267) reprojected to WGS84 (EPSG:4326)" }, "geometry": { "type": "Point", "coordinates": [ -165.425060839935242, 64.656941992978091 ] } },
{ "type": "Feature", "properties": { "ardf_num": "NM202", "mrds_num": "A012826", "site": "Goodluck Gulch", "location": "Goodluck Gulch is on the low slopes along the east side of Snake River, 1,400 feet due west of the Snake River road and 1.8 miles northwest of Mount Byrnteson.  The map location is in the SW1/4 section 3, T. 10 S., R. 34 W., Kateel River Meridian.  This i", "quad_250": "NM", "quad_63360": "C-1", "comm_main": "Au", "comm_other": "Ag, W", "ore": "Arsenopyrite, galena, gold, pyrite, scheelite", "gangue": "Albite, calcite, quartz", "site_type": "Prospect", "status": "Inactive", "production": "None", "dep_model": "Low-sulfide Au-quartz veins (Cox and Singer, 1986; model 36a); a residual gold placer is also developed on the lode.", "model_code": "36a", "alteration": "Albitization and sulfidization, including dissemination of arsenopyrite in schist prior to development of northeast-striking sheeted veins.", "geol_desc": "A deposit at Goodluck Gulch, approximately located by Hummel (locality 4, 1962 [MF 247]) was relocated by Kennecott Exploration Company in 1995.  It apparently was first reported by Moffit (1913, p. 131) who noted: 'A large amount of highly mineralized qu", "work_expl": "Cathcart (1922) reported that pits and short trenches were present on the property.  In 1995, Kennecott Exploration Company explored the area with about 1,000 feet of backhoe trenches and diamond core holes; maximum gold grades were a few hundreths of an", "comments": "There has probably been a very small amount of gold production from the residual placer.  Cathcart (1922) reported sacked ore or concentrates on the property.", "expand_ref": "Bundtzen, T.K., Reger, R.D., Laird, G.M., Pinney, D.S., Clautice, K.H., Liss, S.A., and Cruse, G.R., 1994, Progress report on the geology and mineral resources of the Nome mining district: Alaska Division of Geological and Geophysical Surveys, Public Data", "rept_names": "C.C. Hawley and Travis L. Hudson", "rept_date": "7/10/2000", "age": "Probably mid-Cretaceous or younger, the time of regional metamorphism of the enclosing schist.  Fold-controlled mineralization at Goodluck Gulch is assumed to be somewhat older than sheeted veins developed at Rock Creek (NM207).", "rept_aff": "Hawley Resource Group, Inc.", "prod_notes": null, "reserves": null, "prime_ref": "This report", "latitude": 64.643941, "longitude": -165.46176, "datum": "WGS84", "source_datum": "NAD27 (EPSG:4267) reprojected to WGS84 (EPSG:4326)" }, "geometry": { "type": "Point", "coordinates": [ -165.461759909417509, 64.643940984947392 ] } },
{ "type": "Feature", "properties": { "ardf_num": "NM203", "mrds_num": "A012894; D002582", "site": "Balto Creek (Marcus; Hunch; Agnes Association)", "location": "This alluvial placer gold mine is on Balto Creek, an east tributary to Snake River.  Placer mining has taken place upstream of the Snake River road crossing and about 1.5 miles west-northwest of Mount Byrnteson.  The map location is in the W1/2 section 10", "quad_250": "NM", "quad_63360": "C-1", "comm_main": "Au", "comm_other": "W", "ore": "Gold, scheelite", "gangue": null, "site_type": "Mine", "status": "Probably inactive", "production": "Yes; small", "dep_model": "Alluvial placer Au  (Cox and Singer, 1986; model 39a).", "model_code": "39a", "alteration": null, "geol_desc": "Some placer gold mining occurred on Balto Creek in the early 1900s(Collier and others, 1908; Chapin, 1914 [B 592-L, p. 397-407]).  The gold-bearing gravels were as much as 25 feet wide, 4 to 5 feet thick, and extended along the creek for about one-half mi", "work_expl": "Some small surface placer mine workings are present.", "comments": null, "expand_ref": "Bundtzen, T.K., Reger, R.D., Laird, G.M., Pinney, D.S., Clautice, K.H., Liss, S.A., and Cruse, G.R., 1994, Progress report on the geology and mineral resources of the Nome mining district: Alaska Division of Geological and Geophysical Surveys, Public Data", "rept_names": "C.C. Hawley and Travis L. Hudson", "rept_date": "7/10/2000", "age": "Quaternary.", "rept_aff": "Hawley Resource Group, Inc.", "prod_notes": null, "reserves": null, "prime_ref": "Moffit, 1913", "latitude": 64.635241, "longitude": -165.456159, "datum": "WGS84", "source_datum": "NAD27 (EPSG:4267) reprojected to WGS84 (EPSG:4326)" }, "geometry": { "type": "Point", "coordinates": [ -165.456158967089948, 64.635240873441759 ] } },
{ "type": "Feature", "properties": { "ardf_num": "NM204", "mrds_num": "A012829; D002588; A012895", "site": "Prospect Creek", "location": "This small alluvial placer gold mine is on Prospect Creek, a small east tributary to Snake River.  This placer is upstream of the Snake River road crossing of Prospect Creek and 1.5 miles west-southwest of Mount Byrnteson.  The map site is in the south-ce", "quad_250": "NM", "quad_63360": "C-1", "comm_main": "Au, Bi (?), Cu (?), Pb, W", "comm_other": null, "ore": "Galena, gold, scheelite", "gangue": "Quartz", "site_type": "Mine", "status": "Inactive", "production": "Yes; small", "dep_model": "Polymetallic vein(?); alluvial placer Au (Cox and Singer, 1986; models 22c and 39a).", "model_code": "22c? and 39a", "alteration": null, "geol_desc": "Small amounts of placer gold and scheelite occur in Prospect Creek gravels (Anderson, 1947; Thorne and others, 1948).  One claim (the Terri) was surveyed for patent in 1976, and patent was granted in 1977 (U.S. Mineral Survey No. 2270.  The Terri claim an", "work_expl": "One pit was mined on the upper Terri claim, possibly in the 1960s or 1970s.  The claim was patented in 1977.", "comments": null, "expand_ref": "Anderson, Eskil, 1947, Mineral occurrences other than gold deposits in northwestern Alaska: Alaska Territorial Division of Mines Pamphlet 5-R, 48 p.|Bundtzen, T.K., Reger, R.D., Laird, G.M., Pinney, D.S., Clautice, K.H., Liss, S.A., and Cruse, G.R., 1994,", "rept_names": "C.C. Hawley and Travis L. Hudson", "rept_date": "7/10/2000", "age": "The placer deposit is Quaternary.  The vein cuts schist metamorphosed during the mid-Cretaceous.", "rept_aff": "Hawley Resource Group, Inc.", "prod_notes": null, "reserves": null, "prime_ref": "Anderson, 1947", "latitude": 64.629741, "longitude": -165.454358, "datum": "WGS84", "source_datum": "NAD27 (EPSG:4267) reprojected to WGS84 (EPSG:4326)" }, "geometry": { "type": "Point", "coordinates": [ -165.454358390155647, 64.6297407705339 ] } },
{ "type": "Feature", "properties": { "ardf_num": "NM205", "mrds_num": "A012896; D002587", "site": "Lindblom Creek", "location": "This alluvial placer gold mine is on Lindblom Creek, an east tributary to Snake River.  The placer is upstream of the Snake River road crossing of Lindblom Creek and 1.5 miles south-southwest of Mount Byrnteson.  This is locality 97 of Cobb (1972 [MF 463]", "quad_250": "NM", "quad_63360": "C-1", "comm_main": "Au", "comm_other": "W", "ore": "Arsenopyrite, gold, scheelite", "gangue": "Quartz", "site_type": "Mine", "status": "Inactive", "production": "Yes; small", "dep_model": "Alluvial placer gold deposit probably in part developed as a residual placer on sulfidized (arsenopyrite) schist. (Cox and Singer, 1986; model 39a).", "model_code": "39a", "alteration": "Sulfidization of bedrock schist.", "geol_desc": "Small amounts of placer gold and scheelite are present on Lindblom Creek.  Some placer gold was produced from 4- to 5-foot-thick gravels in the narrow, 25-foot-wide part of the upper creek (Collier and others, 1908; Moffit, 1913).  Some scheelite-bearing", "work_expl": "Some small-scale surface placer mine workings are present.", "comments": null, "expand_ref": "Anderson, Eskil, 1947, Mineral occurrences other than gold deposits in northwestern Alaska: Alaska Territorial Division of Mines Pamphlet 5-R, 48 p.|Bundtzen, T.K., Reger, R.D., Laird, G.M., Pinney, D.S., Clautice, K.H., Liss, S.A., and Cruse, G.R., 1994,", "rept_names": "C.C. Hawley and Travis L. Hudson", "rept_date": "7/10/2000", "age": "Quaternary.", "rept_aff": "Hawley Resource Group, Inc.", "prod_notes": null, "reserves": null, "prime_ref": "Moffit, 1913", "latitude": 64.621441, "longitude": -165.445557, "datum": "WGS84", "source_datum": "NAD27 (EPSG:4267) reprojected to WGS84 (EPSG:4326)" }, "geometry": { "type": "Point", "coordinates": [ -165.445557455457731, 64.621440728850288 ] } },
{ "type": "Feature", "properties": { "ardf_num": "NM206", "mrds_num": "10307994", "site": "Unnamed (Lindblom Pit lode and lode on Byron Association Placer claim, U.S. Mineral Survey No. 1835)", "location": "This prospect is on the lower southwest slopes of Mount Byrnteson between Lindblom Creek and Rock Creek.  The map site is  on the northeast end line of a patented claim (U. S Mineral Survey 1835), in the SE1/4 section 15, T. 10 S., R. 34 W., Kateel River", "quad_250": "NM", "quad_63360": "C-1", "comm_main": "Au", "comm_other": "Ag, Pb, Zn", "ore": "Arsenopyrite, galena, gold, pyrite, sphalerite", "gangue": "Albite, calcite, quartz", "site_type": "Prospect", "status": "Active?", "production": "None", "dep_model": "Low-sulfide Au-quartz veins (Cox and Singer, 1986; model 36a).", "model_code": "36a", "alteration": "Albitization, silicification, and sulfidization.", "geol_desc": "The informally named Lindblom Pit prospect crops out and is exposed in trenches between elevations of about 300 to 400 feet on the hill slope between Lindblom and Rock Creeks. The deposit consists of sulfide-bearing sheeted quartz veins that cut pelitic s", "work_expl": "Prospect pits, small trenches, and drill holes have explored this prospect.  It is within a large soil geochemical anomaly characterized by high arsenic content.  An association placer claim was located in 1908 and was patented by Elizabeth Joliffe in 192", "comments": null, "expand_ref": "Anderson, Eskil, 1947, Mineral occurrences other than gold deposits in northwestern Alaska: Alaska Territorial Division of Mines Pamphlet 5-R, 48 p.|Bundtzen, T.K., Reger, R.D., Laird, G.M., Pinney, D.S., Clautice, K.H., Liss, S.A., and Cruse, G.R., 1994,", "rept_names": "C.C. Hawley and Travis L. Hudson", "rept_date": "7/10/2000", "age": "Probably mid-Cretaceous or younger, the time of regional metamorphism of the host rocks.", "rept_aff": "Hawley Resource Group, Inc.", "prod_notes": null, "reserves": null, "prime_ref": "This report", "latitude": 64.618241, "longitude": -165.438957, "datum": "WGS84", "source_datum": "NAD27 (EPSG:4267) reprojected to WGS84 (EPSG:4326)" }, "geometry": { "type": "Point", "coordinates": [ -165.438957061202103, 64.618240772647241 ] } },
{ "type": "Feature", "properties": { "ardf_num": "NM207", "mrds_num": "D002590; A012834", "site": "Rock Creek (lode); Nugent", "location": "The Rock Creek lode prospect  extends for a strike distance of at least 1,000 feet in the Rock Creek valley above the confluence of Rock Creek and Sophie Gulch (NM208).  The coordinates are at about the midpoint of the deposit, about 1.4 miles southwest o", "quad_250": "NM", "quad_63360": "C-1", "comm_main": "Au", "comm_other": "Ag, Pb, Sb, W, Zn", "ore": "Arsenopyrite, boulangerite, galena, gold, hematite, limonite, pyrite, scheelite, stibnite, sphalerite", "gangue": "Albite, ankerite, calcite, quartz", "site_type": "Prospect", "status": "Active", "production": "Undetermined", "dep_model": "Low-sulfide Au-quartz veins (Cox and Singer, 1986; model 36a)", "model_code": "36a", "alteration": "Early alteration consists of locally extensive albitization and sulfidization (introduction of arsenopyrite; late alteration consists of minor sericitization and albitization along with introduction of sheeted veins; and local development of ankerite.", "geol_desc": "Gold-bearing, northeast-striking quartz veins in schist were known on Rock Creek by 1903 (Collier and others, 1908).  Sheeted veins were later described, massive veins were locally worked, and some residual placer gold and scheelite were produced from wea", "work_expl": "Gold-bearing, northeast-striking quartz veins in schist were known on Rock Creek by 1903 (Collier and others, 1908).  Sheeted veins were later described, massive veins were locally worked, and some residual placer gold and scheelite were produced from wea", "comments": null, "expand_ref": "Amato, J.M., and Wright, J.E., 1997, Potassic mafic magmatism in the Kigluaik gneiss dome, northern Alaska--A geochemical study of arc magmatism in an extensional tectonic setting: Journal of Geophysical Research, v. B102, no. 4, p. 8065-8084.|Amato, J.M.", "rept_names": "C.C. Hawley (Hawley Resources Group, Inc.) and Travis L. Hudson (Applied Geology, Inc.)", "rept_date": "10/10/2005", "age": "Mid-Creatceous.  The country rocks are part of the Nome Group derived from Proterozoic to lower Paleozoic protoliths (Till and Dumoulin, 1994). The Nome Group underwent regional blueschist facies metamorphism in the Late Jurassic or Early Cretaceous (Sain", "rept_aff": null, "prod_notes": null, "reserves": "As of March 28, 2007,  NovaGold Resources Inc. (2007, Reserve) reported the resources at Rock Creek as 9.6 million tonnes of measured and indicated reserves with an average grade of 1.31 grams of gold per ton.", "prime_ref": "This report", "latitude": 64.614041, "longitude": -165.420856, "datum": "WGS84", "source_datum": "NAD27 (EPSG:4267) reprojected to WGS84 (EPSG:4326)" }, "geometry": { "type": "Point", "coordinates": [ -165.420856443569249, 64.614041006219551 ] } },
{ "type": "Feature", "properties": { "ardf_num": "NM208", "mrds_num": "A012888; D002593; A012899", "site": "Sophie Gulch (Rock Creek)", "location": "Sophie Gulch is a small east tributary to Rock Creek that enters Rock Creek at an elevation of about 230 feet and about 0.85 mile northeast of the Rock Creek crossing of the Snake River road.  Sophie Gulch was included in localities 43 and 98 of Cobb (197", "quad_250": "NM", "quad_63360": "C-1", "comm_main": "Au, W", "comm_other": "Pb", "ore": "Arsenopyrite, galena, gold, hematite, pyrite, scheelite", "gangue": "Albite, calcite, quartz", "site_type": "Mine", "status": "Active", "production": "Yes; small", "dep_model": "Low-sulfide Au-quartz veins (Cox and Singer, 1986; model 36a); residual scheelite placer.", "model_code": "36a", "alteration": "Silicification, albitization, sulfidization, and oxidation of arsenopyrite to hematite.", "geol_desc": "Sophie Gulch was placer mined for tungsten (scheelite) in 1916 (Mertie, 1918 [B 662-I, p. 457]); presumably some gold was also recovered.  The mine location was about 300 feet above the point where Sophie Gulch enters the flood plain of Rock Creek.  The t", "work_expl": "A placer deposit on Sophie Gulch was discovered early in the history of the Nome district.  The patent plat issued for No. 1 Sophie Gulch Placer (U.S. Mineral Survey No. 721) shows three cuts in Sophie Gulch itself and a shaft on bedrock north of the gulc", "comments": "In 1944, the unweathered material was too low grade to mine for tungsten (Coats, 1944, p. 3).", "expand_ref": "Cathcart, S.H., 1922, Metalliferous lodes in southern Seward Peninsula:  U.S. Geological Survey Bulletin 722-F, p. 163-261.|Coats, R.R., 1944, Lode scheelite occurrences of the Nome area:  U.S. Geological Survey Open-File Report 17, 6 p.|Cobb, E.H., 1972,", "rept_names": "C.C. Hawley and Travis L. Hudson", "rept_date": "7/10/2000", "age": "Mid-Cretaceous; veins cut regionally metamorphosed schist; see NM207.", "rept_aff": "Hawley Resource Group, Inc.", "prod_notes": "Small production at Sophie Gulch began prior to 1916; it was mined extensively in 1916, mainly for tungsten.  About 4,000 to 5,000 cubic yards of scheelite-bearing material were processed in 1916 (Mertie, 1918 [B 662-I, p. 425-449]; Coats, 1944; Thorne an", "reserves": null, "prime_ref": "This report", "latitude": 64.613041, "longitude": -165.418456, "datum": "WGS84", "source_datum": "NAD27 (EPSG:4267) reprojected to WGS84 (EPSG:4326)" }, "geometry": { "type": "Point", "coordinates": [ -165.418456316803884, 64.613041026204954 ] } },
{ "type": "Feature", "properties": { "ardf_num": "NM209", "mrds_num": "A012897", "site": "Rock Creek (placer)", "location": "Rock Creek is a southwest-flowing tributary of Snake River with headwaters on the south flank of Mount Brynteson.  Placer workings are present along about 1.5 miles of  Rock Creek; the approximate midpoint of the workings are in the NW1/4 section 23, T. 1", "quad_250": "NM", "quad_63360": "C-1", "comm_main": "Au", "comm_other": "Ag", "ore": "Gold, limonite, magnetite, scheelite", "gangue": "Garnet", "site_type": "Mine", "status": "Inactive", "production": "Yes", "dep_model": "Alluvial placer Au (Cox and Singer, 1986; model 39a).", "model_code": "39a", "alteration": null, "geol_desc": "The main Rock Creek placer deposit is an alluvial placer developed in the flood plain of modern Rock Creek.  The deposit was discovered by Lindeberg, Lindblom, and Brynetson in the fall of 1898 within a few days or weeks of the discovery of the Anvil Cree", "work_expl": "The placer deposit in Rock Creek was discovered in the fall of 1898 by the pioneers of the Nome district, Jafet Lindeberg, Erik O. Lindblom, and John Brynetson.  The discovery claim was named Francisco.  Claims extended upstream to the 6 Above claim, abou", "comments": null, "expand_ref": "Anderson, Eskil, 1947, Mineral occurrences other than gold deposits in northwestern Alaska: Alaska Territorial Division of Mines Pamphlet 5-R, 48 p.|Cathcart, S.H., 1920, Mining in northwestern Alaska:  U.S. Geological Survey Bulletin 712-G, p. 185-198.|C", "rept_names": "C.C. Hawley and Travis L. Hudson", "rept_date": "7/10/2000", "age": "Quaternary.", "rept_aff": "Hawley Resource Group, Inc.", "prod_notes": "Estimated total production was about 30,000 ounces of gold.", "reserves": null, "prime_ref": "Collier and others, 1908", "latitude": 64.610941, "longitude": -165.419956, "datum": "WGS84", "source_datum": "NAD27 (EPSG:4267) reprojected to WGS84 (EPSG:4326)" }, "geometry": { "type": "Point", "coordinates": [ -165.419956120140569, 64.610940946166252 ] } },
{ "type": "Feature", "properties": { "ardf_num": "NM210", "mrds_num": "10307995", "site": "Rock Creek (bench placer)", "location": "This locality is a bench placer on the crest of a low knoll locally called Arsenic Hill on the west side of Rock Creek at an elevation of about 230 feet.  It is 3,000 feet due east of the Snake River road.  The deposit is accurately located in the NW1/4 s", "quad_250": "NM", "quad_63360": "C-1", "comm_main": "Au", "comm_other": "Ag, W (?)", "ore": "Gold, scheelite (?)", "gangue": null, "site_type": "Mine", "status": "Inactive", "production": "Yes; small", "dep_model": "Alluvial placer Au (Cox and Singer, 1986; model 39a).", "model_code": "39a", "alteration": null, "geol_desc": "An elevated alluvial (bench) placer is partly preserved west of Rock Creek on the south part of Arsenic Hill.  The base of the channel is at an elevation of about 220 feet, or about  20 feet higher than the base of the alluvium in modern Rock Creek to the", "work_expl": "The elevated channel was mined hydraulically and from shallow underground workings, probably before 1920.", "comments": null, "expand_ref": "Metcalfe, J.B., and Tuck, Ralph, 1942, Placer gold deposits of the Nome district, Alaska:  Report for U.S. Smelting, Refining, and Mining Co., 175 p.", "rept_names": "C.C. Hawley and Travis L. Hudson", "rept_date": "7/10/2000", "age": "Pleistocene.", "rept_aff": "Hawley Resource Group, Inc.", "prod_notes": null, "reserves": "A small reserve is probably present.", "prime_ref": "This report", "latitude": 64.612541, "longitude": -165.425456, "datum": "WGS84", "source_datum": "NAD27 (EPSG:4267) reprojected to WGS84 (EPSG:4326)" }, "geometry": { "type": "Point", "coordinates": [ -165.425456340570122, 64.612540883214223 ] } },
{ "type": "Feature", "properties": { "ardf_num": "NM211", "mrds_num": "A012831", "site": "Albion", "location": "The Albion lode prospect is in the headwaters of Rock Creek near the mouth of Albion Creek, a south-southwest flowing tributary of Rock Creek that enters Rock Creek at an elevation of about 400 feet.  The map location is in the SE1/4 section 14, T. 10 S.,", "quad_250": "NM", "quad_63360": "C-1", "comm_main": "Au", "comm_other": "Ag", "ore": "Gold", "gangue": "Quartz", "site_type": "Prospect", "status": "Undetermined", "production": "No", "dep_model": "Low-sulfide Au-quartz veins (Cox and Singer, 1986; model 36a).", "model_code": "36a", "alteration": "Silicification.", "geol_desc": "The Albion deposit originally was developed by a shaft reportedly on the north side of Albion Creek (Cathcart, 1922, p. 247), possibly on a bench claim originally located in 1900.  This claim was surveyed and patented by Daniel B. Camp in 1908 and called", "work_expl": "The Albion deposit probably was discovered and claimed by Daniel B. Camp around 1900; the claim, called a right-limit bench, was patented in 1908 (U.S. Mineral Survey No. 332). The plat shows the location of three shafts, but it does not indicate whether", "comments": null, "expand_ref": "Cathcart, S.H., 1922, Metalliferous lodes in southern Seward Peninsula:  U.S. Geological Survey Bulletin 722-F, p. 163-261.|Cobb, E.H., 1972, Metallic mineral resources map of the Nome quadrangle, Alaska:  U.S. Geological Survey Miscellaneous Field Studie", "rept_names": "C.C. Hawley and Travis L. Hudson", "rept_date": "7/10/2000", "age": "Mid-Cretaceous; veins cross cut regionally metamorphosed schist; see NM207.", "rept_aff": "Hawley Resource Group, Inc.", "prod_notes": null, "reserves": null, "prime_ref": "This report", "latitude": 64.619041, "longitude": -165.410357, "datum": "WGS84", "source_datum": "NAD27 (EPSG:4267) reprojected to WGS84 (EPSG:4326)" }, "geometry": { "type": "Point", "coordinates": [ -165.410356838300999, 64.61904132609645 ] } },
{ "type": "Feature", "properties": { "ardf_num": "NM212", "mrds_num": "10307996", "site": "Unnamed (lode in Calle Creek area)", "location": "Calle Creek is an ephemeral northwest-flowing creek that enters upper Rock Creek at an elevation of 310 feet approximately 1,700 feet northeast of Rock Creek's confluence with Sophie Gulch. The name is used on old maps of the Rock Creek area, but it is no", "quad_250": "NM", "quad_63360": "C-1", "comm_main": "Au", "comm_other": "Ag", "ore": "Gold", "gangue": "Quartz", "site_type": "Prospect", "status": "Active?", "production": "None", "dep_model": "Low sulfide Au-quartz veins (Cox and Singer, 1986; model 36a).", "model_code": "36a", "alteration": null, "geol_desc": "The mineralized Calle Creek fault subcrops about 350 southeast of Rock Creek and can be traced, mainly in drill holes, for at least 1,200 feet nearly parallel to the creek.  It strikes about N 45 E, dips steeply to the northwest, and ranges from 20 to 50", "work_expl": "The area was extensively drilled by Placer Dome in 1987 and 1988; further drilling was done by Kennecott Exploration in 1994.  The Rock Creek area is currently (May, 2000) being explored by Novagold Resources.", "comments": null, "expand_ref": null, "rept_names": "C.C. Hawley and Travis L. Hudson", "rept_date": "7/10/2000", "age": "Mid-Cretaceous; veins cross cut regionally metamorphosed schist; see NM207.", "rept_aff": "Hawley Resource Group, Inc.", "prod_notes": null, "reserves": null, "prime_ref": "This report", "latitude": 64.617041, "longitude": -165.413157, "datum": "WGS84", "source_datum": "NAD27 (EPSG:4267) reprojected to WGS84 (EPSG:4326)" }, "geometry": { "type": "Point", "coordinates": [ -165.413156665509433, 64.617041224258855 ] } },
{ "type": "Feature", "properties": { "ardf_num": "NM213", "mrds_num": "A012833", "site": "Reinisch (Arsenic Hill)", "location": "This lode prospect is on the same low knoll, locally called Arsenic Hill, along the west side of Rock Creek as the Rock Creek bench placer (NM210).  Cathcart (1922, p. 245) described the location as opposite the mouth of Sophie Gulch. It is 3,400 feet due", "quad_250": "NM", "quad_63360": "C-1", "comm_main": "Au", "comm_other": "Ag", "ore": "Arsenopyrite, gold, hematite, limonite, pyrite, scorodite", "gangue": "Albite, calcite, graphitic carbon, quartz", "site_type": "Prospect", "status": "Active?", "production": "Undetermined", "dep_model": "Low-sulfide Au-quartz veins (Cox and Singer, 1986; model 36a).", "model_code": "36a", "alteration": "Albitization; sulfidization (especially introduction of arsenopyrite); and oxidation of arsenopyrite.", "geol_desc": "Cathcart (1922, p. 245) reported free gold in vuggy crystalline quartz in  quartz-muscovite-graphite schist at this locality, which he described as a hydraulic pit (Reinisch) on a bench opposite Sophie Gulch.  In recent years this bench has been called Ar", "work_expl": "Placer gold was produced from the elevated bench deposit on the south end of the ridge (NM210);  badly sloughed pits and shallow trenches reflect exploration before about 1920.  The area has been explored, especially by trenching, sequentially since the 1", "comments": null, "expand_ref": "Cathcart, S.H., 1922, Metalliferous lodes in southern Seward Peninsula:  U.S. Geological Survey Bulletin 722-F, p. 163-261.|Cobb, E.H., 1978, Summary of references to mineral occurrences (other than mineral fuels and construction materials) in the Nome qu", "rept_names": "C.C. Hawley and Travis L. Hudson", "rept_date": "7/10/2000", "age": "Mid-Cretaceous; veins cross cut regionally metamorphosed schist; see NM207.  The earliest albite- and arsenopyrite-rich replacement deposits at Arsenic Hill are along ductile folds in the host schist.  Sheeted, non-deformed quartz veins cut the deposits a", "rept_aff": "Hawley Resource Group, Inc.", "prod_notes": null, "reserves": null, "prime_ref": "This report", "latitude": 64.613741, "longitude": -165.424556, "datum": "WGS84", "source_datum": "NAD27 (EPSG:4267) reprojected to WGS84 (EPSG:4326)" }, "geometry": { "type": "Point", "coordinates": [ -165.424556452511752, 64.613740929752083 ] } },
{ "type": "Feature", "properties": { "ardf_num": "NM214", "mrds_num": "10307997", "site": "Walsh Cut (Rock Creek)", "location": "This small lode and placer mine is on the east slope of Rock Creek valley at an elevation of about 350 feet and about 4,000 feet due east of the Snake River road.  The map loction is in the north-central part of section 23, T. 10 S., R. 34 W., Kateel Rive", "quad_250": "NM", "quad_63360": "C-1", "comm_main": "Au", "comm_other": "Ag, Pb, Sb, W (?)", "ore": "Arsenopyrite, galena, pyrite, scheelite (?), scorodite, stibnite", "gangue": "Albite, calcite, quartz", "site_type": "Mine", "status": "Probably inactive", "production": "Yes; small", "dep_model": "Low-sulfide Au-quartz veins (Cox and Singer, 1986; model 36a).", "model_code": "36a", "alteration": "Albitization.", "geol_desc": "A hydraulic pit dating originally from before 1920 mined a residual placer developed on complex gold-arsenic deposits on the side hill above and southeast of Sophie Gulch.  A narrow and irregular zone of northeast-trending sheeted quartz veins, subparalle", "work_expl": "The character of the tailings indicates that there were at least two episodes of placer mining, one pre-1920 and the other possibly after World War II.  Sheeted quartz veins projected northeast and southwest of the pit were explored by Placer Dome in 1987", "comments": null, "expand_ref": "Hummel, C.L., 1962, Preliminary geologic map of the Nome C-1 quadrangle, Seward Peninsula, Alaska:  U.S. Geological Survey Miscellaneous Field Studies Map MF-247, 1 sheet, scale 1:63,360.", "rept_names": "C.C. Hawley and Travis L. Hudson", "rept_date": "7/10/2000", "age": "Mid-Cretaceous; veins cross cut regionally metamorphosed schist; see NM207.", "rept_aff": "Hawley Resource Group, Inc.", "prod_notes": "Small production of gold and probably some scheelite by hydraulic methods.", "reserves": null, "prime_ref": "This report", "latitude": 64.611041, "longitude": -165.417556, "datum": "WGS84", "source_datum": "NAD27 (EPSG:4267) reprojected to WGS84 (EPSG:4326)" }, "geometry": { "type": "Point", "coordinates": [ -165.417556104753686, 64.61104099341955 ] } },
{ "type": "Feature", "properties": { "ardf_num": "NM215", "mrds_num": "10307998", "site": "Walsh Cut (alluvial placer)", "location": "This gold-bearing alluvial fan is at the mouth of Walsh Cut (NM214), south of Sophie Gulch (NM208).  The fan is as much as 500 feet long and as much as 300 feet across.  Most of the fan is covered with vegetation typical of adjacent hill slopes, but the l", "quad_250": "NM", "quad_63360": "C-1", "comm_main": "Au", "comm_other": "Ag, Pb, W, Sb", "ore": "Arsenopyrite, galena, gold, scheelite, scorodite, stibnite", "gangue": "Quartz", "site_type": "Mine", "status": "Probably inactive", "production": "None", "dep_model": "Alluvial placer Au (Cox and Singer, 1986; model 39a).", "model_code": "39a", "alteration": null, "geol_desc": "Two distinct alluvial fans have formed below the mouth of Walsh Cut (NM214).  The lower fan resulted from hydraulic operations in Walsh Cut.   The upper and larger fan is covered with soil and vegetation.  It could have formed in part from placer mining o", "work_expl": "The core of the older deposit could have formed from the erosion of a residual placer upslope at Walsh Cut.  The lower and younger fan probably formed soon after World War II.", "comments": null, "expand_ref": null, "rept_names": "C.C. Hawley and Travis L. Hudson", "rept_date": "7/10/2000", "age": "Holocene.", "rept_aff": "Hawley Resource Group, Inc.", "prod_notes": null, "reserves": "There is a low-grade resource of gold and other metals in the fan deposits.", "prime_ref": "This report", "latitude": 64.611041, "longitude": -165.419956, "datum": "WGS84", "source_datum": "NAD27 (EPSG:4267) reprojected to WGS84 (EPSG:4326)" }, "geometry": { "type": "Point", "coordinates": [ -165.419956130263898, 64.611040948644842 ] } },
{ "type": "Feature", "properties": { "ardf_num": "NM216", "mrds_num": "10307999", "site": "Unnamed (lode in lower Rock Creek)", "location": "This occurrence is on the southeast side of Rock Creek, about 600 feet upstream of the Snake River road crossing.  Rock Creek is an east tributary to Snake River with headwaters on the south flank of Mount Byrnteson.   The map location is just inside the", "quad_250": "NM", "quad_63360": "C-1", "comm_main": "Au", "comm_other": "Ag, W", "ore": "Arsenopyrite, gold, pyrite, scheelite", "gangue": "Albite, quartz", "site_type": "Occurrence", "status": "Probably inactive", "production": "Undetermined", "dep_model": "Low-sulfide Au-quartz veins (Cox and Singer, 1986; model 36a).", "model_code": "36a", "alteration": "Albitization and silicification.", "geol_desc": "A massive quartz vein, as much as 4 feet wide,  is exposed on the southeast side of Rock Creek about 600 feet upstream of the Snake River road (Hummel, 1962 [MF 247, locality 30]).  Exposures on the south bank of Rock Creek between the quartz vein and the", "work_expl": "Quartz veins and sulfidized schist were explored by trenches and shallow shafts probably before 1920.  Two prospects in the area between the Mount Brynetson fault and the Glacier Creek road were noted by Hummel (1962, localities 24 and 30).  The area was", "comments": null, "expand_ref": "Hummel, C.L., 1962, Preliminary geologic map of the Nome C-1 quadrangle, Seward Peninsula, Alaska:  U.S. Geological Survey Miscellaneous Field Studies Map MF-247, 1 sheet, scale 1:63,360.", "rept_names": "C.C. Hawley and Travis L. Hudson", "rept_date": "7/10/2000", "age": "Mid-Cretaceous; veins cross cut regionally metamorphosed schist; see NM207.", "rept_aff": "Hawley Resource Group, Inc.", "prod_notes": null, "reserves": null, "prime_ref": "This report", "latitude": 64.604441, "longitude": -165.434756, "datum": "WGS84", "source_datum": "NAD27 (EPSG:4267) reprojected to WGS84 (EPSG:4326)" }, "geometry": { "type": "Point", "coordinates": [ -165.434755619468376, 64.604440508990621 ] } },
{ "type": "Feature", "properties": { "ardf_num": "NM217", "mrds_num": "A012832; D002594", "site": "Stipek and Kotovic; Bergstrom (Rock Creek)", "location": "This lode prospect is on the southeast side of Rock Creek about 3,000 feet upstream of the Snake River road and 1.85 miles south-southwest of Mount Brynteson.  The prospect is at surface elevations of about 200 to 225 feet.  The map location is in the NW1", "quad_250": "NM", "quad_63360": "C-1", "comm_main": "Au", "comm_other": "Ag", "ore": "Arsenopyrite, gold, ilmenite, pyrite", "gangue": "Albite, calcite, quartz", "site_type": "Prospect", "status": "Probably inactive", "production": "Undetermined.", "dep_model": "Low-sulfide Au-quartz veins (Cox and Singer, 1986; model 36a).", "model_code": "36a", "alteration": "Albitization; extensive sulfidization especially introduction of arsenopyrite.", "geol_desc": "This prospect was one of two known as Stipek and Kotovic; the second, on the divide between Rock Creek and Glacier Creek, is NM235.  The east side of Rock Creek was evidently being prospected by W. Stipek and J. Kotovic in 1916, when it was visited by Mer", "work_expl": "The Stipek and Kotovic prospect on Rock Creek was explored by a 70-foot shaft and about 230 feet of level adit or crosscut workings before 1920.  It appears to have been active when visited by Mertie in 1916 (Mertie, 1918 [B 662-I, p. 425-449]). It was in", "comments": null, "expand_ref": "Bundtzen, T.K., Reger, R.D., Laird, G.M., Pinney, D.S., Clautice, K.H., Liss, S.A., and Cruse, G.R., 1994, Progress report on the geology and mineral resources of the Nome mining district: Alaska Division of Geological and Geophysical Surveys, Public Data", "rept_names": "C.C. Hawley and Travis L. Hudson", "rept_date": "7/10/2000", "age": "Mid-Cretaceous; veins cross cut regionally metamorphosed schist; see NM207.", "rept_aff": "Hawley Resource Group, Inc.", "prod_notes": "There possibly was production of minor free gold during milling tests of the ore.", "reserves": null, "prime_ref": "This report", "latitude": 64.608041, "longitude": -165.427656, "datum": "WGS84", "source_datum": "NAD27 (EPSG:4267) reprojected to WGS84 (EPSG:4326)" }, "geometry": { "type": "Point", "coordinates": [ -165.427655908402983, 64.608040730643367 ] } },
{ "type": "Feature", "properties": { "ardf_num": "NM218", "mrds_num": "10308000", "site": "Ullrich (Judy and Deb Bench claims)", "location": "The William H. Ullrich placer mine is on the south-facing part of the ridge between Rock Creek and Glacier Creek.  The map site is at the midpoint between the Judy and Deb Bench claims (U.S. Mineral Survey No. 2271) at an elevation of 350 feet on the boun", "quad_250": "NM", "quad_63360": "C-1", "comm_main": "Au", "comm_other": null, "ore": "Gold", "gangue": null, "site_type": "Mine", "status": "Probably inactive", "production": "Yes; small", "dep_model": "Alluvial placer Au; high-level bench deposit (Cox and Singer, 1986; model 39a).", "model_code": "39a", "alteration": null, "geol_desc": "A high-level (bench) gold placer was discovered and probably mined as recently as the 1960,s.  The claims were surveyed for patent in 1976, and two were patented in 1977.  The main placer pit is excavated subparallel to a south-trending gulch into Glacier", "work_expl": "The claims were mined hydraulically, probably as recently as the 1960s.", "comments": null, "expand_ref": "U.S. Mineral Survey No. 2271 by Maurice Oswald, 1976, patent granted April 19, 1977 (available at the U.S. Bureau of Land Management, Anchorage).", "rept_names": "C.C. Hawley and Travis L. Hudson", "rept_date": "7/10/2000", "age": "Probably Pleistocene; possibly Tertiary.", "rept_aff": "Hawley Resource Group, Inc.", "prod_notes": null, "reserves": null, "prime_ref": "This report", "latitude": 64.603341, "longitude": -165.401955, "datum": "WGS84", "source_datum": "NAD27 (EPSG:4267) reprojected to WGS84 (EPSG:4326)" }, "geometry": { "type": "Point", "coordinates": [ -165.401955159617501, 64.603341093623911 ] } },
{ "type": "Feature", "properties": { "ardf_num": "NM219", "mrds_num": "A012904", "site": "Hot Air Bench (Columbia Mine)", "location": "The Hot Air Bench placer is on the north side of lower Glacier Creek.  The coordinates are for the approximate midpoint of an open-cut mine 900 feet north-northwest of the mouth of Snow Gulch on the Columbia claim of the Hot Air Mining Company (U.S. Miner", "quad_250": "NM", "quad_63360": "C-1", "comm_main": "Au", "comm_other": "Ag", "ore": "Arsenopyrite, gold", "gangue": null, "site_type": "Mine", "status": "Inactive", "production": "Yes", "dep_model": "Alluvial placer Au; elevated bench formed on ancestral Glacier Creek  (Cox and Singer, 1986; model 39a).", "model_code": "39a", "alteration": null, "geol_desc": "The Hot Air Bench appears to be a true bench of Glacier Creek.  It is approximately 100 feet vertically above and 900 feet horizontally north of Glacier Creek.  Two claims of the Hot Air Mining Company were located May 28, 1899, and August 17, 1900; the c", "work_expl": "The first bench claims were located in 1899; mining commenced immediately.  The claims were surveyed for patent in 1901, at which time there was a small open cut on the Columbia claim. The richest part of the placer was mined by 1903, when the area was vi", "comments": null, "expand_ref": "Cathcart, S.H., 1922, Metalliferous lodes in southern Seward Peninsula:  U.S. Geological Survey Bulletin 722-F, p. 163-261. |Cobb, E.H., 1972, Metallic mineral resources map of the Nome quadrangle, Alaska:  U.S. Geological Survey Miscellaneous Field Studi", "rept_names": "C.C. Hawley and Travis L. Hudson", "rept_date": "7/10/2000", "age": "Pleistocene.", "rept_aff": "Hawley Resource Group, Inc.", "prod_notes": "Total production is believed to have been at least 600,000 dollars (gold at 20.67 dollars per ounce) or  about 30,000 ounces of gold and 3,000 ounces of silver.", "reserves": null, "prime_ref": "Collier and others, 1908", "latitude": 64.598041, "longitude": -165.410655, "datum": "WGS84", "source_datum": "NAD27 (EPSG:4267) reprojected to WGS84 (EPSG:4326)" }, "geometry": { "type": "Point", "coordinates": [ -165.410654716090534, 64.598040800056438 ] } },
{ "type": "Feature", "properties": { "ardf_num": "NM220", "mrds_num": "A012830; D002585", "site": "Glacier Creek (includes Bonanza and Bergstrom Gulches)", "location": "Glacier Creek is an east tributary to Snake River.  It has been placer mined over a distance of at least 7,000 feet, starting at an elevation of about 75 feet downstream of the Snake River road crossing and extending upstream to an elevation of about 125", "quad_250": "NM", "quad_63360": "C-1", "comm_main": "Au", "comm_other": "Ag, Sn, W", "ore": "Cassiterite, gold, scheelite", "gangue": "Garnet", "site_type": "Mine", "status": "Inactive", "production": "Yes; medium", "dep_model": "Alluvial placer Au (Cox and Singer, 1986; model 39a).", "model_code": "39a", "alteration": null, "geol_desc": "Significant placer mining took place on Glacier Creek starting in 1900 when more than 36,000 ounces of gold were produced (Brooks and others, 1901).  Mining continued to at least 1922 and included dredge operations from 1916 to 1922 (Cobb, 1978 [OFR 78-93", "work_expl": "Glacier Creek was an early discovery in the Nome district.  Claims were staked covering part of Glacier Creek and lower Snow Gulch on September 20 and November 28, 1898, by the Pioneer Mining Company owned by Lindeberg, Lindblom, and Brynteson.  Claims on", "comments": null, "expand_ref": "Anderson, Eskil, 1947, Mineral occurrences other than gold deposits in northwestern Alaska: Alaska Territorial Division of Mines Pamphlet 5-R, 48 p.|Brooks, A.H., 1904, Placer mining in Alaska in 1903:  U.S. Geological Survey Bulletin 225, p. 43-59.|Brook", "rept_names": "C.C. Hawley and Travis L. Hudson", "rept_date": "7/10/2000", "age": "Quaternary.", "rept_aff": "Hawley Resource Group, Inc.", "prod_notes": "Production from as early as 1900 through 1922; possibly some activity in the 1930s.  Production cannot be subdivided, but more than 750,000 dollars worth of gold (35,000 ounces) was recovered in 1900.", "reserves": null, "prime_ref": "Collier and others, 1908", "latitude": 64.596241, "longitude": -165.422255, "datum": "WGS84", "source_datum": "NAD27 (EPSG:4267) reprojected to WGS84 (EPSG:4326)" }, "geometry": { "type": "Point", "coordinates": [ -165.422254657338044, 64.596240539099853 ] } },
{ "type": "Feature", "properties": { "ardf_num": "NM221", "mrds_num": "A012902", "site": "Lynx Claim; Glacier Creek", "location": "The Lynx claim is at an elevation of about 150 feet on the north bank of Glacier Creek, opposite the mouth of Snow Gulch (NM222).  The map location is in the NE1/4 section 26, T. 9 S., R. 10 W.,  Kateel River Meridian and it is probably accurate to within", "quad_250": "NM", "quad_63360": "C-1", "comm_main": "Au, W", "comm_other": null, "ore": "Arsenopyrite, gold, pyrite, scheelite", "gangue": "Albite, quartz", "site_type": "Mine", "status": "Inactive", "production": "Undetermined", "dep_model": "Low-sulfide Au-quartz veins (Cox and Singer, 1986; model 36a).", "model_code": "36a", "alteration": "Albitization; introduction of pyrite and arsenopyrite in schist.", "geol_desc": "This deposit consists of sulfide- and scheelite-bearing quartz veins, layers, and lenses as much as 6 inches thick separated by sulfide-bearing schist.  The quartz bodies are parallel to the foliation in the schist. The deposit was first reported by Colli", "work_expl": "A 60-foot shaft and several short adits were driven during or before 1920; the deposit was discovered before 1903 (Collier and others, 1908).", "comments": null, "expand_ref": "Anderson, Eskil, 1947, Mineral occurrences other than gold deposits in northwestern Alaska: Alaska Territorial Division of Mines Pamphlet 5-R, 48 p.|Cathcart, S.H., 1922, Metalliferous lodes in southern Seward Peninsula:  U.S. Geological Survey Bulletin 7", "rept_names": "C.C. Hawley and Travis L. Hudson", "rept_date": "7/10/2000", "age": "Mid-Cretaceous; veins cross cut regionally metamorphosed schist; see NM207.", "rept_aff": "Hawley Resource Group, Inc.", "prod_notes": null, "reserves": null, "prime_ref": "Mertie, 1918", "latitude": 64.597741, "longitude": -165.408555, "datum": "WGS84", "source_datum": "NAD27 (EPSG:4267) reprojected to WGS84 (EPSG:4326)" }, "geometry": { "type": "Point", "coordinates": [ -165.408554663427395, 64.597740831799342 ] } },
{ "type": "Feature", "properties": { "ardf_num": "NM222", "mrds_num": "A012903; D002592", "site": "Snow Gulch", "location": "This alluvial placer gold mine is on Snow Gulch, a south tributary to Glacier Creek.  The mouth of Snow Gulch is about 3,400 feet upstream of the Snake River road crossing of Glacier Creek, and part of the Snake River road parallels Snow Gulch about 500 f", "quad_250": "NM", "quad_63360": "C-1", "comm_main": "Au", "comm_other": "Ag, W", "ore": "Gold, scheelite", "gangue": "Garnet", "site_type": "Mine", "status": "Inactive", "production": "Yes; medium", "dep_model": "Alluvial placer Au (Cox and Singer, 1986; model 39a).", "model_code": "39a", "alteration": null, "geol_desc": "This small south tributary to Glacier Creek (NM220), only about three quarters of a mile long, contained one of the richest gold placers on Seward Peninsula and produced more than 48,000 ounces of gold around 1900; the first claims on the creek were stake", "work_expl": "Largely worked out by 1903, but some small-scale mining continues to the present.  It was a shallow placer amenable to hand and simple hydraulic mining.", "comments": null, "expand_ref": "Brooks, A.H., Richardson, G.B., Collier, A.J., and W.C. Mendenhall, 1901, A reconnaissance in the Cape Nome and adjacent gold fields of Seward Peninsula, Alaska, in 1900:  U.S. Geological Survey Special Publication, p. 1-185, maps.|Bundtzen, T.K., Reger,", "rept_names": "C.C. Hawley and Travis L. Hudson", "rept_date": "7/10/2000", "age": "Quaternary.", "rept_aff": "Hawley Resource Group, Inc.", "prod_notes": "Snow Gulch was one of the richest gold placers on Seward Peninsula.  More than 48,000 ounces of gold were produced around 1900, and there has been minor unrecorded production to the present.", "reserves": null, "prime_ref": "Brooks, Richardson and Collier, 1901", "latitude": 64.593141, "longitude": -165.402754, "datum": "WGS84", "source_datum": "NAD27 (EPSG:4267) reprojected to WGS84 (EPSG:4326)" }, "geometry": { "type": "Point", "coordinates": [ -165.40275413669292, 64.59314082608573 ] } },
{ "type": "Feature", "properties": { "ardf_num": "NM223", "mrds_num": "A012839", "site": "Saddle; New Era; Big Four", "location": "This site represents several closely related lode deposits in the headwaters of Snow Gulch, especially above the split of the gulch into two headward forks.  The map location is on the Saddle deposit developed above the north fork of Snow Gulch, at an ele", "quad_250": "NM", "quad_63360": "C-1", "comm_main": "Au", "comm_other": "Ag, Sb, W", "ore": "Arsenopyrite, galena, gold, pyrite, scheelite, stibnite", "gangue": "Albite, calcite, quartz", "site_type": "Prospects", "status": "Active?", "production": "Undetermined", "dep_model": "Low-sulfide Au-quartz veins (Cox and Singer, 1986; model 36a)", "model_code": "36a", "alteration": "Albitization, silicification, and sulfidization of schist.", "geol_desc": "The Saddle deposit is of sheeted vein type; it trends northeasterly from near the west portal of the Miocene Ditch tunnel nearly to the top of hill 691.  Other gold-bearing veins were developed in the south fork of upper Snow Gulch. One prospect in this g", "work_expl": "Lode prospects were located in this area as early as 1899; there was considerable lode prospecting activity until World War I.  In the mid-1980's, R.V. Bailey discovered the Saddle deposit and began a trenching program that identified a sheeted vein compl", "comments": null, "expand_ref": "Bundtzen, T.K., Reger, R.D., Laird, G.M., Pinney, D.S., Clautice, K.H., Liss, S.A., and Cruse, G.R., 1994, Progress report on the geology and mineral resources of the Nome mining district: Alaska Division of Geological and Geophysical Surveys, Public Data", "rept_names": "C.C. Hawley (Hawley Resources Group, Inc.) and Travis L. Hudson (Applied Geology, Inc.)", "rept_date": "10/12/2005", "age": "Mid-Cretaceous; veins cross cut regionally metamorphosed schist; see NM207.", "rept_aff": null, "prod_notes": null, "reserves": "As of March 28, 2007 NovaGold Resources Inc. (2007, Reserve) lists the the reserves at the Saddle prospect as 3.6 million tonnes of material with a grade of 2.3 ounces of gold per ton.", "prime_ref": "This report", "latitude": 64.589741, "longitude": -165.392454, "datum": "WGS84", "source_datum": "NAD27 (EPSG:4267) reprojected to WGS84 (EPSG:4326)" }, "geometry": { "type": "Point", "coordinates": [ -165.392453683493358, 64.589740934030189 ] } },
{ "type": "Feature", "properties": { "ardf_num": "NM224", "mrds_num": "10308001", "site": "Trench 7--Divide Zone (Bonanza Hill)", "location": "The Trench 7--Divide deposit is at an elevation of 450 to 465 feet about 1,200 to 1,500 feet due east of the rounded top of Bonanza Hill.  The map location is in the northwest corner of section 36, T. 10 S., R. 34 W., Kateel River Meridian, and it is accu", "quad_250": "NM", "quad_63360": "C-1", "comm_main": "Au", "comm_other": null, "ore": "Arsenopyrite, gold (?), pyrite", "gangue": "Albite, calcite, quartz", "site_type": "Prospect", "status": "Undetermined", "production": "None", "dep_model": "Low-sulfide Au-quartz veins (Cox and Singer, 1986; model 36a).", "model_code": "36a", "alteration": null, "geol_desc": "The Trench 7--Divide deposit was identified from exploration by BHP in 1990 and by Newmont Mining Company in 1992; there are some old trenches and cuts of uncertain age on the deposit.  The area was mapped by Thomas Borovicka for Newmont in 1992; his map", "work_expl": "This prospect has been explored by numerous trenches and shallow drill holes.", "comments": null, "expand_ref": "Bundtzen, T.K., Reger, R.D., Laird, G.M., Pinney, D.S., Clautice, K.H., Liss, S.A., and Cruse, G.R., 1994, Progress report on the geology and mineral resources of the Nome mining district: Alaska Division of Geological and Geophysical Surveys, Public Data", "rept_names": "C.C. Hawley and Travis L. Hudson", "rept_date": "7/10/2000", "age": "Mid-Cretaceous; veins cross cut regionally metamorphosed schist; see NM207.", "rept_aff": "Hawley Resource Group, Inc.", "prod_notes": null, "reserves": null, "prime_ref": "This report", "latitude": 64.582541, "longitude": -165.396853, "datum": "WGS84", "source_datum": "NAD27 (EPSG:4267) reprojected to WGS84 (EPSG:4326)" }, "geometry": { "type": "Point", "coordinates": [ -165.396853002978759, 64.582540673794483 ] } },
{ "type": "Feature", "properties": { "ardf_num": "NM225", "mrds_num": "A012842", "site": "Hendrickson; Kotovic and Stipek (Anvil Creek)", "location": "This lode prospect is at an elevation of about 350 feet on the northwest side of Anvil Creek and 400 feet due east of the Snake River road.  It is about 3,800 feet southeast of Bonanza Hill (elevation 640 feet).  This prospect is included in locality 48 o", "quad_250": "NM", "quad_63360": "C-1", "comm_main": "Au, Sb", "comm_other": null, "ore": "Arsenopyrite, gold, pyrite, stibnite", "gangue": "Quartz", "site_type": "Prospect", "status": "Active?", "production": "Undetermined.", "dep_model": "Low-sulfide Au-quartz veins (Cox and Singer, 1986; model 36a).", "model_code": "36a", "alteration": null, "geol_desc": "The Hendrickson prospect is within or near the Anvil Creek fault and related shear zones that are as much as 120 feet wide.  The deposit consists of quartz-calcite veins that contain arsenopyrite, pyrite, and locally stibnite.  The veins commonly cut schi", "work_expl": "This prospect was explored by a 150-foot adit that was partially caved by 1916 (Cathcart, 1922).  In 1916, the total length of underground workings on lode gold prospects in Anvil Creek valley was several hundred feet (Mertie, 1918).", "comments": null, "expand_ref": "Brooks, A.H., 1916, Antimony deposits of Alaska:  U.S. Geological Survey Bulletin 649, 67 p.|Bundtzen, T.K., Reger, R.D., Laird, G.M., Pinney, D.S., Clautice, K.H., Liss, S.A., and Cruse, G.R., 1994, Progress report on the geology and mineral resources of", "rept_names": "C.C. Hawley and Travis L. Hudson", "rept_date": "7/10/2000", "age": "Mid-Cretaceous or younger; vein cross cuts schist metamorphosed during the mid-Cretaceous.", "rept_aff": "Hawley Resource Group, Inc.", "prod_notes": null, "reserves": null, "prime_ref": "Cathcart, 1922", "latitude": 64.581541, "longitude": -165.390853, "datum": "WGS84", "source_datum": "NAD27 (EPSG:4267) reprojected to WGS84 (EPSG:4326)" }, "geometry": { "type": "Point", "coordinates": [ -165.390852838161919, 64.581540760954809 ] } },
{ "type": "Feature", "properties": { "ardf_num": "NM226", "mrds_num": "A012844; A012845", "site": "Widstedt (Anvil Creek)", "location": "The Widstedt prospect is at an elevation of about 250 feet in a small drainage on the south flank of Bonanza Hill (elevation 640 feet) and about 500 feet due west of the Snake River road.  It is locality 20 of Hummel (1962 [MF 247]) and included in locali", "quad_250": "NM", "quad_63360": "C-1", "comm_main": "Au, Sb", "comm_other": null, "ore": "Arsenopyrite, gold, pyrite, stibnite", "gangue": "Quartz", "site_type": "Prospect", "status": "Active?", "production": "Yes; small", "dep_model": "Low-sulfide Au-quartz veins (Cox and Singer, 1986; model 36a) and/or possibly simple Sb deposits (Cox and Singer, 1986; model 27d).", "model_code": "36a, 27d?", "alteration": null, "geol_desc": "The Widstedt prospect lies within or near the Anvil Creek fault and related shear zones that are as much as 120 feet wide.  The deposit consists of quartz-calcite veins that contain arsenopyrite, pyrite, and locally stibnite.  |The veins commonly cut schi", "work_expl": "An exploration shaft was filled with water by 1920; some open-cut surface workings are also present (Cathcart, 1922).  In 1916, the total length of underground workings on lode gold prospects in Anvil Creek valley was several hundred feet (Mertie, 1918 [B", "comments": null, "expand_ref": "Brooks, A.H., 1916, Antimony deposits of Alaska:  U.S. Geological Survey Bulletin 649, 67 p.|Bundtzen, T.K., Reger, R.D., Laird, G.M., Pinney, D.S., Clautice, K.H., Liss, S.A., and Cruse, G.R., 1994, Progress report on the geology and mineral resources of", "rept_names": "C.C. Hawley and Travis L. Hudson", "rept_date": "7/10/2000", "age": "Mid-Cretaceous; vein cuts schist metamorphosed during the mid-Cretaceous; see NM207.", "rept_aff": "Hawley Resource Group, Inc.", "prod_notes": "A small amount of antimony ore is reported to have been mined from the Widstedt prospect (Mertie, 1918 [B 662-I. p. 425-449]).", "reserves": null, "prime_ref": "Cathcart, 1922", "latitude": 64.579241, "longitude": -165.400253, "datum": "WGS84", "source_datum": "NAD27 (EPSG:4267) reprojected to WGS84 (EPSG:4326)" }, "geometry": { "type": "Point", "coordinates": [ -165.400252705914625, 64.5792405287538 ] } },
{ "type": "Feature", "properties": { "ardf_num": "NM227", "mrds_num": "10308002", "site": "Scotia (Anvil Creek)", "location": "The Scotia prospect is at an elevation of about 250 feet on the northwest side of Anvil Creek, and its about 300 feet southwest of the Snake River road switchback where it crosses Anvil Creek.  The prospect is locality 16 of Hummel (1962 [MF 247]).  The m", "quad_250": "NM", "quad_63360": "C-1", "comm_main": "Au (?)", "comm_other": null, "ore": "Arsenopyrite, pyrite", "gangue": "Calcite, quartz", "site_type": "Prospects", "status": "Inactive", "production": "None", "dep_model": "Low-sulfide Au-quartz veins? (Cox and Singer, 1986; model 36a).", "model_code": "36a?", "alteration": null, "geol_desc": "The Scotia prospect is probably within sheared wallrock near the Anvil fault. Cathcart (1922, p. 239) reported that an 8-inch quartz-calcite vein occured in a short tunnel on the Scotia claim; pyrite and arsenopyrite were present in both schist and vein m", "work_expl": "A 10-foot tunnel was reported by Cathcart (1922, p. 239).", "comments": null, "expand_ref": "Bundtzen, T.K., Reger, R.D., Laird, G.M., Pinney, D.S., Clautice, K.H., Liss, S.A., and Cruse, G.R., 1994, Progress report on the geology and mineral resources of the Nome mining district: Alaska Division of Geological and Geophysical Surveys, Public Data", "rept_names": "C.C. Hawley and Travis L. Hudson", "rept_date": "7/10/2000", "age": "Mid-Cretaceous or younger; vein cuts schist and marble metamorphosed during the mid-Cretaceous.", "rept_aff": "Hawley Resource Group, Inc.", "prod_notes": null, "reserves": null, "prime_ref": "Cathcart, 1922", "latitude": 64.57774, "longitude": -165.402153, "datum": "WGS84", "source_datum": "NAD27 (EPSG:4267) reprojected to WGS84 (EPSG:4326)" }, "geometry": { "type": "Point", "coordinates": [ -165.402152574678013, 64.57774045622115 ] } },
{ "type": "Feature", "properties": { "ardf_num": "NM228", "mrds_num": "A012841; A012905", "site": "Bonanza Hill; Gold Bug; Golden Eagle", "location": "The Gold Bug and Golden Eagle prospects reportedly are at an elevation of about 400 feet, halfway between Mountain Creek and Snow Gulch.  This prospect, about 2,200 feet northwest of the top of Bonanza Hill,  was shown as locality 3 by Hummel (1962 [MF 24", "quad_250": "NM", "quad_63360": "C-1", "comm_main": "Au", "comm_other": null, "ore": "Arsenopyrite, gold, hematite, limonite, pyrite", "gangue": "Feldspar (albite?), quartz", "site_type": "Prospects", "status": "Inactive", "production": "Undetermined.", "dep_model": "Low-sulfide Au-quartz veins (Cox and Singer, 1986; model 36a).", "model_code": "36a", "alteration": null, "geol_desc": "Mertie (1918, p. 434) reported that country rock schist at the locality strikes N 32 W and dips 25 S.  At the time of Mertie's visit, a 125-foot tunnel had been driven on a 6-foot vein of iron-stained quartz that contained iron sulfides.  The vein strikes", "work_expl": "An adit, variously reported as 120- or 125-feet long, was reported by Mertie (1918 [B 662-I, p. 425-449]) and Cathcart (1922); there are two sloughed trenches and a recent drill hole (Newmont Mining Company, unpublished report, 1992) in the area.  The are", "comments": "Chapin (1914, p. 401) proposed that the vein exposed on the Gold Bug and Golden Eagle claims is the same as the vein at the New Era tunnel.  This assertion is doubtful, because extensive trenching and some drilling indicate that veins in this area are dis", "expand_ref": "Bundtzen, T.K., Reger, R.D., Laird, G.M., Pinney, D.S., Clautice, K.H., Liss, S.A., and Cruse, G.R., 1994, Progress report on the geology and mineral resources of the Nome mining district: Alaska Division of Geological and Geophysical Surveys, Public Data", "rept_names": "C.C. Hawley and Travis L. Hudson", "rept_date": "7/10/2000", "age": "Mid-Cretaceous or younger; vein cuts schist metamorphosed during the mid-Cretaceous.", "rept_aff": "Hawley Resource Group, Inc.", "prod_notes": null, "reserves": null, "prime_ref": "Cathcart, 1922", "latitude": 64.58974, "longitude": -165.417254, "datum": "WGS84", "source_datum": "NAD27 (EPSG:4267) reprojected to WGS84 (EPSG:4326)" }, "geometry": { "type": "Point", "coordinates": [ -165.417253947182331, 64.589740471463386 ] } },
{ "type": "Feature", "properties": { "ardf_num": "NM229", "mrds_num": "A012840; D002586", "site": "Jorgensen; Mountain Creek; Mary's Gulch", "location": "This site includes lode and placer deposits in the Mountain Creek, Mary Gulch, and Nellie Gulch area.  The Jorgensen lode claims appear to underlie part of the Mountain Creek placer deposit at an approximate elevation of 250 feet.  The map location is at", "quad_250": "NM", "quad_63360": null, "comm_main": "Au", "comm_other": "Ag, Pb, W", "ore": "Arsenopyrite, galena, gold, hematite, pyrite, scheelite", "gangue": "Feldspar, quartz", "site_type": "Mine", "status": "Inactive", "production": "Yes", "dep_model": "Low-sulfide Au-quartz veins (Cox and Singer, 1986; model 36a); partly residual gold placer (model 39a).", "model_code": "36a, 39a", "alteration": "Albitization; bleaching and silicification of marble; and sulfidization of schist.", "geol_desc": "The placer gold  deposit in Mountain Creek, discovered in September, 1898, by E.O. Lindblom and his associates, was probably the first important placer discovery in the Nome district.  A narrow gulch placer deposit on the creek appears to have been mined", "work_expl": "These placer and lode deposits have been explored by shallow cuts and trenches.  The Mountain Creek placer was located on September 9 and 19, 1898, recorded on October 18, 1898, and amended on October 22, 1900.  A narrow, linear placer mine had been devel", "comments": null, "expand_ref": "Bundtzen, T.K., Reger, R.D., Laird, G.M., Pinney, D.S., Clautice, K.H., Liss, S.A., and Cruse, G.R., 1994, Progress report on the geology and mineral resources of the Nome mining district: Alaska Division of Geological and Geophysical Surveys, Public Data", "rept_names": "C.C. Hawley and Travis L. Hudson", "rept_date": "7/10/2000", "age": "Mid-Cretaceous; veins cut schist and marble metamorphosed during the mid-Cretaceous; see NM207.", "rept_aff": "Hawley Resource Group, Inc.", "prod_notes": "Gold has been produced from the Mountain Creek placer and from weathered material over the in-situ lode.", "reserves": null, "prime_ref": "Mertie, 1918", "latitude": 64.58394, "longitude": -165.424453, "datum": "WGS84", "source_datum": "NAD27 (EPSG:4267) reprojected to WGS84 (EPSG:4326)" }, "geometry": { "type": "Point", "coordinates": [ -165.424453437635208, 64.58394019365241 ] } },
{ "type": "Feature", "properties": { "ardf_num": "NM230", "mrds_num": "A012849", "site": "Peterson and Lamoreaux (Banner Peak)", "location": "These are two Peterson and Lamoreaux prospects, one at 650 feet elevation and one at 550 feet elevation, on Banner Peak.  This is about the same as locality 13 of Hummel (1962 [MF 247]) and locality 50 of Cobb (1972 [MF 463], 1978 [OFR 78-93]).   The map", "quad_250": "NM", "quad_63360": "C-1", "comm_main": "Pb, Sb", "comm_other": "Au (?)", "ore": "Galena, stibnite", "gangue": "Quartz", "site_type": "Prospects", "status": "Inactive", "production": "Undetermined", "dep_model": "Low-sulfide Au-quartz vein (Cox and Singer, 1986, model 36a); simple Sb deposits? (Cox and Singer, 1986; model 27d).", "model_code": "36a, 27d?", "alteration": null, "geol_desc": "Banner Peak is underlain mainly by graphitic quartz schist (quartzite) faulted to the north against chlorite-rich metaturbidite schist and marble (Bundtzen and others, 1994).  The Peterson and Lamoreaux quartz prospect is at an elevation of 650 feet in gr", "work_expl": "Open cuts and shallow shafts were developed before 1916.", "comments": null, "expand_ref": "Bundtzen, T.K., Reger, R.D., Laird, G.M., Pinney, D.S., Clautice, K.H., Liss, S.A., and Cruse, G.R., 1994, Progress report on the geology and mineral resources of the Nome mining district: Alaska Division of Geological and Geophysical Surveys, Public Data", "rept_names": "C.C. Hawley and Travis L. Hudson", "rept_date": "7/10/2000", "age": "Probably mid-Cretaceous; Mertie (1918 [B 662-I, p. 425-449]) thought the vein quartz could be old and possibly related to metamorphism; see NM207.", "rept_aff": "Hawley Resource Group, Inc.", "prod_notes": "About 1,500 pounds of antimony ore reportedly were produced from the Peterson and Lamoreaux antimony deposit (Mertie, 1918 [B 662-I, p. 425-449]).", "reserves": null, "prime_ref": "Mertie, 1918", "latitude": 64.57274, "longitude": -165.423552, "datum": "WGS84", "source_datum": "NAD27 (EPSG:4267) reprojected to WGS84 (EPSG:4326)" }, "geometry": { "type": "Point", "coordinates": [ -165.423552297276245, 64.572739933483589 ] } },
{ "type": "Feature", "properties": { "ardf_num": "NM231", "mrds_num": "10308003", "site": "Mohawk (Banner Peak)", "location": "The Mohawk lode prospect is on the west flank of Banner Peak at an elevation of about 400 feet.  The map location is at the southeast corner of section 34, T. 10 S., R. 34 W., Kateel River Meridian.  The prospect is locality 10 of Hummel (1962 [MF 247]);", "quad_250": "NM", "quad_63360": "C-1", "comm_main": "Au (?)", "comm_other": null, "ore": "Arsenopyrite, pyrite, pyrrhotite (?)", "gangue": null, "site_type": "Prospect", "status": "Inactive", "production": "None", "dep_model": "Low-sulfide Au-quartz veins? (Cox and Singer, 1986; model 36a).", "model_code": "36a?", "alteration": "Sulfidization of schist.", "geol_desc": "The country rock at the Mohawk prospect is mainly graphitic schist and graphitic quartzite (Bundtzen and others, 1994).  Shallow pits expose schist containing disseminated pyrite, arsenopyrite, and possibly pyrrhotite.", "work_expl": "Shallow exploration pits at this prospect date from before 1920; reconnaissance work was done here in 1992 by Newmont Mining Company.", "comments": null, "expand_ref": "Hummel, C.L., 1962, Preliminary geologic map of the Nome C-1 quadrangle, Seward Peninsula, Alaska:  U.S. Geological Survey Miscellaneous Field Studies Map MF-247, 1 sheet, scale 1:63,360.", "rept_names": "C.C. Hawley and Travis L. Hudson", "rept_date": "7/10/2000", "age": "Mid-Cretaceous or younger; superimposed on schist metamorphosed during the mid-Cretaceous.", "rept_aff": "Hawley Resource Group, Inc.", "prod_notes": null, "reserves": null, "prime_ref": "This report", "latitude": 64.57114, "longitude": -165.436152, "datum": "WGS84", "source_datum": "NAD27 (EPSG:4267) reprojected to WGS84 (EPSG:4326)" }, "geometry": { "type": "Point", "coordinates": [ -165.436152269432597, 64.571139658935579 ] } },
{ "type": "Feature", "properties": { "ardf_num": "NM232", "mrds_num": "A012850", "site": "Unnamed (near VABM 592, south of Banner Peak)", "location": "This occurrence is at an elevation of 400 to 500 feet on the southwest flank of Banner Peak.  It is about 800 feet southwest of VABM 592 in the east-central part of section 3, T. 11 S., R. 34 W., Kateel River Meridian.  It is locality 28 of Hummel (1962 [", "quad_250": "NM", "quad_63360": "C-1", "comm_main": "Au", "comm_other": "Pb, Sb", "ore": "Arsenopyrite, galena, pyrite, stibnite", "gangue": "Albite, quartz", "site_type": "Occurrence", "status": "Inactive", "production": "No", "dep_model": "Albitic replacements in schist; allied to Low-sulfide Au-quartz veins (Cox and Singer, 1986; model 36a).", "model_code": "36a", "alteration": "Albitization.", "geol_desc": "Hummel (1962 [MF 247]) described old prospect pits south of Banner Peak near hill elevation 592 that contained lead- and antimony-bearing minerals, presumably galena and stibnite.  The area was included in a soil geochemical survey conducted by BHP in 199", "work_expl": "Old exploration pits and trenches are of pre-1920 vintage.  A soil geochemical survey was completed in 1990 by BHP, and trenching and drilling was done in 1992 by Newmont Mining Company.", "comments": null, "expand_ref": "Bundtzen, T.K., Reger, R.D., Laird, G.M., Pinney, D.S., Clautice, K.H., Liss, S.A., and Cruse, G.R., 1994, Progress report on the geology and mineral resources of the Nome mining district: Alaska Division of Geological and Geophysical Surveys, Public Data", "rept_names": "C.C. Hawley and Travis L. Hudson", "rept_date": "7/10/2000", "age": "Mid-Cretaceous or younger; superimposed on schist metamorphosed during the mid-Cretaceous.", "rept_aff": "Hawley Resource Group, Inc.", "prod_notes": null, "reserves": null, "prime_ref": "This report", "latitude": 64.563639, "longitude": -165.439652, "datum": "WGS84", "source_datum": "NAD27 (EPSG:4267) reprojected to WGS84 (EPSG:4326)" }, "geometry": { "type": "Point", "coordinates": [ -165.439651549919006, 64.563639408356124 ] } },
{ "type": "Feature", "properties": { "ardf_num": "NM233", "mrds_num": "A012847", "site": "Olsen (Anvil Creek)", "location": "The Olsen lode prospect is at an elevation of about 200 feet on the east side of Anvil Creek.  It is 1,000 feet south of the Snake River road switchback where it crosses Anvil Creek and about one-quarter mile south of the mouth of Specimen Gulch.  The map", "quad_250": "NM", "quad_63360": "C-1", "comm_main": "Au, Sb", "comm_other": "Cu", "ore": "Gold, pyrite, stibnite", "gangue": "Quartz, talc (?)", "site_type": "Prospect", "status": "Inactive", "production": "Undetermined.", "dep_model": "Low-sulfide Au-quartz veins (Cox and Singer, 1986, model 36a); simple Sb deposits  (Cox and Singer, 1986; model 27d).", "model_code": "36a, 27d", "alteration": null, "geol_desc": "The Olsen prospect consists of two long-abandoned shafts sunk on the east side of Anvil Creek.  The workings date from the early 1900's (Mertie, 1918 [B 662-I, p. 425-449]; Cathcart, 1922).  A 54-foot shaft was sunk on a north-northwest striking, west-dip", "work_expl": "Five lode claims aligned about N 25 E were located and prospected by Charles Olsen before 1916 (Mertie, 1918 [B 662-I, p. 425-449]).  A 97-foot shaft had a 35-foot drift.  Workings in 1920 (Cathcart, 1922) included the 97-foot shaft and a 54-foot shaft.", "comments": null, "expand_ref": "Cathcart, S.H., 1922, Metalliferous lodes in southern Seward Peninsula:  U.S. Geological Survey Bulletin 722-F, p. 163-261.|Hummel, C.L., 1962, Preliminary geologic map of the Nome C-1 quadrangle, Seward Peninsula, Alaska:  U.S. Geological Survey Miscella", "rept_names": "C.C. Hawley and Travis L. Hudson", "rept_date": "7/10/2000", "age": "Probably mid-Cretaceous or younger; see NM207.", "rept_aff": "Hawley Resource Group, Inc.", "prod_notes": null, "reserves": null, "prime_ref": "Mertie, 1918", "latitude": 64.57494, "longitude": -165.398952, "datum": "WGS84", "source_datum": "NAD27 (EPSG:4267) reprojected to WGS84 (EPSG:4326)" }, "geometry": { "type": "Point", "coordinates": [ -165.398952258028629, 64.574940446660676 ] } },
{ "type": "Feature", "properties": { "ardf_num": "NM234", "mrds_num": "A012846; A012843", "site": "Widstedt No. 1", "location": "The Widstedt No. 1 prospect is on the southeast side of Anvil Creek, approximately at the Snake River road crossing.  The map location is in the west-central part of section 36, T. 10 S., R. 34 W., Kateel River Meridian.  This is locality 48 of Cobb (1972", "quad_250": "NM", "quad_63360": "C-1", "comm_main": "Sb", "comm_other": "Au", "ore": "Arsenopyrite, jarosite, kermesite, pyrite, stibiconite, stibnite", "gangue": "Quartz", "site_type": "Prospects", "status": "Probably inactive", "production": "Undetermined", "dep_model": "Simple Sb deposits  (Cox and Singer, 1986; model 27d).", "model_code": "27d", "alteration": "Silicification and sulfidization of graphitic schist.", "geol_desc": "The Widstedt No. 1 (Widstedt tunnel) prospect is in the Anvil Creek fault zone (Mertie, 1918 [B 662-I, p. 430]; Cathcart, 1922, p. 238-239; Hummel, 1962 [MF 247]).  At the prospect, graphitic schist is contorted, broken, and commonly stained with jarosite", "work_expl": "The antimony-bearing shear zone was explored by workings as early as 1899; antimony prospecting continued through World War I.", "comments": null, "expand_ref": "Cathcart, S.H., 1922, Metalliferous lodes in southern Seward Peninsula:  U.S. Geological Survey Bulletin 722-F, p. 163-261.|Cobb, E.H., 1972, Metallic mineral resources map of the Nome quadrangle, Alaska:  U.S. Geological Survey Miscellaneous Field Studie", "rept_names": "C.C. Hawley and Travis L. Hudson", "rept_date": "7/10/2000", "age": "Probably mid-Cretaceous or younger; see NM207.", "rept_aff": "Hawley Resource Group, Inc.", "prod_notes": null, "reserves": null, "prime_ref": "Cathcart, 1922", "latitude": 64.578941, "longitude": -165.394153, "datum": "WGS84", "source_datum": "NAD27 (EPSG:4267) reprojected to WGS84 (EPSG:4326)" }, "geometry": { "type": "Point", "coordinates": [ -165.394152610753594, 64.578940635097013 ] } },
{ "type": "Feature", "properties": { "ardf_num": "NM235", "mrds_num": "A012835", "site": "Stipek And Kotovic (divide between Glacier and Rock Creeks)", "location": "The approximate location of the Stipek and Kotovic prospect is between 150 and 350 feet elevation on the south flank of Mount Byrntson.  The map location is at 300 feet elevation on the divide between Glacier and Rock Creeks, in the east-central part of s", "quad_250": "NM", "quad_63360": "C-1", "comm_main": "Au", "comm_other": "Ag, W", "ore": "Arsenopyrite, galena, gold, pyrite, scheelite", "gangue": "Albite, quartz", "site_type": "Prospect", "status": "Probably inactive", "production": "Undetermined", "dep_model": "Low-sulfide Au-quartz veins (Cox and Singer, 1986; model 36a).", "model_code": "36a", "alteration": "Albitization and sulfidization of schist.", "geol_desc": "Massive quartz veins and mineralized schist subcrop on the divide between Glacier Creek and Rock Creek.  The general trend of the deposit is northeast, more or less parallel to the ridge.  The prospect was developed around 1916 by Stipek and Kotovic (Mert", "work_expl": "The area was prospected by Stipek and Kotovic before 1916 by shallow pits and shafts (Mertie, 1918 [B 662-I, p. 425-449]; Cathcart, 1922).  Renewed exploration began in 1985; Placer Dome drilled several shallow holes in the area in 1987-88.", "comments": null, "expand_ref": "Bundtzen, T.K., Reger, R.D., Laird, G.M., Pinney, D.S., Clautice, K.H., Liss, S.A., and Cruse, G.R., 1994, Progress report on the geology and mineral resources of the Nome mining district: Alaska Division of Geological and Geophysical Surveys, Public Data", "rept_names": "C.C. Hawley and Travis L. Hudson", "rept_date": "7/10/2000", "age": "Probably mid-Cretaceous or younger; see NM207.", "rept_aff": "Hawley Resource Group, Inc.", "prod_notes": "Some scheelite may have been produced in 1916.", "reserves": null, "prime_ref": "Cathcart, 1922", "latitude": 64.602141, "longitude": -165.415255, "datum": "WGS84", "source_datum": "NAD27 (EPSG:4267) reprojected to WGS84 (EPSG:4326)" }, "geometry": { "type": "Point", "coordinates": [ -165.415255179664058, 64.602140815796105 ] } },
{ "type": "Feature", "properties": { "ardf_num": "NM236", "mrds_num": "A012906; D002851", "site": "Anvil Creek", "location": "This record describes the Anvil Creek system of placer gold deposits upstream of the Nome coastal plain.  The map location is on the discovery claim, just west of the center of section 2, T. 11 S., R. 34 W., Kateel River Meridian.  The site is approximate", "quad_250": "NM", "quad_63360": "C-1", "comm_main": "Au", "comm_other": "Ag, Pb, W", "ore": "Galena, gold, magnetite, scheelite", "gangue": "Garnet", "site_type": "Mine", "status": "Active", "production": "Yes; large", "dep_model": "Alluvial placer Au (Cox and Singer, 1986; model 39a).", "model_code": "39a", "alteration": null, "geol_desc": "Placer gold was discovered on lower Anvil Creek at an elevation of about 150 feet on September 22, 1898; by the end of 1898, the creek was staked between the coastal plain and Nekula Gulch (U.S. Mineral Survey plats, especially No. 722).  The discoverers", "work_expl": "Gold was discovered on Anvil Creek in September, 1898, and by the end of the year all of Anvil Creek between the coastal plain and Nekula Gulch was staked.  From 1899 to 1902, rich and shallow alluvial deposits were mined, mostly by small-scale methods.", "comments": null, "expand_ref": "Brooks, A.H., 1903, Placer gold mining in Alaska in 1902:  U.S. Geological Survey Bulletin 213, p. 41-48.|Brooks, A.H., 1904, Placer mining in Alaska in 1903:  U.S. Geological Survey Bulletin 225, p. 43-59.|Brooks, A.H., 1905, Placer mining in Alaska in 1", "rept_names": "C.C. Hawley and Travis L. Hudson", "rept_date": "7/10/2000", "age": "Quaternary; parts of Anvil Creek are at low enough elevations to have been influenced by Quaternary sea-level fluctuations.", "rept_aff": "Hawley Resource Group, Inc.", "prod_notes": "Anvil Creek is a major gold producer in the Nome mining district; the estimated total gold production is 500,000 ounces.", "reserves": null, "prime_ref": "Collier and others, 1908", "latitude": 64.56294, "longitude": -165.418151, "datum": "WGS84", "source_datum": "NAD27 (EPSG:4267) reprojected to WGS84 (EPSG:4326)" }, "geometry": { "type": "Point", "coordinates": [ -165.418151251382739, 64.562939792031599 ] } },
{ "type": "Feature", "properties": { "ardf_num": "NM237", "mrds_num": "A012828", "site": "Bursik and Kern (King Mountain)", "location": "Prospects developed by Bursik and Kern (Mertie, 1918, p. 429) are on the south and southwestern slopes of King Mountain in upper Anvil Creek and extending southeastward toward Dexter. The map location is at an elevation of 750 feet in the north-central pa", "quad_250": "NM", "quad_63360": "C-1", "comm_main": "Au", "comm_other": null, "ore": "Gold, limonite", "gangue": "Quartz", "site_type": "Prospects", "status": "Inactive", "production": "No", "dep_model": "Low-sulfide Au-quartz veins?  (Cox and Singer, 1986; model 36a).", "model_code": "36a?", "alteration": "Bleaching of marble and oxidation.", "geol_desc": "Eight claims owned by Bursik and Kern were located on the west and southwest flank of King Mountain (Mertie, 1918 [B 662-I, p. 429]; Cathcart, 1922, locality 6, figure 18).  On the claims, bleached (?) marble probably contains lenses of white quartz, and", "work_expl": "One 85-foot shaft (at an elevation of 700 feet), a 20-foot adit (at an elevation of 900 feet), and shallow shafts or pits were dug by Bursik and Kern before 1916 (Mertie, 1918 [B 662-I, p. 429]).   More recent work has probably not been done in this area.", "comments": null, "expand_ref": "Bundtzen, T.K., Reger, R.D., Laird, G.M., Pinney, D.S., Clautice, K.H., Liss, S.A., and Cruse, G.R., 1994, Progress report on the geology and mineral resources of the Nome mining district: Alaska Division of Geological and Geophysical Surveys, Public Data", "rept_names": "C.C. Hawley and Travis L. Hudson", "rept_date": "7/10/2000", "age": null, "rept_aff": "Hawley Resource Group, Inc.", "prod_notes": null, "reserves": null, "prime_ref": "Mertie, 1918", "latitude": 64.595442, "longitude": -165.349654, "datum": "WGS84", "source_datum": "NAD27 (EPSG:4267) reprojected to WGS84 (EPSG:4326)" }, "geometry": { "type": "Point", "coordinates": [ -165.349653803209975, 64.595441873383635 ] } },
{ "type": "Feature", "properties": { "ardf_num": "NM238", "mrds_num": "A012928", "site": "Caribou Bill", "location": "The Caribou Bill placer mine is at an elevation of about 500 feet in Nekula Gulch, about 4,400 feet southwest of the summit of King Mountain.  Nekula Gulch is in the south-side headwaters of Anvil Creek (NM236).  The map location is in the SW1/4 section 3", "quad_250": "NM", "quad_63360": "C-1", "comm_main": "Au", "comm_other": null, "ore": "Gold", "gangue": null, "site_type": "Mine", "status": "Inactive", "production": "Yes; small", "dep_model": "Alluvial placer Au (Cox and Singer, 1986; model 39a).", "model_code": "39a", "alteration": null, "geol_desc": "The Caribou Bill mine is one of several near the divide between upper Anvil Creek (NM236) and Dexter Creek (NM303) at surface elevations of about 450 to 600 feet, where high-level gravels were placer mined for gold.  These deposits were in gravels that ra", "work_expl": "The Caribou Bill deposit was mined in a surface pit that was 30 by 50 feet across and 20 feet deep in 1902-03; a 90-foot shaft was used to recover rich pay from what is probably a solution cavity in marble (Collier and others, 1908).  Possibly the deposit", "comments": null, "expand_ref": "Brooks, A.H., Richardson, G.B., Collier, A.J., and W.C. Mendenhall, 1901, A reconnaissance in the Cape Nome and adjacent gold fields of Seward Peninsula, Alaska, in 1900:  U.S. Geological Survey Special Publication, p. 1-185, maps.|Bundtzen, T.K., Reger,", "rept_names": "C.C. Hawley and Travis L. Hudson", "rept_date": "7/10/2000", "age": "Quaternary.", "rept_aff": "Hawley Resource Group, Inc.", "prod_notes": "The Caribou Bill deposit was very rich consisting of gravels containing as much as 48 ounces of gold per cubic yard.  The gold was coarse and angular and thought to be locally derived.  Production from the high-level gravels of the general area totaled ab", "reserves": null, "prime_ref": "Collier and others, 1908", "latitude": 64.588942, "longitude": -165.359753, "datum": "WGS84", "source_datum": "NAD27 (EPSG:4267) reprojected to WGS84 (EPSG:4326)" }, "geometry": { "type": "Point", "coordinates": [ -165.359753254193464, 64.588941524073405 ] } },
{ "type": "Feature", "properties": { "ardf_num": "NM239", "mrds_num": "A012930", "site": "Madeline; Mattie (upper workings)", "location": "The Madeline placer mine is at an elevation of about 600 feet in the headwaters of Anvil Creek (NM236) and about 3,400 feet southwest of the summit of King Mountain.  It is on the northeast side of the divide between upper Anvil Creek (NM236) and Deer Gul", "quad_250": "NM", "quad_63360": "C-1", "comm_main": "Au", "comm_other": null, "ore": "Gold", "gangue": null, "site_type": "Mine", "status": "Probably inactive", "production": "Yes; small", "dep_model": "Alluvial placer Au (Cox and Singer, 1986; model 39a).", "model_code": "39a", "alteration": null, "geol_desc": "The Madeline mine is one of several near the divide between upper Anvil Creek (NM236) and Dexter Creek (NM303) at surface elevations of about 450 to 600 feet, where high-level gravels were placer mined for gold.  These deposits were in gravels that ranged", "work_expl": "The Madeline mine is a drift mine off a shaft about 65 feet deep.  At least a half mile of drifting took place.", "comments": null, "expand_ref": "Brooks, A.H., Richardson, G.B., Collier, A.J., and W.C. Mendenhall, 1901, A reconnaissance in the Cape Nome and adjacent gold fields of Seward Peninsula, Alaska, in 1900:  U.S. Geological Survey Special Publication, p. 1-185, maps.|Bundtzen, T.K., Reger,", "rept_names": "C.C. Hawley and Travis L. Hudson", "rept_date": "7/10/2000", "age": "Quaternary.", "rept_aff": "Hawley Resource Group, Inc.", "prod_notes": "Production from the high-level gravels of the general area totaled about 100,000 ounces by 1903 (Collier and others, 1908).", "reserves": null, "prime_ref": "Collier and others, 1908", "latitude": 64.589642, "longitude": -165.354553, "datum": "WGS84", "source_datum": "NAD27 (EPSG:4267) reprojected to WGS84 (EPSG:4326)" }, "geometry": { "type": "Point", "coordinates": [ -165.354553269417266, 64.589641638375198 ] } },
{ "type": "Feature", "properties": { "ardf_num": "NM240", "mrds_num": "A012929", "site": "Mattie (lower workings)", "location": "The Mattie placer mine is at an elevation of about 575 feet on the north side of the divide between Nekula Gulch in the south headwaters of Anvil Creek (NM236) and Deer Gulch in the north headwaters of Dexter Creek (NM303).  The map location is in the SW1", "quad_250": "NM", "quad_63360": "C-1", "comm_main": "Au", "comm_other": null, "ore": "Gold", "gangue": null, "site_type": "Mine", "status": "Probably inactive", "production": "Yes; small", "dep_model": "Alluvial placer Au (Cox and Singer, 1986; model 39a).", "model_code": "39a", "alteration": null, "geol_desc": "The Mattie mine is one of several near the divide between upper Anvil Creek (NM236) and Dexter Creek (NM303) at surface elevations of about 450 to 600 feet, where high-level gravels were placer mined for gold.  These deposits were in gravels that ranged f", "work_expl": "Surface workings at the Mattie mine included a 50- by 150-foot hydraulic cut that was excavated to a depth of 30 feet.  About 0.45 ounce of gold per cubic yard was recovered in 1900 (Collier and others, 1908).", "comments": null, "expand_ref": "Brooks, A.H., Richardson, G.B., Collier, A.J., and W.C. Mendenhall, 1901, A reconnaissance in the Cape Nome and adjacent gold fields of Seward Peninsula, Alaska, in 1900:  U.S. Geological Survey Special Publication, p. 1-185, maps.|Bundtzen, T.K., Reger,", "rept_names": "C.C. Hawley and Travis L. Hudson", "rept_date": "7/10/2000", "age": "Quaternary.", "rept_aff": "Hawley Resource Group, Inc.", "prod_notes": "Production from the high-level gravels of the general area totaled about 100,000 ounces by 1903 (Collier and others, 1908).", "reserves": null, "prime_ref": "Collier and others, 1908", "latitude": 64.588442, "longitude": -165.355353, "datum": "WGS84", "source_datum": "NAD27 (EPSG:4267) reprojected to WGS84 (EPSG:4326)" }, "geometry": { "type": "Point", "coordinates": [ -165.355353156724874, 64.588441593747817 ] } },
{ "type": "Feature", "properties": { "ardf_num": "NM241", "mrds_num": "A012931", "site": "Snowflake", "location": "The Snowflake placer mine is at Dexter, in the north headwaters of Dexter Creek (NM303).  It is at an elevation of about 600 feet on the south side of the divide between Nekula Gulch and Deer Gulch.  The map location is just inside the south-central boder", "quad_250": "NM", "quad_63360": "C-1", "comm_main": "Au", "comm_other": null, "ore": "Gold", "gangue": null, "site_type": "Mine", "status": "Inactive", "production": "Yes; small", "dep_model": "Alluvial placer Au (Cox and Singer, 1986; model 39a).", "model_code": "39a", "alteration": null, "geol_desc": "The Snowflake mine is one of several near the divide between upper Anvil Creek (NM236) and Dexter Creek (NM303) at surface elevations of about 450 to 600 feet, where high-level gravels were placer mined for gold.  These deposits were in gravels that range", "work_expl": "Workings at the Snowflake mine were underground.  They included a 130-foot-deep main shaft, a winze sunk 70 feet east of the main shaft to the 230-foot level, and drifts trending N 60 W and S 60 E from the main shaft (Collier and others, 1908; Moffit, 191", "comments": null, "expand_ref": "Brooks, A.H., Richardson, G.B., Collier, A.J., and W.C. Mendenhall, 1901, A reconnaissance in the Cape Nome and adjacent gold fields of Seward Peninsula, Alaska, in 1900:  U.S. Geological Survey Special Publication, p. 1-185, maps.|Bundtzen, T.K., Reger,", "rept_names": "C.C. Hawley and Travis L. Hudson", "rept_date": "7/10/2000", "age": "Quaternary.", "rept_aff": "Hawley Resource Group, Inc.", "prod_notes": "Production from the high-level gravels of the general area totaled about 100,000 ounces by 1903 (Collier and others, 1908).   The pay ran about 0.3 ounce of gold per cubic yard at the Snowflake mine (Collier and others, 1908).", "reserves": null, "prime_ref": "Collier and others, 1908", "latitude": 64.585742, "longitude": -165.350153, "datum": "WGS84", "source_datum": "NAD27 (EPSG:4267) reprojected to WGS84 (EPSG:4326)" }, "geometry": { "type": "Point", "coordinates": [ -165.350152828487808, 64.5857416238794 ] } },
{ "type": "Feature", "properties": { "ardf_num": "NM242", "mrds_num": "A012932", "site": "Sugar", "location": "The Sugar placer mine is at an elevationof about 600 feet in the east headwaters of Deer Gulch and 4,000 feet south-southwest of the summit of King Mountain.  The map location is just inside the north boundary of section 31, T. 10 S., R. 33 W., Kateel Riv", "quad_250": "NM", "quad_63360": "C-1", "comm_main": "Au", "comm_other": null, "ore": "Gold", "gangue": null, "site_type": "Mine", "status": "Probably inactive", "production": "Yes; small", "dep_model": "Alluvial placer Au (Cox and Singer, 1986; model 39a).", "model_code": "39a", "alteration": null, "geol_desc": "The Sugar mine is one of several near the divide between upper Anvil Creek (NM236) and Dexter Creek (NM303) at surface elevations of about 450 to 600 feet, where high-level gravels were placer mined for gold.  These deposits were in gravels that ranged fr", "work_expl": "The workings at the Sugar mine were underground and included a shaft about 100 feet deep.", "comments": null, "expand_ref": "Brooks, A.H., Richardson, G.B., Collier, A.J., and W.C. Mendenhall, 1901, A reconnaissance in the Cape Nome and adjacent gold fields of Seward Peninsula, Alaska, in 1900:  U.S. Geological Survey Special Publication, p. 1-185, maps.|Bundtzen, T.K., Reger,", "rept_names": "C.C. Hawley and Travis L. Hudson", "rept_date": "7/10/2000", "age": "Quaternary.", "rept_aff": "Hawley Resource Group, Inc.", "prod_notes": "Production from the high-level gravels of the general area totaled about 100,000 ounces by 1903 (Collier and others, 1908).", "reserves": null, "prime_ref": "Collier and others, 1908", "latitude": 64.584742, "longitude": -165.345853, "datum": "WGS84", "source_datum": "NAD27 (EPSG:4267) reprojected to WGS84 (EPSG:4326)" }, "geometry": { "type": "Point", "coordinates": [ -165.345852681577753, 64.584741679310142 ] } },
{ "type": "Feature", "properties": { "ardf_num": "NM243", "mrds_num": "A012933", "site": "Gold Hill (drift mine near Dexter)", "location": "The Gold Hill drift placer mine is in the headwater divide between Deer and Grouse Gulch, small north tributaries to Dexter Creek (NM303).  The map location is the location of the Gold Hill shaft at an elevation of about 575 feet in the NE1/4 section 31,", "quad_250": "NM", "quad_63360": "C-1", "comm_main": "Au", "comm_other": null, "ore": "Gold", "gangue": null, "site_type": "Mine", "status": "Probably inactive", "production": "Yes; small", "dep_model": "Alluvial placer Au (Cox and Singer, 1986; model 39a).", "model_code": "39a", "alteration": null, "geol_desc": "The Gold Hill mine is one of several near the divide between upper Anvil Creek (NM236) and Dexter Creek (NM303) at surface elevations of about 450 to 600 feet, where high-level gravels were placer mined for gold.  These deposits were in gravels that range", "work_expl": "Underground workings, probably now caved or flooded, were accessed by a shaft.", "comments": null, "expand_ref": "Brooks, A.H., Richardson, G.B., Collier, A.J., and W.C. Mendenhall, 1901, A reconnaissance in the Cape Nome and adjacent gold fields of Seward Peninsula, Alaska, in 1900:  U.S. Geological Survey Special Publication, p. 1-185, maps.|Bundtzen, T.K., Reger,", "rept_names": "C.C. Hawley and Travis L. Hudson", "rept_date": "7/10/2000", "age": "Quaternary.", "rept_aff": "Hawley Resource Group, Inc.", "prod_notes": "Specific information about the Gold Hill deposit or its production is not available.  Production from the high-level gravels of the general area totaled about 100,000 ounces by 1903 (Collier and others, 1908).", "reserves": null, "prime_ref": "This report", "latitude": 64.583842, "longitude": -165.343653, "datum": "WGS84", "source_datum": "NAD27 (EPSG:4267) reprojected to WGS84 (EPSG:4326)" }, "geometry": { "type": "Point", "coordinates": [ -165.343652567194937, 64.58384169805737 ] } },
{ "type": "Feature", "properties": { "ardf_num": "NM244", "mrds_num": "A012837", "site": "Hines and McLaughlin; Royal Group", "location": "The Hines and McLaughlin (Royal Group) claims are at an elevation of about 700 feet on the southwest flank of King Mountain. The location is approximately locality 5 of Cathcart (1922, p. 235, figure 18).  The map location is in the SE1/4 section 30, T. 1", "quad_250": "NM", "quad_63360": "C-1", "comm_main": "Au", "comm_other": "Pt (?)", "ore": "Gold, jarosite, pyrite (?)", "gangue": "Quartz", "site_type": "Prospect", "status": "Inactive", "production": "None", "dep_model": "Low-sulfide replacement lode is schist and marble.", "model_code": null, "alteration": "Sulfidization of schist.", "geol_desc": "The Hines and McLaughlin prospect was developed by six shafts ranging from 20 to 56 feet in depth (Cathcart, 1922, p. 236).  The shafts were sunk in bedrock composed of alternating layers of marble and mineralized schist.  None of the workings were open w", "work_expl": "Five claims on King Mountain above Dexter were explored by shallow shafts that were caved at the time of Cathcart's visit (Cathcart, 1922).  The claims, including the Royal Group on King Mountain, were reported by Mertie (1918), but he did not visit them", "comments": null, "expand_ref": "Cathcart, S.H., 1922, Metalliferous lodes in southern Seward Peninsula:  U.S. Geological Survey Bulletin 722-F, p. 163-261.|Mertie, J.B., Jr., 1918, Lode mining and prospecting on Seward Peninsula:  U.S. Geological Survey Bulletin 662, p. 425-449.", "rept_names": "C.C. Hawley and Travis L. Hudson", "rept_date": "7/10/2000", "age": "Probably about mid-Cretaceous, the age of other lode gold deposits in the Nome district.", "rept_aff": "Hawley Resource Group, Inc.", "prod_notes": null, "reserves": null, "prime_ref": "Cathcart, 1922", "latitude": 64.587542, "longitude": -165.343653, "datum": "WGS84", "source_datum": "NAD27 (EPSG:4267) reprojected to WGS84 (EPSG:4326)" }, "geometry": { "type": "Point", "coordinates": [ -165.343652940873994, 64.58754178964432 ] } },
{ "type": "Feature", "properties": { "ardf_num": "NM245", "mrds_num": "A012838", "site": "Unnamed (lode in Dexter Creek)", "location": "This lode prospect is at an elevation of about 300 feet on the north side of Dexter Creek (NM303) about 300 feet upstream of the mouth of Grouse Gulch and about 5,700 feet south of the summit of King Mountain.  It is at the east-central edge of section 31", "quad_250": "NM", "quad_63360": "C-1", "comm_main": "Au, Cu", "comm_other": null, "ore": "Gold", "gangue": null, "site_type": "Prospect", "status": "Inactive", "production": "No", "dep_model": "Copper- and gold-bearing lode deposit; Low-sulfide Au-quartz vein? (Cox and Singer, 1986; model 36a).", "model_code": "36a?", "alteration": null, "geol_desc": "A 400-foot tunnel driven in or before 1907 was reported by Smith (1908, p. 240). The ore reportedly contained about 4 percent copper.  Moffit (1913, p. 135) proposed that gold in the deposit was more valuable than the copper.  Country rock is probably the", "work_expl": "A 400-foot adit was driven into the north bank of Dexter Creek in or before 1907 (Smith, 1908); no subsequent work has been reported.", "comments": null, "expand_ref": "Cobb, E.H., 1972, Metallic mineral resources map of the Nome quadrangle, Alaska:  U.S. Geological Survey Miscellaneous Field Studies Map MF-463, 2 sheets, scale 1:250,000.|Cobb, E.H., 1978, Summary of references to mineral occurrences (other than mineral", "rept_names": "C.C. Hawley and Travis L. Hudson", "rept_date": "7/10/2000", "age": null, "rept_aff": "Hawley Resource Group, Inc.", "prod_notes": null, "reserves": null, "prime_ref": "Smith, 1908", "latitude": 64.579142, "longitude": -165.335152, "datum": "WGS84", "source_datum": "NAD27 (EPSG:4267) reprojected to WGS84 (EPSG:4326)" }, "geometry": { "type": "Point", "coordinates": [ -165.335152001875997, 64.57914174023891 ] } },
{ "type": "Feature", "properties": { "ardf_num": "NM246", "mrds_num": "A012946", "site": "Dexter High Bench", "location": "This record describes a complex, high-level gold placer deposit centered on the divide at the head of Deer Gulch.  Other shaft mines in the Dexter divide area are described in records NM238-243. The map location is at an elevation of about 550 feet in the", "quad_250": "NM", "quad_63360": "C-1", "comm_main": "Au", "comm_other": "Ag", "ore": "Gold", "gangue": null, "site_type": "Mine", "status": "Probably inactive", "production": "Yes", "dep_model": "Alluvial placer Au (Cox and Singer, 1986; model 39a).", "model_code": "39a", "alteration": null, "geol_desc": "The Dexter High Bench placer deposit is one of three similar deposits.  The others are the Summit deposit (NM247) and the deposit at the head of Dry Creek (NM248).  The Dexter high-level deposit includes the relatively low-grade auriferous gravel that man", "work_expl": "Gold was discovered in Nekula Gulch in 1900.  About 90,000 dollars worth of gold (about 4,500 ounces) was mined in 1900.  The area was developed rapidly; it was active when visited by Collier and others (1908) in 1903 and by Moffit (1913) in 1905 and 1906", "comments": null, "expand_ref": "Brooks, A.H., Richardson, G.B., Collier, A.J., and W.C. Mendenhall, 1901, A reconnaissance in the Cape Nome and adjacent gold fields of Seward Peninsula, Alaska, in 1900:  U.S. Geological Survey Special Publication, p. 1-185, maps.|Bundtzen, T.K., Reger,", "rept_names": "C.C. Hawley and Travis L. Hudson", "rept_date": "7/10/2000", "age": "Quaternary, but possibly late Tertiary.", "rept_aff": "Hawley Resource Group, Inc.", "prod_notes": "Production from the high-level gravels of the general area totaled about 100,000 ounces by 1903 (Collier and others, 1908).  The high level gravels at Dexter were mostly worked out by 1906.", "reserves": null, "prime_ref": "Collier and others, 1908", "latitude": 64.585842, "longitude": -165.355453, "datum": "WGS84", "source_datum": "NAD27 (EPSG:4267) reprojected to WGS84 (EPSG:4326)" }, "geometry": { "type": "Point", "coordinates": [ -165.355452895163779, 64.585841527522689 ] } },
{ "type": "Feature", "properties": { "ardf_num": "NM247", "mrds_num": "A012909", "site": "Summit High Bench", "location": "The Summit high-level placer gold deposit is at an elevation of about 530 feet on the low divide between upper Specimen Gulch (NM312) and Grass Gulch.  It is 5,500 feet north-northeast of the summit of Anvil Mountain in the west-central part of section 31", "quad_250": "NM", "quad_63360": "C-1", "comm_main": "Au", "comm_other": null, "ore": "Gold", "gangue": null, "site_type": "Mine", "status": "Probably inactive", "production": "Yes; small", "dep_model": "Alluvial placer Au; buried high-level alluvial channel (Cox and Singer, 1986; model 39a).", "model_code": "39a", "alteration": null, "geol_desc": "The Summit high-level bench placer mine worked a gravel deposit 600 to 800 feet wide at the surface.  The paystreak was in a 50 to 80-foot-wide bedrock channel incised in schist.  The mine was developed by shafts and drifts.  On the Summit claim (at about", "work_expl": "The workings at the Summit mine were underground.  They included several shafts as deep as 106 feet and more than 600 to 700 feet of drifts; 300 feet of the pay streak was worked out by 1903 (Collier and others, 1908).", "comments": null, "expand_ref": "Bundtzen, T.K., Reger, R.D., Laird, G.M., Pinney, D.S., Clautice, K.H., Liss, S.A., and Cruse, G.R., 1994, Progress report on the geology and mineral resources of the Nome mining district: Alaska Division of Geological and Geophysical Surveys, Public Data", "rept_names": "C.C. Hawley and Travis L. Hudson", "rept_date": "7/10/2000", "age": "Quaternary; possibly as old as late Tertiary.", "rept_aff": "Hawley Resource Group, Inc.", "prod_notes": "Production from the high-level gravels of the general area totaled about 100,000 ounces by 1903 (Collier and others, 1908). About 5000 ounces of gold were probably produced from the high level deposits on the Summit and nearby claims.", "reserves": null, "prime_ref": "Collier and others, 1908", "latitude": 64.577741, "longitude": -165.362352, "datum": "WGS84", "source_datum": "NAD27 (EPSG:4267) reprojected to WGS84 (EPSG:4326)" }, "geometry": { "type": "Point", "coordinates": [ -165.36235215093177, 64.577741198428782 ] } },
{ "type": "Feature", "properties": { "ardf_num": "NM248", "mrds_num": "10308004", "site": "Unnamed high-bench deposit (Dexter Creek-Dry Creek divide)", "location": "This record describes high-level, auriferous gravel deposits on the divide between Dry Creek (NM249) and Wet Gulch, a north-flowing headwater tributary to Dexter Creek (NM303).  It is at a surface elevation of about 575 feet and 4,500 feet northeast of th", "quad_250": "NM", "quad_63360": "C-1", "comm_main": "Au", "comm_other": null, "ore": "Gold", "gangue": null, "site_type": "Mine", "status": "Inactive", "production": "Yes", "dep_model": "Alluvial placer Au; buried high-level placer deposits (Cox and Singer, 1986; model 39a).", "model_code": "39a", "alteration": null, "geol_desc": "Auriferous high-level gravels on the Dry Creek-Dexter Creek divide are one of three closely related ancient placer deposits; the other two are at Summit (NM247) and Dexter Station (NM246).  The main deposit on the Dry Creek-Dexter Creek divide appears to", "work_expl": "Most of the area was mined by drifting from shafts between 1902 and 1906.  Deposits in upper Dry Creek were worked from the surface or from shallow shafts.", "comments": null, "expand_ref": "Bundtzen, T.K., Reger, R.D., Laird, G.M., Pinney, D.S., Clautice, K.H., Liss, S.A., and Cruse, G.R., 1994, Progress report on the geology and mineral resources of the Nome mining district: Alaska Division of Geological and Geophysical Surveys, Public Data", "rept_names": "C.C. Hawley and Travis L. Hudson", "rept_date": "7/10/2000", "age": "Quaternary or possibly late Tertiary.", "rept_aff": "Hawley Resource Group, Inc.", "prod_notes": null, "reserves": null, "prime_ref": "Collier and others, 1908", "latitude": 64.566741, "longitude": -165.345651, "datum": "WGS84", "source_datum": "NAD27 (EPSG:4267) reprojected to WGS84 (EPSG:4326)" }, "geometry": { "type": "Point", "coordinates": [ -165.345650863008188, 64.56674123780023 ] } },
{ "type": "Feature", "properties": { "ardf_num": "NM249", "mrds_num": "A012945", "site": "Upper Dry Creek; Bear Creek (Gulch)", "location": "This record describes gold placer deposits in Dry Creek upstream from the Nome coastal plain to the divide at the head of the creek.  The map location is at an elevation of about 275 feet, just north of the center of section 7, T. 11 S., R. 33 W., Kateel", "quad_250": "NM", "quad_63360": "C-1", "comm_main": "Au", "comm_other": "W", "ore": "Gold, ilmenite, limonite, magnetite, scheelite", "gangue": "Garnet, quartz", "site_type": "Mine", "status": "Active", "production": "Yes; medium", "dep_model": "Alluvial placer Au (Cox and Singer, 1986; model 39a).", "model_code": "39a", "alteration": null, "geol_desc": "Dry Creek heads in high-level, gold-bearing gravels at the saddle between upper Dry Creek and Wet Gulch (NM248). Gold in uppermost Dry Creek was mined from 2-foot-thick gravels on a thin clay layer resting directly on schist bedrock.  Mining began as earl", "work_expl": "Most of the workings on upper Dry Creek are surface cuts.  Tailings on Dry Creek where it enters onto the Nome coastal plain suggest that considerable dredging may have taken place there between 1920 and 1938.  The east-side bench may have been at least p", "comments": null, "expand_ref": "Brooks, A.H., Richardson, G.B., Collier, A.J., and W.C. Mendenhall, 1901, A reconnaissance in the Cape Nome and adjacent gold fields of Seward Peninsula, Alaska, in 1900:  U.S. Geological Survey Special Publication, p. 1-185, maps.|Bundtzen, T.K., Reger,", "rept_names": "C.C. Hawley and Travis L. Hudson", "rept_date": "7/10/2000", "age": "Quaternary.", "rept_aff": "Hawley Resource Group, Inc.", "prod_notes": null, "reserves": null, "prime_ref": "Collier and others, 1908", "latitude": 64.550841, "longitude": -165.347349, "datum": "WGS84", "source_datum": "NAD27 (EPSG:4267) reprojected to WGS84 (EPSG:4326)" }, "geometry": { "type": "Point", "coordinates": [ -165.34734927884665, 64.550840813286229 ] } },
{ "type": "Feature", "properties": { "ardf_num": "NM250", "mrds_num": "M047043; D002178", "site": "Nome Mining District", "location": "This record is a summary description of the lode and placer deposits of the Nome mining district.  The district has been variously defined.  For the purposes of this summary, it comprises all of the Nome B-1 and C-1 quadrangles and parts of the Nome C-2,", "quad_250": "NM", "quad_63360": "C-1", "comm_main": "Au", "comm_other": "Ag, Pb, Sb, Sn, W", "ore": "Arsenopyrite, cassiterite, galena, gold, pyrite, scheelite, stibnite", "gangue": "Albite, ankerite, calcite, quartz", "site_type": "Mines", "status": "Active", "production": "Yes", "dep_model": "The principal deposit types in the region are: low-sulfide Au-quartz veins, simple Sb deposits, Kuroko massive sulfide, and alluvial placer Au (Cox and Singer, 1986; models 36a, 27d, 28a, and 39a).", "model_code": "36a, 27d, 28a, 39a", "alteration": "Extensive alteration, mainly albitization and sulfidization, accompanied early ductile lode mineralization.  Arsenopyrite was the main introduced sulfarsenide.  Later alteration during the brittle stage includes sericitization, silicification, and ankerit", "geol_desc": "The country rocks in the Nome mining district as defined by Bundtzen and others (1994) consist of three main lithostratigraphic units: an upper unit of chlorite- and albite-rich mafic schist, local marble, and calc-schist; a middle unit of massive and pla", "work_expl": "Major alluvial placer gold deposits in the Nome mining district were discovered in September and October of 1898 by John Brynteson, Jafet Lindeberg, and Erik O. Lindblom. The men were supported by an active Scandinavian community based at Golovin, who mai", "comments": null, "expand_ref": "Brooks, A.H., Richardson, G.B., Collier, A.J., and W.C. Mendenhall, 1901, A reconnaissance in the Cape Nome and adjacent gold fields of Seward Peninsula, Alaska, in 1900:  U.S. Geological Survey Special Publication, p. 1-185, maps.|Bundtzen, T.K., Reger,", "rept_names": "C.C. Hawley and Travis L. Hudson", "rept_date": "7/10/2000", "age": "The lode gold deposits are mid-Cretaceous, and the placer gold deposits are Quaternary.  The lode gold deposits at Bluff have been determined to be 109 Ma (Ford and Snee, 1996); more widespread radiometric dating of lode gold deposits is needed.", "rept_aff": "Hawley Resource Group, Inc.", "prod_notes": "The Nome mining district is the second most important placer district in Alaska.  From 1898 to 1993, more than 4,800,000 ounces of gold (150 metric tonnes) were produced, essentially all by placer methods and mostly from complex alluvial deposits or burie", "reserves": "Drill-indicated gold resources, which approximate reserves when gold is about 350 to 400 dollars per ounce in 2000 dollars, are on the order of 2,500,000 ounces including 1 million ounces offshore, 1 million ounces in placers onshore, and more than 500,00", "prime_ref": "Collier and others, 1908", "latitude": 64.576841, "longitude": -165.397152, "datum": "WGS84", "source_datum": "NAD27 (EPSG:4267) reprojected to WGS84 (EPSG:4326)" }, "geometry": { "type": "Point", "coordinates": [ -165.397152430665216, 64.576840527212241 ] } },
{ "type": "Feature", "properties": { "ardf_num": "NM251", "mrds_num": "A010762", "site": "Nome placer field", "location": "This extensive placer gold deposit that has been mined intensively since before WWI occupies large parts of  sections 11, 12, 13, and 14, T. 11 S., R. 34 W., of the Kateel River Meridian.  The coordinates are immediately north of the Nome-Teller road in t", "quad_250": "NM", "quad_63360": "C-1", "comm_main": "Au", "comm_other": "Ag, W", "ore": "Arsenopyrite, gold, hematite, ilmenite, magnetite, pyrite, scheelite", "gangue": "Garnet", "site_type": "Mines", "status": "Active", "production": "Yes; large", "dep_model": "Alluvial placer Au (Cox and Singer, 1986, model 39a); deltaic deposits, buried strand line beach deposits, and offshore abrasion placers seaward from ancient beaches.", "model_code": "39a", "alteration": null, "geol_desc": "The Nome placer field formed where the rich Anvil Creek alluvial placer (NM236) was reworked by marine  processes where it flowed out onto a coastal plain.  An ancestral Anvil Creek channel flowed southeasterly, turned south near modern Center Creek (not", "work_expl": "A buried alluvial gold deposit was discovered in the canyon of Anvil Creek in 1898 by Lindblom, Brynteson, and Lindeberg, who later formed Pioneer Mining Company.  The men also located placer claims on the coastal plain along an ancient buried channel of", "comments": null, "expand_ref": "Bundtzen, T.K., Reger, R.D., Laird, G.M., Pinney, D.S., Clautice, K.H., Liss, S.A., and Cruse, G.R., 1994, Progress report on the geology and mineral resources of the Nome mining district: Alaska Division of Geological and Geophysical Surveys, Public Data", "rept_names": "C.C. Hawley (Hawley Resource Group, Inc.) and Travis L. Hudson (Applied Geology, Inc.); D.J. Grybeck (Port Ludlow, WA)", "rept_date": "4/10/2007", "age": "Pliocene (?) and Quaternary; sea-level fluctuations are very important in the history of this deposit.", "rept_aff": null, "prod_notes": "Production by dredges and surface workings of about $8,000,000 in gold  (about 387,000 ounces) from 1904 to 1934 and extensive production after WW II.", "reserves": "The property contains a measured and indicated resource of 1.6 million ounces of gold and an inferred resource of 300,000 ounces of gold (NovaGold Resources, Inc., 2007, Reserve). The gold is in a 194 million tonne resource of sand and gravel which is val", "prime_ref": "Metcalfe and Tuck, 1942", "latitude": 64.54314, "longitude": -165.405349, "datum": "WGS84", "source_datum": "NAD27 (EPSG:4267) reprojected to WGS84 (EPSG:4326)" }, "geometry": { "type": "Point", "coordinates": [ -165.405349120659366, 64.543139541933442 ] } },
{ "type": "Feature", "properties": { "ardf_num": "NM252", "mrds_num": "A010761", "site": "Nome Beach and Abrasion Deposits", "location": "Four main gold-bearing beaches, Present Beach (NM255), Second Beach (NM256), Third Beach (NM258), and locally preserved Fourth Beach (NM259), constitute true strandline gold placer deposits of the Nome coastal plain; they are developed between Cape Nome a", "quad_250": "NM", "quad_63360": "C-1", "comm_main": "Ag, Au", "comm_other": "W", "ore": "Arsenopyrite, gold, hematite, ilmenite, magnetite, pyrite, scheelite", "gangue": "Garnet", "site_type": "Mine", "status": "Active", "production": "Yes; large", "dep_model": "Lensoid deposits of fine gold associated with black and ruby sands in the true beach strandlines; disseminated and crudely stratabound concentrations formed in an offshore abrading environment.", "model_code": null, "alteration": null, "geol_desc": "Three main strandline beach deposits exist at Nome, Present (also First or Modern), Second, and Third.  With reference to modern sea level, these beaches formed, respectively, at current sea level, 38 feet and about 70 feet in elevation  There is some evi", "work_expl": "Gold was discovered on Present Beach in 1899 and immediately gave rise to extensive production.  Second Beach was discovered in 1902 and Third Beach was discoved in 1904.  In 1906, Nome had its most productive year when more than 295,000 ounces of gold we", "comments": null, "expand_ref": "Brooks, A.H., 1925, Alaska's mineral resources and production, 1923:  U.S. Geological Survey Bulletin 773-A, p. 3-52. |Bundtzen, T.K., Reger, R.D., Laird, G.M., Pinney, D.S., Clautice, K.H., Liss, S.A., and Cruse, G.R., 1994, Progress report on the geolog", "rept_names": "C.C. Hawley and Travis L. Hudson", "rept_date": "7/10/2000", "age": "Late Pliocene and Pleistocene.", "rept_aff": "Hawley Resource Group, Inc.", "prod_notes": "Most of the production of the Nome district (NM250) has come from the strandline deposits and their related offshore abrasion deposits.", "reserves": "Resources locally remain in the remnants of the beach and abrasion deposits that have not been previously mined.", "prime_ref": "Metcalfe and Tuck, 1942", "latitude": 64.525139, "longitude": -165.389847, "datum": "WGS84", "source_datum": "NAD27 (EPSG:4267) reprojected to WGS84 (EPSG:4326)" }, "geometry": { "type": "Point", "coordinates": [ -165.389847145461886, 64.525139387112617 ] } },
{ "type": "Feature", "properties": { "ardf_num": "NM253", "mrds_num": "A012964", "site": "Nome Offshore Placer deposits", "location": "The Nome Offshore placer area extends from Present Beach offshore for 2 miles to water depths of about 60 feet.  It extends about 10 miles parallel to the modern strandline, commencing west of the the mouth of Nome River and continuing westward to the vic", "quad_250": "NM", "quad_63360": "C-1", "comm_main": "Au", "comm_other": "Ag", "ore": "Arsenopyrite, gold, ilmenite, magnetite, pyrite", "gangue": "Garnet", "site_type": "Mine", "status": "Active", "production": "Yes; small", "dep_model": "Placer; offshore, relict gravel, submerged beaches.", "model_code": null, "alteration": null, "geol_desc": "Gold occurs in offshore placer deposits off the coast of Nome, particularly from a point west of the mouth of the Nome River to near Penny River.  From about 1960 to 1991, and especially from 1987 to 1990, there has been significant exploration and gold p", "work_expl": "Some attempts were made to exploit offshore gold in the early years of the district, but they were unsuccessful largely because the machinery was poorly conceived or could not withstand the physical conditions. The first serious work began in the 1960's,", "comments": "High-resolution seismic surveys initiated by the U.S. Geological Survey (Tagg and Greene, 1973) and further refined by industry (Graul and others, 1989) were effective in mapping glacial deposits, possible covered beach deposits, and channels.", "expand_ref": "Bosse, P.J., 1990, Development of innovative underwater mining techniques:  Western Gold Exploration and Mining, Ltd., presented at Underwater Mining Conference, Vancouver, B.C., Canada |Bronston, C.A., 1992, Ore reserve calculation procedures: Nova Natur", "rept_names": "C.C. Hawley and Travis L. Hudson", "rept_date": "7/10/2000", "age": "Pliocene and Pleistocene.", "rept_aff": "Hawley Resource Group, Inc.", "prod_notes": "WestGold produced a significant amount of gold in its more or less experimental attempt at mining offshore Nome.  In addition to their test mining in 1985, WestGold produced about 36,709 ounces of gold in 1987, 35,554 ounces in 1988, 30,882 ounces in 1989", "reserves": "A gold resource for this region was calculated by Cecilia A. Bronston (1992; unpublished data, 1993) using a cut-off grade of 300 milligrams of gold per cubic meter.  The total identified proven and probable ounces in nine deposits was 585,016 ounces at a", "prime_ref": "Rusanowski, 1991", "latitude": 64.499337, "longitude": -165.502346, "datum": "WGS84", "source_datum": "NAD27 (EPSG:4267) reprojected to WGS84 (EPSG:4326)" }, "geometry": { "type": "Point", "coordinates": [ -165.502345743269842, 64.499336654858766 ] } },
{ "type": "Feature", "properties": { "ardf_num": "NM254", "mrds_num": "A012956", "site": "Nome Coastal Plain", "location": "The Nome Coastal Plain is the area between the Nome uplands and the present beach along Norton Sound, between Cape Rodney to the west, and Cape Nome.  It has a maximum width of about 3.5 miles at Nome. The width of the coastal plain gradually decreases ea", "quad_250": "NM", "quad_63360": "C-1", "comm_main": "Au", "comm_other": "Ag, W", "ore": "Arsenopyrite, gold, ilmenite, magnetite, pyrite, scheelite", "gangue": "Garnet", "site_type": "Mine", "status": "Active?", "production": "Yes", "dep_model": "Alluvial placer Au (Cox and Singer, 1986; model 39a); marine and complex placer deposits.", "model_code": "39a", "alteration": null, "geol_desc": "Pre-Pleistocene and Pleistocene marine and terrestrial sediments, especially near the major source areas of ancestral Snake River, Anvil Creek, and Nome River, contain small amounts of particulate gold.  In the early days of the district, prospectors obse", "work_expl": "Exploration and production began with the discovery of Present Beach in 1899 and continued intermittently until 1998.", "comments": null, "expand_ref": "Brooks, A.H., Richardson, G.B., Collier, A.J., and W.C. Mendenhall, 1901, A reconnaissance in the Cape Nome and adjacent gold fields of Seward Peninsula, Alaska, in 1900:  U.S. Geological Survey Special Publication, p. 1-185, maps.|Cobb, E.H., 1972, Metal", "rept_names": "C.C. Hawley and Travis L. Hudson", "rept_date": "7/10/2000", "age": "Pliocene and Pleistocene.", "rept_aff": "Hawley Resource Group, Inc.", "prod_notes": null, "reserves": null, "prime_ref": "Metcalfe and Tuck, 1942", "latitude": 64.535538, "longitude": -165.468249, "datum": "WGS84", "source_datum": "NAD27 (EPSG:4267) reprojected to WGS84 (EPSG:4326)" }, "geometry": { "type": "Point", "coordinates": [ -165.468249021604464, 64.535538181667931 ] } },
{ "type": "Feature", "properties": { "ardf_num": "NM255", "mrds_num": "A012960", "site": "Present (First) Beach", "location": "Present Beach is the active beach along the coast of Norton Sound near Nome.  It extends southeast for about 12 miles from the mouth of Snake River to Cape Nome and northwest about 18 miles from Snake River to Quartz Creek in the Nome C-3 quadrangle (NM15", "quad_250": "NM", "quad_63360": "C-1", "comm_main": "Au", "comm_other": "Ag", "ore": "Gold, ilmenite, limonite, pyrite", "gangue": "Garnet", "site_type": "Mines", "status": "Active", "production": "Yes", "dep_model": "Beach placer Au (Cox and Singer, 1986; model 39a).", "model_code": "39, strandline marine placer", "alteration": null, "geol_desc": "Gold was discovered in Present Beach in 1899, about one year after the discovery of alluvial gold in Anvil and other creeks.  Geologist  A.H. Brooks of the U. S. Geological Survey examined the deposits in 1899 and 1900 and provided a first-hand scientific", "work_expl": "Gold on Present Beach was discovered in 1899, and production began immediately.  Approximately half of the total production from this beach occurred in 1899 (about 1,000,000 dollars or about 50,000 ounces).  About 350,000 dollars or 17,000 ounces of gold", "comments": null, "expand_ref": "Brooks, A.H., Richardson, G.B., Collier, A.J., and W.C. Mendenhall, 1901, A reconnaissance in the Cape Nome and adjacent gold fields of Seward Peninsula, Alaska, in 1900:  U.S. Geological Survey Special Publication, p. 1-185, maps.|Cobb, E.H., 1972, Metal", "rept_names": "C.C. Hawley and Travis L. Hudson", "rept_date": "7/10/2000", "age": "Holocene.", "rept_aff": "Hawley Resource Group, Inc.", "prod_notes": "The most important year of production was 1899, when about 1,000,000 dollars, or about 50,000 ounces of gold were recovered.  About 350,000 dollars, or 17,000 ounces of gold were recovered in 1900.  Some production continues (2000) and can be expected to", "reserves": null, "prime_ref": "Brooks and others, 1901", "latitude": 64.499138, "longitude": -165.428945, "datum": "WGS84", "source_datum": "NAD27 (EPSG:4267) reprojected to WGS84 (EPSG:4326)" }, "geometry": { "type": "Point", "coordinates": [ -165.428944949082847, 64.499138018298765 ] } },
{ "type": "Feature", "properties": { "ardf_num": "NM256", "mrds_num": "A012954", "site": "Second Beach", "location": "Second Beach is a raised Quaternary strandline that formed during a seastand at about 38 feet above current sea level. It lies a few hundred to 3,000 feet inland of Present Beach (NM255).  This beach can be traced westerly from near Hastings Creek, but it", "quad_250": "NM", "quad_63360": "B-1", "comm_main": "Au", "comm_other": "Ag", "ore": "Gold, ilmenite, magnetite, pyrite", "gangue": "Garnet", "site_type": "Mine", "status": "Active?", "production": "Yes", "dep_model": "Placer; buried beach.", "model_code": null, "alteration": null, "geol_desc": "Second Beach was discovered in 1902 near Peluk Creek; it is termed Second Beach because it was the second beach deposit discovered in the district (Metcalfe and Tuck, 1942).  Development of the deposit by drift mining started almost immediately (Brooks, 1", "work_expl": "Second Beach was discovered in 1902 near Peluk Creek, which had eroded through the deposit.  Once known, the beach was easily recognized because it  was marked by a surface escarpment about 10 to 40 feet high (Collier and others, 1908).  The original pros", "comments": null, "expand_ref": "Brooks, A.H., 1905, Placer mining in Alaska in 1904:  U.S. Geological Survey Bulletin 259, p. 18-31.|Cobb, E.H., 1972, Metallic mineral resources map of the Nome quadrangle, Alaska:  U.S. Geological Survey Miscellaneous Field Studies Map MF-463, 2 sheets,", "rept_names": "C.C. Hawley and Travis L. Hudson", "rept_date": "7/10/2000", "age": "Quaternary.", "rept_aff": "Hawley Resource Group, Inc.", "prod_notes": "Possibly about 700,000 dollars, or 34,000 ounces of gold, were recovered, mostly before 1912.", "reserves": null, "prime_ref": "Tuck and Metcalfe, 1942", "latitude": 64.475142, "longitude": -165.20374, "datum": "WGS84", "source_datum": "NAD27 (EPSG:4267) reprojected to WGS84 (EPSG:4326)" }, "geometry": { "type": "Point", "coordinates": [ -165.203740142763365, 64.475141623706534 ] } },
{ "type": "Feature", "properties": { "ardf_num": "NM257", "mrds_num": "A012950", "site": "Monroeville Beach", "location": "Monroeville Beach is a buried gold placer on bedrock at an elevation of about 35 to 45 feet.  It is buried by deposits of the Nome coastal plain in an area where surface elevations range from about 100 to 125 feet.  It is about 2 miles inland from the mod", "quad_250": "NM", "quad_63360": "C-1", "comm_main": "Au", "comm_other": "Ag", "ore": "Arsenopyrite, gold, magnetite, pyrite", "gangue": null, "site_type": "Mine", "status": "Active?", "production": "Yes", "dep_model": "Placer; marine abrasion platform deposit.", "model_code": null, "alteration": null, "geol_desc": "Monroeville Beach is an abrasion platform gold placer deposit at about 35 to 45 feet above sealevel that developed as Third Beach was being formed.  The main deposit was traced for about a mile between Little and Holyoke Creeks (Moffit, 1913, p. 119).  Th", "work_expl": "Mostly worked by drifting from shafts.  The deposit was discovered about 1906.", "comments": null, "expand_ref": "Cobb, E.H., 1972, Metallic mineral resources map of the Nome quadrangle, Alaska:  U.S. Geological Survey Miscellaneous Field Studies Map MF-463, 2 sheets, scale 1:250,000.|Metcalfe, J.B., and Tuck, Ralph, 1942, Placer gold deposits of the Nome district, A", "rept_names": "C.C. Hawley and Travis L. Hudson", "rept_date": "7/10/2000", "age": "Quaternary.", "rept_aff": "Hawley Resource Group, Inc.", "prod_notes": null, "reserves": null, "prime_ref": "Metcalfe and Tuck, 1942", "latitude": 64.530439, "longitude": -165.412348, "datum": "WGS84", "source_datum": "NAD27 (EPSG:4267) reprojected to WGS84 (EPSG:4326)" }, "geometry": { "type": "Point", "coordinates": [ -165.41234791708581, 64.53043909827197 ] } },
{ "type": "Feature", "properties": { "ardf_num": "NM258", "mrds_num": "A012955", "site": "Third Beach", "location": "Third Beach is a buried strandline placer in the inner part of the Nome coastal plain.  Near Irene Creek in the Nome B-1 quadrangle, the beach is about 1.5 miles from the coast; at Otter Creek it is about 2.5 miles from the coast, and in the Nome Placer F", "quad_250": "NM", "quad_63360": "C-1", "comm_main": "Au", "comm_other": "Ag", "ore": "Gold", "gangue": "Garnet", "site_type": "Mines", "status": "Active?", "production": "Yes", "dep_model": "Placer; buried beach (Cox and Singer, 1986; part of model 39a).", "model_code": "39a", "alteration": null, "geol_desc": "The Third Beach buried beach placer was discovered in 1904 in exploration shafts.  It lies on bedrock at an elevation of about 79 or 80 feet near Little Creek (Moffit, 1907).  Exploration and development were rapid, and by 1908 most of the deposit that co", "work_expl": "Third Beach was discovered in 1904 in exploration shafts near Little Creek.  Most of the deposits rich enough to drift mine were exhausted by 1908.  Some deposits then were mined in hydraulic open-pits using hydraulic lifts.  Starting in the 1920's, with", "comments": null, "expand_ref": "Cobb, E.H., 1972, Metallic mineral resources map of the Nome quadrangle, Alaska:  U.S. Geological Survey Miscellaneous Field Studies Map MF-463, 2 sheets, scale 1:250,000.|Collier, A.J., Hess, F.L., Smith, P.S., and Brooks, A.H., 1908, The gold placers of", "rept_names": "C.C. Hawley and Travis L. Hudson", "rept_date": "7/10/2000", "age": "Quaternary.", "rept_aff": "Hawley Resource Group, Inc.", "prod_notes": "Extensive production took place but estimates of the amount of recovered gold are not available.", "reserves": null, "prime_ref": "Metcalfe and Tuck, 1942", "latitude": 64.53944, "longitude": -165.367448, "datum": "WGS84", "source_datum": "NAD27 (EPSG:4267) reprojected to WGS84 (EPSG:4326)" }, "geometry": { "type": "Point", "coordinates": [ -165.367448345425487, 64.539440157234736 ] } },
{ "type": "Feature", "properties": { "ardf_num": "NM259", "mrds_num": "A012963", "site": "Fourth Beach", "location": "Fourth Beach is the highest elevation auriferous strandline now known on the Nome coastal plain (Hopkins and others, 1960; Nelson and Hopkins, 1972; Tagg and Greene, 1973; Cobb, 1973 [B 1374, figure 29, p. 87]).  The elevation of the Fourth Beach strandli", "quad_250": "NM", "quad_63360": "C-1", "comm_main": "Au", "comm_other": null, "ore": "Gold", "gangue": "Garnet", "site_type": "Occurrence", "status": "Inactive", "production": "None", "dep_model": "Placer Au; buried, strandline beach deposit (Cox and Singer, 1986; model 39a).", "model_code": "39a", "alteration": null, "geol_desc": "Fourth Beach represents the farthest advance of the sea in Quaternary time, and it has been recognized only at the base of Anvil Mountain.  It formed as a true strandline beach by waves impinging upon bedrock. Unlike Third Beach, which terminates landward", "work_expl": "There is no substantial production from Fourth Beach.  Gold originally concentrated on this beach could have been eroded and reconcentrated in alluvial deposits below the beach.", "comments": "Considered too low grade to be of economic interest.", "expand_ref": "Cobb, E.H., 1973, Placer deposits of Alaska: U.S. Geological Survey Bulletin 1374, 213 p.|Hopkins, D.M., MacNeil, F.S. and Leopold, E.B., 1960, The coastal plain at Nome, Alaska, A late Cenozoic type section for the Bering Sea region, in Chronology and cl", "rept_names": "C.C. Hawley and Travis L. Hudson", "rept_date": "7/10/2000", "age": "Pleistocene.", "rept_aff": "Hawley Resource Group, Inc.", "prod_notes": null, "reserves": null, "prime_ref": "Nelson and Hopkins, 1972", "latitude": 64.55004, "longitude": -165.38845, "datum": "WGS84", "source_datum": "NAD27 (EPSG:4267) reprojected to WGS84 (EPSG:4326)" }, "geometry": { "type": "Point", "coordinates": [ -165.388449635919756, 64.550040027298763 ] } },
{ "type": "Feature", "properties": { "ardf_num": "NM260", "mrds_num": "A012939", "site": "Extra Dry Creek", "location": "This alluvial gold placer mine is on Extra Dry Creek, an east tributary to Nome River.  The map location is at about the midpoint of the creek, just northwest of the center of section 4, T. 11 S., R. 33 W., Kateel River Meridian.  It is locality 119 of Co", "quad_250": "NM", "quad_63360": null, "comm_main": "Au", "comm_other": null, "ore": "Gold", "gangue": "Quartz", "site_type": "Mine", "status": "Inactive", "production": "Yes; small", "dep_model": "Alluvial placer Au (Cox and Singer, 1986; model 39a).", "model_code": "39a", "alteration": null, "geol_desc": "The alluvial gold placer deposit in the upper canyon of Extra Dry Creek was worked by hand and produced about 1,000 ounces of gold between 1900 and 1903 (Brooks and others, 1901; Collier and others, 1908).  The unconsolidated deposits about one-half mile", "work_expl": "Extra Dry Creek was worked by shovel-in or rocker methods from 1900 until about 1905.  Moffit (1913) thought that the creek was worked out by about 1905 or 1906.  Tailings along the creek down to the Nome River road and suggest that the lower part of the", "comments": null, "expand_ref": "Brooks, A.H., Richardson, G.B., Collier, A.J., and W.C. Mendenhall, 1901, A reconnaissance in the Cape Nome and adjacent gold fields of Seward Peninsula, Alaska, in 1900:  U.S. Geological Survey Special Publication, p. 1-185, maps.|Bundtzen, T.K., Reger,", "rept_names": "C.C. Hawley and Travis L. Hudson", "rept_date": "7/10/2000", "age": "Quaternary.", "rept_aff": "Hawley Resource Group, Inc.", "prod_notes": "About 1,000 ounces of gold were recovered from this creek between 1900 and 1903 (Collier and others, 1908; Moffit, 1913).  Lower grade deposits may have been mined on the lower creek in later years, but records of ny such production are not available.", "reserves": null, "prime_ref": "Collier and others, 1908", "latitude": 64.565042, "longitude": -165.28675, "datum": "WGS84", "source_datum": "NAD27 (EPSG:4267) reprojected to WGS84 (EPSG:4326)" }, "geometry": { "type": "Point", "coordinates": [ -165.286750061524401, 64.565042293776642 ] } },
{ "type": "Feature", "properties": { "ardf_num": "NM261", "mrds_num": "A012910", "site": "Cooper Gulch (placer and M. Charles lode occurrence)", "location": "This site is in Cooper Gulch on the south side of Anvil Mountain.  The site includes alluvial placer gold deposits in upper and lower Cooper Gulch and a calcite lode in upper Cooper Gulch (Cathcart, 1922, figure 18, location 1). The map location is about", "quad_250": "NM", "quad_63360": null, "comm_main": "Au", "comm_other": null, "ore": "Gold, limonite", "gangue": "Calcite", "site_type": "Mine", "status": "Inactive", "production": "Yes; small", "dep_model": "Alluvial placer Au (Cox and Singer, 1986; model 39a).", "model_code": "39a", "alteration": null, "geol_desc": "Upper Cooper Gulch was placer mined by rocker and hydraulic methods and produced a small amount of gold between 1900 and 1916 (Cobb, 1978 [OFR 78-93]).  A small area near a bench where the gulch merges with the coastal plain apparently yielded good return", "work_expl": "One hydraulic pit was 100 by 300 feet in size in 1903 (Collier and others, 1908).  An attempt was made to mine the lower Cooper Creek deposit by dredging (Moffit, 1913).   Upper Cooper Gulch was mined by hand methods.", "comments": null, "expand_ref": "Bundtzen, T.K., Reger, R.D., Laird, G.M., Pinney, D.S., Clautice, K.H., Liss, S.A., and Cruse, G.R., 1994, Progress report on the geology and mineral resources of the Nome mining district: Alaska Division of Geological and Geophysical Surveys, Public Data", "rept_names": "C.C. Hawley and Travis L. Hudson", "rept_date": "7/10/2000", "age": "Quaternary.", "rept_aff": "Hawley Resource Group, Inc.", "prod_notes": null, "reserves": null, "prime_ref": "Collier and others, 1908", "latitude": 64.55524, "longitude": -165.38325, "datum": "WGS84", "source_datum": "NAD27 (EPSG:4267) reprojected to WGS84 (EPSG:4326)" }, "geometry": { "type": "Point", "coordinates": [ -165.383250104461496, 64.55524025263469 ] } },
{ "type": "Feature", "properties": { "ardf_num": "NM262", "mrds_num": "A012948", "site": "Newton Gulch", "location": "This alluvial gold placer mine is on  Newton Gulch, a south-flowing tributary to Dry Creek.  The map location is about the midpoint of Newton Gulch, in the NW1/4 section 17, T. 11 S., R. 33 W., Kateel River Meridian.  It is locality 127 of Cobb (1972 [MF", "quad_250": "NM", "quad_63360": "C-1", "comm_main": "Au", "comm_other": null, "ore": "Gold", "gangue": null, "site_type": "Mine", "status": "Inactive", "production": "Yes; small", "dep_model": "Alluvial placer Au (Cox and Singer, 1986; model 39a).", "model_code": "39a", "alteration": null, "geol_desc": "Placer mining was under way on Newton Gulch by 1900 when about 500 ounces of gold were produced (Brooks and others, 1901).  Considerable mining, including dredging from 1930 to 1932, took place on lower parts of the creek, where it enters the Nome coastal", "work_expl": "The Newton Gulch placer was mined by hand, probably using small-scale open cuts and hydraulic operations and by dredge from 1930 to 1932.", "comments": null, "expand_ref": "Brooks, A.H., Richardson, G.B., Collier, A.J., and W.C. Mendenhall, 1901, A reconnaissance in the Cape Nome and adjacent gold fields of Seward Peninsula, Alaska, in 1900:  U.S. Geological Survey Special Publication, p. 1-185, maps.|Bundtzen, T.K., Reger,", "rept_names": "C.C. Hawley and Travis L. Hudson", "rept_date": "7/10/2000", "age": "Quaternary.", "rept_aff": "Hawley Resource Group, Inc.", "prod_notes": "About 500 ounces were produced in 1900, but placer mining, including some dredging, continued intermittently at least to 1932.", "reserves": null, "prime_ref": "Collier and others, 1908", "latitude": 64.539041, "longitude": -165.326148, "datum": "WGS84", "source_datum": "NAD27 (EPSG:4267) reprojected to WGS84 (EPSG:4326)" }, "geometry": { "type": "Point", "coordinates": [ -165.32614786485783, 64.539040917198577 ] } },
{ "type": "Feature", "properties": { "ardf_num": "NM263", "mrds_num": "A012852", "site": "Homburger (Newton Gulch)", "location": "The Homburger lode prospect is at an elevation of about 325 feet in upper Newton Gulch (NM262),  on the south flank of Newton Peak.  The map location is in the SW1/4 section 8, T. 11 S., R. 33 W., Kateel River Meridian.  This is locality 53 of Cobb (1972", "quad_250": "NM", "quad_63360": "C-1", "comm_main": "Au", "comm_other": null, "ore": "Gold, limonite, pyrite", "gangue": "Quartz", "site_type": "Prospect", "status": "Probably inactive", "production": "No", "dep_model": "Low-sulfide Au-quartz veins (Cox and Singer, 1986; model 36a).", "model_code": "36a", "alteration": "Oxidation.", "geol_desc": "About a dozen exploration shafts, some almost 100 feet deep, were dug on oxidized, limonite-stained, decomposed bedrock near a schist-marble contact in the headwaters of Newton Gulch (Smith, 1909; Mertie, 1918 [B 662-I, p. 425-449]).  The deposit consists", "work_expl": "About a dozen shafts and at least 2 churn-drill holes had explored this prospect by 1918 (Mertie, 1918 [B 662-I, p. 425-449).", "comments": null, "expand_ref": "Bundtzen, T.K., Reger, R.D., Laird, G.M., Pinney, D.S., Clautice, K.H., Liss, S.A., and Cruse, G.R., 1994, Progress report on the geology and mineral resources of the Nome mining district: Alaska Division of Geological and Geophysical Surveys, Public Data", "rept_names": "C.C. Hawley and Travis L. Hudson", "rept_date": "7/10/2000", "age": "Mid-Cretaceous or younger; veins cut schist metamorphosed in the mid-Cretaceous.", "rept_aff": "Hawley Resource Group, Inc.", "prod_notes": null, "reserves": null, "prime_ref": "Mertie, 1918 (B 662, p. 425-449)", "latitude": 64.542941, "longitude": -165.324148, "datum": "WGS84", "source_datum": "NAD27 (EPSG:4267) reprojected to WGS84 (EPSG:4326)" }, "geometry": { "type": "Point", "coordinates": [ -165.324148235910258, 64.542941050719449 ] } },
{ "type": "Feature", "properties": { "ardf_num": "NM264", "mrds_num": "A012947; D002596", "site": "Lower Dry Creek", "location": "This gold placer mine is at an elevation of about 100 feet on lower Dry Creek about 2.5 miles upstream of its mouth.  The map location is just east of the center of section 19, T. 11 S., R. 33 W., Kateel River Meridian.  This is locality 127 of Cobb (1972", "quad_250": "NM", "quad_63360": "C-1", "comm_main": "Au", "comm_other": "W", "ore": "Gold, hematite, pyrite, scheelite", "gangue": null, "site_type": "Mine", "status": "Active?", "production": "Yes; medium", "dep_model": "Alluvial placer gold deposit (Cox and Singer, 1986; model 39a). Placer deposits were of several types including fluvial, marine, and complex fluvial-marine.", "model_code": "39a", "alteration": null, "geol_desc": "Most of Dry Creek, starting about 1 mile upstream from its mouth, is auriferous.  The placer deposit described in this record is the stretch from about Blind Gulch, where Dry Creek crosses the trend of Intermediate Beach (NM287), upstream to the mouth of", "work_expl": "Most of the mining on the lower part of Dry Creek was probably by open cut or dredging; dredges were reported to be operating on Dry Creek almost every year from 1920 to 1938.  Mining took place up to at least 1995.", "comments": null, "expand_ref": "Cobb, E.H., 1972, Metallic mineral resources map of the Nome quadrangle, Alaska:  U.S. Geological Survey Miscellaneous Field Studies Map MF-463, 2 sheets, scale 1:250,000.|Cobb, E.H., 1978, Summary of references to mineral occurrences (other than mineral", "rept_names": "C.C. Hawley and Travis L. Hudson", "rept_date": "7/10/2000", "age": "Quaternary.", "rept_aff": "Hawley Resource Group, Inc.", "prod_notes": null, "reserves": null, "prime_ref": "Moffit, 1913", "latitude": 64.52034, "longitude": -165.345246, "datum": "WGS84", "source_datum": "NAD27 (EPSG:4267) reprojected to WGS84 (EPSG:4326)" }, "geometry": { "type": "Point", "coordinates": [ -165.34524618868727, 64.520340100142803 ] } },
{ "type": "Feature", "properties": { "ardf_num": "NM265", "mrds_num": "A012937", "site": "Deer Gulch", "location": "This alluvial placer gold mine is on Deer Gulch, a north headwater tributary to Dexter Creek (NM303).  The map location is at the mouth of Deer Gulch, just north of the center of section 31, T. 10 S., R. 33 W., Kateel River Meridian.  It is included in lo", "quad_250": "NM", "quad_63360": "C-1", "comm_main": "Au", "comm_other": null, "ore": "Gold", "gangue": null, "site_type": "Mine", "status": "Probably inactive", "production": "Yes; small", "dep_model": "Alluvial placer Au (Cox and Singer, 1986; model 39a).", "model_code": "39a", "alteration": null, "geol_desc": "Deer Gulch is one of several small headwater tributaries of Dexter Creek (NM303) that head in areas where high-level auriferous gravels have been mined (for example, NM246 and NM247).  Placer gold mining in these tributaries took place before 1908; some o", "work_expl": "Some small-scale surface placer mining took place on Deer Gulch before 1908.", "comments": null, "expand_ref": "Brooks, A.H., Richardson, G.B., Collier, A.J., and W.C. Mendenhall, 1901, A reconnaissance in the Cape Nome and adjacent gold fields of Seward Peninsula, Alaska, in 1900:  U.S. Geological Survey Special Publication, p. 1-185, maps.|Collier, A.J., Hess, F.", "rept_names": "C.C. Hawley and Travis L. Hudson", "rept_date": "7/10/2000", "age": "Quaternary.", "rept_aff": "Hawley Resource Group, Inc.", "prod_notes": null, "reserves": null, "prime_ref": "Collier and others, 1908", "latitude": 64.579042, "longitude": -165.347052, "datum": "WGS84", "source_datum": "NAD27 (EPSG:4267) reprojected to WGS84 (EPSG:4326)" }, "geometry": { "type": "Point", "coordinates": [ -165.347052118896926, 64.579041515881286 ] } },
{ "type": "Feature", "properties": { "ardf_num": "NM266", "mrds_num": "A012938", "site": "Grass Gulch", "location": "This alluvial placer gold mine is in Grass Gulch, a west headwater tributary to Dexter Creek (NM303).  The map location is at an elevation of about 450 feet in the SW1/4 section 31, T. 10 S., R. 33 W., Kateel River Meridian. Grass Gulch is included in loc", "quad_250": "NM", "quad_63360": "C-1", "comm_main": "Au", "comm_other": null, "ore": "Gold", "gangue": null, "site_type": "Mine", "status": "Probably inactive", "production": "Yes; small", "dep_model": "Alluvial placer Au (Cox and Singer, 1986; model 39a).", "model_code": "39a", "alteration": null, "geol_desc": "Grass Gulch is one of several small headwater tributaries of Dexter Creek (NM303) that head in areas where high-level auriferous gravels have been mined (for example, NM246 and NM247).  The Grass Gulch placer was small but very rich, and the entire 15 fee", "work_expl": "A 150-foot by 300- or 400-foot pit removed the main deposit by 1903 and most of the rest of the deposit was mined out by 1909 (Collier and others, 1908; Henshaw, 1910).", "comments": null, "expand_ref": "Collier, A.J., Hess, F.L., Smith, P.S., and Brooks, A.H., 1908, The gold placers of parts of Seward Peninsula, Alaska, including the Nome, Council, Kougarok, Port Clarence, and Goodhope precincts:  U.S. Geological Survey Bulletin 328, 343 p.|Cobb, E.H., 1", "rept_names": "C.C. Hawley and Travis L. Hudson", "rept_date": "7/10/2000", "age": "Quaternary.", "rept_aff": "Hawley Resource Group, Inc.", "prod_notes": null, "reserves": null, "prime_ref": "Collier and others, 1908", "latitude": 64.577141, "longitude": -165.351952, "datum": "WGS84", "source_datum": "NAD27 (EPSG:4267) reprojected to WGS84 (EPSG:4326)" }, "geometry": { "type": "Point", "coordinates": [ -165.351951979427582, 64.577141377511111 ] } },
{ "type": "Feature", "properties": { "ardf_num": "NM267", "mrds_num": "A012907", "site": "Nekula Gulch; Nicolai Gulch", "location": "This alluvial placer gold mine is in Nekula Gulch, a headwater tributary to Anvil Creek (NM236).  The map location is at an elevation of about 425 feet on lower Nekula Gulch in the SW1/4 section 30, T. 10 S., R. 33 W., Kateel River Meridian.  It is includ", "quad_250": "NM", "quad_63360": "C-1", "comm_main": "Au", "comm_other": null, "ore": "Gold", "gangue": null, "site_type": "Mine", "status": "Probably inactive", "production": "Yes; small", "dep_model": "Alluvial placer Au (Cox and Singer, 1986; model 39a), at least partly formed by reworking high-level bench gravel.", "model_code": "39a", "alteration": null, "geol_desc": "Nekula Gulch heads in an area of auriferious high-level gravels that were drift mined at many places (for example, NM246).  The nearby Caribou Bill mine (NM238) was very rich, contained coarse and angular gold, and was at least partly mined by surface ope", "work_expl": "Surface placer workings, dating back to 1900, are present  on Nekula Gulch.", "comments": "Nekula Gulch is underlain mostly by felsic metavolcanic rocks that may be mineralized (also see Aurora Creek, NM147).", "expand_ref": "Brooks, A.H., Richardson, G.B., Collier, A.J., and W.C. Mendenhall, 1901, A reconnaissance in the Cape Nome and adjacent gold fields of Seward Peninsula, Alaska, in 1900:  U.S. Geological Survey Special Publication, p. 1-185, maps.|Bundtzen, T.K., Reger,", "rept_names": "C.C. Hawley and Travis L. Hudson", "rept_date": "7/10/2000", "age": "Quaternary.", "rept_aff": "Hawley Resource Group, Inc.", "prod_notes": null, "reserves": null, "prime_ref": "Collier and others, 1908", "latitude": 64.588941, "longitude": -165.364853, "datum": "WGS84", "source_datum": "NAD27 (EPSG:4267) reprojected to WGS84 (EPSG:4326)" }, "geometry": { "type": "Point", "coordinates": [ -165.364853308600232, 64.588941428965043 ] } },
{ "type": "Feature", "properties": { "ardf_num": "NM268", "mrds_num": "A012921; D002595", "site": "Dewey Creek", "location": "This alluvial gold placer mine is on Dewey Creek, an east tributary to Nome River.  The map location is at an elevation of about 150 feet, in the southwest corner of section 10, T. 10 S., R. 33 W., Kateel River Meridian.  It is locality 114 of Cobb (1972", "quad_250": "NM", "quad_63360": "C-1", "comm_main": "Au", "comm_other": "W", "ore": "Gold, magnetite, scheelite", "gangue": "Garnet", "site_type": "Mine", "status": "Inactive", "production": "Yes; small", "dep_model": "Alluvial placer Au (Cox and Singer, 1986; model 39a).", "model_code": "39a", "alteration": null, "geol_desc": "Gold was discovered on Dewey Creek by 1900; it was in 3 feet of auriferous gravel on a sandy clay layer overlain by 1 foot of sandy blue clay and 1 foot of muck.  The gold is accompanied by considerable scheelite and garnet and some magnetite (Brooks and", "work_expl": "Some small-scale surface placer workings are probably present.", "comments": null, "expand_ref": "Brooks, A.H., Richardson, G.B., Collier, A.J., and W.C. Mendenhall, 1901, A reconnaissance in the Cape Nome and adjacent gold fields of Seward Peninsula, Alaska, in 1900:  U.S. Geological Survey Special Publication, p. 1-185, maps.|Bundtzen, T.K., Reger,", "rept_names": "C.C. Hawley and Travis L. Hudson", "rept_date": "7/10/2000", "age": "Quaternary.", "rept_aff": "Hawley Resource Group, Inc.", "prod_notes": null, "reserves": null, "prime_ref": "Brooks, Richardson, and Collier, 1901", "latitude": 64.630144, "longitude": -165.267456, "datum": "WGS84", "source_datum": "NAD27 (EPSG:4267) reprojected to WGS84 (EPSG:4326)" }, "geometry": { "type": "Point", "coordinates": [ -165.267456433630826, 64.630144267050639 ] } },
{ "type": "Feature", "properties": { "ardf_num": "NM269", "mrds_num": "A012927", "site": "Grace Gulch", "location": "This gold placer mine is on Grace Gulch, a southeast headwater tributary to Buster Creek (NM304).  The map location is on the south side of Grace Gulch at an approximate elevation of 325 feet and just inside the east-central edge of section 23, T. 10 S.,", "quad_250": "NM", "quad_63360": "C-1", "comm_main": "Au", "comm_other": null, "ore": "Gold", "gangue": null, "site_type": "Mine", "status": "Inactive", "production": "Yes; small", "dep_model": "Alluvial placer Au (Cox and Singer, 1986; model 39a).", "model_code": "39a", "alteration": null, "geol_desc": "Small-scale placer mining in 1902 and 1903 recovered about 60 ounces of gold from a bench along Grace Gulch (Collier and others, 1908).  This bench is a possible continuation of the one mined on the south side of lower Buster Creek (NM304).  A northeast-t", "work_expl": "Small-scale placer workings may still be present at this location.", "comments": null, "expand_ref": "Collier, A.J., Hess, F.L., Smith, P.S., and Brooks, A.H., 1908, The gold placers of parts of Seward Peninsula, Alaska, including the Nome, Council, Kougarok, Port Clarence, and Goodhope precincts:  U.S. Geological Survey Bulletin 328, 343 p.|Cobb, E.H., 1", "rept_names": "C.C. Hawley and Travis L. Hudson", "rept_date": "7/10/2000", "age": "Quaternary.", "rept_aff": "Hawley Resource Group, Inc.", "prod_notes": null, "reserves": null, "prime_ref": "Collier and others, 1908", "latitude": 64.607145, "longitude": -165.204453, "datum": "WGS84", "source_datum": "NAD27 (EPSG:4267) reprojected to WGS84 (EPSG:4326)" }, "geometry": { "type": "Point", "coordinates": [ -165.204453425965568, 64.607144870599299 ] } },
{ "type": "Feature", "properties": { "ardf_num": "NM270", "mrds_num": "A012916; A012926", "site": "Union Gulch", "location": "This alluvial gold placer mine is on Union Gulch, a northeast headwater tributary to Buster Creek (NM304).  The map location is at an elevation of about 250 feet, in the north-central part of section 23, T. 10 S., R. 33 W., Kateel River Meridian.  It is l", "quad_250": "NM", "quad_63360": "C-1", "comm_main": "Au", "comm_other": null, "ore": "Gold", "gangue": null, "site_type": "Mine", "status": "Inactive", "production": "Yes; small", "dep_model": "Alluvial placer Au (Cox and Singer, 1986; model 39a).", "model_code": "39a", "alteration": null, "geol_desc": "The gravels in Union Gulch are only 10 to 20 feet wide and 30 inches thick, but they are auriferous and estimated to contain about 0.2 ounce of gold per cubic yard (Collier and others, 1908).  The coarse and rusty gold is concentrated on bedrock. High-ang", "work_expl": "It is not known if other than small-scale and local hand mining took place at this site.", "comments": null, "expand_ref": "Collier, A.J., Hess, F.L., Smith, P.S., and Brooks, A.H., 1908, The gold placers of parts of Seward Peninsula, Alaska, including the Nome, Council, Kougarok, Port Clarence, and Goodhope precincts:  U.S. Geological Survey Bulletin 328, 343 p.|Cobb, E.H., 1", "rept_names": "C.C. Hawley and Travis L. Hudson", "rept_date": "7/10/2000", "age": "Quaternary.", "rept_aff": "Hawley Resource Group, Inc.", "prod_notes": null, "reserves": null, "prime_ref": "Collier and others, 1908", "latitude": 64.609745, "longitude": -165.218154, "datum": "WGS84", "source_datum": "NAD27 (EPSG:4267) reprojected to WGS84 (EPSG:4326)" }, "geometry": { "type": "Point", "coordinates": [ -165.218153836896391, 64.609744679736011 ] } },
{ "type": "Feature", "properties": { "ardf_num": "NM271", "mrds_num": "10308005", "site": "McDonald Creek", "location": "This alluvial gold placer mine is on McDonald Creek, a west tributary to lower Nome River.  Its headwaters are on the older part of the Nome coastal plain where Third Beach (NM258) deposits are present.  The map location is the midpoint of placer tailings", "quad_250": "NM", "quad_63360": "C-1", "comm_main": "Au", "comm_other": null, "ore": "Gold", "gangue": null, "site_type": "Mine", "status": "Probably inactive", "production": "Yes; small", "dep_model": "Alluvial placer Au (Cox and Singer, 1986; model 39a).", "model_code": "39a", "alteration": null, "geol_desc": "McDonald Creek heads on the Nome coastal plain, and  flows across the projected trace of Third Beach (NM258).  It has been placer mined for gold downstream from this trace at surface elevations between 50 and 100 feet.  In upper McDonald Creek, Third Beac", "work_expl": "Placer mine tailings are locally present along McDonald Creek between surface elevations of 50 to 100 feet.", "comments": null, "expand_ref": "Metcalfe, J.B., and Tuck, Ralph, 1942, Placer gold deposits of the Nome district, Alaska:  Report for U.S. Smelting, Refining, and Mining Co., 175 p.|Moffit, F.H., 1913, Geology of the Nome and Grand Central quadrangles, Alaska:  U.S. Geological Survey Bu", "rept_names": "C.C. Hawley and Travis L. Hudson", "rept_date": "7/10/2000", "age": "Quaternary.", "rept_aff": "Hawley Resource Group, Inc.", "prod_notes": null, "reserves": null, "prime_ref": "Metcalfe and Tuck, 1942", "latitude": 64.510142, "longitude": -165.252644, "datum": "WGS84", "source_datum": "NAD27 (EPSG:4267) reprojected to WGS84 (EPSG:4326)" }, "geometry": { "type": "Point", "coordinates": [ -165.252644174535845, 64.510141574253709 ] } },
{ "type": "Feature", "properties": { "ardf_num": "NM272", "mrds_num": "10308006", "site": "Tripple Creek", "location": "This alluvial gold placer mine is on Tripple Creek, a west tributary to lower Nome River.  The map location is at the approximate midpoint of placer mine tailings that extend at least 5,000 feet along the creek starting about 1 mile upstream from the mout", "quad_250": "NM", "quad_63360": "C-1", "comm_main": "Au", "comm_other": "Sb", "ore": "Gold", "gangue": null, "site_type": "Mine", "status": "Active", "production": "Yes; small", "dep_model": "Alluvial placer Au (Cox and Singer, 1986; model 39a).", "model_code": "39a", "alteration": null, "geol_desc": "Tripple Creek heads in bedrock on the southeast side of Newton Peak, but it mostly flows across older parts of the Nome coastal plain and the Nome River flood plain.  The part of the creek on the Nome coastal plain, between surface elevations of 50 and 15", "work_expl": "Placer mine tailings are present along Tripple Creek between surface elevations of 50 and 150 feet.  The mine was active through 1997 (Swainbank and others, 1997).  In addition to placer gold, construction products have also been produced during the recen", "comments": "Patented claims reported.", "expand_ref": "Alaska Division of Geological and Geophysical Surveys, 1982, Mining claim location maps -- Nome quadrangle: Alaska Division of Geological and Geophysical Surveys, 8 p., 3 sheets, scales 1:63,360 and 1:250,000.|Heiner, L.E., and Porter, Eve, 1972, Alaska M", "rept_names": "C.C. Hawley and Travis L. Hudson", "rept_date": "7/10/2000", "age": "Quaternary.", "rept_aff": "Hawley Resource Group, Inc.", "prod_notes": null, "reserves": null, "prime_ref": "Heiner and Porter, 1972", "latitude": 64.526042, "longitude": -165.254546, "datum": "WGS84", "source_datum": "NAD27 (EPSG:4267) reprojected to WGS84 (EPSG:4326)" }, "geometry": { "type": "Point", "coordinates": [ -165.25454579133023, 64.526041930769267 ] } },
{ "type": "Feature", "properties": { "ardf_num": "NM273", "mrds_num": "A012941", "site": "Washington Creek; Washington Gulch", "location": "Washington Creek is a small east tributary to lower Nome River.  It appears to have been placer mined over most of its less than 1 mile length.  The map location is on lower Washington Creek at a surface elevation of about 50 feet.  It is in the NE1/4 sec", "quad_250": "NM", "quad_63360": "C-1", "comm_main": "Au", "comm_other": null, "ore": "Gold, magnetite", "gangue": "Garnet", "site_type": "Mine", "status": "Probably inactive", "production": "Yes; small", "dep_model": "Alluvial placer Au (Cox and Singer, 1986; model 39a).", "model_code": "39a", "alteration": null, "geol_desc": "Gold was discovered in Washington Creek by 1900.  It was reported to be fine gold accompanied by magnetite and garnet on a clay bottom (Brooks and others, 1901).  Moffit (1913) reported that gold was recovered on bedrock from a 10-inch-thick layer of fine", "work_expl": "Placer mining tailings are present along the creek between surface elevations of about 50 to 125 feet; the deposit at about 70 to 75 feet elevation may be a weak Third Beach developed on Army Peak.", "comments": null, "expand_ref": "Brooks, A.H., Richardson, G.B., Collier, A.J., and W.C. Mendenhall, 1901, A reconnaissance in the Cape Nome and adjacent gold fields of Seward Peninsula, Alaska, in 1900:  U.S. Geological Survey Special Publication, p. 1-185, maps.|Cobb, E.H., 1972, Metal", "rept_names": "C.C. Hawley and Travis L. Hudson", "rept_date": "7/10/2000", "age": "Quaternary.", "rept_aff": "Hawley Resource Group, Inc.", "prod_notes": null, "reserves": null, "prime_ref": "Metcalfe and Tuck, 1942", "latitude": 64.522243, "longitude": -165.206445, "datum": "WGS84", "source_datum": "NAD27 (EPSG:4267) reprojected to WGS84 (EPSG:4326)" }, "geometry": { "type": "Point", "coordinates": [ -165.206444892428323, 64.522242733118446 ] } },
{ "type": "Feature", "properties": { "ardf_num": "NM274", "mrds_num": null, "site": "Stevens Gulch", "location": "This alluvial gold placer mine is on Stevens Gulch, a small east tributary to Washington Creek (NM273).  The map location is at a surface elevation of about 50 feet.  It is just inside the east-central edge of section 23, T. 11 S., R. 33 W., Kateel River", "quad_250": "NM", "quad_63360": "C-1", "comm_main": "Au", "comm_other": null, "ore": "Gold", "gangue": null, "site_type": "Mine", "status": "Probably inactive", "production": "Yes; small", "dep_model": "Alluvial placer Au (Cox and Singer, 1986; model 39a).", "model_code": "39a", "alteration": null, "geol_desc": "Fine gold on a clay false bedrock was reportedly discovered in Stevens Gulch by 1900.  The deposit apparently is similar to the one nearby on Washington Creek (NM273) (Brooks and others, 1901).  Stevens Gulch appears to have been placer mined between surf", "work_expl": "Placer mine tailings are present along this creek at surface elevations of about 50 to 100 feet.  At or below about 80 feet, the deposit could be derived by reworking a weakly developed Third Beach.", "comments": null, "expand_ref": "Brooks, A.H., Richardson, G.B., Collier, A.J., and W.C. Mendenhall, 1901, A reconnaissance in the Cape Nome and adjacent gold fields of Seward Peninsula, Alaska, in 1900:  U.S. Geological Survey Special Publication, p. 1-185, maps.|Cobb, E.H., 1972, Metal", "rept_names": "C.C. Hawley and Travis L. Hudson", "rept_date": "7/10/2000", "age": "Quaternary.", "rept_aff": "Hawley Resource Group, Inc.", "prod_notes": null, "reserves": null, "prime_ref": "Metcalfe and Tuck, 1942", "latitude": 64.520043, "longitude": -165.202845, "datum": "WGS84", "source_datum": "NAD27 (EPSG:4267) reprojected to WGS84 (EPSG:4326)" }, "geometry": { "type": "Point", "coordinates": [ -165.20284463274524, 64.520042745920264 ] } },
{ "type": "Feature", "properties": { "ardf_num": "NM275", "mrds_num": "A012942", "site": "Moss Gulch", "location": "This alluvial gold placer mine is on Moss Gulch, a small east tributary to lower Nome River.  Some small-scale placer mining appears to have taken place along about 1,000 feet of the creek at surface elevations of less than 50 feet.  The map location is i", "quad_250": "NM", "quad_63360": "C-1", "comm_main": "Au", "comm_other": null, "ore": "Gold", "gangue": null, "site_type": "Mine", "status": "Probably inactive", "production": "Yes; small", "dep_model": "Alluvial placer Au (Cox and Singer, 1986; model 39a).", "model_code": "39a", "alteration": null, "geol_desc": "Placer mining for gold took place at a surface elevation of about 50 feet on lower Moss Gulch by dredging in 1911 and by open-cut in 1916 (Smith, 1912; Mertie, 1918 [B 662-I, p. 425-449]).  Mining may have occurred at other times as well, but it has not b", "work_expl": "Placer mine tailings are present on Moss Gulch at a surface elevation of about 50 feet.", "comments": null, "expand_ref": "Cobb, E.H., 1972, Metallic mineral resources map of the Nome quadrangle, Alaska:  U.S. Geological Survey Miscellaneous Field Studies Map MF-463, 2 sheets, scale 1:250,000.|Cobb, E.H., 1978, Summary of references to mineral occurrences (other than mineral", "rept_names": "C.C. Hawley and Travis L. Hudson", "rept_date": "7/10/2000", "age": "Quaternary.", "rept_aff": "Hawley Resource Group, Inc.", "prod_notes": null, "reserves": null, "prime_ref": "Metcalfe and Tuck, 1942", "latitude": 64.508642, "longitude": -165.206544, "datum": "WGS84", "source_datum": "NAD27 (EPSG:4267) reprojected to WGS84 (EPSG:4326)" }, "geometry": { "type": "Point", "coordinates": [ -165.206543528573889, 64.508642396000482 ] } },
{ "type": "Feature", "properties": { "ardf_num": "NM276", "mrds_num": "10308007", "site": "Laurada Creek", "location": "This alluvial placer mine is on Laurada Creek, a small east tributary to lower Nome River.  It has been placer mined over most of its 1 mile length.  The map location is at an elevation of about 50 feet in the lower part of the creek in the SE1/4 section", "quad_250": "NM", "quad_63360": "C-1", "comm_main": "Au", "comm_other": null, "ore": "Gold", "gangue": null, "site_type": "Mine", "status": "Probably inactive", "production": "Yes; small", "dep_model": "Alluvial placer Au (Cox and Singer, 1986; model 39a).", "model_code": "39a", "alteration": null, "geol_desc": "Laurada Creek has been placer mined over most of its 1-mile length, probably at about the same time as mining on nearby Moss Gulch (NM275).  Mining may also have occurred at other times, but it has not been reported.  The headwaters of Laurada Creek are a", "work_expl": "Placer mine tailings are present on Laurada Creek at a surface elevation of about 50 feet. Claim activity was reported as recently as 1968 and 1974 (Heiner and Porter, 1972; Alaska Division of Geological and Geophysical Surveys, 1982).", "comments": null, "expand_ref": "Alaska Division of Geological and Geophysical Surveys, 1982, Mining claim location maps -- Nome quadrangle: Alaska Division of Geological and Geophysical Surveys, 8 p., 3 sheets, scales 1:63,360 and 1:250,000.|Heiner, L.E., and Porter, Eve, 1972, Alaska M", "rept_names": "C.C. Hawley and Travis L. Hudson", "rept_date": "7/10/2000", "age": "Quaternary.", "rept_aff": "Hawley Resource Group, Inc.", "prod_notes": null, "reserves": null, "prime_ref": "Metcalfe and Tuck, 1942", "latitude": 64.502742, "longitude": -165.206443, "datum": "WGS84", "source_datum": "NAD27 (EPSG:4267) reprojected to WGS84 (EPSG:4326)" }, "geometry": { "type": "Point", "coordinates": [ -165.206442935828846, 64.502742252522111 ] } },
{ "type": "Feature", "properties": { "ardf_num": "NM277", "mrds_num": null, "site": "St. Michaels Creek", "location": "This alluvial gold placer deposit is on St. Michaels Creek, a south tributary to Osborn Creek (NM305).  The confluence of Osborn and St. Michaels Creek is about 2 miles upstream of the mouth of Osborn Creek on Nome River.  The map location is on placer mi", "quad_250": "NM", "quad_63360": "C-1", "comm_main": "Au", "comm_other": null, "ore": "Gold", "gangue": null, "site_type": "Mine", "status": "Probably inactive", "production": "Yes; small", "dep_model": "Alluvial placer Au (Cox and Singer, 1986; model 39a).", "model_code": "39a", "alteration": null, "geol_desc": "St. Michaels Creek has been extensively dredged for placer gold along its lower 3,000 feet.  The mine workings are at surface elevations of about 50 to 75 feet.  Specific information for St. Michaels Creek has not been reported, but the deposit may be sim", "work_expl": "Placer gold tailings are present along the lower 3,000 feet of St. Michaels Creek, where it was extensively dredged.", "comments": null, "expand_ref": "Cobb, E.H., 1972, Metallic mineral resources map of the Nome quadrangle, Alaska:  U.S. Geological Survey Miscellaneous Field Studies Map MF-463, 2 sheets, scale 1:250,000.|Cobb, E.H., 1978, Summary of references to mineral occurrences (other than mineral", "rept_names": "C.C. Hawley and Travis L. Hudson", "rept_date": "7/10/2000", "age": "Quaternary.", "rept_aff": "Hawley Resource Group, Inc.", "prod_notes": "St. Michaels Creek may have made significant contributions to placer gold production in this area.", "reserves": null, "prime_ref": "Cobb, 1978 (OFR 78-93)", "latitude": 64.540544, "longitude": -165.151746, "datum": "WGS84", "source_datum": "NAD27 (EPSG:4267) reprojected to WGS84 (EPSG:4326)" }, "geometry": { "type": "Point", "coordinates": [ -165.151746140564001, 64.540544203697181 ] } },
{ "type": "Feature", "properties": { "ardf_num": "NM278", "mrds_num": "A012853", "site": "Unnamed (west of central Osborn Creek)", "location": "This unnamed lode prospect is at an elevation of about 550 feet on the east flank of hill 1043, a few thousand feet north of central Osborn Creek (NM305).  The map location is at the north edge of section 32, T. 10 S., R. 32 W., Kateel River Meridian.  It", "quad_250": "NM", "quad_63360": "C-1", "comm_main": "Au, Cu", "comm_other": null, "ore": "Azurite (?), chalcopyrite, gold, malachite (?), pyrite", "gangue": "Quartz", "site_type": "Prospect", "status": "Inactive", "production": "No", "dep_model": "Low-sulfide Au-quartz veins (Cox and Singer, 1986; model 36a).", "model_code": "36a", "alteration": "Oxidation of chalcopyrite to secondary copper minerals.", "geol_desc": "This deposit consists of a quartz vein containing iron and copper sulfides, inferred to be pyrite and chalcopyrite.  The vein is near a contact between schist and greenstone and is reported to have assayed from 0.2 to 2 ounces of gold per ton (Smith, 1908", "work_expl": "Prospect pits are probably present.", "comments": null, "expand_ref": "Cobb, E.H., 1972, Metallic mineral resources map of the Nome quadrangle, Alaska:  U.S. Geological Survey Miscellaneous Field Studies Map MF-463, 2 sheets, scale 1:250,000.|Cobb, E.H., 1978, Summary of references to mineral occurrences (other than mineral", "rept_names": "C.C. Hawley and Travis L. Hudson", "rept_date": "7/10/2000", "age": "Mid-Cretaceous or younger; vein cross cuts schist metamorphosed in the mid-Cretaceous.", "rept_aff": "Hawley Resource Group, Inc.", "prod_notes": null, "reserves": null, "prime_ref": "Smith, 1908", "latitude": 64.584846, "longitude": -165.11685, "datum": "WGS84", "source_datum": "NAD27 (EPSG:4267) reprojected to WGS84 (EPSG:4326)" }, "geometry": { "type": "Point", "coordinates": [ -165.116850223932886, 64.58484595001346 ] } },
{ "type": "Feature", "properties": { "ardf_num": "NM279", "mrds_num": "A012925", "site": "Lillian Creek", "location": "This alluvial gold placer mine is on Lillian Creek, a north tributary to Buster Creek (NM304), an east tributary to Nome River.  The confluence of Lillian and Buster Creeks is 1.1 miles upstream of the mouth of Buster Creek. The map location is on lower L", "quad_250": "NM", "quad_63360": "C-1", "comm_main": "Au", "comm_other": null, "ore": "Gold, limonite", "gangue": null, "site_type": "Mine", "status": "Inactive", "production": "Yes; small", "dep_model": "Alluvial placer Au (Cox and Singer, 1986; model 39a).", "model_code": "39a", "alteration": null, "geol_desc": "Coarse, rough, and iron-stained (limonitic?) gold was recovered from gravel near schist bedrock on Lillian Creek.  The gravel was 3 to 10 feet thick and was covered by 5 feet of overburden (Brooks and others, 1901; Collier and others, 1908).  The pay was", "work_expl": "Some placer tailings and small surface workings are probably present.  The deposit was mined in 1900 and possibly in subsequent years.", "comments": null, "expand_ref": "Brooks, A.H., Richardson, G.B., Collier, A.J., and W.C. Mendenhall, 1901, A reconnaissance in the Cape Nome and adjacent gold fields of Seward Peninsula, Alaska, in 1900:  U.S. Geological Survey Special Publication, p. 1-185, maps.|Cobb, E.H., 1972, Metal", "rept_names": "C.C. Hawley and Travis L. Hudson", "rept_date": "7/10/2000", "age": "Quaternary.", "rept_aff": "Hawley Resource Group, Inc.", "prod_notes": "Pay was spotty and production small (Moffit, 1913).", "reserves": null, "prime_ref": "Collier and others, 1908", "latitude": 64.604444, "longitude": -165.248054, "datum": "WGS84", "source_datum": "NAD27 (EPSG:4267) reprojected to WGS84 (EPSG:4326)" }, "geometry": { "type": "Point", "coordinates": [ -165.248053623346266, 64.60444399085857 ] } },
{ "type": "Feature", "properties": { "ardf_num": "NM280", "mrds_num": "A012971", "site": "Bonita Creek", "location": "This alluvial placer prospect is on Bonita Creek, a west headwater tributary to Osborn Creek (NM305).  Bonita Creek joins New Eldorado Creek to form Osborn Creek.  Thirty-five claims were located here in 1967 (Kardex site Kx 52-285 for gold and scheelite", "quad_250": "NM", "quad_63360": "C-1", "comm_main": "Au, W", "comm_other": null, "ore": "Gold, scheelite", "gangue": null, "site_type": "Prospect", "status": "Probably inactive", "production": "None", "dep_model": "Alluvial placer Au and scheelite (?) deposit (Cox and Singer, 1986; model 39a).", "model_code": "39a", "alteration": null, "geol_desc": "Placer mining claims were staked on Bonita Creek in 1967.  Hudson and DeYoung (1978) reported a resource estimate of  1.1 to 1.5 million cubic meters pf placer ground containing 1 to 2 grams of gold and 190 grams of tungsten per cubic meter.  The tungsten", "work_expl": "Prospecting had taken place on Bonita Creek, but no workings are known; 35 claims were recorded in 1967 (Heiner and Porter, 1972).", "comments": null, "expand_ref": "Heiner, L.E., and Porter, Eve, 1972, Alaska Mineral Properties, volume 2: University of Alaska, Mineral Industry Research Laboratory Report 24, 669 p.|Hudson, T.L., and DeYoung, J. H., Jr., 1978, Map and tables describing areas of mineral resource potenti", "rept_names": "C.C. Hawley and Travis L. Hudson", "rept_date": "7/10/2000", "age": "Quaternary.", "rept_aff": "Hawley Resource Group, Inc.", "prod_notes": null, "reserves": "Hudson and DeYoung (1978, p. 45) reported an estimated resource of  1.1 to 1.5 million cubic meters of placer ground containing 1 to 2 grams of gold and 190 grams of tungsten per cubic meter.", "prime_ref": "Hudson and DeYoung, 1978", "latitude": 64.635446, "longitude": -165.203656, "datum": "WGS84", "source_datum": "NAD27 (EPSG:4267) reprojected to WGS84 (EPSG:4326)" }, "geometry": { "type": "Point", "coordinates": [ -165.203656282235727, 64.635445588390638 ] } },
{ "type": "Feature", "properties": { "ardf_num": "NM281", "mrds_num": "10308008", "site": "Unnamed (placer mine west of Nome River)", "location": "Placer mine tailings were mapped by Bundtzen and others (1994) in an unnamed east-flowing tributary to Nome River.  The creek is in section 17, T. 10 S., R. 33 W., Kateel River Meridian.  The tailings are at an elevation of about 300 feet.  The location i", "quad_250": "NM", "quad_63360": "C-1", "comm_main": "Au", "comm_other": null, "ore": "Gold", "gangue": null, "site_type": "Mine", "status": "Inactive", "production": "Yes; small", "dep_model": "Alluvial placer Au (Cox and Singer, 1986; model 39a).", "model_code": "39a", "alteration": null, "geol_desc": "Placer mine tailings at a former mine site were mapped by Bundtzen and others (1994) in an unnamed east-flowing tributary of Nome River.  Bedrock near the mine site is the chlorite rich metaturbidite schist and marble unit of Bundtzen and others (1994).", "work_expl": "This placer mine was worked by surface open-cut operations.", "comments": "This small mine apparently is just above the Seward Ditch, and just below an unnamed ditch.", "expand_ref": "Bundtzen, T.K., Reger, R.D., Laird, G.M., Pinney, D.S., Clautice, K.H., Liss, S.A., and Cruse, G.R., 1994, Progress report on the geology and mineral resources of the Nome mining district: Alaska Division of Geological and Geophysical Surveys, Public Data", "rept_names": "C.C. Hawley and Travis L. Hudson", "rept_date": "7/10/2000", "age": "Quaternary.", "rept_aff": "Hawley Resource Group, Inc.", "prod_notes": null, "reserves": null, "prime_ref": "Bundtzen and others, 1994", "latitude": 64.619643, "longitude": -165.321456, "datum": "WGS84", "source_datum": "NAD27 (EPSG:4267) reprojected to WGS84 (EPSG:4326)" }, "geometry": { "type": "Point", "coordinates": [ -165.321455949894727, 64.619642999284579 ] } },
{ "type": "Feature", "properties": { "ardf_num": "NM282", "mrds_num": "A012920", "site": "Banner Creek", "location": "This alluvial placer gold mine is on Banner Creek, a west tributary to Nome River opposite Sparkle Creek (NM302).  The mouth of Banner Creek is 1.1 miles south of the Nome-Taylor road crossing of Nome River.  Placer mine workings are present along at leas", "quad_250": "NM", "quad_63360": "C-1", "comm_main": "Au", "comm_other": null, "ore": "Gold", "gangue": null, "site_type": "Mine", "status": "Probably inactive", "production": "Yes; small", "dep_model": "Alluvial placer Au (Cox and Singer, 1986; model 39a).", "model_code": "39a", "alteration": null, "geol_desc": "Gold was discovered on Banner Creek by 1900 (Brooks and others, 1901), and some placer mining took place by 1905 (Moffit, 1913).  Placer tailings from more recent mechanical mining are along about 1,000 feet of the creek on a north-side bench below the mo", "work_expl": "Placer tailings, probably from dozer and sluice operations, are along about 1,000 feet of Banner Creek on a north-side bench below the mouth of Slate Creek.", "comments": null, "expand_ref": "Brooks, A.H., Richardson, G.B., Collier, A.J., and W.C. Mendenhall, 1901, A reconnaissance in the Cape Nome and adjacent gold fields of Seward Peninsula, Alaska, in 1900:  U.S. Geological Survey Special Publication, p. 1-185, maps.|Bundtzen, T.K., Reger,", "rept_names": "C.C. Hawley and Travis L. Hudson", "rept_date": "7/10/2000", "age": "Quaternary.", "rept_aff": "Hawley Resource Group, Inc.", "prod_notes": null, "reserves": null, "prime_ref": "Moffit, 1913", "latitude": 64.647544, "longitude": -165.319659, "datum": "WGS84", "source_datum": "NAD27 (EPSG:4267) reprojected to WGS84 (EPSG:4326)" }, "geometry": { "type": "Point", "coordinates": [ -165.31965875915958, 64.647543725907951 ] } },
{ "type": "Feature", "properties": { "ardf_num": "NM283", "mrds_num": "A012936", "site": "Grouse Gulch", "location": "This alluvial gold placer mine is on Grouse Gulch, a small north tributary to Dexter Creek (NM303).  The map location is at an elevation of about 400 feet in the NE1/4 section 31, T. 10 S., R. 33 W.,  Kateel River Meridian.  Grouse Gulch is included in lo", "quad_250": "NM", "quad_63360": "C-1", "comm_main": "Au", "comm_other": null, "ore": "Gold", "gangue": null, "site_type": "Mine", "status": "Probably inactive", "production": "Yes; small", "dep_model": "Alluvial placer Au (Cox and Singer, 1986; model 39a).", "model_code": "39a", "alteration": null, "geol_desc": "Grouse Gulch heads on the divide between Dexter Creek (NM303) and upper Anvil Creek (NM236).  It is one of several small headwater tributaries of Dexter Creek that head in areas where high-level auriferous gravels have been mined (for example, NM246).  Pl", "work_expl": "Small-scale placer mining, probably open-cut and hydraulic operations, took place in Grouse Gulch.", "comments": null, "expand_ref": "Brooks, A.H., Richardson, G.B., Collier, A.J., and W.C. Mendenhall, 1901, A reconnaissance in the Cape Nome and adjacent gold fields of Seward Peninsula, Alaska, in 1900:  U.S. Geological Survey Special Publication, p. 1-185, maps.|Cobb, E.H., 1972, Metal", "rept_names": "C.C. Hawley and Travis L. Hudson", "rept_date": "7/10/2000", "age": "Quaternary.", "rept_aff": "Hawley Resource Group, Inc.", "prod_notes": null, "reserves": null, "prime_ref": "Collier and others, 1908", "latitude": 64.581842, "longitude": -165.336352, "datum": "WGS84", "source_datum": "NAD27 (EPSG:4267) reprojected to WGS84 (EPSG:4326)" }, "geometry": { "type": "Point", "coordinates": [ -165.336352287260695, 64.581841784676726 ] } },
{ "type": "Feature", "properties": { "ardf_num": "NM284", "mrds_num": "A012962", "site": "Hazel Creek (Flambeau River)", "location": "This alluvial gold placer mine is on Hazel Creek, a small west tributary to Flambeau River.  Flambeau River is the next major drainage east of Nome River.  Some small-scale placer mining took place on lower Hazel Creek where it enters the valley of Flambe", "quad_250": "NM", "quad_63360": "C-1", "comm_main": "Au", "comm_other": null, "ore": "Gold", "gangue": null, "site_type": "Mine", "status": "Inactive", "production": "Yes; small", "dep_model": "Alluvial placer Au (Cox and Singer, 1986; model 39a).", "model_code": "39a", "alteration": null, "geol_desc": "Some small-scale placer gold mining took place in about 1905 on lower Hazel Creek where it enters the valley of Flambeau River (Moffit, 1913, p. 101).  The eastward extension of the Anvil Creek fault is projected through Hazel Creek near this location (Hu", "work_expl": "Some small-scale surface placer mining, including hydraulic operations, appears to have taken place at this site.", "comments": null, "expand_ref": "Cobb, E.H., 1972, Metallic mineral resources map of the Nome quadrangle, Alaska:  U.S. Geological Survey Miscellaneous Field Studies Map MF-463, 2 sheets, scale 1:250,000.|Cobb, E.H., 1978, Summary of references to mineral occurrences (other than mineral", "rept_names": "C.C. Hawley and Travis L. Hudson", "rept_date": "7/10/2000", "age": "Quaternary.", "rept_aff": "Hawley Resource Group, Inc.", "prod_notes": null, "reserves": null, "prime_ref": "Moffit, 1913", "latitude": 64.705449, "longitude": -165.108362, "datum": "WGS84", "source_datum": "NAD27 (EPSG:4267) reprojected to WGS84 (EPSG:4326)" }, "geometry": { "type": "Point", "coordinates": [ -165.108362359646009, 64.705449110438138 ] } },
{ "type": "Feature", "properties": { "ardf_num": "NM285", "mrds_num": "A012957; A012958", "site": "Submarine Beach", "location": "Submarine Beach is a composite abrasion-platform gold deposit that can be traced from Dry Creek at Nome west as far as Jess Creek (a minor drainage about a mile east of the mouth of Penny River).  It is richest and best developed west of Nome near the Nom", "quad_250": "NM", "quad_63360": "C-1", "comm_main": "Ag, Au", "comm_other": "Cu, W", "ore": "Arsenopyrite, chalcopyrite, gold, ilmenite, magnetite, pyrite, scheelite", "gangue": "Garnet", "site_type": "Mine", "status": "Active", "production": "Yes; small", "dep_model": "Marine placer gold deposit; intergrading marine abrasion and fan-like deposits reworked by offshore currents (Cox and singer, 1986; model 39).", "model_code": "39", "alteration": null, "geol_desc": "Submarine Beach is the oldest recognized placer deposit that developed on the abrasion platform of the Third Beach strandline.  It is irregular, but has a crudely linear trend from near the mouth of Dry Creek at Nome west as far as Jess Creek in the Nome", "work_expl": "Submarine Beach was discovered in 1907 and was at first worked from underground drift mines in frozen ground. After the development of cold-water thawing in the 1920's, the deposit was worked by bucket-line dredges that mined the thaw-fields after one or", "comments": null, "expand_ref": "Bundtzen, T.K., Reger, R.D., Laird, G.M., Pinney, D.S., Clautice, K.H., Liss, S.A., and Cruse, G.R., 1994, Progress report on the geology and mineral resources of the Nome mining district: Alaska Division of Geological and Geophysical Surveys, Public Data", "rept_names": "C.C. Hawley and Travis L. Hudson", "rept_date": "7/10/2000", "age": "Late Tertiary to Pleistocene.  Fossils in the Submarine deposits were reported as late Miocene or Pliocene (Moffit,  1913, p. 45-48).  Hopkins, MacNeil, and Leopold (1960) postulate that Submarine Beach could be as old as Pliocene.", "rept_aff": "Hawley Resource Group, Inc.", "prod_notes": null, "reserves": "The Submarine Beach mine area contains a gold resource that could be mined under favorable economic conditions.", "prime_ref": "Metcalfe and Tuck, 1942", "latitude": 64.511038, "longitude": -165.471247, "datum": "WGS84", "source_datum": "NAD27 (EPSG:4267) reprojected to WGS84 (EPSG:4326)" }, "geometry": { "type": "Point", "coordinates": [ -165.471246590286427, 64.51103752242237 ] } },
{ "type": "Feature", "properties": { "ardf_num": "NM286", "mrds_num": "10308009", "site": "Center Creek Beach", "location": "Center Creek Beach is an irregular, buried, east-west gold placer deposit at elevations ranging from 10 feet above to 10 feet below sea level.  It appears to extend as far west as Little Creek and as far east as Peluk Creek and is about half way between S", "quad_250": "NM", "quad_63360": "C-1", "comm_main": "Au", "comm_other": null, "ore": "Arsenopyrite, ilmenite, magnetite, pyrite", "gangue": "Garnet", "site_type": "Mine", "status": "Active?", "production": "Yes", "dep_model": "Marine gold placer deposit; abraded beachline deposit (Cox and Singer, 1986; model 39).", "model_code": "39", "alteration": null, "geol_desc": "The Center Creek Beach deposit is a rather diffuse, east-west aligned, marine concentration of placer gold about half way from the mouth of Center Creek to Intermediate Beach.  The deposit extends along the coastal plain between Little Creek and Peluk Cre", "work_expl": "The deposit was last mined by an open-pit operation.", "comments": null, "expand_ref": "Metcalfe, J.B., and Tuck, Ralph, 1942, Placer gold deposits of the Nome district, Alaska:  Report for U.S. Smelting, Refining, and Mining Co., 175 p.", "rept_names": "C.C. Hawley and Travis L. Hudson", "rept_date": "7/10/2000", "age": "Pliocene or Pleistocene.", "rept_aff": "Hawley Resource Group, Inc.", "prod_notes": null, "reserves": null, "prime_ref": "Metcalfe and Tuck, 1942", "latitude": 64.512939, "longitude": -165.417646, "datum": "WGS84", "source_datum": "NAD27 (EPSG:4267) reprojected to WGS84 (EPSG:4326)" }, "geometry": { "type": "Point", "coordinates": [ -165.417646214585744, 64.512938568437903 ] } },
{ "type": "Feature", "properties": { "ardf_num": "NM287", "mrds_num": "A012961", "site": "Intermediate Beach; Clam Shell Beach", "location": "Intermediate Beach is a buried marine placer gold deposit on the Nome coastal plain about 1.5 miles inland from the modern beach at Nome.  It is in an area where surface elevations are about 100 feet, and it extends, probably discontinuously, from west of", "quad_250": "NM", "quad_63360": "C-1", "comm_main": "Au", "comm_other": null, "ore": "Arsenopyrite, gold, ilmenite, magnetite, pyrite", "gangue": "Garnet", "site_type": "Mine", "status": "Inactive", "production": "Yes", "dep_model": "Marine gold placer deposit; marine abrasion platform concentration (Cox and Singer, 1986; model 39).", "model_code": "39", "alteration": null, "geol_desc": "Intermediate Beach is a buried marine abrasion platform placer deposit as much as several hundred feet wide.  The gravel is 6 to 12 feet thick, with 1-3 feet of pay gravel on bedrock. The elevation of the deposit is about 20 feet above sea level. Depth of", "work_expl": "The deposit was drift mined after 1906.  After the development of cold-water thawing in the 1920's, it was dredged, especially between Bourbon and Center Creeks.", "comments": null, "expand_ref": "Cobb, E.H., 1972, Metallic mineral resources map of the Nome quadrangle, Alaska:  U.S. Geological Survey Miscellaneous Field Studies Map MF-463, 2 sheets, scale 1:250,000.|Cobb, E.H., 1978, Summary of references to mineral occurrences (other than mineral", "rept_names": "C.C. Hawley and Travis L. Hudson", "rept_date": "7/10/2000", "age": null, "rept_aff": "Hawley Resource Group, Inc.", "prod_notes": null, "reserves": null, "prime_ref": "Moffit, 1913", "latitude": 64.520539, "longitude": -165.394647, "datum": "WGS84", "source_datum": "NAD27 (EPSG:4267) reprojected to WGS84 (EPSG:4326)" }, "geometry": { "type": "Point", "coordinates": [ -165.394646734143066, 64.520539184312256 ] } },
{ "type": "Feature", "properties": { "ardf_num": "NM288", "mrds_num": "A012949", "site": "Bourbon Creek; Holyoke Creek", "location": "Bourbon Creek is a stream on the Nome coastal plain that flows south to Snake River at Nome.  Holyoke Creek is a tributary to Bourbon Creek.  The map location is at about the midpoint of Bourbon Creek on the coastal plain.  It is in the NE1/4 section 22,", "quad_250": "NM", "quad_63360": "C-1", "comm_main": "Au", "comm_other": null, "ore": "Gold", "gangue": null, "site_type": "Mine", "status": "Inactive", "production": "Yes; small", "dep_model": "Shallow alluvial placer gold deposits formed by reworking low-grade gravel deposits of the coastal plain along Bourbon and Holyoke Creeks (Moffit, 1913; Metcalfe and Tuck, 1942) (Cox and Singer, 1986; model 39a).", "model_code": "39a", "alteration": null, "geol_desc": "Shallow alluvial gold depositsin Bourbon Creek and its tributary Holyoke Creek were discovered in 1900 (Brooks and others, 1901, p. 69, 83-84) and mining began soon afterward.  Total production in 1900 was about 5,000 dollars (approximately 250 ounces of", "work_expl": "The deposits were discovered in 1900.  About 5,000 ounces of gold had been mined from shallow alluvial deposits by the end of 1903 (Collier and others, 1908).  By 1906, drilling and shafts had been extensive enough to delineate buried marine deposits near", "comments": null, "expand_ref": "Bundtzen, T.K., Reger, R.D., Laird, G.M., Pinney, D.S., Clautice, K.H., Liss, S.A., and Cruse, G.R., 1994, Progress report on the geology and mineral resources of the Nome mining district: Alaska Division of Geological and Geophysical Surveys, Public Data", "rept_names": "C.C. Hawley and Travis L. Hudson", "rept_date": "7/10/2000", "age": null, "rept_aff": "Hawley Resource Group, Inc.", "prod_notes": null, "reserves": null, "prime_ref": "Collier and others, 1908", "latitude": 64.52544, "longitude": -165.379947, "datum": "WGS84", "source_datum": "NAD27 (EPSG:4267) reprojected to WGS84 (EPSG:4326)" }, "geometry": { "type": "Point", "coordinates": [ -165.379947070435833, 64.525439579047287 ] } },
{ "type": "Feature", "properties": { "ardf_num": "NM289", "mrds_num": "A012827; A012817", "site": "Unnamed (lode south of hill 1190 between Snake and Nome Rivers)", "location": "This unnamed lode occurrence is at an elevation of about 1,100 feet on the ridge crest between the Nome and Snake River drainages.  The map location is 2.1 miles north-northwest of the Nome-Taylor road crossing of Nome River, just inside the south-central", "quad_250": "NM", "quad_63360": "C-1", "comm_main": "Cu", "comm_other": null, "ore": "Chalcopyrite (?), malachite (?)", "gangue": null, "site_type": "Occurrence", "status": "Inactive", "production": "None", "dep_model": null, "model_code": null, "alteration": "Oxidation?", "geol_desc": "Hummel (1962 [MF 247, locality 23]) reports a copper prospect at this site.  Bedrock is graphitic schist; no other information is available.", "work_expl": "Some surface prospecting pits may be present.", "comments": null, "expand_ref": "Cobb, E.H., 1972, Metallic mineral resources map of the Nome quadrangle, Alaska:  U.S. Geological Survey Miscellaneous Field Studies Map MF-463, 2 sheets, scale 1:250,000.|Cobb, E.H., 1978, Summary of references to mineral occurrences (other than mineral", "rept_names": "C.C. Hawley and Travis L. Hudson", "rept_date": "7/10/2000", "age": null, "rept_aff": "Hawley Resource Group, Inc.", "prod_notes": null, "reserves": null, "prime_ref": "Hummel, 1962, MF 247", "latitude": 64.672544, "longitude": -165.352562, "datum": "WGS84", "source_datum": "NAD27 (EPSG:4267) reprojected to WGS84 (EPSG:4326)" }, "geometry": { "type": "Point", "coordinates": [ -165.352561651988907, 64.672543734180081 ] } },
{ "type": "Feature", "properties": { "ardf_num": "NM290", "mrds_num": "A012808", "site": "Holmason and Helde", "location": "The Holmason and Helde lode prospect is at an elevation of about 350 feet in the headwaters of an unnamed east tributary to Goldbottom Creek.  It is 0.8 mile due east of the Snake River road, in the NW1/4 section 7, T. 9 S., R. 33 W., Kateel River Meridia", "quad_250": "NM", "quad_63360": "C-1", "comm_main": "Cu", "comm_other": null, "ore": "Chalcopyrite (?), pyrite (?)", "gangue": null, "site_type": "Prospect", "status": "Inactive", "production": "None", "dep_model": null, "model_code": null, "alteration": "Oxidation?", "geol_desc": "Hummel (1962 [MF 247, locality 6]) reported copper and iron sulfides at this site.  The deposit is near the contact between graphitic mica schist and graphitic quartz schist (mapping by Kennecott Exploration Co., 1994-5).  Some marble occurs in the graphi", "work_expl": "Some surface prospecting pits may be present.", "comments": null, "expand_ref": "Cobb, E.H., 1972, Metallic mineral resources map of the Nome quadrangle, Alaska:  U.S. Geological Survey Miscellaneous Field Studies Map MF-463, 2 sheets, scale 1:250,000.|Cobb, E.H., 1978, Summary of references to mineral occurrences (other than mineral", "rept_names": "C.C. Hawley and Travis L. Hudson", "rept_date": "7/10/2000", "age": null, "rept_aff": "Hawley Resource Group, Inc.", "prod_notes": null, "reserves": null, "prime_ref": "Hummel, 1962 (MF 247)", "latitude": 64.724645, "longitude": -165.361167, "datum": "WGS84", "source_datum": "NAD27 (EPSG:4267) reprojected to WGS84 (EPSG:4326)" }, "geometry": { "type": "Point", "coordinates": [ -165.361167055149764, 64.724644873472556 ] } },
{ "type": "Feature", "properties": { "ardf_num": "NM291", "mrds_num": "A012818", "site": "Nelson (Skookum Creek)", "location": "The Nelson lode prospect is at an elevation of about 1,550 feet in the uppermost headwaters of Skookum Creek, a headwater tributary to Bonita Creek (NM280).  It is locality 11 of Hummel (1962 [MF 247]) and locality 40 of Cobb (1972 [MF 463], 1978 [OFR 78-", "quad_250": "NM", "quad_63360": "C-1", "comm_main": "Au, Sb", "comm_other": null, "ore": "Stibnite", "gangue": null, "site_type": "Prospect", "status": "Inactive", "production": "No", "dep_model": "Simple Sb deposits (Cox and Singer, 1986; model 27d).", "model_code": "27d", "alteration": null, "geol_desc": "Auriferous lenses and kidneys of nearly pure stibnite were reported at this prospect (Smith, 1908).  The deposit was explored by a 15-foot-deep shaft (Mertie, 1918 [B 662-I, p. 425-449]).  Bedrock in this area was mapped as marble, schist, and metabasite", "work_expl": "The prospect was explored by a 15-foot-deep shaft (Mertie, 1918 [B 662-I, p. 425-449]).", "comments": null, "expand_ref": "Bundtzen, T.K., Reger, R.D., Laird, G.M., Pinney, D.S., Clautice, K.H., Liss, S.A., and Cruse, G.R., 1994, Progress report on the geology and mineral resources of the Nome mining district: Alaska Division of Geological and Geophysical Surveys, Public Data", "rept_names": "C.C. Hawley and Travis L. Hudson", "rept_date": "7/10/2000", "age": null, "rept_aff": "Hawley Resource Group, Inc.", "prod_notes": null, "reserves": null, "prime_ref": "Smith, 1908", "latitude": 64.671946, "longitude": -165.22156, "datum": "WGS84", "source_datum": "NAD27 (EPSG:4267) reprojected to WGS84 (EPSG:4326)" }, "geometry": { "type": "Point", "coordinates": [ -165.221560180889668, 64.671946163153336 ] } },
{ "type": "Feature", "properties": { "ardf_num": "NM292", "mrds_num": "10308010", "site": "Unnamed (lode occurrence in upper Lillian Creek)", "location": "This unnamed lode prospect is at an elevation of about 400 feet in the headwaters of Lillian Creek (NM279).  The map location is about 0.6 mile southwest of elevation 857 at the northeast corner of section 15, T. 9 S., R. 33 W., Kateel River Meridian.  It", "quad_250": "NM", "quad_63360": "C-1", "comm_main": "Au (?)", "comm_other": null, "ore": "Arsenopyrite, pyrite, pyrrhotite (?)", "gangue": null, "site_type": "Prospect", "status": "Inactive", "production": "None", "dep_model": null, "model_code": null, "alteration": null, "geol_desc": "This prospect consists of arsenopyrite, pyrite, and possibly pyrrhotite in calcareous schist and marble; no other information is available (Hummel, 1962 [MF 247]).  The deposit, herein inferred to be auriferous, has been explored by a few pits.  A placer", "work_expl": "Prospect pits.", "comments": null, "expand_ref": "Hummel, C.L., 1962, Preliminary geologic map of the Nome C-1 quadrangle, Seward Peninsula, Alaska:  U.S. Geological Survey Miscellaneous Field Studies Map MF-247, 1 sheet, scale 1:63,360.", "rept_names": "C.C. Hawley and Travis L. Hudson", "rept_date": "7/10/2000", "age": null, "rept_aff": "Hawley Resource Group, Inc.", "prod_notes": null, "reserves": null, "prime_ref": "Hummel, 1962 (MF 247)", "latitude": 64.627345, "longitude": -165.238256, "datum": "WGS84", "source_datum": "NAD27 (EPSG:4267) reprojected to WGS84 (EPSG:4326)" }, "geometry": { "type": "Point", "coordinates": [ -165.23825583530359, 64.627344741978874 ] } },
{ "type": "Feature", "properties": { "ardf_num": "NM293", "mrds_num": "A012851", "site": "Rex (Anvil Mountain)", "location": "This Rex lode prospect is at an elevation of about 550 feet on the southeast flank of Anvil Mountain, several hundred feet west of and above Dry Creek.  The map location is just inside the north-central edge of section 7, T. 11 S., R. 33 W., Kateel River", "quad_250": "NM", "quad_63360": "C-1", "comm_main": "Au (?)", "comm_other": null, "ore": "Gold (?)", "gangue": "Calcite", "site_type": "Prospect", "status": "Inactive", "production": "None", "dep_model": "Calcite veins in marble.", "model_code": null, "alteration": null, "geol_desc": "Cathcart (1922) reported several tunnels driven on calcite veins less than a foot thick in marble at this prospect.  Although Cathcart did not observe  quartz or sulfides, the owner reported that assays from one vein ran 0.15 to 0.2 ounce of gold per ton.", "work_expl": "Several tunnels, 25 to 180 feet long, were driven on this deposit.", "comments": null, "expand_ref": "Cathcart, S.H., 1922, Metalliferous lodes in southern Seward Peninsula:  U.S. Geological Survey Bulletin 722-F, p. 163-261.", "rept_names": "C.C. Hawley and Travis L. Hudson", "rept_date": "7/10/2000", "age": "Mid-Cretaceous or younger; veins cross cut marble metamorphosed in the mid-Cretaceous.", "rept_aff": "Hawley Resource Group, Inc.", "prod_notes": null, "reserves": null, "prime_ref": "Cathcart, 1922", "latitude": 64.555041, "longitude": -165.34945, "datum": "WGS84", "source_datum": "NAD27 (EPSG:4267) reprojected to WGS84 (EPSG:4326)" }, "geometry": { "type": "Point", "coordinates": [ -165.349449724294089, 64.555040877857394 ] } },
{ "type": "Feature", "properties": { "ardf_num": "NM294", "mrds_num": "D002597", "site": "Center Creek and Flat, Saturday and  Wonder Creeks", "location": "Locations on Center Creek are confused because Flat Creek and Saturday Creek were in the upper part of Center Creek and  Wonder Creek was the middle part of Center Creek.  The creek segments and tributaries are now difficult to locate because of extensive", "quad_250": "NM", "quad_63360": "C-1", "comm_main": "Ag, Au", "comm_other": "W", "ore": "Gold, magnetite, scheelite", "gangue": "Garnet, quartz", "site_type": "Occurrence", "status": "Inactive", "production": "No", "dep_model": "Shallow alluvial placer gold deposits developed in coastal plain gravels.  Deep deposits were subsequently developed in the same area.", "model_code": null, "alteration": null, "geol_desc": "The upper parts of Center Creek, sometimes called Saturday and Wonder Creek, were developed first as shallow placer deposits in the coastal plain. The situation is as explained by Collier and others (1908, p. 168): 'Saturday Creek is the name given to the", "work_expl": "Shallow deposits were found on segments or tributaries of Center Creek in about 1900.  These deposits were exploited quickly.  The area was extensively mined and surface drainage changed after discovery of Third Beach near Little Creek.", "comments": null, "expand_ref": "Cobb, E.H., 1972, Metallic mineral resources map of the Nome quadrangle, Alaska:  U.S. Geological Survey Miscellaneous Field Studies Map MF-463, 2 sheets, scale 1:250,000.|Cobb, E.H., 1978, Summary of references to mineral occurrences (other than mineral", "rept_names": "C.C. Hawley and Travis L. Hudson", "rept_date": "7/10/2000", "age": "Quaternary.", "rept_aff": "Hawley Resource Group, Inc.", "prod_notes": null, "reserves": null, "prime_ref": "Collier and others, 1908", "latitude": 64.533039, "longitude": -165.398148, "datum": "WGS84", "source_datum": "NAD27 (EPSG:4267) reprojected to WGS84 (EPSG:4326)" }, "geometry": { "type": "Point", "coordinates": [ -165.398148027920172, 64.533039427092191 ] } },
{ "type": "Feature", "properties": { "ardf_num": "NM295", "mrds_num": "A012908", "site": "Specimen Gulch", "location": "Specimen Gulch is a southwest-flowing seasonal tributary of Anvil Creek.  It is below the high-level or bench deposits of the Summit claim (NM247).  The map location is at an elevation of about 350 feet at about the midpoint of Specimen Gulch in the south", "quad_250": "NM", "quad_63360": "C-1", "comm_main": "Au", "comm_other": null, "ore": "Gold", "gangue": "Quartz", "site_type": "Mines", "status": "Active", "production": "Yes", "dep_model": "Alluvial placer Au (Cox and Singer, 1986; model 39a).", "model_code": "39a", "alteration": null, "geol_desc": "Specimen Gulch heads in the high-bench gravels near the Summit claim (NM247); it also crosses a major east-side bench of Anvil Creek.  Both the Summit and Anvil Creek bench placers contributed gold to the shallow deposits in Specimen Gulch (Collier and ot", "work_expl": "Extensive surface workings.  The area has been mined since 1899.", "comments": null, "expand_ref": "Bundtzen, T.K., Reger, R.D., Laird, G.M., Pinney, D.S., Clautice, K.H., Liss, S.A., and Cruse, G.R., 1994, Progress report on the geology and mineral resources of the Nome mining district: Alaska Division of Geological and Geophysical Surveys, Public Data", "rept_names": "C.C. Hawley and Travis L. Hudson", "rept_date": "7/10/2000", "age": "Quaternary.", "rept_aff": "Hawley Resource Group, Inc.", "prod_notes": null, "reserves": null, "prime_ref": "Moffit, 1913", "latitude": 64.575641, "longitude": -165.382752, "datum": "WGS84", "source_datum": "NAD27 (EPSG:4267) reprojected to WGS84 (EPSG:4326)" }, "geometry": { "type": "Point", "coordinates": [ -165.382752156330099, 64.575640766078806 ] } },
{ "type": "Feature", "properties": { "ardf_num": "NM296", "mrds_num": "A012944", "site": "Otter Creek; Florence Gulch", "location": "Otter Creek is the first west tributary to Nome River upstream from its mouth on Norton Sound.  About 3,500 feet of lower Otter Creek and the lower 1,000 feet of Florence Gulch, an east tributary to Otter Creek, have been placer mined.  This placer mining", "quad_250": "NM", "quad_63360": "B-1", "comm_main": "Au", "comm_other": null, "ore": "Gold", "gangue": null, "site_type": "Mine", "status": "Probably inactive", "production": "Yes; small", "dep_model": "Alluvial placer Au (Cox and Singer, 1986; model 39a).", "model_code": "39a", "alteration": null, "geol_desc": "Placer gold mining, including dredging at least in 1913 (Chapin, 1914), took place along lower Otter Creek.  Otter Creek reworks coastal plain deposits.", "work_expl": "Placer tailings are present along lower Otter Creek.", "comments": null, "expand_ref": "Chapin, Theodore, 1914, Placer mining on Seward Peninsula:  U.S. Geological Survey Bulletin 592-L, p. 385-395.|Cobb, E.H., 1972, Metallic mineral resources map of the Nome quadrangle, Alaska:  U.S. Geological Survey Miscellaneous Field Studies Map MF-463,", "rept_names": "C.C. Hawley and Travis L. Hudson", "rept_date": "7/10/2000", "age": "Quaternary.", "rept_aff": "Hawley Resource Group, Inc.", "prod_notes": null, "reserves": null, "prime_ref": "Cobb, 1978 (OFR 78-93)", "latitude": 64.49324, "longitude": -165.296543, "datum": "WGS84", "source_datum": "NAD27 (EPSG:4267) reprojected to WGS84 (EPSG:4326)" }, "geometry": { "type": "Point", "coordinates": [ -165.296542949907746, 64.49324034041706 ] } },
{ "type": "Feature", "properties": { "ardf_num": "NM297", "mrds_num": "A012959", "site": "Peluk Creek", "location": "The mouth of Peluk Creek is on Norton Sound about 1.5 miles southeast of Nome.  This location is at an elevation of about 50 feet and upstream of the projected Second Beach crossing of Peluk Creek.  The map locationis at the north-central boundary of sect", "quad_250": "NM", "quad_63360": "B-1", "comm_main": "Au", "comm_other": null, "ore": "Gold", "gangue": null, "site_type": "Mine", "status": "Probably inactive", "production": "Yes; small", "dep_model": "Alluvial placer Au (Cox and Singer, 1986; model 39a).", "model_code": "39a", "alteration": null, "geol_desc": "Placer gold mining has taken place in at least two locations on Peluk Creek.  Near the head of the creek, at a surface elevation of about 100 feet in the Nome C-1 quadrangle, mining produced about 100 ounces of coarse, rough, and iron-stained gold from 4", "work_expl": "Placer gold tailings are locally present on Peluk Creek.", "comments": null, "expand_ref": "Cobb, E.H., 1972, Metallic mineral resources map of the Nome quadrangle, Alaska:  U.S. Geological Survey Miscellaneous Field Studies Map MF-463, 2 sheets, scale 1:250,000.|Cobb, E.H., 1978, Summary of references to mineral occurrences (other than mineral", "rept_names": "C.C. Hawley and Travis L. Hudson", "rept_date": "7/10/2000", "age": "Quaternary.", "rept_aff": "Hawley Resource Group, Inc.", "prod_notes": null, "reserves": null, "prime_ref": "Collier and others, 1908", "latitude": 64.49884, "longitude": -165.346544, "datum": "WGS84", "source_datum": "NAD27 (EPSG:4267) reprojected to WGS84 (EPSG:4326)" }, "geometry": { "type": "Point", "coordinates": [ -165.346544044593514, 64.498839546594937 ] } },
{ "type": "Feature", "properties": { "ardf_num": "NM298", "mrds_num": "A012953", "site": "Hastings Creek", "location": "The mouth of Hastings Creek is on Norton Sound about 9.5 miles southeast of Nome.  The confluence of Saunders and Hastings Creeks is about 5,000 feet upstream of the Nome-Council road crossing of Saunders Creek.  About 1.5 miles of lower Hastings Creek ha", "quad_250": "NM", "quad_63360": "B-1", "comm_main": "Au", "comm_other": null, "ore": "Gold", "gangue": null, "site_type": "Mine", "status": "Probably inactive", "production": "Yes; small", "dep_model": "Alluvial placer Au (Cox and Singer, 1986; model 39a).", "model_code": "39a", "alteration": null, "geol_desc": "About 1.5 miles of lower Hastings Creek has, at least locally, been placer mined for gold.  Mining included dredging in 1916-18 and 1930 (Cobb, 1978, OFR 78-93).  Some of this mining was near or on Second Beach (NM256), as well as farther inland (Collier", "work_expl": "Placer gold tailings are locally present on Hastings Creek.", "comments": null, "expand_ref": "Cobb, E.H., 1972, Metallic mineral resources map of the Nome quadrangle, Alaska:  U.S. Geological Survey Miscellaneous Field Studies Map MF-463, 2 sheets, scale 1:250,000.|Cobb, E.H., 1978, Summary of references to mineral occurrences (other than mineral", "rept_names": "C.C. Hawley and Travis L. Hudson", "rept_date": "7/10/2000", "age": "Quaternary.", "rept_aff": "Hawley Resource Group, Inc.", "prod_notes": null, "reserves": null, "prime_ref": "Cobb, 1978 (OFR 78-93)", "latitude": 64.473644, "longitude": -165.098839, "datum": "WGS84", "source_datum": "NAD27 (EPSG:4267) reprojected to WGS84 (EPSG:4326)" }, "geometry": { "type": "Point", "coordinates": [ -165.098838859884182, 64.473643539630714 ] } },
{ "type": "Feature", "properties": { "ardf_num": "NM299", "mrds_num": "A012854", "site": "Cape Nome", "location": "Cape Nome is on the coast of Norton Sound 12.5 miles southeast of Nome.  The map location is at an elevation of about 250 feet on the north side of the Nome-Council road, in section 23, T. 12 S., R. 32 W., Kateel River Meridian.  This is locality 55 of Co", "quad_250": "NM", "quad_63360": "B-1", "comm_main": null, "comm_other": "Au, Cr, F, W", "ore": "Chromite, fluorite, goethite, gold, scheelite", "gangue": "Biotite, chlorite, garnet, muscovite, sericite, sphene", "site_type": "Occurrence", "status": "Inactive", "production": "No", "dep_model": "Accessory minerals in Precambrian orthogneiss.", "model_code": null, "alteration": null, "geol_desc": "Bedrock at Cape Nome is mostly granitic orthogneiss (Sainsbury, Hummel, and Hudson, 1972 [OFR 72-326]).  In an investigation of the orthogneiss for radioactive minerals, heavy mineral analysis revealed trace amounts of chromite (one location), fluorite, a", "work_expl": "Quarries for road construction materials are present in the Cape Nome area.", "comments": "Cape Nome is an important locale for heavy riprap; riprap may be hauled on trucks or loaded on barges at the base of the cliff.", "expand_ref": "Cobb, E.H., 1972, Metallic mineral resources map of the Nome quadrangle, Alaska:  U.S. Geological Survey Miscellaneous Field Studies Map MF-463, 2 sheets, scale 1:250,000.|Cobb, E.H., 1978, Summary of references to mineral occurrences (other than mineral", "rept_names": "C.C. Hawley and Travis L. Hudson", "rept_date": "7/10/2000", "age": "Patrick and McClelland (1995) report a uranium/lead age for the orthogneiss at Cape Nome of 676 +/- 15 million years.", "rept_aff": "Hawley Resource Group, Inc.", "prod_notes": null, "reserves": null, "prime_ref": "White and others, 1953", "latitude": 64.436344, "longitude": -165.010034, "datum": "WGS84", "source_datum": "NAD27 (EPSG:4267) reprojected to WGS84 (EPSG:4326)" }, "geometry": { "type": "Point", "coordinates": [ -165.010034171503577, 64.436344275425114 ] } },
{ "type": "Feature", "properties": { "ardf_num": "NM300", "mrds_num": "A012943", "site": "Irene Creek; Topaz", "location": "Irene Creek is the first east tributary to Nome River upstream from its mouth on Norton Sound.  The map location is in the SE1/4 section 35, T. 11 S., R. 33 W., Kateel River Meridian.  This location is about 4,000 feet due north of the Nome-Council road a", "quad_250": "NM", "quad_63360": "B-1", "comm_main": "Au", "comm_other": null, "ore": "Gold", "gangue": null, "site_type": "Mine", "status": "Probably inactive", "production": "Yes; small", "dep_model": "Alluvial placer Au (Cox and Singer, 1986; model 39a).", "model_code": "39a", "alteration": null, "geol_desc": "Placer gold mining has occurred locally on Irene Creek dating back to a least 1916 (Mertie, 1918 [B 662-I, p. 425-449]).  Most of Irene Creek flows across older parts of the Nome coastal plain, including the eastern trace of Third Beach (NM258).", "work_expl": "Placer gold tailings are locally present on Irene Creek.", "comments": null, "expand_ref": "Cobb, E.H., 1972, Metallic mineral resources map of the Nome quadrangle, Alaska:  U.S. Geological Survey Miscellaneous Field Studies Map MF-463, 2 sheets, scale 1:250,000.|Cobb, E.H., 1978, Summary of references to mineral occurrences (other than mineral", "rept_names": "C.C. Hawley and Travis L. Hudson", "rept_date": "7/10/2000", "age": "Quaternary.", "rept_aff": "Hawley Resource Group, Inc.", "prod_notes": null, "reserves": null, "prime_ref": "Cobb, 1978 (OFR 78-93)", "latitude": 64.487242, "longitude": -165.206741, "datum": "WGS84", "source_datum": "NAD27 (EPSG:4267) reprojected to WGS84 (EPSG:4326)" }, "geometry": { "type": "Point", "coordinates": [ -165.206741386029194, 64.48724186539846 ] } },
{ "type": "Feature", "properties": { "ardf_num": "NM301", "mrds_num": "A012919; D002575", "site": "Basin Creek", "location": "This alluvial placer gold mine is on Basin Creek, an east tributary to Nome River.  About 7,000 to 8,000 feet of Basin Creek, between elevations of 150 and 350 feet, have been placer mined.  The map location is 0.6 mile upstream of the mouth of Basin Cree", "quad_250": "NM", "quad_63360": "C-1", "comm_main": "Au, W", "comm_other": null, "ore": "Gold, hematite, ilmenite, scheelite", "gangue": null, "site_type": "Mine", "status": "Active", "production": "Yes; small", "dep_model": "Alluvial placer Au (Cox and Singer, 1986; model 39a).", "model_code": "39a", "alteration": null, "geol_desc": "Gold was discovered on Basin Creek by 1900 (Brooks and others, 1901).  At least 1 mile of the creek has been extensively placer mined, much by a small floating dredge.  The partly crystalline gold was in a 150-foot-wide paystreak consisting of coarse grav", "work_expl": "Extensive placer mine tailings are present along about 1 mile of Basin Creek upstream from the Nome River floodplain. Road construction materials have also been mined from the patented claims in Basin Creek. Mining since about 1960 has been mainly by a bu", "comments": "Basin Creek has been one of the most productive creeks on the east side of the Nome River in the Nome district.", "expand_ref": "Brooks, A.H., Richardson, G.B., Collier, A.J., and W.C. Mendenhall, 1901, A reconnaissance in the Cape Nome and adjacent gold fields of Seward Peninsula, Alaska, in 1900:  U.S. Geological Survey Special Publication, p. 1-185, maps.|Bundtzen, T.K., Reger,", "rept_names": "C.C. Hawley and Travis L. Hudson", "rept_date": "7/10/2000", "age": "Quaternary.", "rept_aff": "Hawley Resource Group, Inc.", "prod_notes": "Production until about 1906 was about 1,450 ounces of gold (Moffit, 1913).  Total production until 1996 is believed to be less than 20,000 ounces.", "reserves": null, "prime_ref": "Collier and others, 1908", "latitude": 64.681345, "longitude": -165.286562, "datum": "WGS84", "source_datum": "NAD27 (EPSG:4267) reprojected to WGS84 (EPSG:4326)" }, "geometry": { "type": "Point", "coordinates": [ -165.286561838582372, 64.681345184934912 ] } },
{ "type": "Feature", "properties": { "ardf_num": "NM302", "mrds_num": "10308011", "site": "Sparkle Creek", "location": "Sparkle Creek is a small east tributary to Nome River.  The mouth of Sparkle Creek is 0.8 mile southeast of the Nome-Taylor road crossing of Nome River.  The placer mine probably was on the floodplain of Nome River opposite Sparkle Creek.  The map locatio", "quad_250": "NM", "quad_63360": "C-1", "comm_main": "Au", "comm_other": null, "ore": "Gold", "gangue": null, "site_type": "Mine", "status": "Inactive", "production": "Yes; small", "dep_model": "Alluvial placer Au (Cox and Singer, 1986; model 39a).", "model_code": "39a", "alteration": null, "geol_desc": "Sparkle Creek appears to be an artificial drainage below two high-level ditches (see Nome C-1 quadrangle, sections 3, 10, 11, 13, 14).  Bundtzen and others (1994) mapped placer tailings on the floodplain of the Nome River opposite Sparkle Creek, suggestin", "work_expl": "A placer mine related to Sparkle Creek apparently was on the floodplain of Nome River opposite Sparkle Creek.  Substantial tailings are on the floodplain at this site.", "comments": null, "expand_ref": "Alaska Division of Geological and Geophysical Surveys, 1982, Mining claim location maps -- Nome quadrangle: Alaska Division of Geological and Geophysical Surveys, 8 p., 3 sheets, scales 1:63,360 and 1:250,000.|Bundtzen, T.K., Reger, R.D., Laird, G.M., Pin", "rept_names": "C.C. Hawley and Travis L. Hudson", "rept_date": "7/10/2000", "age": "Quaternary.", "rept_aff": "Hawley Resource Group, Inc.", "prod_notes": null, "reserves": null, "prime_ref": "Bundtzen and others, 1994", "latitude": 64.643844, "longitude": -165.275458, "datum": "WGS84", "source_datum": "NAD27 (EPSG:4267) reprojected to WGS84 (EPSG:4326)" }, "geometry": { "type": "Point", "coordinates": [ -165.275457908792561, 64.643844458353186 ] } },
{ "type": "Feature", "properties": { "ardf_num": "NM303", "mrds_num": "A012934; A012935", "site": "Dexter Creek", "location": "This alluvial placer gold mine is on Dexter Creek, a west tributary to Nome River.  Placer mining took place over at least 7,500 feet of Dexter Creek between elevations of 50 and 250 feet. The map location is in the NW1/4 section 33, T. 10 S., R. 33 W., K", "quad_250": "NM", "quad_63360": null, "comm_main": "Ag, Au", "comm_other": "Sn", "ore": "Cassiterite, gold", "gangue": null, "site_type": "Mine", "status": "Inactive", "production": "Yes; medium", "dep_model": "Alluvial placer Au (Cox and Singer, 1986; model 39a).", "model_code": "39a", "alteration": null, "geol_desc": "Placer gold mining was underway on Dexter Creek by 1899.  About 14,500 ounces of gold were produced in 1900 (Schrader and Brooks, 1900; Brooks and others, 1901).  Most of Dexter Creek has been worked from its mouth to its headwater tributaries (Collier an", "work_expl": "Dexter Creek has been extensively placer mined from its mouth to its headwater tributaries.  All types of surface placer mining operations have taken place, from hand operations to dredging.  Dredging was the principal mining operation from 1918 to 1926 (", "comments": null, "expand_ref": "Brooks, A.H., Richardson, G.B., Collier, A.J., and W.C. Mendenhall, 1901, A reconnaissance in the Cape Nome and adjacent gold fields of Seward Peninsula, Alaska, in 1900:  U.S. Geological Survey Special Publication, p. 1-185, maps.|Bundtzen, T.K., Reger,", "rept_names": "C.C. Hawley and Travis L. Hudson", "rept_date": "7/10/2000", "age": "Quaternary.", "rept_aff": "Hawley Resource Group, Inc.", "prod_notes": null, "reserves": null, "prime_ref": "Collier and others, 1908", "latitude": 64.580943, "longitude": -165.294752, "datum": "WGS84", "source_datum": "NAD27 (EPSG:4267) reprojected to WGS84 (EPSG:4326)" }, "geometry": { "type": "Point", "coordinates": [ -165.294751751111335, 64.580942537998951 ] } },
{ "type": "Feature", "properties": { "ardf_num": "NM304", "mrds_num": "A012923; A012924", "site": "Buster Creek", "location": "This alluvial placer gold mine is on Buster Creek, an east tributary to Nome River, directly across the Nome River valley from Dexter Creek (NM303).  The map location is near where Buster Creek enters the Nome River floodplain, at the center of section 27", "quad_250": "NM", "quad_63360": "C-1", "comm_main": "Au", "comm_other": null, "ore": "Gold", "gangue": null, "site_type": "Mine", "status": "Inactive", "production": "Yes; small", "dep_model": "Alluvial placer Au (Cox and Singer, 1986; model 39a).", "model_code": "39a", "alteration": null, "geol_desc": "Gold was discovered on Buster Creek by 1900 (Schrader and Brooks, 1900 and Brooks and others, 1901).  Mining took place intermittently until 1918 and again as recently as 1954 and 1955 when a small dredge was in operation (Hummel, 1975; Cobb, 1978 [OFR 78", "work_expl": "Buster Creek apparently was mined from about 1900 until at least 1918; lower Buster Creek was dredged from about 1953 to 1954.", "comments": null, "expand_ref": "Brooks, A.H., Richardson, G.B., Collier, A.J., and W.C. Mendenhall, 1901, A reconnaissance in the Cape Nome and adjacent gold fields of Seward Peninsula, Alaska, in 1900:  U.S. Geological Survey Special Publication, p. 1-185, maps.|Bundtzen, T.K., Reger,", "rept_names": "C.C. Hawley and Travis L. Hudson", "rept_date": "7/10/2000", "age": "Quaternary.", "rept_aff": "Hawley Resource Group, Inc.", "prod_notes": null, "reserves": null, "prime_ref": "Collier and others, 1908", "latitude": 64.591544, "longitude": -165.248552, "datum": "WGS84", "source_datum": "NAD27 (EPSG:4267) reprojected to WGS84 (EPSG:4326)" }, "geometry": { "type": "Point", "coordinates": [ -165.248552325075195, 64.591543661756575 ] } },
{ "type": "Feature", "properties": { "ardf_num": "NM305", "mrds_num": "A012940", "site": "Osborn Creek", "location": "This alluvial placer gold mine is on Osborn Creek, an east tributary to Nome River.  More than 3.2 miles of Osborn Creek, between elevations of 75 and 150 feet,  have been placer mined.  This location is the approximate midpoint of the placer workings, at", "quad_250": "NM", "quad_63360": "C-1", "comm_main": "Au", "comm_other": null, "ore": "Gold", "gangue": null, "site_type": "Mine", "status": "Inactive", "production": "Yes; medium", "dep_model": "Alluvial placer Au (Cox and Singer, 1986; model 39a).", "model_code": "39a", "alteration": null, "geol_desc": "Placer gold was discovered on Osborn Creek in 1900.  Except in an area just above St. Michaels Creek (NM277), Osborn Creek placer deposits mostly have gravel walls and paystreaks are floored by clay-rich false bedrock.  Gravel was composed mostly of schis", "work_expl": "Extensive placer tailings on Osborn Creek start about  0.2 mile downstream of the mouth of St. Michaels Creek (NM277) and continue upstream for about 3.2 miles.  Most of these tailings are probably the result of dredge operations that were almost continuo", "comments": null, "expand_ref": "Bundtzen, T.K., Reger, R.D., Laird, G.M., Pinney, D.S., Clautice, K.H., Liss, S.A., and Cruse, G.R., 1994, Progress report on the geology and mineral resources of the Nome mining district: Alaska Division of Geological and Geophysical Surveys, Public Data", "rept_names": "C.C. Hawley and Travis L. Hudson", "rept_date": "7/10/2000", "age": "Quaternary.", "rept_aff": "Hawley Resource Group, Inc.", "prod_notes": "Although production data are not available, the continuity and extent of mining operations suggest that Osborn Creek was one of the more productive creeks in the Nome area.", "reserves": null, "prime_ref": "Moffit, 1913", "latitude": 64.556545, "longitude": -165.128047, "datum": "WGS84", "source_datum": "NAD27 (EPSG:4267) reprojected to WGS84 (EPSG:4326)" }, "geometry": { "type": "Point", "coordinates": [ -165.128047493419757, 64.556545040649183 ] } },
{ "type": "Feature", "properties": { "ardf_num": "NM306", "mrds_num": "10308012", "site": "Grass Creek (Nome B-1 quadrangle)", "location": "This alluvial placer gold mine is on Grass Creek, a small west tributary to Saunders Creek (NM307).  The mouth of Grass Creek is about 1.8 miles upstream of the Nome-Council road crossing of Hastings Creek.  About 3,000 feet of lower Grass Creek has been", "quad_250": "NM", "quad_63360": "B-1", "comm_main": "Au", "comm_other": null, "ore": "Gold", "gangue": null, "site_type": "Mine", "status": "Probably inactive", "production": "Yes; small", "dep_model": "Alluvial placer Au (Cox and Singer, 1986; model 39a).", "model_code": "39a", "alteration": null, "geol_desc": "Placer gold tailings are present along the lower 3,000 feet of Grass Creek.  It was probably mined at about the same time and by the same methods as Saunders Creek (NM307), dredged in 1911-1912.  Grass Creek primarily flows across older parts of the Nome", "work_expl": "Placer mine tailings are present along the lower 3,000 feet of this Grass Creek.", "comments": null, "expand_ref": "Cobb, E.H., 1972, Metallic mineral resources map of the Nome quadrangle, Alaska:  U.S. Geological Survey Miscellaneous Field Studies Map MF-463, 2 sheets, scale 1:250,000.|Cobb, E.H., 1978, Summary of references to mineral occurrences (other than mineral", "rept_names": "C.C. Hawley and Travis L. Hudson", "rept_date": "7/10/2000", "age": "Quaternary.", "rept_aff": "Hawley Resource Group, Inc.", "prod_notes": null, "reserves": null, "prime_ref": "Metcalfe and Tuck, 1942", "latitude": 64.479743, "longitude": -165.11184, "datum": "WGS84", "source_datum": "NAD27 (EPSG:4267) reprojected to WGS84 (EPSG:4326)" }, "geometry": { "type": "Point", "coordinates": [ -165.111839610825598, 64.479743447715308 ] } },
{ "type": "Feature", "properties": { "ardf_num": "NM307", "mrds_num": "10308013", "site": "Saunders Creek", "location": "This alluvial placer gold mine is on Saunders Creek, a west tributary to Hastings Creek (NM298).  The mouth of Saunders Creek is about three quarters of a mile upstream of the Nome-Council road crossing of Hastings Creek.  Placer mining took place at elev", "quad_250": "NM", "quad_63360": "B-1", "comm_main": "Au", "comm_other": null, "ore": "Gold", "gangue": null, "site_type": "Mine", "status": "Probably inactive", "production": "Yes; small", "dep_model": "Alluvial placer Au (Cox and Singer, 1986; model 39a).", "model_code": "39a", "alteration": null, "geol_desc": "A dredge operated on Saunders Creek in 1911-12 and reportedly worked out the ground (Chapin, 1914).  Saunders Creek flows across older parts of the eastern Nome coastal plain, including the projected trace of Third Beach (NM258) (Metcalfe and Tuck, 1942).", "work_expl": "Placer mine tailings are along about three quarters of a mile of Saunders Creek upstream from its mouth to just beyond the mouth of Grass Creek (NM306).", "comments": null, "expand_ref": "Chapin, Theodore, 1914, Placer mining on Seward Peninsula:  U.S. Geological Survey Bulletin 592-L, p. 385-395.|Cobb, E.H., 1972, Metallic mineral resources map of the Nome quadrangle, Alaska:  U.S. Geological Survey Miscellaneous Field Studies Map MF-463,", "rept_names": "C.C. Hawley and Travis L. Hudson", "rept_date": "7/10/2000", "age": "Quaternary.", "rept_aff": "Hawley Resource Group, Inc.", "prod_notes": null, "reserves": null, "prime_ref": "Metcalfe and Tuck, 1942", "latitude": 64.470543, "longitude": -165.111639, "datum": "WGS84", "source_datum": "NAD27 (EPSG:4267) reprojected to WGS84 (EPSG:4326)" }, "geometry": { "type": "Point", "coordinates": [ -165.11163868869582, 64.470543225164462 ] } },
{ "type": "Feature", "properties": { "ardf_num": "NM308", "mrds_num": "10308014", "site": "Gold Run", "location": "Placer mining claims have been staked on  Gold Run Creek, a headwater tributary to Bonita Creek (Kardex site Kx 207; Alaska Division of Geological and Geophysical Surveys, 1982).  Bonita Creek is a headwater tributary to Osborn Creek (NM305), a major east", "quad_250": "NM", "quad_63360": "C-1", "comm_main": "Au", "comm_other": "Sb", "ore": "Gold, stibnite (?)", "gangue": null, "site_type": "Prospect", "status": "Probably inactive", "production": "None", "dep_model": "Alluvial placer Au (Cox and Singer, 1986; model 39a).", "model_code": "39a", "alteration": null, "geol_desc": "Mining claims have been staked for gold and antimony on Gold Run, a headwater tributary to Bonita Creek (Kardex site Kx 207, Heiner and Porter, 1972; Alaska Division of Geological and Geophysical Surveys, 1982). Bedrock in this area is marble and schist t", "work_expl": "Surface prospecting has taken place; no other workings are known.", "comments": null, "expand_ref": "Alaska Division of Geological and Geophysical Surveys, 1982, Mining claim location maps -- Nome quadrangle: Alaska Division of Geological and Geophysical Surveys, 8 p., 3 sheets, scales 1:63,360 and 1:250,000.|Heiner, L.E., and Porter, Eve, 1972, Alaska M", "rept_names": "C.C. Hawley and Travis L. Hudson", "rept_date": "7/10/2000", "age": "Quaternary.", "rept_aff": "Hawley Resource Group, Inc.", "prod_notes": null, "reserves": null, "prime_ref": "Alaska Division of Geological and Geophysical Surveys, 1982", "latitude": 64.648846, "longitude": -165.216958, "datum": "WGS84", "source_datum": "NAD27 (EPSG:4267) reprojected to WGS84 (EPSG:4326)" }, "geometry": { "type": "Point", "coordinates": [ -165.216957784983663, 64.648845673688953 ] } },
{ "type": "Feature", "properties": { "ardf_num": "NM309", "mrds_num": null, "site": "Willow Creek", "location": "Placer mining claims have been staked on Willow Creek, a west tributary to Osborn Creek (Kardex site Kx 284, Heiner and Porter, 1972; Alaska Division of Geological and Geophysical Surveys, 1982).  The map location is at an elevation of about 300 feet in t", "quad_250": "NM", "quad_63360": "C-1", "comm_main": "Au", "comm_other": null, "ore": "Gold", "gangue": null, "site_type": "Prospect", "status": "Probably inactive", "production": "None", "dep_model": "Alluvial placer Au (Cox and Singer, 1986; model 39a).", "model_code": "39a", "alteration": null, "geol_desc": "Mining claims have been staked on Willow Creek ), a west tributary to Osborn Creek (Kardex site Kx 284, Heiner and Porter, 1972; Alaska Division of Geological and Geophysical Surveys, 1982).  Four claims were located for placer gold in 1967 by Walter Glav", "work_expl": "Surface prospecting has taken place.  The claims were active at least from 1967 until 1982.", "comments": null, "expand_ref": "Alaska Division of Geological and Geophysical Surveys, 1982, Mining claim location maps -- Nome quadrangle: Alaska Division of Geological and Geophysical Surveys, 8 p., 3 sheets, scales 1:63,360 and 1:250,000.|Heiner, L.E., and Porter, Eve, 1972, Alaska M", "rept_names": "C.C. Hawley and Travis L. Hudson", "rept_date": "7/10/2000", "age": "Quaternary.", "rept_aff": "Hawley Resource Group, Inc.", "prod_notes": null, "reserves": null, "prime_ref": "This report", "latitude": 64.599646, "longitude": -165.141652, "datum": "WGS84", "source_datum": "NAD27 (EPSG:4267) reprojected to WGS84 (EPSG:4326)" }, "geometry": { "type": "Point", "coordinates": [ -165.141651987640245, 64.599645854934394 ] } },
{ "type": "Feature", "properties": { "ardf_num": "NM310", "mrds_num": "A012952", "site": "Lower Snake River", "location": "The lower part of Snake River was placer mined, in part in conjunction with deepening the river for navigation.  This is locality 131 of Cobb (1972 [MF 463], 1978 [OFR 78-93]). The location of the mine is approximate.  The map location is just east of the", "quad_250": "NM", "quad_63360": "C-1", "comm_main": "Au", "comm_other": null, "ore": "Gold", "gangue": null, "site_type": "Mine", "status": "Probably inactive", "production": "Yes; small", "dep_model": "Alluvial placer Au (Cox and Singer, 1986; model 39a).", "model_code": "39a", "alteration": null, "geol_desc": "Fine gold was discovered on the bars of lower Snake River about July 28, 1898 (Schrader and Brooks, 1900).  This discovery led to further prospecting in September, 1898, and to the subsequent major discoveries in Glacier Creek (NM220), Rock Creek (NM209),", "work_expl": "Remnants of dredge tailings may locally be present.", "comments": null, "expand_ref": "Cobb, E.H., 1972, Metallic mineral resources map of the Nome quadrangle, Alaska:  U.S. Geological Survey Miscellaneous Field Studies Map MF-463, 2 sheets, scale 1:250,000.|Cobb, E.H., 1978, Summary of references to mineral occurrences (other than mineral", "rept_names": "C.C. Hawley and Travis L. Hudson", "rept_date": "7/10/2000", "age": "Holocene.", "rept_aff": "Hawley Resource Group, Inc.", "prod_notes": null, "reserves": null, "prime_ref": "Cobb, 1978 (OFR 78-93)", "latitude": 64.505538, "longitude": -165.442446, "datum": "WGS84", "source_datum": "NAD27 (EPSG:4267) reprojected to WGS84 (EPSG:4326)" }, "geometry": { "type": "Point", "coordinates": [ -165.442445734022726, 64.505537924044646 ] } },
{ "type": "Feature", "properties": { "ardf_num": "NM311", "mrds_num": "A012951", "site": "Lower Snake River (upstream of the Nome airport)", "location": "There is small area of placer mine tailings along the north bank of Snake River at this location, about 0.4 mile upstream of the Nome airport.  This is locality 130 of Cobb (1972 [MF 463], 1978 [OFR 78-93]).  The map location is just inside the west-centr", "quad_250": "NM", "quad_63360": "C-1", "comm_main": "Au", "comm_other": null, "ore": "Gold", "gangue": null, "site_type": "Mine", "status": "Probably inactive", "production": "Yes; small", "dep_model": "Alluvial placer Au (Cox and Singer, 1986; model 39a).", "model_code": "39a", "alteration": null, "geol_desc": "Fine gold was discovered on the bars of lower Snake River in 1898 (Schrader and Brooks, 1900).  This location was plotted separately by Cobb (1972 [MF 463]) and some placer tailings appear to be present.   Dredge operations took place on lower Snake River", "work_expl": "Remnants of dredge tailings may locally be present.", "comments": null, "expand_ref": "Cobb, E.H., 1972, Metallic mineral resources map of the Nome quadrangle, Alaska:  U.S. Geological Survey Miscellaneous Field Studies Map MF-463, 2 sheets, scale 1:250,000.|Cobb, E.H., 1978, Summary of references to mineral occurrences (other than mineral", "rept_names": "C.C. Hawley and Travis L. Hudson", "rept_date": "7/10/2000", "age": "Holocene.", "rept_aff": "Hawley Resource Group, Inc.", "prod_notes": null, "reserves": null, "prime_ref": "Cobb, 1978 (OFR 78-93)", "latitude": 64.521737, "longitude": -165.491648, "datum": "WGS84", "source_datum": "NAD27 (EPSG:4267) reprojected to WGS84 (EPSG:4326)" }, "geometry": { "type": "Point", "coordinates": [ -165.491647880411676, 64.521737405375916 ] } },
{ "type": "Feature", "properties": { "ardf_num": "NM312", "mrds_num": "A012922", "site": "Nome River (2 miles below Banner Creek)", "location": "Gold dredging was attempted at this location on Nome River approximately 2 miles below Banner Creek.  The map location is at the southwest corner of section 16, T. 10 S., R. 33 W., Kateel River Meridian.  It is locality 115 of Cobb (1972 [MF 463], 1978 [O", "quad_250": "NM", "quad_63360": "C-1", "comm_main": "Au", "comm_other": null, "ore": "Gold", "gangue": null, "site_type": "Prospect", "status": "Inactive", "production": "Undetermined.", "dep_model": "Alluvial placer Au (Cox and Singer, 1986; model 39a).", "model_code": "39a", "alteration": null, "geol_desc": "Fine gold is commonly found on the bars of Nome River.  This site is an area where an unsuccessful dredge operation was attempted below the mouth of Banner Creek (Moffit, 1913).", "work_expl": "Inasmuch as this location is on the active flood plain of Nome River, remnant tailings or other workings are not likely to be preserved.", "comments": null, "expand_ref": "Cobb, E.H., 1972, Metallic mineral resources map of the Nome quadrangle, Alaska:  U.S. Geological Survey Miscellaneous Field Studies Map MF-463, 2 sheets, scale 1:250,000.|Cobb, E.H., 1978, Summary of references to mineral occurrences (other than mineral", "rept_names": "C.C. Hawley and Travis L. Hudson", "rept_date": "7/10/2000", "age": "Holocene.", "rept_aff": "Hawley Resource Group, Inc.", "prod_notes": null, "reserves": null, "prime_ref": "Moffit, 1913", "latitude": 64.613943, "longitude": -165.299455, "datum": "WGS84", "source_datum": "NAD27 (EPSG:4267) reprojected to WGS84 (EPSG:4326)" }, "geometry": { "type": "Point", "coordinates": [ -165.29945513694048, 64.613943268134349 ] } },
{ "type": "Feature", "properties": { "ardf_num": "SO011", "mrds_num": "A012589", "site": "Cache Creek (Spruce Creek)", "location": "Cache Creek  is labeled Spruce Creek on older maps.  Its mouth is on Taylor Lagoon adjacent to Norton Sound, 8.3 miles east of Solomon. This is locality 105 (Spruce Creek) of Cobb (1972, MF 445; 1978, OF 78-181).", "quad_250": "SO", "quad_63360": "C-5", "comm_main": "Au", "comm_other": null, "ore": "Gold", "gangue": null, "site_type": "Mine", "status": "Inactive", "production": "Yes; medium", "dep_model": "Placer Au-PGE (Cox and Singer, 1986; model 39a).", "model_code": "39a", "alteration": null, "geol_desc": "About 8,000 feet of placer workings have been mapped along this drainage between elevations of about 45 and 130 feet.  The workings start about 5,000 feet upstream from the mouth of the creek on Taylor Lagoon.  Although prospected in the 1900's (Collier a", "work_expl": "About 8,000 feet of placer workings have mapped along this drainage between elevations of about 45 and 130 feet.  The workings start about 5,000 feet upstream from the mouth of the creek on Taylor Lagoon.  Although prospected in the 1900's (Collier and ot", "comments": null, "expand_ref": "Cobb, E.H., 1972, Metallic mineral resources map of the Solomon quadrangle, Alaska:  U.S. Geological Survey Miscellaneous Field Studies Map MF-445, 1 sheet, scale 1:250,000.|Cobb, E.H., 1978, Summary of references to mineral occurrences (other than minera", "rept_names": "Travis L. Hudson (Applied Geology)", "rept_date": "8/19/1999", "age": "Quaternary.", "rept_aff": null, "prod_notes": "The dredge operating on this creek was apparently the major producer in the area between 1932 and 1935; considering the extent of the workings the deposits may have been high grade. The paystreak was reported to have been mined out (Smith, 1939).", "reserves": null, "prime_ref": "Cobb, 1978 (OF 78-181)", "latitude": 64.590264, "longitude": -164.15174, "datum": "WGS84", "source_datum": "NAD27 (EPSG:4267) reprojected to WGS84 (EPSG:4326)" }, "geometry": { "type": "Point", "coordinates": [ -164.151739884389627, 64.590264029505065 ] } },
{ "type": "Feature", "properties": { "ardf_num": "SO012", "mrds_num": "A012612", "site": "Rabbit Creek", "location": "Rabbit Creek and Uncle Sam Creek merge to form Pine Creek on the southwest side of Uncle Sam Mountain.  The mouth of Pine Creek is on the lagoon adjacent to Norton Sound, 4.5 miles east of Solomon.  The location along Rabbit Creek is not closely constrain", "quad_250": "SO", "quad_63360": "C-5", "comm_main": "Au", "comm_other": null, "ore": "Gold", "gangue": null, "site_type": "Prospect", "status": "Inactive", "production": "No", "dep_model": "Possibly placer Au-PGE (Cox and Singer, 1986; model 39a), but can also include beach placer and residual placer accumulations.", "model_code": "39a", "alteration": null, "geol_desc": "Prospect holes uncovered creek gravel overlying well-rounded beach gravels and sand.  Two types of well-rounded beach wash are reported; these include black graphitic slate gravel and white, vein quartz, pebble gravel.  These overlie a thin sand layer on", "work_expl": "Early prospecting included 4 exploration shafts (30, 45, 20 and 30 feet deep) and one shallow pit (Smith, 1909).", "comments": null, "expand_ref": "Cobb, E.H., 1972, Metallic mineral resources map of the Solomon quadrangle, Alaska:  U.S. Geological Survey Miscellaneous Field Studies Map MF-445, 1 sheet, scale 1:250,000.|Cobb, E.H., 1978, Summary of references to mineral occurrences (other than minera", "rept_names": "Travis L. Hudson (Applied Geology)", "rept_date": "8/19/1999", "age": "Quaternary.", "rept_aff": null, "prod_notes": null, "reserves": null, "prime_ref": "Smith, 1909", "latitude": 64.619261, "longitude": -164.342745, "datum": "WGS84", "source_datum": "NAD27 (EPSG:4267) reprojected to WGS84 (EPSG:4326)" }, "geometry": { "type": "Point", "coordinates": [ -164.342745021880091, 64.619261206841998 ] } },
{ "type": "Feature", "properties": { "ardf_num": "SO013", "mrds_num": "A012604", "site": "Rock Creek", "location": "Rock Creek is a one-mile-long, east tributary to the lower Solomon River.  The mouth of Rock Creek is 4,500 feet downstream from Lees Camp.  This is locality 103 of Cobb (1972, MF 445; 1978, OF 78-181). It is probably located within 0.5 mile.", "quad_250": "SO", "quad_63360": "C-5", "comm_main": "Au", "comm_other": null, "ore": "Gold", "gangue": null, "site_type": "Mine", "status": "Probably inactive", "production": "Yes; small", "dep_model": "Placer Au-PGE (Cox and Singer, 1986; model 39a); possibly reworked coastal plain deposits.", "model_code": "39a", "alteration": null, "geol_desc": "Some small-scale mining took place as early as 1903 and between 1932 and 1934 (Cobb, 1978, OF 78-181).  Bedrock  is schist but the gravels include much greenstone, slate fragments, and quartz pebbles   Both fine and coarse gold was recovered.  The gold co", "work_expl": "Small-scale open-cut placer mining operations took place locally on this creek between 1903 and 1934.", "comments": null, "expand_ref": "Cobb, E.H., 1972, Metallic mineral resources map of the Solomon quadrangle, Alaska:  U.S. Geological Survey Miscellaneous Field Studies Map MF-445, 1 sheet, scale 1:250,000.|Cobb, E.H., 1978, Summary of references to mineral occurrences (other than minera", "rept_names": "Travis L. Hudson (Applied Geology)", "rept_date": "8/19/1999", "age": "Quaternary; the location and elevation of this area indicate that it was probably affected by Quaternary sea level fluctuations.", "rept_aff": null, "prod_notes": null, "reserves": null, "prime_ref": "Smith, 1910", "latitude": 64.60926, "longitude": -164.372744, "datum": "WGS84", "source_datum": "NAD27 (EPSG:4267) reprojected to WGS84 (EPSG:4326)" }, "geometry": { "type": "Point", "coordinates": [ -164.372744359182263, 64.609260400002938 ] } },
{ "type": "Feature", "properties": { "ardf_num": "SO014", "mrds_num": "A012603", "site": "Manila Creek", "location": "Manila Creek is a small east tributary to lower Solomon River.  The mouth of Manila Creek is 2 miles northeast of Solomon.  This is locality 104 of Cobb (1972, MF 445; 1978, OF 78-181). Probably located within one mile.", "quad_250": "SO", "quad_63360": "C-5", "comm_main": "Au", "comm_other": null, "ore": "Gold", "gangue": null, "site_type": "Prospect", "status": "Probably inactive", "production": "No", "dep_model": "Placer Au-PGE (Cox and Singer, 1986; model 39a); possibly reworked coastal plain deposits.", "model_code": "39a", "alteration": null, "geol_desc": "Manila Creek has cut through coastal plain deposits in its upper reaches but schist and marble are exposed along the lower 3/4 mile of the drainage (Smith, 1910; Sainsbury and others, 1972, OFR 511).  Gold has apparently been discovered but mining has not", "work_expl": "Prospecting pits are the principal workings.", "comments": null, "expand_ref": "Cobb, E.H., 1972, Metallic mineral resources map of the Solomon quadrangle, Alaska:  U.S. Geological Survey Miscellaneous Field Studies Map MF-445, 1 sheet, scale 1:250,000.|Cobb, E.H., 1978, Summary of references to mineral occurrences (other than minera", "rept_names": "Travis L. Hudson (Applied Geology)", "rept_date": "8/19/1999", "age": "Quaternary; the location and elevation (25 to 150 feet) of this area indicate that it was affected by Quaternary sea level fluctuations.", "rept_aff": null, "prod_notes": null, "reserves": null, "prime_ref": "Smith, 1910", "latitude": 64.589259, "longitude": -164.422743, "datum": "WGS84", "source_datum": "NAD27 (EPSG:4267) reprojected to WGS84 (EPSG:4326)" }, "geometry": { "type": "Point", "coordinates": [ -164.4227429187398, 64.589258972697507 ] } },
{ "type": "Feature", "properties": { "ardf_num": "SO015", "mrds_num": "A012596", "site": "Solomon River (lower)", "location": "Solomon River is a major drainage that flows south to its mouth on Norton Sound at Solomon. The lower part of Solomon River has been extensively dredged for a distance of 4 miles starting 2 miles above Solomon.  This dredged area is between elevations of", "quad_250": "SO", "quad_63360": "C-5", "comm_main": "Au", "comm_other": "W", "ore": "Gold, scheelite", "gangue": "Garnet, ilmenite, magnetite", "site_type": "Mine", "status": "Active?", "production": "Yes; medium", "dep_model": "Placer Au-PGE (Cox and Singer, 1986; model 39a); possibly reworked coastal plain deposits.", "model_code": "39a", "alteration": null, "geol_desc": "Placer gold was discovered in 1899 and mining started in 1900 when about $10,000 (or 485 fine ounces) were produced (Brooks and others, 1901).  Most of the active flood along this part of the river has been extensively worked by dredges starting as early", "work_expl": "Most of the active flood along this part of the river has been extensively worked by dredges starting as early as 1903 (Collier and others, 1908).", "comments": null, "expand_ref": "Brooks, A.H., Richardson, G.B., Collier, A.J., and W.C. Mendenhall, 1901, A reconnaissance in the Cape Nome and adjacent gold fields of Seward Peninsula, Alaska, in 1900:  U.S. Geological Survey Special Publication, p. 1-185, maps.|Coats, R.R., 1944, Occu", "rept_names": "Travis L. Hudson (Applied Geology)", "rept_date": "8/19/1999", "age": "Quaternary; the location and elevation (25 to 75 feet) of this area indicate it was affected by Quaternary sea level fluctuations.", "rept_aff": null, "prod_notes": "Placer gold was discovered in 1899 and mining started in 1900 when about $10,000 (or 485 fine ounces) were produced (Brooks and others, 1901).  Lu and others (1968) compiled reported production and determined that more than about $2,500,000 dollars, or 12", "reserves": null, "prime_ref": "Cobb, 1978", "latitude": 64.61126, "longitude": -164.386745, "datum": "WGS84", "source_datum": "NAD27 (EPSG:4267) reprojected to WGS84 (EPSG:4326)" }, "geometry": { "type": "Point", "coordinates": [ -164.386744721784197, 64.611260189792944 ] } },
{ "type": "Feature", "properties": { "ardf_num": "SO016", "mrds_num": "A012610", "site": "Mystery Creek", "location": "Mystery Creek is a west tributary to Shovel Creek (SO017).  Shovel Creek is a major northeast tributary to the lower Solomon River.  The mouth of Mystery Creek is 1.6 miles upstream from the confluence of Shovel Creek and Solomon River.  This is locality", "quad_250": "SO", "quad_63360": "C-5", "comm_main": "Au", "comm_other": null, "ore": "Gold", "gangue": null, "site_type": "Mine", "status": "Inactive", "production": "Yes; small", "dep_model": "Placer Au-PGE (Cox and Singer, 1986; model 39a).", "model_code": "39a", "alteration": null, "geol_desc": "Hydraulic placer mining started on this creek as early as 1903 (Collier and others, 1908).  Production was mostly at elevations from 150 to 200 feet between the Puzzle and Problem Creek tributaries, especially from benches that had a paystreak 100 to 150", "work_expl": "Mostly small-scale hydraulic placer mining operations, but a dredge operated in 1911 and winter drift mining took place on the benches.", "comments": null, "expand_ref": "Cobb, E.H., 1972, Metallic mineral resources map of the Solomon quadrangle, Alaska:  U.S. Geological Survey Miscellaneous Field Studies Map MF-445, 1 sheet, scale 1:250,000.|Cobb, E.H., 1978, Summary of references to mineral occurrences (other than minera", "rept_names": "Travis L. Hudson (Applied Geology)", "rept_date": "8/19/1999", "age": "Quaternary; the location and elevation (150 to 200 feet) of this area indicate that it was affected by Quaternary sea level fluctuations.", "rept_aff": null, "prod_notes": "Smith (1910) estimated that annual production from the early mining here was worth $30,000 or about 1,450 ounces.  The gold was worth between $17.50 and $18.75 per ounce at the time when the  price of gold was $20.67 per fine ounce.", "reserves": null, "prime_ref": "Smith, 1910", "latitude": 64.64326, "longitude": -164.455749, "datum": "WGS84", "source_datum": "NAD27 (EPSG:4267) reprojected to WGS84 (EPSG:4326)" }, "geometry": { "type": "Point", "coordinates": [ -164.455748744154391, 64.643259706399704 ] } },
{ "type": "Feature", "properties": { "ardf_num": "SO017", "mrds_num": "A012611", "site": "Shovel Creek", "location": "Shovel Creek is a major northeast tributary of the lower Solomon River.  The mouth of Shovel Creek is 0.5 mile north of  Lees Camp.  This is locality 90 of Cobb (1972, MF 445; 1978, OF 78-181).", "quad_250": "SO", "quad_63360": "C-5", "comm_main": "Au", "comm_other": null, "ore": "Gold", "gangue": null, "site_type": "Mine", "status": "Probably inactive", "production": "Yes; small", "dep_model": "Placer Au-PGE (Cox and Singer, 1986; model 39a).", "model_code": "39a", "alteration": null, "geol_desc": "At least  three of the lower three and a half miles of Shovel Creek has been extensively placer mined, mostly by dredges and mostly in the 1920s. Early mining (Smith, 1910) encountered thin, 1 to 3 feet thick gravels over bedrock in a pay streak up to 1,0", "work_expl": "Mined by dredging, hydraulic and small-scale operations over at least  three of the lower three and a half miles of the creek.", "comments": null, "expand_ref": "Cobb, E.H., 1972, Metallic mineral resources map of the Solomon quadrangle, Alaska:  U.S. Geological Survey Miscellaneous Field Studies Map MF-445, 1 sheet, scale 1:250,000.|Cobb, E.H., 1978, Summary of references to mineral occurrences (other than minera", "rept_names": "Travis L. Hudson (Applied Geology)", "rept_date": "8/19/1999", "age": "Quaternary; the location and elevation (50 to 150 feet) of this area indicate that it was affected by Quaternary sea level fluctuations.", "rept_aff": null, "prod_notes": "Recorded production as compiled by Lu and others (1968) is about 20,000 ounces.", "reserves": null, "prime_ref": "Smith, 1910", "latitude": 64.647261, "longitude": -164.416749, "datum": "WGS84", "source_datum": "NAD27 (EPSG:4267) reprojected to WGS84 (EPSG:4326)" }, "geometry": { "type": "Point", "coordinates": [ -164.416748701415088, 64.64726053130596 ] } },
{ "type": "Feature", "properties": { "ardf_num": "SO018", "mrds_num": "A012609", "site": "Penny Creek", "location": "Penny Creek is a northeast tributary to lower Solomon River.  The mouth of Penny Creek is 1.5 miles upstream from Lees Camp.  This is locality 101 of  Cobb (1972, MF 445; 1978, OF 78-181).", "quad_250": "SO", "quad_63360": "C-5", "comm_main": "Au", "comm_other": null, "ore": "Gold", "gangue": null, "site_type": "Mine", "status": "Probably inactive", "production": "Yes; small", "dep_model": "Placer Au-PGE (Cox and Singer, 1986; model 39a).", "model_code": "39a", "alteration": null, "geol_desc": "Mining on Penny Creek started as early as 1900; some gold was as coarse as an $18 (1 ounce) nugget (Brooks and others, 1901).  The lower 8,000 feet of the creek, which is at least locally incised up to 20 feet, has been mined mostly by small scale operati", "work_expl": "Small-scale mining took place episodically between 1900 and at least 1934.  These operations probably included hand, hydraulic and open-cut dozer/sluice methods.", "comments": null, "expand_ref": "Brooks, A.H., Richardson, G.B., Collier, A.J., and W.C. Mendenhall, 1901, A reconnaissance in the Cape Nome and adjacent gold fields of Seward Peninsula, Alaska, in 1900:  U.S. Geological Survey Special Publication, p. 1-185, maps.|Cobb, E.H., 1972, Metal", "rept_names": "Travis L. Hudson (Applied Geology)", "rept_date": "8/19/1999", "age": "Quaternary; the location and elevation (75 to 150 feet) of this area indicate that it was affected by Quaternary sea level fluctuations.", "rept_aff": null, "prod_notes": null, "reserves": null, "prime_ref": "Cobb, 1978", "latitude": 64.648261, "longitude": -164.371748, "datum": "WGS84", "source_datum": "NAD27 (EPSG:4267) reprojected to WGS84 (EPSG:4326)" }, "geometry": { "type": "Point", "coordinates": [ -164.371748284892817, 64.648261392636158 ] } },
{ "type": "Feature", "properties": { "ardf_num": "SO019", "mrds_num": "A012592", "site": "Quiggley; Gray Eagle", "location": "This locality is on the south side of Big Hurrah Creek, at an elevation of about 250 feet, and 0.6 miles southeast of its mouth.  It is locality 17 of Cobb (1972, MF 445; 1978, OF 78-181).", "quad_250": "SO", "quad_63360": "C-5", "comm_main": "Sb", "comm_other": "Au ?", "ore": "Pyrite, stibnite", "gangue": "Quartz", "site_type": "Mine", "status": "Probably inactive", "production": "Yes; small", "dep_model": "Quartz-stibnite vein in graphitic schist; simple Sb deposits (Cox and Singer, 1986; model 27a).", "model_code": "27d", "alteration": "Silicification.", "geol_desc": "A lense of stibnite, 12 to 18 inches thick, occurs within a 4-foot-thick quartz vein in a brecciated zone containing disseminated pyrite; the lense strikes northeast and dips northwest.  Stibnite occurs in bladed crystals 1 to 3 inches long and as finely", "work_expl": "A 12-foot shaft and several trenches exposed the vein in early workings (Cathcart, 1922).", "comments": null, "expand_ref": "Apodoca, L.E., 1994, Genesis of lode gold deposits of the Rock Creek area, Nome mining district, Seward Peninsula, Alaska:  Boulder, Colorado, University of Colorado, Ph.D. dissertation, 208 p.|Cathcart, S.H., 1922, Metalliferous lodes in southern Seward", "rept_names": "Travis L. Hudson (Applied Geology)", "rept_date": "8/19/1999", "age": "Cretaceous?", "rept_aff": null, "prod_notes": "Five tons of ore with 63.7% antimony, no lead or zinc , and only traces of arsenic, were mined and 3 tons were shipped in 1915-16 (Mertie, 1918).", "reserves": null, "prime_ref": "Cathcart, 1922", "latitude": 64.647263, "longitude": -164.295747, "datum": "WGS84", "source_datum": "NAD27 (EPSG:4267) reprojected to WGS84 (EPSG:4326)" }, "geometry": { "type": "Point", "coordinates": [ -164.295747305706158, 64.647262779722553 ] } },
{ "type": "Feature", "properties": { "ardf_num": "SO020", "mrds_num": "A012590; D002600", "site": "Silver; Flynn", "location": "The Silver prospect is located on the nose of a low ridge between lower Big Hurrah Creek and Solomon River.  It is at an elevation of about 260 feet, on the north side of Big Hurrah Creek, about 0.5 miles northeast of its mouth. It is locality 16 of Cobb", "quad_250": "SO", "quad_63360": "C-5", "comm_main": "Au", "comm_other": "Ag, W", "ore": "Arsenopyrite, gold, scheelite", "gangue": "Quartz", "site_type": "Prospect", "status": "Active?", "production": "Undetermined", "dep_model": "Gold-quartz vein in metamorphic rocks; low sulfide-Au quartz vein (Cox and Singer, 1986; model 36a).", "model_code": "36a", "alteration": "Silicification.", "geol_desc": "At least two quartz veins with ribbon rock in graphitic schist are present; these contain free gold and locally arsenopyrite (Cathcart, 1922).  Vein widths vary from 0.5 to 3 feet, they strike northwest up to several hundred feet and dip south (Asher, 196", "work_expl": "There are 5 shafts and numerous surface pits and trenches.  The 40- to 60- foot-deep Goode shaft was inclined 26 degrees at S 60 W and had 800 feet of workings; the 45-foot-deep Shamrock shaft  was inclined 71 W;  the 11-foot-deep Hot Air shaft  was 8 by", "comments": null, "expand_ref": "Anderson, Eskil, 1947, Mineral occurrences other than gold deposits in northwestern Alaska: Alaska Territorial Division of Mines Pamphlet 5-R, 48 p.|Apodoca, L.E., 1994, Genesis of lode gold deposits of the Rock Creek area, Nome mining district, Seward Pe", "rept_names": "Travis L. Hudson (Applied Geology)", "rept_date": "8/19/1999", "age": "Cretaceous?", "rept_aff": null, "prod_notes": null, "reserves": null, "prime_ref": "Asher, 1969a", "latitude": 64.655263, "longitude": -164.296748, "datum": "WGS84", "source_datum": "NAD27 (EPSG:4267) reprojected to WGS84 (EPSG:4326)" }, "geometry": { "type": "Point", "coordinates": [ -164.296748126160509, 64.655262961355703 ] } },
{ "type": "Feature", "properties": { "ardf_num": "SO021", "mrds_num": "A012591", "site": "Unnamed (Big Hurrah Creek)", "location": "This prospect is about 3/4 mile northwest of the Big Hurrah mine on the ridge east of Trilby Creek.  It is at about 350 feet elevation and 1/2 mile north of big Hurrah Creek.  It is locality 18 of Cobb (1972, MF 445; 1978, OF 78-181).", "quad_250": "SO", "quad_63360": "C-5", "comm_main": "Au, Cu", "comm_other": null, "ore": "Arsenopyrite, chalcopyrite, gold, pyrite, pyrrhotite", "gangue": "Quartz", "site_type": "Prospect", "status": "Probably inactive", "production": "No", "dep_model": "Gold-quartz vein in metamorphic rocks; low sulfide-Au quartz vein (Cox and Singer, 1986; model 36a).", "model_code": "36a", "alteration": "Silicification.", "geol_desc": "Quartz vein in graphitic schist with pyrite, pyrrhotite, arsenopyrite, chalcopyrite, and free gold.  Three shafts and several trenches were caved in 1920 (Cathcart, 1922).  The alignment of the trenches may indicate a N to NE strike, and dump samples cont", "work_expl": "There were about a dozen trenches, 5 to 30 feet long and 3 to 4 feet deep, and three shafts that were caved and water filled in 1920.", "comments": null, "expand_ref": "Apodoca, L.E., 1994, Genesis of lode gold deposits of the Rock Creek area, Nome mining district, Seward Peninsula, Alaska:  Boulder, Colorado, University of Colorado, Ph.D. dissertation, 208 p.|Asher, R.R., 1969, Geologic and geochemical study, Solomon C-", "rept_names": "Travis L. Hudson (Applied Geology)", "rept_date": "8/19/1999", "age": "Cretaceous?", "rept_aff": null, "prod_notes": null, "reserves": null, "prime_ref": "Cathcart, 1922", "latitude": 64.660264, "longitude": -164.253748, "datum": "WGS84", "source_datum": "NAD27 (EPSG:4267) reprojected to WGS84 (EPSG:4326)" }, "geometry": { "type": "Point", "coordinates": [ -164.253748132823688, 64.660263885379933 ] } },
{ "type": "Feature", "properties": { "ardf_num": "SO022", "mrds_num": "A012597; D002599; A012598", "site": "Big Hurrah Creek", "location": "Big Hurrah Creek is an east tributary to the Solomon River.  The mouth of Big Hurrah Creek is 3.4 miles upstream of Lees Camp and 2.8 miles downstream from East Fork.  Big Hurrah Creek has been continuously placer mined for about 4 miles upstream from the", "quad_250": "SO", "quad_63360": "C-5", "comm_main": "Au", "comm_other": "W", "ore": "Gold, scheelite", "gangue": "Garnet, ilmenite, magnetite", "site_type": "Mine", "status": "Active?", "production": "Yes; small", "dep_model": "Placer Au-PGE (Cox and Singer, 1986; model 39a).", "model_code": "39a", "alteration": null, "geol_desc": "Gold was discovered and placer mining started on Big Hurrah Creek in 1900 (Collier and others, 1908).  This was apparently the richest creek in the lower Solomon River area (Smith, 1910).  Lu and others (1968) compiled records that indicate at least $120,", "work_expl": "Big Hurrah Creek has been continuously placer mined for about 4 miles upstream from the mouth.  Small-scale operations took place in the 1900s, dredging occurred in the 1920s, and open-cut (probably dozer) operations were carried out in the 1930s.", "comments": null, "expand_ref": "Coats, R.R., 1944, Occurrences of scheelite in the Solomon district, Seward Peninsula, Alaska:  U.S. Geological Survey Open-File Report 4, 4 p.|Cobb, E.H., 1972, Metallic mineral resources map of the Solomon quadrangle, Alaska:  U.S. Geological Survey Mis", "rept_names": "Travis L. Hudson (Applied Geology)", "rept_date": "8/19/1999", "age": "Quaternary; the location and elevation (75 to 250 feet) of this area indicate that it was affected by Quaternary sea level fluctuations; more than one cycle of erosion and deposition is indicated.", "rept_aff": null, "prod_notes": "Lu and others (1968) compiled records that indicate at least $120,606 worth of gold or about 6,000 ounces (at $20 per oounce) were produced from Big Hurrah Creek.", "reserves": null, "prime_ref": "Cobb, 1978 (OF 78-181)", "latitude": 64.652264, "longitude": -164.249747, "datum": "WGS84", "source_datum": "NAD27 (EPSG:4267) reprojected to WGS84 (EPSG:4326)" }, "geometry": { "type": "Point", "coordinates": [ -164.24974727727195, 64.652263759346113 ] } },
{ "type": "Feature", "properties": { "ardf_num": "SO023", "mrds_num": "A012593; D002598; A010654", "site": "Big Hurrah", "location": "The Big Hurrah mine is located on the south side of Big Hurrah Creek (SO022) and the east side of Little Hurrah Creek at an elevation of about 275 feet.  It is about 1/4 mile southeast of the confluence of Little and Big Hurrah creeks.  It is locality 17", "quad_250": "SO", "quad_63360": "C-5", "comm_main": "Au", "comm_other": "Ag, Cu, W, Zn", "ore": "Arsenopyrite, chalcopyrite, electrum, gold, pyrite, scheelite, sphalerite", "gangue": "Albite, carbonate, quartz, sericite", "site_type": "Mine", "status": "Active", "production": "Yes; small", "dep_model": "Gold-quartz vein in metamorphic rocks; low sulfide-Au quartz vein (Cox and Singer, 1986; model 36a).", "model_code": "36a", "alteration": "Silicification, carbonatization, and development of quartz-carbonate stockworks.", "geol_desc": "The Big Hurrah mine has been the most productive lode gold mine on the Seward Peninsula to date.  Gold-quartz veins in slaty graphitic schist  produced about 27,000 ounces of gold (Read and Meinert, 1986) primarily between 1903 and 1907, when a 20-stamp m", "work_expl": "A 60-degree inclined shaft extended to the 250 foot level; there are about 1,800 feet of lateral workings developed off it on the 70, 150, and 250 foot-levels.  In 1954, a 105-foot-long sublevel was driven at 20 feet below the 150-East level (Asher, 1969,", "comments": null, "expand_ref": "Apodoca, L.E., 1994, Genesis of lode gold deposits of the Rock Creek area, Nome mining district, Seward Peninsula, Alaska:  Boulder, Colorado, University of Colorado, Ph.D. dissertation, 208 p.|Asher, R.R., 1969, Geologic and geochemical study, Solomon C-", "rept_names": "Travis L. Hudson (Applied Geology, Inc.)", "rept_date": "10/10/2005", "age": "Cretaceous?", "rept_aff": null, "prod_notes": "The Big Hurrah mine is the only lode gold mine on Seward Peninsula.  The gold-quartz veins in slaty graphitic schist produced about 27,000 ounces of gold (Read and Meinert, 1986), primarily between 1903 and 1907, when a 20-stamp mill was in operation (Smi", "reserves": "As of March 28, 2007, NovaGold (2007) listed  a measured and indicated resource in the Big Hurrah mine as 1.8 millions tons of ore with a grade of 4.61 grams of gold per metric ton; there was an additional inferred resource of 0.6 milllion tons of materia", "prime_ref": "Read and Meinert, 1986", "latitude": 64.650664, "longitude": -164.242547, "datum": "WGS84", "source_datum": "NAD27 (EPSG:4267) reprojected to WGS84 (EPSG:4326)" }, "geometry": { "type": "Point", "coordinates": [ -164.242547031803156, 64.650663853023843 ] } },
{ "type": "Feature", "properties": { "ardf_num": "SO024", "mrds_num": "A010713; D002601", "site": "Solomon River", "location": "The part of Solomon River included here has been continuously placer mined from an elevation of about 100 feet upstream to an elevation of about 175 feet.  It extends for a distance of about 5 miles starting 0.7 miles downstream from Quigleys Camp and con", "quad_250": "SO", "quad_63360": "C-5", "comm_main": "Au", "comm_other": "W", "ore": "Gold, scheelite", "gangue": null, "site_type": "Mine", "status": "Active?", "production": "Yes; small", "dep_model": "Placer Au-PGE (Cox and Singer, 1986; model 39a).", "model_code": "39a", "alteration": null, "geol_desc": "The active drainage of the Solomon River has been continuously placer mined mined, mostly by dredging,  from an elevation of about 100 feet upstream to an elevation of about 175 feet.  This is a distance of about 5 miles starting 0.7 miles downstream from", "work_expl": "About 5 miles of dredge and open-cut placer workings are present along this part of the Solomon River, primarily along the active drainage.", "comments": null, "expand_ref": "Cobb, E.H., 1972, Metallic mineral resources map of the Solomon quadrangle, Alaska:  U.S. Geological Survey Miscellaneous Field Studies Map MF-445, 1 sheet, scale 1:250,000.|Cobb, E.H., 1978, Summary of references to mineral occurrences (other than minera", "rept_names": "Travis L. Hudson (Applied Geology)", "rept_date": "8/19/1999", "age": "Quaternary; the location and elevation (100 to 170 feet) of this area indicate that it was affected by Quaternary sea level fluctuations.", "rept_aff": null, "prod_notes": "Placer gold was discovered in 1899 and mining started in 1900 when about $10,000 (or 485 fine ounces) were produced (Brooks and others, 1901).  Lu and others (1968) compiled reported production and determined that more than about $2,500,000 dollars, or 12", "reserves": null, "prime_ref": "Cobb, 1978 (OF 78-181)", "latitude": 64.678263, "longitude": -164.29975, "datum": "WGS84", "source_datum": "NAD27 (EPSG:4267) reprojected to WGS84 (EPSG:4326)" }, "geometry": { "type": "Point", "coordinates": [ -164.29975048940841, 64.67826348183435 ] } },
{ "type": "Feature", "properties": { "ardf_num": "SO025", "mrds_num": "10308264", "site": "Sapphire Gulch", "location": "Sapphire Gulch is a very small north tributary to Minnesota Creek located 1 mile upstream of the confluence of Minnesota and Penny Creek (SO018) and about 2 miles north of Quigleys Camp on the Solomon River.  The lower part of this drainage is at about 27", "quad_250": "SO", "quad_63360": "C-5", "comm_main": "Au", "comm_other": null, "ore": "Gold", "gangue": null, "site_type": "Mine", "status": "Probably inactive", "production": "Yes; small", "dep_model": "Placer Au-PGE (Cox and Singer, 1986; model 39a).", "model_code": "39a", "alteration": null, "geol_desc": "Smith (1910) reports that most of the gravels in this drainage were mined by 1907.   Bedrock is part of a lower Paleozoic metasedimentary assemblage (Sainsbury and others, 1972, OFR 511; Till and others, 1986).", "work_expl": "The early mining was probably mostly hand operations.", "comments": null, "expand_ref": "Cobb, E.H., 1972, Metallic mineral resources map of the Solomon quadrangle, Alaska:  U.S. Geological Survey Miscellaneous Field Studies Map MF-445, 1 sheet, scale 1:250,000.|Cobb, E.H., 1978, Summary of references to mineral occurrences (other than minera", "rept_names": "Travis L. Hudson (Applied Geology)", "rept_date": "8/19/1999", "age": "Quaternary.", "rept_aff": null, "prod_notes": null, "reserves": null, "prime_ref": "Smith, 1910", "latitude": 64.675262, "longitude": -164.364751, "datum": "WGS84", "source_datum": "NAD27 (EPSG:4267) reprojected to WGS84 (EPSG:4326)" }, "geometry": { "type": "Point", "coordinates": [ -164.364750937284754, 64.675262198643367 ] } },
{ "type": "Feature", "properties": { "ardf_num": "SO026", "mrds_num": null, "site": "Bear Gulch", "location": "Bear Gulch is a very small north tributary to Minnesota Creek; it is located about 1.5 miles upstream of the confluence of Minnesota Creek and Penny Creek (SO018) and about 2.3 miles north of Quigleys Camp on the Solomon River.  The lower part of Bear Gul", "quad_250": "SO", "quad_63360": "C-5", "comm_main": "Au", "comm_other": null, "ore": "Gold", "gangue": null, "site_type": "Mine", "status": "Probably inactive", "production": "Yes; small", "dep_model": "Placer Au-PGE (Cox and Singer, 1986; model 39a).", "model_code": "39a", "alteration": null, "geol_desc": "Smith (1910) reports that most of the gravels in this drainage were mined by 1907.   Bedrock is part of a lower Paleozoic metasedimentary assemblage (Sainsbury and others, 1972, OFR 511; Till and others, 1986).", "work_expl": "The early mining was probably mostly hand operations.", "comments": null, "expand_ref": "Cobb, E.H., 1972, Metallic mineral resources map of the Solomon quadrangle, Alaska:  U.S. Geological Survey Miscellaneous Field Studies Map MF-445, 1 sheet, scale 1:250,000.|Cobb, E.H., 1978, Summary of references to mineral occurrences (other than minera", "rept_names": "Travis L. Hudson (Applied Geology)", "rept_date": "8/19/1999", "age": "Quaternary.", "rept_aff": null, "prod_notes": null, "reserves": null, "prime_ref": "Smith, 1910", "latitude": 64.678263, "longitude": -164.351751, "datum": "WGS84", "source_datum": "NAD27 (EPSG:4267) reprojected to WGS84 (EPSG:4326)" }, "geometry": { "type": "Point", "coordinates": [ -164.35175109123125, 64.678262515452886 ] } },
{ "type": "Feature", "properties": { "ardf_num": "SO027", "mrds_num": "10308265", "site": "Meddler Gulch", "location": "Meddler Gulch is a small north tributary to Minnesota Creek; it is located between Sapphire (SO025) and Bear Gulch (SO026), about 2.5 miles north of Quigleys Camp on the Solomon River.  Its headwaters are at elevations greater than 500 feet.  This is loca", "quad_250": "SO", "quad_63360": "C-5", "comm_main": "Au", "comm_other": null, "ore": "Gold", "gangue": null, "site_type": "Mine", "status": "Probably inactive", "production": "Yes; small", "dep_model": "Placer Au-PGE (Cox and Singer, 1986; model 39a).", "model_code": "39a", "alteration": null, "geol_desc": "Smith (1910) reports that most of the gravels in this drainage were mined by 1907.   Material being worked in 1907 was in the headwaters and appeared to be colluvial materials (Smith, 1910, p. 179).  The gold that was recovered was reported to be coarse a", "work_expl": "Small-scale, probably mostly hand operations, took place on this creek in the earliest years of mining in the area prior to 1907.", "comments": null, "expand_ref": "Cobb, E.H., 1972, Metallic mineral resources map of the Solomon quadrangle, Alaska:  U.S. Geological Survey Miscellaneous Field Studies Map MF-445, 1 sheet, scale 1:250,000.|Cobb, E.H., 1978, Summary of references to mineral occurrences (other than minera", "rept_names": "Travis L. Hudson (Applied Geology)", "rept_date": "8/19/1999", "age": "Quaternary.", "rept_aff": null, "prod_notes": null, "reserves": null, "prime_ref": "Smith, 1910", "latitude": 64.681262, "longitude": -164.364752, "datum": "WGS84", "source_datum": "NAD27 (EPSG:4267) reprojected to WGS84 (EPSG:4326)" }, "geometry": { "type": "Point", "coordinates": [ -164.364751545455931, 64.681262349021324 ] } },
{ "type": "Feature", "properties": { "ardf_num": "SO028", "mrds_num": "A012608", "site": "Kasson Creek", "location": "Kasson Creek is a headwater tributary of Shovel Creek (SO017), about 3.8 miles northwest of Quigleys Camp on the Solomon River.  Placer mining has occurred for 1 mile upstream of the mouth at an elevation of about 250 feet.  This is locality 89 of Cobb (1", "quad_250": "SO", "quad_63360": "C-5", "comm_main": "Au", "comm_other": null, "ore": "Gold", "gangue": null, "site_type": "Mine", "status": "Inactive", "production": "Yes; small", "dep_model": "Placer Au-PGE (Cox and Singer, 1986; model 39a).", "model_code": "39a", "alteration": null, "geol_desc": "The bedrock along this part of Kasson Creek is marble and gold was found in crevices and pockets from 10 to 30 feet deep; paystreaks were from 16 to 100 feet wide (Collier and others, 1908).  The spotty, deep character of the deposits suggests that karst", "work_expl": "The creek was mined in early years mostly by small-scale hand methods; open-cut dozer (?) operations took place in the 1930s (Cobb, 1978, OF 78-181).  Some early mining may have also taken place on two tributaries to Kasson Creek,  Lost and Topnotch Creek", "comments": null, "expand_ref": "Asher, R.R., 1969, Geologic and geochemical study, Solomon C-5 quadrangle, Seward Peninsula, Alaska:  Alaska Division of Mines and Geology Geologic Report 33, 64 p.|Cobb, E.H., 1972, Metallic mineral resources map of the Solomon quadrangle, Alaska:  U.S.", "rept_names": "Travis L. Hudson (Applied Geology)", "rept_date": "8/19/1999", "age": "Quaternary; the location and elevation of about 250 feet  indicate that these placer deposits may have been influenced by Quaternary sea level fluctuations (also see Problem Creek, SO170).", "rept_aff": null, "prod_notes": null, "reserves": null, "prime_ref": "Collier and others, 1908", "latitude": 64.691262, "longitude": -164.410753, "datum": "WGS84", "source_datum": "NAD27 (EPSG:4267) reprojected to WGS84 (EPSG:4326)" }, "geometry": { "type": "Point", "coordinates": [ -164.410753089985889, 64.691261744601675 ] } },
{ "type": "Feature", "properties": { "ardf_num": "SO029", "mrds_num": "A012607", "site": "West Creek", "location": "West Creek is a west tributary to Shovel Creek (SO017).  Placer mining took place over about the lower 1.5 miles of the creek, between elevations of 175 to 300 feet.  This is locality 87 of Cobb (1972, MF 445; 1978, OF 78-181).", "quad_250": "SO", "quad_63360": "C-5", "comm_main": "Au", "comm_other": null, "ore": "Arsenopyrite, chalcopyrite, gold, pyrite", "gangue": "Garnet, magnetite", "site_type": "Mine", "status": "Inactive", "production": "Yes; small", "dep_model": "Placer Au-PGE (Cox and Singer, 1986; model 39a).", "model_code": "39a", "alteration": null, "geol_desc": "Placer mining took place over about the lower 1.5 miles of the West Creek, between elevations of 175 to 300 feet.  Gold-bearing gravels were 3 to 4 feet thick on bedrock; gold coarseness increased upstream.  Crevices and cracks in marble bedrock locally c", "work_expl": "Placer mining was mostly by small-scale methods but a dryland-dredge on tracks operated in 1908-11.  Some open-cut (dozer ?) mining took place in the 1930's (Cobb, 1978, OF 78-181).", "comments": null, "expand_ref": "Brooks, A.H., Richardson, G.B., Collier, A.J., and W.C. Mendenhall, 1901, A reconnaissance in the Cape Nome and adjacent gold fields of Seward Peninsula, Alaska, in 1900:  U.S. Geological Survey Special Publication, p. 1-185, maps.|Cobb, E.H., 1972, Metal", "rept_names": "Travis L. Hudson (Applied Geology)", "rept_date": "8/19/1999", "age": "Quaternary.", "rept_aff": null, "prod_notes": null, "reserves": null, "prime_ref": "Brooks and others, 1901", "latitude": 64.67626, "longitude": -164.458752, "datum": "WGS84", "source_datum": "NAD27 (EPSG:4267) reprojected to WGS84 (EPSG:4326)" }, "geometry": { "type": "Point", "coordinates": [ -164.458752119681208, 64.676260476180104 ] } },
{ "type": "Feature", "properties": { "ardf_num": "SO030", "mrds_num": "A012606", "site": "West Creek", "location": "This lode prospect is located on the south side of West Creek (SO029) at an elevation of about 400 feet; it is about 1.6 miles upstream from the confluence of West Creek and Shovel Creek (SO017).  It is locality 15 of Cobb (1972, MF 445; 1978, OF 78-181),", "quad_250": "SO", "quad_63360": "C-5", "comm_main": "Au", "comm_other": null, "ore": "Arsenopyrite, gold, marcasite, pyrite", "gangue": "Chlorite, quartz", "site_type": "Prospect", "status": "Inactive", "production": "No", "dep_model": "Gold-quartz vein in metamorphic rocks; low sulfide-Au quartz vein (Cox and Singer, 1986; model 36a).", "model_code": "36a", "alteration": "Silicification.", "geol_desc": "Quartz veins in schist have been explored by an adit and 600 or 700 feet of underground workings (Smith, 1908).  The quartz veins contain chlorite, small stringers and vugs of pyrite and marcasite, and arsenopyrite.  Some gold and arsenopyrite is reported", "work_expl": "An adit was driven 350 feet on the main vein and a short crosscut was driven on a small stringer; there is a total of about 600 to 700 feet of underground workings (Smith, 1908).  About 350 feet further west, a 300- foot-long adit was driven on  similar v", "comments": null, "expand_ref": "Apodoca, L.E., 1994, Genesis of lode gold deposits of the Rock Creek area, Nome mining district, Seward Peninsula, Alaska:  Boulder, Colorado, University of Colorado, Ph.D. dissertation, 208 p.|Asher, R.R., 1969, Geologic and geochemical study, Solomon C-", "rept_names": "Travis L. Hudson (Applied Geology)", "rept_date": "8/19/1999", "age": "Cretaceous?", "rept_aff": null, "prod_notes": null, "reserves": null, "prime_ref": "Smith, 1908", "latitude": 64.67826, "longitude": -164.489753, "datum": "WGS84", "source_datum": "NAD27 (EPSG:4267) reprojected to WGS84 (EPSG:4326)" }, "geometry": { "type": "Point", "coordinates": [ -164.489752677388196, 64.678259949804186 ] } },
{ "type": "Feature", "properties": { "ardf_num": "SO031", "mrds_num": "A012602", "site": "Adams Creek", "location": "Adams Creek is the main headwater tributary to Shovel Creek (SO017).  Very little mining is reported for this creek and the location of workings is uncertain; probably within 1.5 miles of the coordinates.  This is locality 88 of Cobb (1972, MF 445; 1978,", "quad_250": "SO", "quad_63360": "C-5", "comm_main": "Au", "comm_other": null, "ore": "Gold", "gangue": "Garnet, magnetite", "site_type": "Mine", "status": "Inactive", "production": "Yes; small", "dep_model": "Placer Au-PGE (Cox and Singer, 1986; model 39a).", "model_code": "39", "alteration": null, "geol_desc": "Gold was discovered early on Adams Creek and small-scale mining produced 50 to 60 ounces on one claim in 20 days (Brooks and others, 1901).  The stream gravels are 4 to 6 feet thick and heavy mineral concentrate contains garnet and magnetite.  The active", "work_expl": "Small-scale sluicing took place somewhere on the drainage in 1900.", "comments": null, "expand_ref": "Brooks, A.H., Richardson, G.B., Collier, A.J., and W.C. Mendenhall, 1901, A reconnaissance in the Cape Nome and adjacent gold fields of Seward Peninsula, Alaska, in 1900:  U.S. Geological Survey Special Publication, p. 1-185, maps.|Cobb, E.H., 1972, Metal", "rept_names": "Travis L. Hudson (Applied Geology)", "rept_date": "8/19/1999", "age": "Quaternary.", "rept_aff": null, "prod_notes": "Brooks and others (1901) report that 50 to 60 ounces of gold  (worth $19.40 per ounce) were recovered in a 20-day period from one claim.", "reserves": null, "prime_ref": "Brooks and others, 1901", "latitude": 64.706261, "longitude": -164.451755, "datum": "WGS84", "source_datum": "NAD27 (EPSG:4267) reprojected to WGS84 (EPSG:4326)" }, "geometry": { "type": "Point", "coordinates": [ -164.451755084643622, 64.706261358512251 ] } },
{ "type": "Feature", "properties": { "ardf_num": "SO032", "mrds_num": "A012599", "site": "Butte Creek", "location": "Butte Creek is a west tributary to the Solomon River.  The mouth of Butte Creek is 2 miles upstream of East Fork.  Mining took place over the lower 0.3 miles of Butte Creek and about 0.5 miles of the South Fork tributary of Butte Creek.  This is locality", "quad_250": "SO", "quad_63360": null, "comm_main": "Au", "comm_other": null, "ore": "Gold", "gangue": null, "site_type": "Mine", "status": "Probably inactive", "production": "Yes; small", "dep_model": "Placer Au-PGE (Cox and Singer, 1986; model 39a).", "model_code": "39a", "alteration": null, "geol_desc": "The gravels in lower part of creek were thoroughly worked prior to 1907 (Smith, 1910).  Bench gravels on the west side of South Fork were productive.  The bench gravels were about 8 feet thick on schist bedrock; the surface of the bench was 20 to 25 feet", "work_expl": "Small-scale placer mining took place along this part of Butte Creek and its South Fork prior to 1907.", "comments": null, "expand_ref": "Cobb, E.H., 1972, Metallic mineral resources map of the Solomon quadrangle, Alaska:  U.S. Geological Survey Miscellaneous Field Studies Map MF-445, 1 sheet, scale 1:250,000.|Cobb, E.H., 1978, Summary of references to mineral occurrences (other than minera", "rept_names": "Travis L. Hudson (Applied Geology)", "rept_date": "8/19/1999", "age": "Quaternary.", "rept_aff": null, "prod_notes": null, "reserves": null, "prime_ref": "Smith, 1910", "latitude": 64.708264, "longitude": -164.334754, "datum": "WGS84", "source_datum": "NAD27 (EPSG:4267) reprojected to WGS84 (EPSG:4326)" }, "geometry": { "type": "Point", "coordinates": [ -164.334753938951366, 64.70826358421651 ] } },
{ "type": "Feature", "properties": { "ardf_num": "SO033", "mrds_num": "A012600", "site": "Fox Creek", "location": "Fox Creek is the first south tributary to Coal Creek.  The mouth of Fox Creek is 0.5 miles upstream from the confluence of Coal Creek and Solomon River.  This is locality 98 of Cobb (1972, MF 445; 1978, OF 78-181).", "quad_250": "SO", "quad_63360": "C-5", "comm_main": "Au", "comm_other": null, "ore": "Gold", "gangue": null, "site_type": "Mine", "status": "Inactive", "production": "Yes; small", "dep_model": "Placer Au-PGE (Cox and Singer, 1986; model 39a).", "model_code": "39a", "alteration": null, "geol_desc": "Small-scale placer mining was reported on this creek in 1907 and 1908 (Smith, 1908; 1910).  Bedrock in the area is part of a lower Paleozoic metasedimentary assemblage (Till and others, 1986).", "work_expl": "Small-scale placer mining took place locally along this creek in at least 1907 and 1908.", "comments": null, "expand_ref": "Cobb, E.H., 1972, Metallic mineral resources map of the Solomon quadrangle, Alaska:  U.S. Geological Survey Miscellaneous Field Studies Map MF-445, 1 sheet, scale 1:250,000.|Cobb, E.H., 1978, Summary of references to mineral occurrences (other than minera", "rept_names": "Travis L. Hudson (Applied Geology)", "rept_date": "8/19/1999", "age": "Quaternary.", "rept_aff": null, "prod_notes": null, "reserves": null, "prime_ref": "Smith, 1910", "latitude": 64.736265, "longitude": -164.298756, "datum": "WGS84", "source_datum": "NAD27 (EPSG:4267) reprojected to WGS84 (EPSG:4326)" }, "geometry": { "type": "Point", "coordinates": [ -164.298756369191295, 64.736264957570782 ] } },
{ "type": "Feature", "properties": { "ardf_num": "SO034", "mrds_num": "A012613", "site": "Beaver Creek", "location": "Beaver Creek is an east tributary to the Eldorado River.  Placer mining took place along 1.5 miles of the headwaters of the creek  between elevations of 225 and 390 feet.  This is locality 85 of Cobb (1972, MF 445; 1978, OF 78-181).", "quad_250": "SO", "quad_63360": "C-6", "comm_main": "Au", "comm_other": null, "ore": "Gold", "gangue": null, "site_type": "Mine", "status": "Inactive", "production": "Yes; small", "dep_model": "Placer Au-PGE (Cox and Singer, 1986; model 39a).", "model_code": "39a", "alteration": null, "geol_desc": "Placer mining took place along 1.5 miles of the drainage between 225 and 390 feet elevation. A dredge was moved into the area and operated in 1940 (Smith, 1942).  Mining may have continued for some time following WW II as the next stream to the north (Paj", "work_expl": "The main drainage has open-cut placer workings, at least in part the result of dredging in the 1940's over 1.5 miles of the creek between 225 and 390 feet elevation.", "comments": null, "expand_ref": "Cobb, E.H., 1972, Metallic mineral resources map of the Solomon quadrangle, Alaska:  U.S. Geological Survey Miscellaneous Field Studies Map MF-445, 1 sheet, scale 1:250,000.|Cobb, E.H., 1973, Placer deposits of Alaska: U.S. Geological Survey Bulletin 1374", "rept_names": "Travis L. Hudson (Applied Geology)", "rept_date": "8/19/1999", "age": "Quaternary; the deposit is at low enough elevations to have been influenced by Quaternary sea level changes.", "rept_aff": null, "prod_notes": null, "reserves": null, "prime_ref": "Smith, 1942", "latitude": 64.639253, "longitude": -164.812752, "datum": "WGS84", "source_datum": "NAD27 (EPSG:4267) reprojected to WGS84 (EPSG:4326)" }, "geometry": { "type": "Point", "coordinates": [ -164.812752373378544, 64.639252965481688 ] } },
{ "type": "Feature", "properties": { "ardf_num": "SO035", "mrds_num": "A012614", "site": "Pajara Creek", "location": "Pajara Creek is an east tributary to Eldorado River.  Placer mining took place along 2 miles of the drainage between 200 and 300 feet elevation.  These workings start  1 mile upstream of the confluence of Pajara Creek with Eldorado River.  This is localit", "quad_250": "SO", "quad_63360": "C-6", "comm_main": "Au", "comm_other": null, "ore": "Gold", "gangue": null, "site_type": "Mine", "status": "Inactive", "production": "Yes; small", "dep_model": "Placer Au-PGE (Cox and Singer, 1986; model 39a).", "model_code": "39a", "alteration": null, "geol_desc": "Placer mining took place along 2 miles of the creek between 200 and 300 feet elevation.  These workings start  1 mile upstream of the confluence with Eldorado River.  The placer mining apparently occurred in the late 1940's and included dredging (Hummel,", "work_expl": "Placer mining took place along 2 miles of the Pajara Creek between 200 and 300 feet elevation.  This mining apparently took place in the late 1940's and included dredging.", "comments": null, "expand_ref": "Cobb, E.H., 1972, Metallic mineral resources map of the Solomon quadrangle, Alaska:  U.S. Geological Survey Miscellaneous Field Studies Map MF-445, 1 sheet, scale 1:250,000.|Cobb, E.H., 1978, Summary of references to mineral occurrences (other than minera", "rept_names": "Travis L. Hudson (Applied Geology)", "rept_date": "8/19/1999", "age": "Quaternary; the deposit is at low enough elevations to have been influenced by Quaternary sea level changes.", "rept_aff": null, "prod_notes": null, "reserves": null, "prime_ref": "Cobb, 1978 (OF 78-181)", "latitude": 64.666253, "longitude": -164.840755, "datum": "WGS84", "source_datum": "NAD27 (EPSG:4267) reprojected to WGS84 (EPSG:4326)" }, "geometry": { "type": "Point", "coordinates": [ -164.840755421630945, 64.666253117769742 ] } },
{ "type": "Feature", "properties": { "ardf_num": "SO096", "mrds_num": "A012638", "site": "Ruby Creek", "location": "Ruby Creek is an east tributary to the Casadepaga River.  Its mouth is 0.9 miles downstream from the old town of Casdepaga and across the river from the mouth of Lower Willow Creek (SO091).  Sainsbury and others (1972) show placer tailings to be present o", "quad_250": "SO", "quad_63360": "D-5", "comm_main": "Au", "comm_other": null, "ore": "Gold", "gangue": "Garnet, magnetite", "site_type": "Mine", "status": "Probably inactive", "production": "Yes; small", "dep_model": "Placer Au-PGE (Cox and Singer, 1986; model 39a).", "model_code": "39a", "alteration": null, "geol_desc": "Ruby Creek was an important and heavily worked creek in the early history of the area (Brooks and others, 1901).  It is incised in its lower reaches and both the active channel and some bench placers have been mined.  Some of the gold was coarse (a 1/4 ou", "work_expl": "Almost all the creek gravels had been worked by 1907.  Sainsbury and others (1972, OFR 511) show placer tailings to be present over the lower 2 miles of Ruby Creek.", "comments": null, "expand_ref": "Brooks, A.H., Richardson, G.B., Collier, A.J., and W.C. Mendenhall, 1901, A reconnaissance in the Cape Nome and adjacent gold fields of Seward Peninsula, Alaska, in 1900:  U.S. Geological Survey Special Publication, p. 1-185, maps.|Cobb, E.H., 1972, Metal", "rept_names": "Travis L. Hudson (Applied Geology)", "rept_date": "8/19/1999", "age": "Quaternary; the numerous incised terraces along the Casadepaga River and its major tributaries indicate that more than one cycle of erosion and deposition has developed placer deposits in the area.  The low elevations between 170 and 270 feet along the fi", "rept_aff": null, "prod_notes": null, "reserves": null, "prime_ref": "Smith, 1910", "latitude": 64.798266, "longitude": -164.318763, "datum": "WGS84", "source_datum": "NAD27 (EPSG:4267) reprojected to WGS84 (EPSG:4326)" }, "geometry": { "type": "Point", "coordinates": [ -164.318762930815666, 64.798266149654779 ] } },
{ "type": "Feature", "properties": { "ardf_num": "SO097", "mrds_num": "A012652", "site": "Nugget Gulch", "location": "Nugget Gulch is a small headwater tributary to the Solomon River. Its mouth is at an elevation of about 490 feet, about 8 miles north of Quigleys Camp on the Solomon River.  It is locality 96 of Cobb (1972, MF 445; 1978, OF 78-181).", "quad_250": "SO", "quad_63360": "D-5", "comm_main": "Au", "comm_other": null, "ore": "Gold", "gangue": null, "site_type": "Prospect", "status": "Inactive", "production": "Undetermined.", "dep_model": "Placer Au-PGE (Cox and Singer, 1986; model 39a).", "model_code": "39a", "alteration": null, "geol_desc": "There is one early report that prospecting  for placer gold occurred on Nugget Gulch (Smith, 1909).", "work_expl": "Some surface prospecting has occurred on this creek.", "comments": null, "expand_ref": "Cobb, E.H., 1972, Metallic mineral resources map of the Solomon quadrangle, Alaska:  U.S. Geological Survey Miscellaneous Field Studies Map MF-445, 1 sheet, scale 1:250,000.|Cobb, E.H., 1978, Summary of references to mineral occurrences (other than minera", "rept_names": "Travis L. Hudson (Applied Geology)", "rept_date": "8/19/1999", "age": "Quaternary.", "rept_aff": null, "prod_notes": null, "reserves": null, "prime_ref": "Smith, 1909", "latitude": 64.771266, "longitude": -164.28876, "datum": "WGS84", "source_datum": "NAD27 (EPSG:4267) reprojected to WGS84 (EPSG:4326)" }, "geometry": { "type": "Point", "coordinates": [ -164.288759821548922, 64.77126602567111 ] } },
{ "type": "Feature", "properties": { "ardf_num": "SO098", "mrds_num": "10308276", "site": "Casadepaga River", "location": "The Casadepaga River is a major west tributary to the Niukluk River.  This locality is at the old town of Casadepaga, where Sainsbury and others (1972, OFR 511) show placer tailings to be present.  This is about 1.7 miles downstream from locality 81 of Co", "quad_250": "SO", "quad_63360": "D-5", "comm_main": "Au", "comm_other": null, "ore": "Gold", "gangue": "Garnet, magnetite", "site_type": "Mine", "status": "Probably inactive", "production": "Yes; small", "dep_model": "Placer Au-PGE (Cox and Singer, 1986; model 39a).", "model_code": "39a", "alteration": null, "geol_desc": "The Casadepaga River is a major west tributary to the Niukluk River.   The first 11 miles upstream from the mouth varies from 170 to 270 feet in elevation.  The next 8 to 9 miles upstream gains another 150 feet of elevation.  The lower 11 miles of the riv", "work_expl": "Sainsbury and others (1972, OFR 511) show placer tailings along about 0.3 miles of the river channel at this location.", "comments": null, "expand_ref": "Cobb, E.H., 1972, Metallic mineral resources map of the Solomon quadrangle, Alaska:  U.S. Geological Survey Miscellaneous Field Studies Map MF-445, 1 sheet, scale 1:250,000.|Cobb, E.H., 1978, Summary of references to mineral occurrences (other than minera", "rept_names": "Travis L. Hudson (Applied Geology)", "rept_date": "8/19/1999", "age": "Quaternary; the numerous incised terraces along the Casadepaga River and its major tributaries indicate that more than one cycle of erosion and deposition has developed placer deposits in the area.  The low elevations between 170 and 270 feet along the fi", "rept_aff": null, "prod_notes": null, "reserves": null, "prime_ref": "Sainsbury and others, 1972", "latitude": 64.794265, "longitude": -164.349763, "datum": "WGS84", "source_datum": "NAD27 (EPSG:4267) reprojected to WGS84 (EPSG:4326)" }, "geometry": { "type": "Point", "coordinates": [ -164.349762881590436, 64.794265471881445 ] } },
{ "type": "Feature", "properties": { "ardf_num": "SO099", "mrds_num": "10308277", "site": "Moonlight Creek", "location": "Moonlight Creek is a small north tributary of the Casadepaga River.  Its mouth is at an elevation of 425 feet about 3.5 miles upstream from the old town of Casadepaga.  This is locality 80 of Cobb (1972, MF 445; 1978, OF 78-181).", "quad_250": "SO", "quad_63360": "D-5", "comm_main": "Au", "comm_other": null, "ore": "Gold", "gangue": null, "site_type": "Mine", "status": "Probably inactive", "production": "Yes; small", "dep_model": "Placer Au-PGE (Cox and Singer, 1986; model 39a).", "model_code": "39a", "alteration": null, "geol_desc": "Mertie (1918) reports that placer mining took place along this creek in 1916.  Moonlight Creek flows close to the contact of pelitic schist of possible Cambrian or Precambrian age to the east with a lower Paleozoic metasedimentary assemblage, that include", "work_expl": "Some small-scale mining is reported to have taken place in 1916 along this creek.", "comments": null, "expand_ref": "Cobb, E.H., 1972, Metallic mineral resources map of the Solomon quadrangle, Alaska:  U.S. Geological Survey Miscellaneous Field Studies Map MF-445, 1 sheet, scale 1:250,000.|Cobb, E.H., 1978, Summary of references to mineral occurrences (other than minera", "rept_names": "Travis L. Hudson (Applied Geology)", "rept_date": "8/19/1999", "age": "Quaternary; the numerous incised terraces along the Casadepaga River and its major tributaries indicate that more than one cycle of erosion and deposition has developed placer deposits in the area.  The low elevations between 170 and 270 feet along the fi", "rept_aff": null, "prod_notes": null, "reserves": null, "prime_ref": "Mertie, 1918", "latitude": 64.778263, "longitude": -164.454762, "datum": "WGS84", "source_datum": "NAD27 (EPSG:4267) reprojected to WGS84 (EPSG:4326)" }, "geometry": { "type": "Point", "coordinates": [ -164.454762458391457, 64.778263114281359 ] } },
{ "type": "Feature", "properties": { "ardf_num": "SO100", "mrds_num": "10308278", "site": "Moonlight Divide", "location": "The Moonlight Divide prospect is located on the ridge crest betweeen the headwaters of Moonlight Creek (SO099) and Ridgeway Creek (SO092) at about 1,400 feet elevation.  This is locality 14 of Cobb (1972, MF 445; 1978, OF 78-181).  Gamble (1988) shows two", "quad_250": "SO", "quad_63360": "D-5", "comm_main": "Cu", "comm_other": null, "ore": "Malachite", "gangue": "Quartz", "site_type": "Prospect", "status": "Inactive", "production": "None", "dep_model": "Copper-bearing mineralization in silica-rich zones at base of marble overlying metapelitic schist.", "model_code": null, "alteration": "Silicification?  The development of silica-rich rocks at or near the the base of Paleozoic marble overlying metapelitic rocks characterizes this type of copper occurrence.", "geol_desc": "This prospect is one of many occurrences of copper mineralization in silica-rich rocks near the regional contact between marble in a lower Paleozoic metasedimentary assemblage and pelitic schist of possible Cambrian or Precambrian age (Till and others, 19", "work_expl": "Some shallow prospect pits were dug and claims were staked  (Smith, 1908).", "comments": null, "expand_ref": "Cobb, E.H., 1972, Metallic mineral resources map of the Solomon quadrangle, Alaska:  U.S. Geological Survey Miscellaneous Field Studies Map MF-445, 1 sheet, scale 1:250,000.|Cobb, E.H., 1978, Summary of references to mineral occurrences (other than minera", "rept_names": "Travis L. Hudson (Applied Geology)", "rept_date": "8/19/1999", "age": "Unknown; if stratigraphic controls are important then it is probably Paleozoic in age.", "rept_aff": null, "prod_notes": null, "reserves": null, "prime_ref": "Smith, 1908", "latitude": 64.794264, "longitude": -164.450764, "datum": "WGS84", "source_datum": "NAD27 (EPSG:4267) reprojected to WGS84 (EPSG:4326)" }, "geometry": { "type": "Point", "coordinates": [ -164.450764049200615, 64.794263592519414 ] } },
{ "type": "Feature", "properties": { "ardf_num": "SO137", "mrds_num": "A012595", "site": "Solomon River", "location": "A 2,000 foot-long segment of the Solomon River has been placer mined from the mouth of Coal Creek downstream for 500 feet past the mouth of Johns Creek.  This is locality 97 of Cobb (1972, MF 445; 1978, OF 78-181).", "quad_250": "SO", "quad_63360": "C-5", "comm_main": "Au", "comm_other": null, "ore": "Gold", "gangue": null, "site_type": "Mine", "status": "Inactive", "production": "Yes; small", "dep_model": "Placer Au-PGE (Cox and Singer, 1986; model 39a).", "model_code": "39a", "alteration": null, "geol_desc": "Stream gravels about 4-feet thick in the flood plain of Solomon River were dredged between 1929 and 1932; the paystreak was up to 700-800 feet wide (Smith, 1933).  Bedrock in the area is part of a lower Paleozoic metasedimentary assemblage (Till and other", "work_expl": "Small-scale hydraulic and dredging operations took place along this segment of the Solomon river from 1929 to 1932.", "comments": null, "expand_ref": "Cobb, E.H., 1972, Metallic mineral resources map of the Solomon quadrangle, Alaska:  U.S. Geological Survey Miscellaneous Field Studies Map MF-445, 1 sheet, scale 1:250,000.|Cobb, E.H., 1978, Summary of references to mineral occurrences (other than minera", "rept_names": "Travis L. Hudson (Applied Geology)", "rept_date": "8/19/1999", "age": "Quaternary.", "rept_aff": null, "prod_notes": null, "reserves": null, "prime_ref": "Smith, 1933", "latitude": 64.737265, "longitude": -164.323757, "datum": "WGS84", "source_datum": "NAD27 (EPSG:4267) reprojected to WGS84 (EPSG:4326)" }, "geometry": { "type": "Point", "coordinates": [ -164.323756761285949, 64.737264517944823 ] } },
{ "type": "Feature", "properties": { "ardf_num": "SO141", "mrds_num": "A012601", "site": "Johns Creek", "location": "This occurrence is in bedrock near the mouth of Johns Creek.  Johns Creek is a west tributary to Solomon River; its mouth is 1,500 feet downstream from the mouth of Coal Creek.  This is locality 10 of Asher (1969, DGGS R33) who shows it to be on the north", "quad_250": "SO", "quad_63360": "C-5", "comm_main": "Au, Cu", "comm_other": null, "ore": "Chalcopyrite, pyrite", "gangue": "Quartz", "site_type": "Occurrence", "status": "Inactive", "production": "No", "dep_model": "Quartz lenses and stringers along fractures in schist.", "model_code": null, "alteration": null, "geol_desc": "The metasedimentary schist bedrock is highly fractured and jointed.  Quartz lenses and stringers containing pyrite and minor chalcopyrite fill fractures.  A sample from a 1- by 5-foot quartz lense contained 0.18 percent Cu and traces of Pb, Zn, and Au (As", "work_expl": "No workings are known.", "comments": null, "expand_ref": "Asher, R.R., 1969, Geologic and geochemical study, Solomon C-5 quadrangle, Seward Peninsula, Alaska:  Alaska Division of Mines and Geology Geologic Report 33, 64 p.|Cobb, E.H., 1972, Metallic mineral resources map of the Solomon quadrangle, Alaska:  U.S.", "rept_names": "Travis L. Hudson (Applied Geology)", "rept_date": "8/19/1999", "age": "Cretaceous or younger; the quartz veins apparently fill fractures that postdate mid-Cretaceous regional metamorphism.", "rept_aff": null, "prod_notes": null, "reserves": null, "prime_ref": "Asher, 1969 (DGGS R33)", "latitude": 64.738264, "longitude": -164.326757, "datum": "WGS84", "source_datum": "NAD27 (EPSG:4267) reprojected to WGS84 (EPSG:4326)" }, "geometry": { "type": "Point", "coordinates": [ -164.326756897925804, 64.738264487337574 ] } },
{ "type": "Feature", "properties": { "ardf_num": "SO144", "mrds_num": "A012594", "site": "Unnamed (near Big Hurrah Creek)", "location": "This prospect is on the south side of Big Hurrah Creek (SO022) about 0.2 miles upstream of the mouth of Linda Vista Creek, a south tributary.  This is locality 2 of Asher (1969, DGGS R33).", "quad_250": "SO", "quad_63360": "C-5", "comm_main": "Au", "comm_other": null, "ore": "Arsenpyrite, gold, marcasite (?), pyrite", "gangue": "Quartz", "site_type": "Prospect", "status": "Inactive", "production": "No", "dep_model": "Gold-quartz vein in metamorphic rocks; low sulfide-Au quartz vein (Cox and Singer, 1986; model 36a).", "model_code": "36a", "alteration": "Quartz veining in metamorphic rocks.", "geol_desc": "Two short adits explore quartz veins at this locality.  The lower adit is reported to have exposed a 7- to 8-foot-wide, vertical but faulted, quartz vein (Smith, 1910, p. 147).  The upper adit, a few hundred feet to the south of the lower one, is on a 1-f", "work_expl": "Two short adits explored quartz veins at this site.", "comments": null, "expand_ref": "Apodoca, L.E., 1994, Genesis of lode gold deposits of the Rock Creek area, Nome mining district, Seward Peninsula, Alaska:  Boulder, Colorado, University of Colorado, Ph.D. dissertation, 208 p.|Asher, R.R., 1969, Geologic and geochemical study, Solomon C-", "rept_names": "Travis L. Hudson (Applied Geology)", "rept_date": "8/19/1999", "age": "Mid-Cretaceous?; possibly same age as some other gold-quartz veins of southern Seward Peninsula.", "rept_aff": null, "prod_notes": null, "reserves": null, "prime_ref": "Asher, 1969 (DGGS R33)", "latitude": 64.651263, "longitude": -164.263747, "datum": "WGS84", "source_datum": "NAD27 (EPSG:4267) reprojected to WGS84 (EPSG:4326)" }, "geometry": { "type": "Point", "coordinates": [ -164.263747338856035, 64.651263474265008 ] } },
{ "type": "Feature", "properties": { "ardf_num": "SO145", "mrds_num": "A012605", "site": "Unnamed (in headwaters of Penny Creek)", "location": "This occurrence is on the low ridge, at about 650 feet elevation, between the headwaters of Penny Creek (SO018) and Minnesota Creek.  It is locality 11 of Asher (1969, DGGS R33).", "quad_250": "SO", "quad_63360": "C-5", "comm_main": "Au, Cu", "comm_other": null, "ore": "Malachite", "gangue": "Quartz", "site_type": "Prospect", "status": "Inactive", "production": "None", "dep_model": "Copper-bearing mineralization in silica-rich zones at or near base of marble.", "model_code": null, "alteration": "Silicification (?) and oxidation; the development of silica-rich rocks at or near the the base of Paleozoic marble overlying characterizes this type of copper occurrence.", "geol_desc": "This occurrence is one of several in the area where sparse disseminated copper minerals, mainly malachite, occur in silica-rich rocks along the contact between marble and schist.  Grab samples of these rocks contain 0.13 to 0.78 percent Cu but generally o", "work_expl": "No exploration or development work is reported for this occurrence.", "comments": null, "expand_ref": "Asher, R.R., 1969, Geologic and geochemical study, Solomon C-5 quadrangle, Seward Peninsula, Alaska:  Alaska Division of Mines and Geology Geologic Report 33, 64 p.|Gamble, B.M., 1988, Non-placer mineral occurrences in the Solomon, Bendeleben, and souther", "rept_names": "Travis L. Hudson (Applied Geology)", "rept_date": "8/19/1999", "age": "Unknown; if stratigraphic controls are important then it is probably Paleozoic in age.", "rept_aff": null, "prod_notes": null, "reserves": null, "prime_ref": "Asher, 1969 (DGGS R33)", "latitude": 64.676262, "longitude": -164.388751, "datum": "WGS84", "source_datum": "NAD27 (EPSG:4267) reprojected to WGS84 (EPSG:4326)" }, "geometry": { "type": "Point", "coordinates": [ -164.388751315344024, 64.676261777591506 ] } },
{ "type": "Feature", "properties": { "ardf_num": "SO148", "mrds_num": "10308297", "site": "Unnamed (in headwaters of Horton Creek)", "location": "This occurrence is at about 1,600 feet elevation on the ridge crest between the headwaters of Horton Creek and Coal Creek.  It is locality 98 of Gamble (1988).", "quad_250": "SO", "quad_63360": "C-5", "comm_main": "Ag, Cu", "comm_other": null, "ore": "Malachite", "gangue": null, "site_type": "Occurrence", "status": "Inactive", "production": "None", "dep_model": "Quartz-mica schist with malachite.", "model_code": null, "alteration": null, "geol_desc": "Gamble (1988) collected a sample of quartz-mica schist with malachite that contained 700 ppm Cu and 1.5 ppm Ag.  Bedrock here is part of a metavolcanic assemblage thought to be Ordovician in age (Till and others, 1986).", "work_expl": "None.", "comments": null, "expand_ref": "Gamble, B.M., 1988, Non-placer mineral occurrences in the Solomon, Bendeleben, and southern part of the Kotzebue quadrangles, western Alaska:  U.S. Geological Survey Miscellaneous Field Studies Map MF-1838-B, 13 p., 1 sheet, scale 1:250,000.|Till, A.B., D", "rept_names": "Travis L. Hudson (Applied Geology)", "rept_date": "8/19/1999", "age": null, "rept_aff": null, "prod_notes": null, "reserves": null, "prime_ref": "Gamble, 1988", "latitude": 64.73427, "longitude": -164.039753, "datum": "WGS84", "source_datum": "NAD27 (EPSG:4267) reprojected to WGS84 (EPSG:4326)" }, "geometry": { "type": "Point", "coordinates": [ -164.039753127812105, 64.734269719544685 ] } },
{ "type": "Feature", "properties": { "ardf_num": "SO149", "mrds_num": "10308298", "site": "Unnamed (in headwaters of Surprise Creek)", "location": "This occurrence is on the ridgecrest between the headwaters of Surprise Creek (a tributary to Big Four Creek) and Military Creek (a tributary to Birch Creek), at an elevation of 1,675 feet.  This is locality 97 of Gamble (1988).", "quad_250": "SO", "quad_63360": "D-5", "comm_main": "Cu", "comm_other": "Ag", "ore": "Chalcopyrite, malachite", "gangue": "Carbonate, chlorite", "site_type": "Occurrence", "status": "Inactive", "production": "None", "dep_model": "Chalcopyrite-bearing carbonate-chlorite schist; volcanogenic massive sulfide?; Kuroko massive sulfide (Cox and Singer, 1986; model 28a).", "model_code": "28a", "alteration": "Oxidized; iron-stained.", "geol_desc": "A sample of iron-stained carbonate-chorite schist contained 1 percent Cu, 5 ppm Ag, 200 ppm Zn, and 12 ppm Bi (Gamble, 1988).  Bedrock is part of a metavolcanic assemblage thought to be Ordovician in age (Till and others, 1986).", "work_expl": "No exploration work is reported for  this occurrence.", "comments": null, "expand_ref": "Gamble, B.M., 1988, Non-placer mineral occurrences in the Solomon, Bendeleben, and southern part of the Kotzebue quadrangles, western Alaska:  U.S. Geological Survey Miscellaneous Field Studies Map MF-1838-B, 13 p., 1 sheet, scale 1:250,000.|Till, A.B., D", "rept_names": "Travis L. Hudson (Applied Geology)", "rept_date": "8/19/1999", "age": null, "rept_aff": null, "prod_notes": null, "reserves": null, "prime_ref": "Gamble, 1988", "latitude": 64.79827, "longitude": -164.129761, "datum": "WGS84", "source_datum": "NAD27 (EPSG:4267) reprojected to WGS84 (EPSG:4326)" }, "geometry": { "type": "Point", "coordinates": [ -164.129760717562419, 64.798269663987469 ] } },
{ "type": "Feature", "properties": { "ardf_num": "SO153", "mrds_num": "10308302", "site": "Unnamed (Topnotch Creek)", "location": "This occurrence is located on the ridge between Topnotch and Lost Creeks, tributaries to Kasson Creek (SO028).  It is about 6 miles north of Lees Camp on the Solomon River.  This is locality 115 of Gamble (1988).", "quad_250": "SO", "quad_63360": "C-5", "comm_main": "Ag", "comm_other": null, "ore": "Pyrite", "gangue": "Quartz", "site_type": "Occurrence", "status": "Inactive", "production": "None", "dep_model": "Pyrite-bearing quartz-rich zone with Ag values in marble.", "model_code": null, "alteration": null, "geol_desc": "Quartzite or silicified marble layers in marble contain as much as 2 percent pyrite and 15 ppm Ag (Gamble, 1988).  The occurrence is within a lower Paleozoic metasedimentary assemblage but near a regional fault contact with metavolcanic rocks thought to b", "work_expl": "None.", "comments": null, "expand_ref": "Gamble, B.M., 1988, Non-placer mineral occurrences in the Solomon, Bendeleben, and southern part of the Kotzebue quadrangles, western Alaska:  U.S. Geological Survey Miscellaneous Field Studies Map MF-1838-B, 13 p., 1 sheet, scale 1:250,000.|Till, A.B., D", "rept_names": "Travis L. Hudson (Applied Geology)", "rept_date": "8/19/1999", "age": null, "rept_aff": null, "prod_notes": null, "reserves": null, "prime_ref": "Gamble, 1988", "latitude": 64.708262, "longitude": -164.399755, "datum": "WGS84", "source_datum": "NAD27 (EPSG:4267) reprojected to WGS84 (EPSG:4326)" }, "geometry": { "type": "Point", "coordinates": [ -164.399754689799096, 64.708262375734847 ] } },
{ "type": "Feature", "properties": { "ardf_num": "SO154", "mrds_num": "10308303", "site": "Unnamed (West Creek)", "location": "This prospect is located on the south side of West Creek  (SO029) about 1.8 miles upstream from the confluence with Shovel Creek (SO017).  It is just west of  the West Creek lode prospect (SO030).  This is locality 118 of Gamble (1988).", "quad_250": "SO", "quad_63360": "C-5", "comm_main": "Au", "comm_other": null, "ore": "Gold", "gangue": null, "site_type": "Prospect", "status": "Inactive", "production": "None", "dep_model": "Sulfide-bearing pelitic schist?", "model_code": null, "alteration": "Oxidation.", "geol_desc": "Gamble (1988) reports geochemical results for a sample of limonitic pelitic schist from a shaft dump; this sample contained 0.1 ppm Au and 100 ppm As.  Bedrock here is part of a lower Paleozoic metasedimentary assemblage (Till and others, 1986).", "work_expl": "A small shaft or adit was driven to explore the prospect.", "comments": null, "expand_ref": "Gamble, B.M., 1988, Non-placer mineral occurrences in the Solomon, Bendeleben, and southern part of the Kotzebue quadrangles, western Alaska:  U.S. Geological Survey Miscellaneous Field Studies Map MF-1838-B, 13 p., 1 sheet, scale 1:250,000.|Till, A.B., D", "rept_names": "Travis L. Hudson (Applied Geology)", "rept_date": "8/19/1999", "age": "Not known; Cretaceous?", "rept_aff": null, "prod_notes": null, "reserves": null, "prime_ref": null, "latitude": 64.67826, "longitude": -164.497753, "datum": "WGS84", "source_datum": "NAD27 (EPSG:4267) reprojected to WGS84 (EPSG:4326)" }, "geometry": { "type": "Point", "coordinates": [ -164.497752768849693, 64.678259801025675 ] } },
{ "type": "Feature", "properties": { "ardf_num": "SO155", "mrds_num": "10308304", "site": "Unnamed (at head of Willow Creek)", "location": "This occurrence is on the ridge crest between Willow and Johnson Creeks.  It is at an elevation of 1,250 feet and locality is 120 of Gamble (1988).", "quad_250": "SO", "quad_63360": "C-6", "comm_main": "Au, Cu", "comm_other": null, "ore": "Chalcopyrite", "gangue": null, "site_type": "Occurrence", "status": "Inactive", "production": "None", "dep_model": "Disseminated chalcopyrite in chlorite-actinolite schist.", "model_code": null, "alteration": "Oxidation; limonitic staining is noted here.", "geol_desc": "Limonitic chlorite-actinolite schist with disseminated chalcopyrite is reported to contain 0.05 ppm Au (Gamble, 1988).  Bedrock in the area is the Ordovican Casadepaga Schist, a mafic metavolcanic assemblage (Till and others, 1986).", "work_expl": "No known workings or exploration are known at this locality.", "comments": null, "expand_ref": "Gamble, B.M., 1988, Non-placer mineral occurrences in the Solomon, Bendeleben, and southern part of the Kotzebue quadrangles, western Alaska:  U.S. Geological Survey Miscellaneous Field Studies Map MF-1838-B, 13 p., 1 sheet, scale 1:250,000.|Till, A.B., D", "rept_names": "Travis L. Hudson (Applied Geology)", "rept_date": "8/19/1999", "age": null, "rept_aff": null, "prod_notes": null, "reserves": null, "prime_ref": "Gamble, 1988", "latitude": 64.723261, "longitude": -164.507757, "datum": "WGS84", "source_datum": "NAD27 (EPSG:4267) reprojected to WGS84 (EPSG:4326)" }, "geometry": { "type": "Point", "coordinates": [ -164.507757455549836, 64.723260743669243 ] } },
{ "type": "Feature", "properties": { "ardf_num": "SO156", "mrds_num": "10308305", "site": "Unnamed (at head of Johns Creek)", "location": "This occurrence is located on the ridge crest at the head of Johns Creek at about 1,050 feet elevation.  It is about 8 miles north-northwest of Lees Camp on the Solomon River and is locality 122 of Gamble (1988).", "quad_250": "SO", "quad_63360": "C-5", "comm_main": "Zn", "comm_other": null, "ore": "Pyrite", "gangue": "Mica, quartz", "site_type": "Occurrence", "status": "Inactive", "production": "None", "dep_model": "Pyritic micaceous quartzite or silicified marble with Zn values.", "model_code": null, "alteration": null, "geol_desc": "A sample of pyritic micaceous quartzite in marble (or silicified marble) contained 1,100 ppm Zn (Gamble, 1988).  Bedrock in the area is part of lower Paleozoic metasedimentary assemblage (Till and others, 1986).", "work_expl": "None.", "comments": null, "expand_ref": "Gamble, B.M., 1988, Non-placer mineral occurrences in the Solomon, Bendeleben, and southern part of the Kotzebue quadrangles, western Alaska:  U.S. Geological Survey Miscellaneous Field Studies Map MF-1838-B, 13 p., 1 sheet, scale 1:250,000.|Till, A.B., D", "rept_names": "Travis L. Hudson (Applied Geology)", "rept_date": "8/19/1999", "age": null, "rept_aff": null, "prod_notes": null, "reserves": null, "prime_ref": "Gamble, 1988", "latitude": 64.736263, "longitude": -164.428758, "datum": "WGS84", "source_datum": "NAD27 (EPSG:4267) reprojected to WGS84 (EPSG:4326)" }, "geometry": { "type": "Point", "coordinates": [ -164.428757872821365, 64.736262540094685 ] } },
{ "type": "Feature", "properties": { "ardf_num": "SO164", "mrds_num": "10308313", "site": "Unnamed (near Pajara Creek)", "location": "This occurrence is on the ridge crest between Pajara and Mulligan Creeks, east tributaries to the Eldorado River.  It is at an elevation of 1,375 feet and locality 119 of Gamble (1988).", "quad_250": "SO", "quad_63360": "C-6", "comm_main": "Cu", "comm_other": null, "ore": null, "gangue": null, "site_type": "Occurrence", "status": "Inactive", "production": "None", "dep_model": "Sulfides in silicified marble.", "model_code": null, "alteration": "Silicification of marble is indicated.", "geol_desc": "Hummel (1975) notes the presence of sulfides in silicified marble at this location.  Bedrock in the area is the Ordovican Casadepaga Schist, a mafic metavolcanic assemblage (Till and others, 1986).", "work_expl": "No known workings or exploration activities are recorded in the area.", "comments": null, "expand_ref": "Gamble, B.M., 1988, Non-placer mineral occurrences in the Solomon, Bendeleben, and southern part of the Kotzebue quadrangles, western Alaska:  U.S. Geological Survey Miscellaneous Field Studies Map MF-1838-B, 13 p., 1 sheet, scale 1:250,000.|Hummel, C.L.,", "rept_names": "Travis L. Hudson (Applied Geology)", "rept_date": "8/19/1999", "age": null, "rept_aff": null, "prod_notes": null, "reserves": null, "prime_ref": "Hummel, 1975", "latitude": 64.694254, "longitude": -164.837758, "datum": "WGS84", "source_datum": "NAD27 (EPSG:4267) reprojected to WGS84 (EPSG:4326)" }, "geometry": { "type": "Point", "coordinates": [ -164.837758232350552, 64.694253873495029 ] } },
{ "type": "Feature", "properties": { "ardf_num": "SO166", "mrds_num": "10308315", "site": "Jerome Creek", "location": "Jerome Creek is an eastern tributary to the lower Solomon River.  Its mouth is 4 miles upstream from Solomon.  This location was included as part of locality 101 of Cobb (1972, MF 445; 1978, OF 78-181).", "quad_250": "SO", "quad_63360": "C-5", "comm_main": "Au", "comm_other": null, "ore": "Gold", "gangue": null, "site_type": "Mine", "status": "Probably inactive", "production": "Yes; small", "dep_model": "Placer Au-PGE (Cox and Singer, 1986; model 39a); possibly reworked coastal plain deposits.", "model_code": "39a", "alteration": null, "geol_desc": "Gold was discovered and some developments took place on Jerome Creek as early as 1900 (Brooks and others, 1901). Both fine and coarse gold were found in irregularly distributed pay (Smith, 1910).  At least part of the mining was near the mouth of the cree", "work_expl": "Prospecting pits and some open-cut placer workings are present on this creek.  The workings prior to 1907 were on the lower part of the creek near the mouth.  The Solomon River (SO015) at the mouth of Jerome Creek has been extensively dredged.", "comments": null, "expand_ref": "Brooks, A.H., Richardson, G.B., Collier, A.J., and W.C. Mendenhall, 1901, A reconnaissance in the Cape Nome and adjacent gold fields of Seward Peninsula, Alaska, in 1900:  U.S. Geological Survey Special Publication, p. 1-185, maps.|Cobb, E.H., 1972, Metal", "rept_names": "Travis L. Hudson (Applied Geology)", "rept_date": "8/19/1999", "age": "Quaternary; the location and elevation of less than 150 feet indicate  that this area was influenced by Quaternary sea level fluctuations.", "rept_aff": null, "prod_notes": null, "reserves": null, "prime_ref": "Smith, 1910", "latitude": 64.61226, "longitude": -164.400745, "datum": "WGS84", "source_datum": "NAD27 (EPSG:4267) reprojected to WGS84 (EPSG:4326)" }, "geometry": { "type": "Point", "coordinates": [ -164.400744983444724, 64.612259954622658 ] } },
{ "type": "Feature", "properties": { "ardf_num": "SO167", "mrds_num": "10308316", "site": "Moran Creek (Gulch)", "location": "Moran Creek is a small east tributary to the lower Solomon River.  This location on Moran Creek is 0.5 mile northeast of Lees Camp. It was included as part of locality 101 of Cobb (1972, MF 445; 1978, OF 78-181).", "quad_250": "SO", "quad_63360": "C-5", "comm_main": "Au", "comm_other": null, "ore": "Gold", "gangue": null, "site_type": "Mine", "status": "Active?", "production": "Yes; small", "dep_model": "Placer Au-PGE (Cox and Singer, 1986; model 39a); possibly reworked alluvial and coastal plain deposits by more than one cycle of deposition.", "model_code": "39a", "alteration": null, "geol_desc": "Early placer mining on Moran Creek (1908) was on gravel benches of the Solomon River (Smith, 1909) and the deposits may be reworked alluvial deposits.  This part of the Solomon River is at low enough elevations to have been affected by Quaternary sea leve", "work_expl": "Small scale open cut placer workings are present on this creek.", "comments": null, "expand_ref": "Cobb, E.H., 1972, Metallic mineral resources map of the Solomon quadrangle, Alaska:  U.S. Geological Survey Miscellaneous Field Studies Map MF-445, 1 sheet, scale 1:250,000.|Cobb, E.H., 1978, Summary of references to mineral occurrences (other than minera", "rept_names": "Travis L. Hudson (Applied Geology)", "rept_date": "8/19/1999", "age": "Quaternary; this part of the Solomon River is at low enough elevations to have been affected by Quaternary sea level fluctuations and the gold probably went through several cycles of erosion and redeposition.", "rept_aff": null, "prod_notes": null, "reserves": null, "prime_ref": "Smith, 1909", "latitude": 64.621261, "longitude": -164.375746, "datum": "WGS84", "source_datum": "NAD27 (EPSG:4267) reprojected to WGS84 (EPSG:4326)" }, "geometry": { "type": "Point", "coordinates": [ -164.375745603824896, 64.62126064369015 ] } },
{ "type": "Feature", "properties": { "ardf_num": "SO168", "mrds_num": "10308317", "site": "Quartz Creek (tributary to lower Solomon River)", "location": "This Quartz Creek is a south tributary to the lower Solomon River; its mouth is about 1,000 feet downstream from Quigleys Camp.  The headwaters of Quartz Creek are across a low divide from Uncle Sam Creek.  This was included as part of locality 101 of Cob", "quad_250": "SO", "quad_63360": "C-5", "comm_main": "Au", "comm_other": null, "ore": "Gold", "gangue": null, "site_type": "Mine", "status": "Active?", "production": "Yes; small", "dep_model": "Placer Au-PGE (Cox and Singer, 1986; model 39a); possibly reworked alluvial and coastal plain deposits.", "model_code": "39a", "alteration": null, "geol_desc": "The lower 1,000 feet of Quartz Creek flows across a bench along the south side of the Solomon River valley.  Placer mining along this part of the creek took place as early as 1906-07 (Smith, 1910). Subsequent mining may have also taken place in this area", "work_expl": "Early workings were probably by hand.", "comments": null, "expand_ref": "Cobb, E.H., 1972, Metallic mineral resources map of the Solomon quadrangle, Alaska:  U.S. Geological Survey Miscellaneous Field Studies Map MF-445, 1 sheet, scale 1:250,000.|Cobb, E.H., 1978, Summary of references to mineral occurrences (other than minera", "rept_names": "Travis L. Hudson (Applied Geology)", "rept_date": "8/19/1999", "age": "Quaternary; this part of the Solomon River is at low enough elevations to have been affected by Quaternary sea level fluctuations and the gold may have been through several cycles of erosion and redeposition.", "rept_aff": null, "prod_notes": null, "reserves": null, "prime_ref": "Smith, 1910", "latitude": 64.645262, "longitude": -164.330748, "datum": "WGS84", "source_datum": "NAD27 (EPSG:4267) reprojected to WGS84 (EPSG:4326)" }, "geometry": { "type": "Point", "coordinates": [ -164.330747508520034, 64.645262079446667 ] } },
{ "type": "Feature", "properties": { "ardf_num": "SO169", "mrds_num": "10308318", "site": "Puzzle Creek (Gulch)", "location": "Puzzle Creek is a 3,500-foot-long, north tributary to Mystery Creek (SO016). The mouth of Puzzle Creek is about a mile upstream of the confluence of Mystery Creek and Shovel Creek and about 2.5 miles-northwest of Lees Camp on the Solomon River.  It was in", "quad_250": "SO", "quad_63360": "C-5", "comm_main": "Au", "comm_other": null, "ore": "Gold", "gangue": null, "site_type": "Mine", "status": "Probably inactive", "production": "Yes; small", "dep_model": "Placer Au-PGE (Cox and Singer, 1986; model 39a).", "model_code": "39a", "alteration": null, "geol_desc": "Small-scale mining took place here in the early 1900's (Smith, 1910).  The area is one where both bench deposits and ancestral channels can be present (see Mystery Creek, SO016).  The gold recovered here was very coarse, some with attached quartz, and par", "work_expl": "Small-scale hand and hydraulic operations probably took place in the early 1900s.", "comments": null, "expand_ref": "Cobb, E.H., 1972, Metallic mineral resources map of the Solomon quadrangle, Alaska:  U.S. Geological Survey Miscellaneous Field Studies Map MF-445, 1 sheet, scale 1:250,000.|Cobb, E.H., 1978, Summary of references to mineral occurrences (other than minera", "rept_names": "Travis L. Hudson (Applied Geology)", "rept_date": "8/19/1999", "age": "Quaternary; the elevation (200 feet) of this area indicates it may have been  affected by Quaternary sea level fluctuations (see Problem Creek, SO170).", "rept_aff": null, "prod_notes": null, "reserves": null, "prime_ref": "Smith, 1910", "latitude": 64.64626, "longitude": -164.447749, "datum": "WGS84", "source_datum": "NAD27 (EPSG:4267) reprojected to WGS84 (EPSG:4326)" }, "geometry": { "type": "Point", "coordinates": [ -164.447748955885572, 64.646259930086387 ] } },
{ "type": "Feature", "properties": { "ardf_num": "SO170", "mrds_num": "10308319", "site": "Problem Creek (Gulch)", "location": "Problem Creek is a 3,000-foot-long west tributary to Mystery Creek (SO016).  The mouth of Problem Creek is about 1.7 miles upstream from the confluence of Mystery Creek and Shovel Creek (SO017) and about 2.8 miles north-northwest of Lees Camp on the Solom", "quad_250": "SO", "quad_63360": "C-5", "comm_main": "Au", "comm_other": null, "ore": "Gold", "gangue": null, "site_type": "Mine", "status": "Probably inactive", "production": "Yes; small", "dep_model": "Placer Au-PGE (Cox and Singer, 1986; model 39a).", "model_code": "39a", "alteration": null, "geol_desc": "Mining on the lower part of this creek started in 1900 (Brooks and others, 1901).  Thin gravels, 2- to 3-feet thick, overlie metasedimentary schist in the active drainage; bench deposits are present on both sides of the creek.  A 45-foot shaft on the sout", "work_expl": "Small-scale mining took place prior to WW I.  This was originally by hand but probably also by hdraulic methods.", "comments": null, "expand_ref": "Brooks, A.H., Richardson, G.B., Collier, A.J., and W.C. Mendenhall, 1901, A reconnaissance in the Cape Nome and adjacent gold fields of Seward Peninsula, Alaska, in 1900:  U.S. Geological Survey Special Publication, p. 1-185, maps.|Cobb, E.H., 1972, Metal", "rept_names": "Travis L. Hudson (Applied Geology)", "rept_date": "8/19/1999", "age": "Quaternary; the elevation (250 feet) of this area indicates it may have been  affected by Quaternary sea level fluctuations.", "rept_aff": null, "prod_notes": null, "reserves": null, "prime_ref": "Smith, 1910", "latitude": 64.64526, "longitude": -164.467749, "datum": "WGS84", "source_datum": "NAD27 (EPSG:4267) reprojected to WGS84 (EPSG:4326)" }, "geometry": { "type": "Point", "coordinates": [ -164.467749083737687, 64.645259533301626 ] } },
{ "type": "Feature", "properties": { "ardf_num": "SO171", "mrds_num": "10308320", "site": "Lion Creek", "location": "Lion Creek is a small headwater tributary of Big Hurrah Creek (SO022).  it is the upstream limit of placer minig in the Big Hurrah Creek drainage.  It is included in locality 100 of Cobb (1972, MF 445; 1978, OF 78-181).", "quad_250": "SO", "quad_63360": "C-5", "comm_main": "Au", "comm_other": null, "ore": "Gold", "gangue": null, "site_type": "Mine", "status": "Probably inactive", "production": "Yes; small", "dep_model": "Placer Au-PGE (Cox and Singer, 1986; model 39a).", "model_code": "39a", "alteration": null, "geol_desc": "Small-scale placer mining took place on Lion Creek prior to 1908.  Gold was present in 4 feet of gravel over bedrock and at least locally on benches to the active drainage (Collier and others, 1908).  The early mining recovered $1.70 to $2.00 per cubic ya", "work_expl": "Small -scale, probably mostly  hand operations, took place on the lower part of this creek prior to 1908.", "comments": null, "expand_ref": "Cobb, E.H., 1972, Metallic mineral resources map of the Solomon quadrangle, Alaska:  U.S. Geological Survey Miscellaneous Field Studies Map MF-445, 1 sheet, scale 1:250,000.|Cobb, E.H., 1978, Summary of references to mineral occurrences (other than minera", "rept_names": "Travis L. Hudson (Applied Geology)", "rept_date": "8/19/1999", "age": "Quaternary.", "rept_aff": null, "prod_notes": null, "reserves": null, "prime_ref": "Collier and others, 1908", "latitude": 64.640264, "longitude": -164.197745, "datum": "WGS84", "source_datum": "NAD27 (EPSG:4267) reprojected to WGS84 (EPSG:4326)" }, "geometry": { "type": "Point", "coordinates": [ -164.197745459286722, 64.640264424716605 ] } },
{ "type": "Feature", "properties": { "ardf_num": "SO172", "mrds_num": "10308321", "site": "Unnamed (north of Big Hurrah Creek)", "location": "This prospect is on the north side of Big Hurrah Creek (SO022) about one mile upstream from its mouth.  It is locality 3 of Asher (1969, DGGS R33).", "quad_250": "SO", "quad_63360": "C-5", "comm_main": "Au, Sb", "comm_other": null, "ore": "Gold, stibnite", "gangue": "Quartz", "site_type": "Prospect", "status": "Probably inactive", "production": "None", "dep_model": "Gold-quartz vein; low sulfide-Au quartz vein (Cox and Singer, 1986; model 36a) or quartz-stibnite vein in graphitic schist; simple Sb deposits (Cox and Singer, 1986; model 27d).", "model_code": "27d or 36a", "alteration": "Silicification.", "geol_desc": "A 10-foot-wide silicified and brecciated zone in very fine-grained graphitic schist contains disseminated sulfides, mostly pyrite.  However, along the footwall side, stibnite is disseminated and forms blades to 3 inches long (Asher, 1969, DGGS R33).  The", "work_expl": "The mineralization is exposed in outcrop.  A prospect trench exposes some mineralization upslope to the north.", "comments": null, "expand_ref": "Apodoca, L.E., 1994, Genesis of lode gold deposits of the Rock Creek area, Nome mining district, Seward Peninsula, Alaska:  Boulder, Colorado, University of Colorado, Ph.D. dissertation, 208 p.|Asher, R.R., 1969, Geologic and geochemical study, Solomon C-", "rept_names": "Travis L. Hudson (Applied Geology)", "rept_date": "8/19/1999", "age": "Mid-Cretaceous?", "rept_aff": null, "prod_notes": null, "reserves": null, "prime_ref": "Asher, 1969a", "latitude": 64.653263, "longitude": -164.280748, "datum": "WGS84", "source_datum": "NAD27 (EPSG:4267) reprojected to WGS84 (EPSG:4326)" }, "geometry": { "type": "Point", "coordinates": [ -164.280747738391881, 64.653263208534057 ] } }
]
}
