{
"type": "FeatureCollection",
"name": "contact_major_marble_3338",
"crs": { "type": "name", "properties": { "name": "urn:ogc:def:crs:EPSG::3338" } },
"features": [
{ "type": "Feature", "properties": { "contact_def": "major_marble" }, "geometry": { "type": "MultiLineString", "coordinates": [ [ [ -498333.195162031101063, 1672267.532707508653402 ], [ -498357.476210001390427, 1672321.647069084923714 ], [ -498371.538775463530328, 1672351.279040217632428 ], [ -498388.749992103024852, 1672422.787825893610716 ], [ -498419.993242055061273, 1672556.139973346143961 ], [ -498445.911647112341598, 1672630.518178176134825 ], [ -498469.885058141779155, 1672692.375229115365073 ], [ -498508.434215125860646, 1672791.840940203052014 ], [ -498568.434401512495242, 1672911.391616441542283 ], [ -498615.994711336446926, 1672987.336100902641192 ], [ -498694.904317498672754, 1673032.958308317931369 ], [ -498797.720041119377129, 1673088.187405777396634 ], [ -498880.343345123576, 1673113.843660535756499 ], [ -498989.013843941502273, 1673082.393919871654361 ], [ -499012.278783442801796, 1673040.245283033233136 ], [ -499026.201450841035694, 1672965.390198747860268 ], [ -499005.676989190571476, 1672909.957808915525675 ], [ -498930.211733791802544, 1672901.107436016434804 ], [ -498869.648218252987135, 1672895.027852368541062 ], [ -498827.108542941743508, 1672844.551652485039085 ], [ -498818.245686373207718, 1672746.619218432810158 ], [ -498865.213157945487183, 1672660.010399661259726 ], [ -498932.05815912008984, 1672610.441048641689122 ], [ -499062.183188966882881, 1672545.447874127188697 ], [ -499224.337328143476043, 1672480.74757471634075 ], [ -499333.936709284898825, 1672444.297857444733381 ], [ -499416.258416153024882, 1672451.942643702495843 ] ], [ [ -499359.602639699180145, 1672807.225276173092425 ], [ -498764.182615909492597, 1673426.731543560279533 ], [ -498708.532121143653058, 1673484.629516729619354 ], [ -498517.34171491174493, 1673655.641017652582377 ], [ -498183.382492119912058, 1673902.470405179541558 ], [ -498041.019202063849661, 1674020.922669066349044 ], [ -497864.923953448538668, 1674205.662407841533422 ], [ -497634.396839599474333, 1674432.236215678509325 ], [ -497422.362546345160808, 1674650.076480380492285 ], [ -497249.089969719701912, 1674669.539213455049321 ], [ -497027.05081790330587, 1674674.781097438419238 ], [ -496903.155159625981469, 1674682.021683759987354 ], [ -496800.561926937894896, 1674759.404862979892641 ], [ -496729.970152629772201, 1674868.979099700925872 ], [ -496622.895596779766493, 1674945.712077076314017 ], [ -496533.159858664148487, 1674980.594032824505121 ], [ -496414.552992522832938, 1675010.200457255356014 ], [ -496328.537954792613164, 1675030.363939597038552 ], [ -496267.703314647660591, 1675081.017113510053605 ], [ -496233.89701917761704, 1675152.18148283008486 ], [ -496193.308412690646946, 1675261.669036862207577 ], [ -496184.024072221305687, 1675364.907278045779094 ], [ -496153.661644789506681, 1675472.841238196240738 ], [ -496121.104979844181798, 1675564.883047537179664 ], [ -496096.912261067889631, 1675612.007450068602338 ] ], [ [ -498562.595117767632473, 1668541.772491792216897 ], [ -498538.500043916283175, 1668569.121186367701739 ], [ -498221.339315551042091, 1668892.294470256194472 ], [ -497854.524535628501326, 1669288.86092019546777 ], [ -497652.84773707902059, 1669571.511291158851236 ], [ -497284.501118146115914, 1670003.9282208585646 ], [ -496817.105387226794846, 1670443.747594745131209 ], [ -496495.75531107513234, 1670720.314344769576564 ] ], [ [ -496283.730787196720485, 1685216.842220144113526 ], [ -496300.096542134706397, 1685264.629215457011014 ], [ -496366.360829978366382, 1685458.082185885636136 ], [ -496457.434700988640543, 1685675.282334020594135 ], [ -497128.657892556453589, 1686813.986771013122052 ] ], [ [ -496213.82172338856617, 1675887.163401447236538 ], [ -496319.669457738113124, 1675757.545632035471499 ], [ -496389.646667247987352, 1675685.06781453313306 ], [ -496339.906702891224995, 1675853.301459658890963 ], [ -496324.448441979649942, 1675963.996570366201922 ], [ -496345.951264175062533, 1676097.049607113702223 ], [ -496360.167194963782094, 1676141.682231425773352 ], [ -496420.923699276754633, 1676301.972191860899329 ], [ -496476.889906406169757, 1676415.6171780731529 ], [ -496504.2932335853111, 1676544.595198893686756 ], [ -496520.737184200435877, 1676672.649158289888874 ], [ -496527.38333768513985, 1676724.403924259357154 ], [ -496539.935449773678556, 1676933.2201009739656 ], [ -496590.403909779619426, 1677058.371734706917778 ], [ -496708.096373680105899, 1677227.105841848067939 ], [ -496747.108312819735147, 1677269.386134692467749 ], [ -496791.277504367288202, 1677317.255520873935893 ], [ -496900.722080435836688, 1677415.773744884179905 ], [ -496939.751114596321713, 1677431.029944436158985 ], [ -497030.719113880943041, 1677466.58849477279 ], [ -497149.846699322166387, 1677497.45006636576727 ], [ -497215.751193732838146, 1677528.452497409423813 ], [ -497268.883868500997778, 1677574.451628541573882 ], [ -497276.691656913084444, 1677643.009646375896409 ], [ -497272.701182438642718, 1677719.706216792808846 ], [ -497235.505945975950453, 1677836.689024257240817 ], [ -497179.087445171782747, 1678001.728948193369433 ], [ -497134.742025256040506, 1678101.907909387024119 ], [ -497113.056778447469696, 1678190.797106597339734 ], [ -497125.235804791562259, 1678291.144496050197631 ], [ -497159.744721486174967, 1678354.33470137999393 ], [ -497211.95014239376178, 1678405.322133261943236 ], [ -497257.327655327797402, 1678465.372092485893518 ], [ -497317.94031355791958, 1678554.050732624018565 ], [ -497340.659433050139342, 1678625.380641034105793 ], [ -497345.675607808982022, 1678708.902028731070459 ], [ -497355.339716654329095, 1678767.481789361918345 ], [ -497370.903812601114623, 1678821.987370642833412 ], [ -497357.909300159954, 1678891.846895133843645 ], [ -497279.377247401396744, 1678954.700811395887285 ], [ -497253.050978524144739, 1679068.541549778077751 ], [ -497194.293643743556459, 1678969.886160811875015 ], [ -497121.831983985845, 1678806.728279706789181 ], [ -497043.70901405334007, 1678646.340822070138529 ], [ -496820.517235788982362, 1678188.118357937550172 ], [ -496766.208112535299733, 1678756.200578975258395 ], [ -496792.694197894830722, 1678890.16441387985833 ], [ -496761.6856905388413, 1679149.932233405066654 ] ], [ [ -496391.781301256967708, 1680906.370550500927493 ], [ -496669.084581474133302, 1681350.161606485722587 ], [ -496775.408671756566036, 1681524.761619860772043 ], [ -496857.808558175049257, 1681689.751329261576757 ], [ -496898.218016023922246, 1681748.875022249529138 ], [ -496904.823314869019669, 1681879.146054860437289 ], [ -496871.348538493097294, 1681976.169457927811891 ], [ -496842.835924017126672, 1682074.115506302099675 ], [ -496824.266176584991626, 1682173.900074494769797 ], [ -496836.171480551885907, 1682330.970456819748506 ], [ -496828.895437829429284, 1682383.918241661740467 ], [ -496866.168899738637265, 1682642.433740730397403 ], [ -496870.706704938667826, 1682837.541616377886385 ], [ -496815.363184788322542, 1683119.705963871674612 ], [ -496739.744353505724575, 1683259.062984200427309 ] ], [ [ -496453.570991223677993, 1683656.528441280825064 ], [ -496206.006242452014703, 1683868.496701566735283 ], [ -496198.391671010467689, 1683875.016377992462367 ], [ -496131.185010294255335, 1683960.823718168074265 ], [ -496203.93173017911613, 1684197.358517777640373 ], [ -496187.750619080557954, 1684456.479282248299569 ], [ -496186.380323393561412, 1684478.423610393190756 ], [ -496094.623494400118943, 1684664.723170144716278 ], [ -496168.964814600243699, 1684881.770022422308102 ] ], [ [ -496286.60260826634476, 1692005.977333514485508 ], [ -496231.416230729606468, 1691928.855842666700482 ], [ -496165.292801292205695, 1691782.067901118425652 ], [ -496129.899038267263677, 1691632.942743313964456 ], [ -496112.973294808180071, 1691464.330960230901837 ], [ -496098.30198375810869, 1691416.649802601430565 ], [ -496022.244148697704077, 1691328.452262178761885 ], [ -495839.396463197132107, 1691154.413240933557972 ], [ -495684.980135055724531, 1690994.777909851633012 ], [ -495665.16184709162917, 1690974.289712045574561 ], [ -495526.55454345518956, 1690807.713365720119327 ], [ -495421.165125014435034, 1690624.152475774288177 ], [ -495323.216137235052884, 1690396.644766987301409 ], [ -495226.438699551159516, 1690207.008609815500677 ], [ -495184.837081779318396, 1690094.494833439122885 ], [ -495191.203589034732431, 1689967.488972276449203 ], [ -495137.566148430341855, 1689702.262163192499429 ], [ -495193.283130708674435, 1689463.050815608585253 ], [ -495295.56257944914978, 1689307.046026507625356 ], [ -495357.330643841298297, 1689121.588537045754492 ], [ -495394.654421075654682, 1688856.659804053837433 ], [ -495359.26568831957411, 1688707.528076324611902 ], [ -495344.905834276694804, 1688479.069440641440451 ], [ -495253.881167007610202, 1688523.961749892681837 ], [ -495140.106211684993468, 1688210.892028791829944 ], [ -495052.100629942549858, 1687924.782392365159467 ], [ -494987.377084989915602, 1687680.271371337817982 ], [ -494982.875053618452512, 1687438.406107235234231 ], [ -494994.04722783935722, 1687372.491175434552133 ], [ -494936.545072503678966, 1687219.609080456430092 ], [ -494823.706111794221215, 1687079.993772964458913 ], [ -494769.772828984248918, 1686995.527492937399074 ], [ -494769.928236508218106, 1686905.14252508059144 ], [ -494788.47743885993259, 1686840.463414677185938 ], [ -494708.701788026839495, 1686774.237831448903307 ], [ -494668.348084792727605, 1686654.399114948697388 ], [ -494737.336039601708762, 1686560.576666397042572 ], [ -494768.221001568366773, 1686467.844496025703847 ], [ -494767.371060243342072, 1686249.199967202264816 ], [ -494819.285844653146341, 1686077.137989360839128 ], [ -494926.607339536771178, 1685846.633783833123744 ], [ -495009.257525403576437, 1685672.234892000677064 ], [ -495064.82164134568302, 1685523.396131585352123 ], [ -495079.018613388820086, 1685439.635644293390214 ], [ -495087.17019171139691, 1685391.542496029986069 ], [ -495087.326036602491513, 1685301.155475093517452 ], [ -495003.412939407047816, 1685042.492954255780205 ], [ -494952.845724863873329, 1684886.617388266138732 ], [ -494761.872696765640285, 1684447.460782953538001 ], [ -494641.674410320410971, 1684306.585513772210106 ], [ -494455.126631994673517, 1684154.49701832048595 ], [ -494425.717767492576968, 1684104.319531862391159 ], [ -494513.645768627815414, 1683719.828907523537055 ], [ -494666.382686580356676, 1682818.837892435258254 ], [ -494707.062188822310418, 1682042.064038742566481 ], [ -494712.495435169956181, 1681807.657484131166711 ] ], [ [ -495821.486749146890361, 1676180.35796206863597 ], [ -495956.73593698698096, 1676448.104645730461925 ], [ -496076.261552665382624, 1676692.231950955931097 ], [ -496247.160522175312508, 1677041.282935223542154 ], [ -496368.855548732040916, 1677289.834505256032571 ], [ -496407.48156952986028, 1677366.865777565166354 ], [ -496429.72307437483687, 1677296.910851249005646 ], [ -496428.893665803363547, 1677281.072979060234502 ], [ -496425.514994934492279, 1677216.556936112930998 ], [ -496374.537131220567971, 1677032.08553957589902 ], [ -496370.372609496349469, 1676932.714202266652137 ], [ -496336.142915370874107, 1676812.789804531494156 ], [ -496291.365119309572037, 1676721.881610804703087 ], [ -496281.123590248113032, 1676678.674071237677708 ], [ -496268.326045367168263, 1676624.683326946338639 ], [ -496246.342028691258747, 1676521.239100909326226 ], [ -496123.522089908248745, 1676356.371548985829577 ], [ -496067.925347331271041, 1676233.341773678781465 ], [ -496032.200471882242709, 1676099.345919647719711 ], [ -496000.515185541822575, 1676061.921574217965826 ] ], [ [ -495896.685140208748635, 1675223.79365453729406 ], [ -495939.636762215290219, 1675243.777603408088908 ], [ -495989.000560457061511, 1675218.618265307508409 ], [ -496016.621933382761199, 1675153.530338949058205 ], [ -496066.656959541491233, 1675091.640972446650267 ], [ -496116.051480708119925, 1675034.271090695867315 ], [ -496167.994582486338913, 1674991.076967597706243 ], [ -496239.16230059339432, 1674941.425095067825168 ], [ -496274.107988124713302, 1674880.872176499571651 ], [ -496339.912629235594068, 1674831.142968815751374 ], [ -496404.597048167779576, 1674808.601675492012873 ], [ -496455.892954159295186, 1674769.915591404773295 ], [ -496502.699820715351962, 1674730.57825235160999 ], [ -496541.040313516627066, 1674661.989653858589008 ], [ -496577.360550951678306, 1674632.59391874819994 ], [ -496726.059252810140606, 1674551.786821060581133 ], [ -496858.925615686341189, 1674473.206612793495879 ], [ -496956.729974223708268, 1674444.901818419108167 ], [ -497023.898694503703155, 1674413.917927274480462 ], [ -497109.120408946357202, 1674393.894426717422903 ], [ -497153.218254394480027, 1674373.435602538986132 ], [ -497177.790048402908724, 1674362.035763035528362 ], [ -497258.496206738695037, 1674315.076450329041108 ], [ -497301.313983087893575, 1674250.747987194219604 ], [ -497328.899577579053584, 1674157.779335350031033 ], [ -497326.991348417766858, 1674085.153379512252286 ], [ -497290.898929984716233, 1673975.201325387693942 ], [ -497248.054243002086878, 1673902.847787425620481 ], [ -497184.598031359550077, 1673930.588322922354564 ], [ -497067.769983209262136, 1674139.413398075848818 ], [ -496985.048470517096575, 1674205.831230284413323 ], [ -496908.831244314380456, 1674194.924529092852026 ], [ -496866.611086259421427, 1674138.25092079071328 ], [ -496809.635580631613266, 1674102.675500634824857 ], [ -496759.019702568068169, 1674098.443840586580336 ], [ -496698.094158140127547, 1674164.759905525716022 ], [ -496672.413918888603803, 1674216.324025074485689 ], [ -496638.92933894880116, 1674246.509883106686175 ], [ -496586.449316716229077, 1674252.254428368294612 ], [ -496535.580221382784657, 1674242.807654854375869 ], [ -496511.911129824351519, 1674238.412167639005929 ], [ -496426.831205687311012, 1674253.598457084968686 ], [ -496342.402621357934549, 1674320.520492209121585 ], [ -496211.392085211875383, 1674389.12217544275336 ], [ -496108.017492706829216, 1674447.368675198405981 ], [ -496004.964357886579819, 1674531.482184448745102 ], [ -495903.168906052887905, 1674636.475069828797132 ], [ -495744.661341619037557, 1674879.859983044909313 ] ], [ [ -495795.400531262159348, 1671431.153200152330101 ], [ -495759.451463618606795, 1671484.924750092439353 ], [ -495704.472752308123745, 1671533.020519175566733 ], [ -495655.436783832032233, 1671575.536998453084379 ], [ -495596.459318572189659, 1671616.214363876497373 ], [ -495521.043339012598153, 1671689.975972380954772 ], [ -495462.043215006124228, 1671808.701134050730616 ], [ -495460.764457295590546, 1671810.039115653373301 ], [ -495353.655218866711948, 1671922.110491505125538 ], [ -495200.997270740859676, 1671985.998269584262744 ], [ -495061.53647310094675, 1671978.977852447191253 ], [ -494950.755778290040325, 1671991.934674735646695 ], [ -494828.71061086334521, 1671984.758529468905181 ], [ -494661.94892358413199, 1671969.284503418952227 ], [ -494502.880218302190769, 1671947.915533395018429 ], [ -494416.80128843174316, 1671928.219134983373806 ], [ -494340.985571552126203, 1671878.665180713636801 ], [ -494267.608897339960095, 1671940.052529513370246 ], [ -494201.056234098854475, 1671992.050953975878656 ], [ -494108.945001068292186, 1672039.76452657696791 ], [ -493998.973497196740936, 1672037.117311942158267 ], [ -493906.410935407970101, 1671968.367924426449463 ], [ -493842.095325526082888, 1671899.635422264225781 ], [ -493773.409329852205701, 1671799.12007545446977 ], [ -493698.82536128902575, 1671702.668837933102623 ], [ -493660.890679737145547, 1671602.691579359583557 ], [ -493667.670578419114463, 1671511.022497422294691 ], [ -493630.937027010892052, 1671349.318124287761748 ], [ -493626.374087018193677, 1671334.400003958959132 ], [ -493595.779355778999161, 1671234.372008593985811 ], [ -493523.995910098776221, 1671122.957111657829955 ], [ -493455.726754698436707, 1671021.670399622060359 ], [ -493395.506775058223866, 1671026.857662768336013 ], [ -493351.892366444284562, 1671075.853274254593998 ], [ -493305.048890899459366, 1671147.402573182247579 ], [ -493270.969720670662355, 1671257.60074087115936 ], [ -493233.917782573204022, 1671176.788004794623703 ], [ -493303.267282573098782, 1671032.065560697112232 ], [ -493348.857662680908106, 1670937.322619106853381 ], [ -493359.191642286197748, 1670865.152885196963325 ], [ -493391.908974725170992, 1670828.404562692856416 ], [ -493422.036298980354331, 1670809.700058990856633 ], [ -493479.752349570160732, 1670835.95547562954016 ], [ -493565.532939327531494, 1670859.20305989892222 ], [ -493730.842893888417166, 1670907.971600639401004 ], [ -493764.20044022181537, 1670925.684644256252795 ], [ -493846.711077477782965, 1670969.497961318586022 ], [ -493919.95140569342766, 1671034.410296092974022 ], [ -494039.251022009877488, 1671075.466068269219249 ], [ -494131.261010115791578, 1671122.469286797335371 ], [ -494230.101373474753927, 1671160.094766339985654 ], [ -494301.659963967627846, 1671203.669147115433589 ], [ -494436.162881548108999, 1671373.585157485445961 ], [ -494459.441899278666824, 1671392.484391031321138 ], [ -494545.52348214876838, 1671462.37007558811456 ], [ -494662.318073421891313, 1671525.358700008597225 ], [ -494726.913880879175849, 1671537.354328846558928 ], [ -494797.088647422206122, 1671519.407068716362119 ], [ -494888.343124558101408, 1671443.430569232441485 ], [ -494983.632638333539944, 1671373.356030943570659 ], [ -495063.09066937235184, 1671305.50825215363875 ], [ -495180.444894136744551, 1671255.022502770880237 ], [ -495228.219005454797298, 1671258.992258081911132 ], [ -495297.23724525939906, 1671286.350626483326778 ], [ -495349.390886669862084, 1671286.386629484826699 ], [ -495392.680533641367219, 1671312.872024608775973 ], [ -495431.017593045078684, 1671335.087291455594823 ], [ -495478.684638031932991, 1671395.710978027433157 ], [ -495533.158987099654041, 1671478.52086701663211 ], [ -495555.292755902861245, 1671503.286353225354105 ], [ -495602.177405441063456, 1671505.878763389308006 ], [ -495655.058788793277927, 1671472.642201292095706 ], [ -495713.398216192959808, 1671423.100593678886071 ], [ -495759.597171024826821, 1671356.059672763803974 ], [ -495717.593771830317564, 1671193.655125613557175 ], [ -495665.495083979738411, 1671284.923121694009751 ], [ -495604.916789632174186, 1671332.658652162412181 ], [ -495543.554149433970451, 1671322.372912250692025 ], [ -495474.568913841736503, 1671263.442376256687567 ], [ -495383.416922292730305, 1671211.318464305950329 ], [ -495235.974276111868676, 1671181.346911180298775 ], [ -495123.8769991058507, 1671172.23666226840578 ], [ -495005.602741545648314, 1671227.712752516847104 ], [ -494905.335291536350269, 1671296.86177749116905 ], [ -494819.977402467397042, 1671368.78364019584842 ], [ -494730.258628864365164, 1671408.913889268646017 ], [ -494657.908276282483712, 1671410.96103800740093 ], [ -494580.259178191132378, 1671386.214090749621391 ], [ -494463.01544300786918, 1671297.263115824200213 ], [ -494454.124341557966545, 1671290.517489440040663 ], [ -494380.974726700980682, 1671169.598579344339669 ], [ -494261.749914143001661, 1671065.399567722575739 ], [ -494144.376780449412763, 1671021.328733855159953 ], [ -494000.875752762891352, 1670963.704382577678189 ], [ -493879.112517910834868, 1670899.789576970273629 ], [ -493765.851110660936683, 1670825.207939718384296 ], [ -493737.149583359831013, 1670806.308205261826515 ], [ -493650.169293848681264, 1670748.853625847259536 ], [ -493494.946322500472888, 1670715.792069908697158 ], [ -493446.394648538669571, 1670691.86447764839977 ], [ -493393.543313696689438, 1670693.537986867828295 ], [ -493337.303085445892066, 1670684.110565665178001 ], [ -493304.867478280037176, 1670720.77422279282473 ], [ -493269.863961610826664, 1670772.806682056980208 ], [ -493253.595036912418436, 1670838.491935757221654 ], [ -493235.609038290742319, 1670914.422063830774277 ], [ -493232.141223787330091, 1670966.474266117438674 ], [ -493215.623068076791242, 1671039.880244850646704 ], [ -493195.470385103835724, 1671092.930392824113369 ], [ -493092.903780933178496, 1670898.344079429749399 ], [ -493014.104763895622455, 1671017.951290576485917 ], [ -492928.145409697259311, 1671120.731175865978003 ], [ -492774.856924346648157, 1671309.098584888270125 ], [ -492654.126362683949992, 1671405.419482877943665 ], [ -492569.386813742807135, 1671446.464792152866721 ], [ -492464.766549113206565, 1671483.832144282525405 ], [ -492370.688825490651652, 1671492.170245125889778 ], [ -492263.884074965666514, 1671513.645924495765939 ], [ -492209.554114959493745, 1671529.367650514468551 ], [ -492185.361164678877685, 1671576.493724347092211 ], [ -492151.553874982520938, 1671647.659563998458907 ], [ -492140.410418290586676, 1671707.546565728727728 ], [ -492165.896008462877944, 1671763.903789073461667 ], [ -492232.385865610907786, 1671848.525352646363899 ], [ -492289.263223999761976, 1671957.176751140737906 ], [ -492334.634660750394687, 1672017.232943834969774 ], [ -492411.666065119963605, 1672072.835058056283742 ], [ -492441.595167029183358, 1672104.571180224884301 ], [ -492506.108091967413202, 1672172.978928831405938 ], [ -492611.101200996665284, 1672244.095209350343794 ], [ -492664.539170655305497, 1672315.974794801557437 ], [ -492690.033856352732982, 1672372.333020913647488 ], [ -492695.36730217456352, 1672481.738803672604263 ], [ -492707.20861243410036, 1672556.213638009969145 ], [ -492722.351763497688808, 1672615.287249949527904 ], [ -492728.052129597286694, 1672637.524643826764077 ], [ -492770.031600715010427, 1672743.403198419837281 ], [ -492774.719149629585445, 1672801.062386755598709 ], [ -492766.681359395966865, 1672871.849218665855005 ], [ -492792.450309400330298, 1672871.47112591098994 ], [ -492938.677710772957653, 1672831.510321775916964 ], [ -493049.197024161869194, 1672790.078855495201424 ], [ -493249.152891059929971, 1672765.262861330760643 ], [ -493421.485477813577745, 1672750.805377973010764 ], [ -493585.134685154189356, 1672755.380479201907292 ], [ -493674.582782245823182, 1672771.989793189102784 ], [ -493780.517143081058748, 1672838.130266282474622 ], [ -493875.295077714370564, 1672964.144510548794642 ], [ -493977.236929423990659, 1673106.975256426259875 ], [ -494084.190078332379926, 1673333.332949285395443 ], [ -494250.218199660535902, 1673684.242181716486812 ], [ -494368.453890183591284, 1673546.16790707805194 ], [ -494402.089914033887908, 1673500.71705895406194 ] ], [ [ -494703.713803685619496, 1673871.706750199431553 ], [ -494826.441560098377522, 1673999.227001624181867 ], [ -494959.882169149117544, 1674213.176831480115652 ], [ -495052.773404802195728, 1674405.585485472111031 ], [ -495167.918493409117218, 1674830.359128938987851 ], [ -495306.119408542814199, 1675221.736387708224356 ], [ -495418.526740991510451, 1675362.164751922944561 ] ], [ [ -494867.90397438587388, 1667959.668591323541477 ], [ -494556.732051289756782, 1668170.571728002512828 ], [ -494261.840528422442731, 1668373.96287434338592 ], [ -494036.802619939786382, 1668533.525259439600632 ], [ -494027.884056615992449, 1668691.915475742192939 ], [ -494015.892114027752541, 1668987.990393050247803 ], [ -494015.015680145588703, 1669009.629119593882933 ], [ -493991.233914956625085, 1669247.863047435646877 ], [ -493988.815241428965237, 1669371.317804496735334 ], [ -494035.767881218984257, 1669478.137227231170982 ], [ -494105.69847318745451, 1669599.544799220515415 ], [ -494180.280308418092318, 1669695.998034731252119 ], [ -494290.292029999196529, 1669850.65978516661562 ], [ -494356.749490911606699, 1669962.80282167904079 ], [ -494403.744613649032544, 1670042.103958340361714 ], [ -494522.44166284869425, 1670177.723094345303252 ], [ -494590.477094675123226, 1670226.501240110490471 ], [ -494689.574079856451135, 1670301.694343470502645 ], [ -494795.178442261531018, 1670341.95505531760864 ], [ -494880.582777217612602, 1670352.649180913576856 ], [ -494947.682156341616064, 1670406.414697605650872 ], [ -495048.645854307105765, 1670471.620429786853492 ], [ -495095.872547852050047, 1670521.699286210583523 ], [ -495115.473646094789729, 1670582.124526714207605 ], [ -495099.682989662454929, 1670666.957300309091806 ], [ -495063.41050558805, 1670778.971088128164411 ], [ -495068.100307579850778, 1670836.632639249088243 ], [ -495089.238654008659068, 1670861.201287368545309 ], [ -495116.866045084083453, 1670850.84494576533325 ], [ -495140.131010799319483, 1670808.706608114996925 ], [ -495173.337231175566558, 1670768.407323175808415 ], [ -495252.68608664063504, 1670705.197933922288939 ], [ -495361.830880239722319, 1670681.392519216286018 ], [ -495463.213653537619393, 1670735.221606467617676 ], [ -495513.454303769220132, 1670780.487919129431248 ], [ -495574.572088839428034, 1670822.260246630758047 ], [ -495613.725586293556262, 1670860.503034277819097 ], [ -495505.751093256345484, 1670473.894752973457798 ], [ -495453.223665555240586, 1670397.031731123104692 ], [ -495409.989593329490162, 1670270.259028435684741 ], [ -495227.434458882955369, 1669787.195761318551376 ], [ -495150.825862207042519, 1669630.607870247215033 ], [ -495052.404423953266814, 1669429.433053367538378 ], [ -494963.153214495396242, 1669190.861342105781659 ], [ -495018.417104642314371, 1669170.139556781388819 ], [ -495126.758098258287646, 1669112.813856140710413 ], [ -495167.718595964717679, 1669058.470355081139132 ], [ -495248.103622879018076, 1668985.630428686738014 ], [ -495282.229565350280609, 1668940.33926695631817 ], [ -495290.594884558522608, 1668895.417939143721014 ], [ -495260.73431026795879, 1668807.273421849589795 ], [ -495187.409486242744606, 1668731.70172771345824 ], [ -495075.261455552652478, 1668643.756258471868932 ], [ -495026.169817160640378, 1668603.663429143140092 ], [ -495004.065858768415637, 1668501.465402847155929 ], [ -495018.00063082925044, 1668426.608394384849817 ], [ -495069.830313655023929, 1668369.114190182415769 ], [ -495175.386034832685255, 1668326.755228318972513 ], [ -495288.086712400836404, 1668301.221098152222112 ], [ -495162.585017314180732, 1668006.104671048931777 ] ], [ [ -494403.170887734275311, 1680632.829386621946469 ], [ -494393.904061332112178, 1680370.25451458292082 ], [ -494397.274911628570408, 1680352.141983897425234 ], [ -494418.047058568743523, 1680240.528398932889104 ], [ -494463.689338642463554, 1680176.732044675387442 ], [ -494493.551190215046518, 1680152.111822145758197 ], [ -494530.397424946946558, 1680106.523802723735571 ], [ -494538.751544294063933, 1680061.618391026509926 ], [ -494536.843338441336527, 1679988.998826335882768 ], [ -494538.648980066704098, 1679896.41567209456116 ], [ -494559.408011095132679, 1679812.51872987463139 ], [ -494606.249044102965854, 1679675.171867245109752 ], [ -494689.243056140025146, 1679598.765417847549543 ], [ -494693.290199411159847, 1679595.039431752869859 ], [ -494755.792507902660873, 1679561.594278646400198 ], [ -494878.765058808377944, 1679525.085222415393218 ], [ -494986.729038911638781, 1679513.271668565925211 ], [ -495067.795984203228727, 1679515.973304213955998 ], [ -495106.223222601925954, 1679432.662996128201485 ], [ -495133.645162305096164, 1679333.902170539600775 ], [ -495171.62100261967862, 1679253.234922151546925 ], [ -495190.670303361257538, 1679155.789514887612313 ], [ -495205.711928086297121, 1679098.469444317277521 ], [ -495223.908106649992988, 1678973.689306568587199 ], [ -495035.400484786310699, 1678636.177662804722786 ] ], [ [ -494378.247545003658161, 1677553.987398699158803 ], [ -494506.419024540809914, 1677417.759044344071299 ], [ -494512.172777250001673, 1677410.797616346506402 ], [ -494908.397242499049753, 1676931.405546410940588 ] ], [ [ -494829.466235456638969, 1675433.471706929849461 ], [ -494541.291755591402762, 1675462.553048790199682 ], [ -494501.314935453468934, 1675594.514729406684637 ], [ -494389.444039574009366, 1676002.220045984257013 ], [ -494267.032458036788739, 1676438.939948840532452 ], [ -494248.777289237128571, 1676496.851039960049093 ], [ -494191.704587955609895, 1676677.90278982417658 ], [ -494163.349196735362057, 1676890.718209005892277 ], [ -494176.01480089884717, 1677003.355404027504846 ], [ -494180.5800396023551, 1677110.04394928808324 ], [ -494183.499779703677632, 1677178.274830979760736 ], [ -494169.107052925333846, 1677324.150382509455085 ], [ -494172.049585823027883, 1677390.490056569920853 ], [ -494176.033433015458286, 1677480.306113916682079 ], [ -494184.244449182588141, 1677626.155283409403637 ], [ -494185.031766682281159, 1677824.575269930064678 ], [ -494038.354407528589945, 1677942.510896664811298 ], [ -493942.908884039148688, 1678180.378328989259899 ], [ -493864.794970521237701, 1678434.309947453439236 ], [ -493847.139704682689626, 1678600.956095753004774 ], [ -493844.414136899984442, 1678626.682878433261067 ], [ -493815.645238819415681, 1678829.093841860303655 ], [ -493777.299441583512817, 1678572.919767126441002 ], [ -493733.129147667263169, 1678451.15821001236327 ], [ -493704.143679572793189, 1678275.41785151953809 ], [ -493755.048535019217525, 1678222.922415811568499 ], [ -493810.266102466266602, 1678119.607289518229663 ], [ -493850.571042732044589, 1678013.528262521140277 ], [ -493880.615758747095242, 1677879.724280614871532 ], [ -493883.565083576482721, 1677852.41950717754662 ], [ -493894.828118682373315, 1677748.146260068984702 ], [ -493868.627583120309282, 1677557.438535379013047 ], [ -493927.331004766980186, 1677398.607954773586243 ], [ -493746.105905872245785, 1677276.57586096948944 ], [ -493693.254142363613937, 1677173.842102779308334 ], [ -493685.398982541868463, 1677022.684288504067808 ], [ -493706.431949986435939, 1676882.040823808172718 ], [ -493744.840494183881674, 1676703.328663568943739 ], [ -493902.814286003878806, 1676460.333308223169297 ], [ -493985.007677057001274, 1676308.360403563361615 ], [ -494016.967614150198642, 1676249.267344477120787 ], [ -493884.210656178067438, 1676174.828768664272502 ], [ -493805.831491591816302, 1676064.780199496308342 ], [ -493976.079549954214599, 1675514.21896716253832 ], [ -493196.391417150734924, 1675589.663687845459208 ], [ -493090.363569563080091, 1675358.32296580192633 ], [ -493298.885619261185639, 1675066.652967012720183 ], [ -493412.154898456763476, 1674927.649516822304577 ], [ -493529.416704626812134, 1674711.956432381179184 ], [ -493554.082185280392878, 1674672.656005805591121 ], [ -493726.739317772851791, 1674397.553080552956089 ], [ -493908.929040605667979, 1674161.652863254072145 ], [ -494031.623200361325871, 1673974.444270054576918 ], [ -494089.160914114967454, 1673886.651997812790796 ], [ -494179.169617252075113, 1673789.791298299795017 ], [ -494133.188564202690031, 1673760.602106869919226 ], [ -494084.982574227673467, 1673632.910075667547062 ], [ -494027.763360787299462, 1673498.389508243650198 ], [ -493933.906045919691678, 1673367.376263344893232 ], [ -493778.891372345213313, 1673261.157203204464167 ], [ -493572.64627823518822, 1673181.558641962474212 ], [ -493363.33638802805217, 1673173.661131493980065 ], [ -493184.174539681349415, 1673197.180824660463259 ], [ -492991.698227319866419, 1673264.689970457227901 ], [ -492918.744043459009845, 1673297.603763391729444 ], [ -492788.96218050038442, 1673304.482307308819145 ], [ -492595.230230918212328, 1673351.100200266577303 ], [ -492476.30715370591497, 1673354.83658125041984 ], [ -492376.000928524241317, 1673341.369582117535174 ], [ -492316.700292091118172, 1673356.1661822644528 ], [ -492301.426234476733953, 1673244.922891701105982 ], [ -492296.022339934133925, 1673135.141365030081943 ], [ -492278.592300251882989, 1672925.760951428674161 ], [ -492279.540913299948443, 1672900.546295345993713 ], [ -492283.800127626804169, 1672787.337582335574552 ], [ -492311.344605440157466, 1672611.766310168197379 ], [ -492331.788607657945249, 1672501.937287064734846 ], [ -492354.073039008886553, 1672382.221430042292923 ], [ -492359.210687881102785, 1672259.127421974204481 ], [ -492310.477107692684513, 1672146.971191918943077 ], [ -492247.701681550825015, 1672042.384566469816491 ], [ -492222.392856270947959, 1671995.319437572034076 ], [ -492167.514625081093982, 1671893.265840315725654 ], [ -492073.07203856552951, 1671793.131216328591108 ], [ -492005.371083268837538, 1671770.234036340843886 ], [ -491964.049216985527892, 1671716.092222841922194 ], [ -491969.576541533693671, 1671603.544291645288467 ], [ -491967.315135625889525, 1671422.425349265802652 ], [ -491941.502469951112289, 1671340.19856619136408 ], [ -491887.086044251162093, 1671190.700415953760967 ], [ -491870.888156591332518, 1671084.433376932283863 ], [ -491846.870738764002454, 1671042.735307390103117 ], [ -491824.270458578830585, 1671003.49748912313953 ], [ -491817.358483171497937, 1670847.330664161127061 ], [ -491799.258828911115415, 1670668.445572492200881 ], [ -491770.018874400353525, 1670549.427862050710246 ], [ -491699.122006845427677, 1670350.406580409267917 ], [ -491605.897355415334459, 1670188.534722440410405 ], [ -491477.402124361542519, 1670298.905978137627244 ], [ -491328.521088289970066, 1670385.726660357788205 ], [ -491147.130939121649135, 1670525.990734203718603 ], [ -491056.59549478784902, 1670563.160536840558052 ], [ -490913.782463621289935, 1670656.608705846127123 ], [ -490846.341722020239104, 1670698.07647144398652 ], [ -490619.845035929174628, 1670823.966463427757844 ], [ -490436.619916011230089, 1670909.896182444179431 ], [ -490426.484157465805765, 1670836.040415898198262 ], [ -490440.839516927371733, 1670694.743251804728061 ], [ -490473.224431144364644, 1670520.801675300113857 ], [ -490569.532658232317772, 1670484.702067802427337 ], [ -490731.447616590652615, 1670352.813237708061934 ], [ -490859.19307522138115, 1670209.941926236031577 ], [ -490920.028239793668035, 1670141.90304069314152 ], [ -491095.64744948950829, 1670000.559579107677564 ], [ -491224.704881554062013, 1669820.581172658130527 ], [ -491284.546210605069064, 1669723.722484146244824 ], [ -491342.179868471575901, 1669542.463178122183308 ], [ -491370.623028284637257, 1669421.780230147764087 ], [ -491362.266252305416856, 1669306.251612291671336 ], [ -491316.042182353674434, 1669201.695465040858835 ], [ -491224.708767760486808, 1669082.757029278902337 ], [ -491108.135271474951878, 1668971.123964881524444 ], [ -491054.355677896470297, 1668907.14846697403118 ], [ -491056.13342813361669, 1668865.48693296359852 ], [ -491062.584442566032521, 1668856.930698681157082 ], [ -491071.999842094490305, 1668844.442712841322646 ], [ -491109.873570245516021, 1668833.4812574358657 ], [ -491156.048831906402484, 1668842.055261127417907 ], [ -491213.776998678105883, 1668852.769217747962102 ], [ -491251.650597537169233, 1668841.807652760529891 ], [ -491255.972295674844645, 1668818.624965739436448 ], [ -491239.354265978327021, 1668779.541236491175368 ], [ -491135.404907826683484, 1668664.260637311497703 ], [ -490975.88437709439313, 1668526.653309920104221 ], [ -491034.974459367513191, 1668369.664819739758968 ], [ -491136.911532400583383, 1668046.671639035921544 ], [ -491188.726538149756379, 1667768.354935010196641 ], [ -491259.274547589360736, 1667421.535668004769832 ], [ -491271.191397231596056, 1667392.887781371129677 ] ], [ [ -492741.059148064407054, 1696770.812067044898868 ], [ -492790.339126279286575, 1696703.808581247925758 ], [ -492369.994865151646081, 1696677.963197157718241 ], [ -492262.112953179748729, 1696685.562905079452321 ], [ -492192.023435627808794, 1696519.818338865414262 ], [ -492224.378440551285166, 1696284.214966322761029 ], [ -492287.320035588229075, 1696136.65004382096231 ], [ -492387.044905538205057, 1696040.500097935087979 ], [ -492493.991691411007196, 1696035.978890663944185 ], [ -492587.439288672525436, 1696021.638191375881433 ], [ -492586.420387759979349, 1695893.396247573196888 ], [ -492603.73252358956961, 1695836.056018837494776 ], [ -492507.877349860442337, 1695819.85723276459612 ], [ -492360.569829620886594, 1695704.554050843464211 ], [ -492277.141888635582291, 1695615.112334820907563 ], [ -492295.837447968195193, 1695460.068304423475638 ], [ -492375.857336315559223, 1695390.73062056209892 ], [ -492412.948999656713568, 1695261.389717012410983 ], [ -492499.174018602236174, 1695155.428682312136516 ], [ -492514.071512810769491, 1695067.546459524426609 ], [ -492497.148899223131593, 1694898.943392622750252 ], [ -492501.39424695802154, 1694873.905087152728811 ], [ -492521.985207327292301, 1694752.463651635916904 ], [ -492565.288844026159495, 1694586.50933770602569 ], [ -492646.18526941142045, 1694518.713439938845113 ], [ -492662.531720044731628, 1694505.01416340097785 ], [ -492806.341412449488416, 1694506.711920396657661 ], [ -493060.510927216208074, 1694662.679926348151639 ], [ -493789.373956920113415, 1695418.683405684772879 ], [ -493866.294145172578283, 1695725.492953180801123 ], [ -493835.257557177799754, 1695908.584367931587622 ], [ -493881.752002553606872, 1696036.982103276532143 ], [ -494068.41500772384461, 1696143.864609039854258 ], [ -494197.331405985809397, 1696233.450872502755374 ], [ -494237.697104300372303, 1696353.27383298217319 ], [ -494246.008171924157068, 1696527.945776491658762 ], [ -494229.798822951619513, 1696668.341591373318806 ], [ -494173.073400336783379, 1696779.28691021958366 ], [ -494104.15434536972316, 1696827.906816559610888 ], [ -494032.75376110651996, 1696891.183696770807728 ], [ -494010.483551233191974, 1696977.817925674607977 ] ], [ [ -493083.557091867958661, 1667678.492609969805926 ], [ -493079.169762924429961, 1667741.31178142875433 ], [ -493078.610938082041685, 1667854.790561903500929 ], [ -493047.30641226231819, 1667967.732052797451615 ], [ -493018.790319815976545, 1668065.686175265116617 ], [ -492991.294576462125406, 1668121.031812931643799 ], [ -492969.474521025025751, 1668164.952975735766813 ], [ -492879.484519865363836, 1668261.825559806544334 ], [ -492858.426002926309593, 1668335.386421833653003 ], [ -492891.596244538319297, 1668388.325846425024793 ], [ -492930.749281690572388, 1668436.991432969691232 ], [ -492967.135508573614061, 1668453.644498114241287 ], [ -493028.573643699171953, 1668372.118529162602499 ], [ -493081.979651770729106, 1668310.175236302893609 ], [ -493185.890292195486836, 1668189.653263908345252 ], [ -493418.304552436224185, 1667907.542767676757649 ], [ -493550.196096521511208, 1667752.027214657049626 ] ], [ [ -491588.972678371879738, 1673839.216179156210274 ], [ -491596.365597761236131, 1673845.681088051758707 ], [ -491975.221900459728204, 1674184.690112761454657 ], [ -491872.531358259439003, 1674259.433656313689426 ], [ -491779.302824124344625, 1674330.842075824737549 ], [ -491597.185066202131566, 1674495.592097621643916 ], [ -491395.537587263213936, 1674720.077257469994947 ], [ -491236.826153533998877, 1674939.867850985145196 ], [ -491160.401486679096706, 1675056.636114505818114 ], [ -491093.391631576756481, 1675213.184397874865681 ], [ -491052.305418392643332, 1675366.093267882242799 ], [ -491042.191277571953833, 1675465.608792550629005 ], [ -491040.24349144398002, 1675634.241445212392136 ], [ -491069.014873327629175, 1675728.303386078914627 ], [ -491099.297805409238208, 1675814.197126597398892 ], [ -491174.203035541751888, 1675946.087876958074048 ], [ -491100.995225132093765, 1676004.372119699139148 ], [ -490967.420184430724476, 1676130.763504821574315 ], [ -490915.160203131905291, 1676012.349255438195542 ], [ -490867.818273169570602, 1675859.916583125945181 ], [ -490843.351395575213246, 1675697.368759880075231 ], [ -490837.726400971703697, 1675659.998568113427609 ], [ -490828.005459025152959, 1675531.446624245028943 ], [ -490850.540823873772752, 1675387.766227714251727 ], [ -490882.246157554152887, 1675262.689187356038019 ], [ -490951.5363710623933, 1675093.891272802138701 ], [ -490953.735362531035207, 1675090.17288470454514 ], [ -491019.070681834011339, 1674979.691370119340718 ], [ -491117.087913814175408, 1674837.351518399082124 ], [ -491264.888880321232136, 1674653.568499399116263 ], [ -491371.797647831437644, 1674508.649552717339247 ], [ -491478.967143684858456, 1674384.90915987547487 ], [ -491569.113213282718789, 1674262.230795186478645 ], [ -491394.104577272257302, 1674411.399908984778449 ], [ -491231.8220338075771, 1674605.175461994018406 ], [ -491088.849514752277173, 1674785.638353891437873 ], [ -490946.899055836722255, 1674983.186050317250192 ], [ -490892.475590533402283, 1675073.6996512953192 ], [ -490855.492538431368303, 1675135.207354198908433 ], [ -490801.941512317280285, 1675264.678145828889683 ], [ -490771.266956237202976, 1675406.841974634910002 ], [ -490763.964061987877358, 1675536.456475179642439 ], [ -490786.601963964989409, 1675685.928344479529187 ], [ -490792.272944891999941, 1675723.372402912238613 ], [ -490829.99721737235086, 1675950.067786185070872 ], [ -490878.867013955372386, 1676094.334995798533782 ], [ -490919.638465619587805, 1676194.162504217820242 ], [ -490865.348137159657199, 1676292.489743286510929 ] ], [ [ -490389.894729006045964, 1676391.702266972977668 ], [ -490415.662275298906025, 1676275.717522951075807 ], [ -490440.760328366537578, 1676097.463531390065327 ], [ -490473.445846613263711, 1675921.871402149787173 ], [ -490502.602860703656916, 1675787.865778618492186 ], [ -490512.454933179076761, 1675667.181960957124829 ], [ -490493.074222383089364, 1675545.289836773183197 ], [ -490481.335526159207802, 1675450.166921012103558 ], [ -490480.777178796997759, 1675340.217185971792787 ], [ -490504.867941199976485, 1675255.971793493954465 ], [ -490560.471030931628775, 1675160.684100237442181 ], [ -490561.544609453354497, 1675159.060891435714439 ], [ -490660.009381796699017, 1675010.179060502210632 ], [ -490735.911305554269347, 1674851.063128317240626 ], [ -490835.187901043216698, 1674679.377675276249647 ], [ -490874.663353227078915, 1674618.61717550479807 ], [ -490994.389565252757166, 1674434.333654347807169 ], [ -491128.966792961407918, 1674231.195000568404794 ], [ -491229.297702291514724, 1674144.205855796346441 ] ], [ [ -489300.805506375618279, 1680885.2653632464353 ], [ -489579.409822619403712, 1681242.490312490845099 ], [ -489442.623910871217959, 1681533.815683995839208 ], [ -489324.849303581111599, 1681877.949590957490727 ], [ -489199.399252006958704, 1682033.842197926482186 ], [ -489077.303275258163922, 1682111.587325699161738 ], [ -488982.562324961530976, 1682144.76417382596992 ], [ -488972.831392870109994, 1682202.149020658805966 ], [ -488987.109706655319314, 1682293.113812803523615 ], [ -488999.653247252688743, 1682452.665581526001915 ], [ -489016.963513967581093, 1682642.529333950020373 ], [ -488963.547348940686788, 1682768.77054292242974 ], [ -488869.485922040592413, 1682877.471871056826785 ], [ -488829.972319468273781, 1683102.851187527412549 ], [ -488714.851655983773526, 1683296.751718148589134 ], [ -488537.466016913647763, 1683386.18284129910171 ], [ -488376.721877212810796, 1683498.48176438594237 ], [ -488328.483788742858451, 1683549.356896251672879 ], [ -488191.994303111219779, 1683595.14150693337433 ], [ -488116.679702553024981, 1683732.742837665602565 ], [ -488108.656825748155825, 1683845.156646016286686 ], [ -488064.66123088094173, 1683946.119773421436548 ], [ -487989.962379424890969, 1684036.516399130923674 ], [ -487855.536307545437012, 1684160.236550056375563 ], [ -487805.251010002451949, 1684395.582794713787735 ], [ -487778.332434429321438, 1684599.734553480986506 ], [ -487515.298870789643843, 1684198.936893838690594 ], [ -487411.252142754616216, 1684053.44410462374799 ], [ -487260.271199361886829, 1684126.298110317438841 ], [ -486976.047811363649089, 1684225.80591753940098 ], [ -486791.323043162177783, 1684322.470802886644378 ], [ -486351.464738342911005, 1684405.499513737624511 ], [ -486117.098974924418144, 1684444.57090289122425 ], [ -486030.245682260661852, 1684547.940261563984677 ], [ -486017.271430323715322, 1684624.44993043364957 ], [ -486100.432319643499795, 1684776.260890996083617 ], [ -486113.087214276951272, 1684876.791139738168567 ], [ -486061.499996543861926, 1685005.797220435691997 ], [ -485953.769952895701863, 1685115.484317330177873 ], [ -485761.044012065220159, 1685200.951723677571863 ], [ -485658.18640445737401, 1685281.933001797413453 ], [ -485611.459834195091389, 1685382.251488012028858 ], [ -485550.349769697058946, 1685450.624810462351888 ], [ -485482.861986328032799, 1685498.246880577178672 ], [ -485392.986580525175668, 1685502.720441705081612 ], [ -485283.972184356825892, 1685444.92912110965699 ], [ -485158.948489246948157, 1685364.749053179984912 ], [ -484987.305835646111518, 1685325.870428964262828 ], [ -484900.789871645101812, 1685252.200590474531054 ], [ -484819.19018344063079, 1685124.869202671339735 ], [ -484681.575679617933929, 1684910.128222456201911 ], [ -484591.925682674278505, 1684796.57863422180526 ], [ -484578.500991019536741, 1684782.180006636073813 ], [ -484483.015280574385542, 1684679.767164091113955 ], [ -484492.759112596628256, 1684622.377271519741043 ], [ -484552.239212911692448, 1684563.572073377203196 ], [ -484645.362067705602385, 1684539.973844411317259 ], [ -484711.227164020878263, 1684501.921270718565211 ], [ -484780.33401109528495, 1684444.740947784390301 ], [ -484899.086438220343553, 1684445.154174904804677 ], [ -485109.333236188511364, 1684431.525764483725652 ], [ -485268.205948239716236, 1684428.878944166470319 ], [ -485432.062756323546637, 1684338.540707154665142 ], [ -485563.792479194584303, 1684262.432611939962953 ], [ -485640.797437453235034, 1684275.461111626354977 ], [ -485875.05739584955154, 1684295.398426234489307 ], [ -486075.679529070795979, 1684280.139771147863939 ], [ -486273.167119880265091, 1684224.991300028981641 ], [ -486348.657488950819243, 1684188.570710138883442 ], [ -486427.390835180704016, 1684133.012107181129977 ], [ -486506.017269774398301, 1684136.470705738058314 ], [ -486586.156727256020531, 1684189.387247238541022 ], [ -486695.391637096065097, 1684129.143939626170322 ], [ -487204.686998246645089, 1683811.887583284173161 ], [ -487230.64148785645375, 1683658.866809685481712 ], [ -487248.592158789280802, 1683494.64198656915687 ], [ -487244.057122647005599, 1683346.286932059796527 ], [ -487159.372083046066109, 1683145.033732700161636 ], [ -487178.838003125798423, 1683030.256907042814419 ], [ -487257.577991357888095, 1682974.697272566379979 ], [ -487498.428866991016548, 1682897.364158772397786 ], [ -487878.789960100664757, 1682873.142804797040299 ], [ -488114.884843876876403, 1682765.475954608758911 ], [ -488227.469874490168877, 1682627.092110718367621 ], [ -488256.559643532091286, 1682513.948169715469703 ], [ -488242.388317819684744, 1682363.964711791602895 ], [ -488213.841854418162256, 1682182.036570393946022 ], [ -488204.320903880347032, 1682121.392728017643094 ], [ -488369.793262592400424, 1682021.471033100271598 ], [ -488682.985078725731, 1681867.804141990840435 ], [ -488888.581928587169386, 1681764.828896471997723 ], [ -488957.790051824937109, 1681648.620051045902073 ], [ -489020.837957601412199, 1681393.630475368583575 ], [ -489066.059448909887578, 1681161.633570275269449 ], [ -489074.436981689650565, 1681092.079811877338216 ], [ -489042.427813896792941, 1680936.891549519263208 ], [ -488987.161154703528155, 1680871.437179459957406 ], [ -488922.671935835562181, 1680736.734093526145443 ], [ -488812.85365265031578, 1680634.322140622651204 ], [ -488610.771198236441705, 1680468.214834443293512 ], [ -488560.158737150486559, 1680425.722947595873848 ], [ -488461.935888666368555, 1680343.259128982201219 ], [ -488300.070772118051536, 1680320.080936498241499 ], [ -488236.740453254489694, 1680350.377923974068835 ], [ -488206.171655510843266, 1680324.016279809642583 ], [ -488220.719761186279356, 1680222.462370597058907 ], [ -488317.969637807400431, 1680055.813314151484519 ], [ -488358.876474378164858, 1679926.354788565076888 ] ], [ [ -488591.494812061777338, 1689880.51743875304237 ], [ -488721.080777734227013, 1690109.018926052842289 ], [ -488853.711002718831878, 1690436.419051641365513 ], [ -488730.133941098931246, 1691340.271253606071696 ], [ -488601.801153365115169, 1692213.783934991341084 ], [ -488200.301773792307358, 1692362.323378061177209 ], [ -488243.253134822531138, 1692598.747211110778153 ], [ -488246.397324477904476, 1692616.053923867177218 ], [ -488241.011416044668294, 1692939.776217282051221 ], [ -488202.617585678701289, 1693219.159722685581073 ], [ -488198.732595476321876, 1693247.430298113729805 ], [ -488254.146329528128263, 1693679.799871549708769 ], [ -488252.212988959043287, 1693866.384378663497046 ], [ -488147.038029543648008, 1694251.656391576863825 ], [ -488022.143845112645067, 1694386.81448909221217 ], [ -487808.012489411048591, 1694558.578207826474681 ], [ -487555.031807796563953, 1694766.023385672597215 ], [ -487551.094156101054978, 1694793.388727922923863 ], [ -487525.041876304254401, 1694974.445587092312053 ], [ -487541.587798966444097, 1695102.88879410806112 ], [ -487556.147394936939236, 1695190.424148039892316 ], [ -487571.05951744702179, 1695280.078473151428625 ], [ -487560.458367333456408, 1695407.488841925049201 ], [ -487492.322525188152213, 1695492.953775549540296 ], [ -487343.930404663668014, 1695575.722598250256851 ], [ -487196.414871061395388, 1695653.26178886834532 ], [ -487082.178995109337848, 1695821.089509788202122 ] ], [ [ -488107.754187101847492, 1691156.327340653166175 ], [ -488176.861566698062234, 1691099.158705168170854 ], [ -488305.570196887187194, 1690924.167601358145475 ], [ -488349.044481344462838, 1690842.979869864415377 ], [ -488394.147747142764274, 1690752.225311841582879 ], [ -488410.469322362623643, 1690597.584548851242289 ], [ -488413.505541928752791, 1690588.471042508492246 ], [ -488450.805806021962781, 1690476.510415340075269 ], [ -488431.76352700026473, 1690355.237942246720195 ], [ -488374.108975532872137, 1690286.459299197886139 ], [ -488263.352318911580369, 1690297.244426131481305 ], [ -488059.352323231869377, 1690337.385233484441414 ], [ -488048.224615003156941, 1690339.574841328430921 ], [ -487931.081751573132351, 1690329.598485700320452 ], [ -487809.187104829878081, 1690289.315071667311713 ], [ -487668.13366909371689, 1690186.758601367007941 ], [ -487554.350406395620666, 1690098.655304776271805 ] ], [ [ -485042.775664428714663, 1695474.021723875775933 ], [ -483786.677370856923517, 1693811.972293860279024 ], [ -484501.438743773032911, 1693533.143321268027648 ], [ -484800.397056608402636, 1693452.882762197870761 ], [ -485500.441897225857247, 1693207.896351952105761 ], [ -485857.363800157385413, 1693097.425906902179122 ], [ -485865.979507101292256, 1692584.637315017636865 ], [ -485969.346542884537484, 1692255.152974918019027 ], [ -486059.642055424512364, 1692154.1386797754094 ], [ -486166.484896273876075, 1692084.992532009491697 ], [ -486257.904563957825303, 1692020.502104259561747 ], [ -486282.91647494857898, 1691959.318862203508615 ], [ -486299.612224627751857, 1691903.993777306750417 ], [ -486292.737574406026397, 1691772.013198653934523 ], [ -486269.395304803969339, 1691564.557578980689868 ], [ -486261.476366074290127, 1691352.445380172226578 ], [ -486279.537776194338221, 1691202.86644383170642 ], [ -486333.071996797109023, 1691102.896924260538071 ], [ -486390.054349350044504, 1691068.925331786973402 ], [ -486463.644388959743083, 1691023.232865789439529 ], [ -486547.955742246296722, 1690957.538525697309524 ], [ -486625.221822315827012, 1690847.042405595304444 ], [ -486640.664809374546167, 1690834.451553704449907 ], [ -486795.026919116673525, 1690708.597965871915221 ], [ -486943.426427204511128, 1690610.132183112436906 ], [ -487073.990793909702916, 1690530.454631608678028 ], [ -487146.395290080923587, 1690491.825381548143923 ], [ -487165.43110637855716, 1690459.250825089635327 ], [ -487177.32046953443205, 1690438.90550099988468 ], [ -487221.342650648613926, 1690351.865328162908554 ], [ -487284.306066386692692, 1690282.568857152247801 ], [ -487355.510835210036021, 1690250.991070647491142 ], [ -487527.397937351663131, 1690272.796869550365955 ] ], [ [ -487351.816692929249257, 1689668.90817617950961 ], [ -487254.954657717200462, 1689463.552196800708771 ], [ -487117.991368109709583, 1689235.877281802240759 ], [ -487089.457711555471178, 1689188.445296998601407 ], [ -486915.803246619529091, 1688831.999905623495579 ], [ -486678.149490828276612, 1688464.737104234052822 ] ], [ [ -486121.162220543657895, 1695657.552270614309236 ], [ -486121.148840680369176, 1695657.517154831206426 ], [ -486071.988797882862855, 1695588.491232663858682 ], [ -486039.81078165397048, 1695491.589995876420289 ], [ -486039.916363323456608, 1695394.716920303413644 ], [ -486026.9195629665046, 1695311.794691744958982 ], [ -485982.212711485277396, 1695190.07034508138895 ], [ -485990.213777004566509, 1695027.218306469032541 ], [ -486093.693939158983994, 1694870.732770259492099 ], [ -486278.528154209081549, 1694747.194503703853115 ], [ -486463.360378911835141, 1694623.665486890589818 ], [ -486659.163277622836176, 1694492.308605335885659 ], [ -486834.764392858312931, 1694472.98726206435822 ], [ -487115.677760165068321, 1694466.264786155428737 ], [ -487340.775145127729047, 1694439.418484847526997 ], [ -487473.323039029957727, 1694322.962047518696636 ], [ -487491.950612463464495, 1694149.687380465678871 ], [ -487376.961601280665491, 1694066.083150858758017 ], [ -487274.079619280586485, 1694037.99663675413467 ], [ -487255.084985469235107, 1693927.856021096697077 ], [ -487291.938083660614211, 1693805.778899588389322 ], [ -487377.222393037576694, 1693706.217275638598949 ], [ -487575.407309594447725, 1693551.051693283719942 ], [ -487830.980946821393445, 1693372.15578679391183 ], [ -487903.725767663156148, 1693287.736460210289806 ], [ -487995.215590192936361, 1693181.563205619109794 ], [ -488070.759059502219316, 1693009.369341793935746 ], [ -488087.292663710424677, 1692736.714820692781359 ], [ -488058.248348181019537, 1692642.283949091099203 ], [ -487997.926286036614329, 1692446.159059160621837 ], [ -487860.214726599282585, 1692496.471614958019927 ], [ -487280.055735194822773, 1692708.42579330666922 ], [ -487270.577564716164488, 1692711.812537422869354 ], [ -486868.921791610133369, 1692855.329279535682872 ], [ -486968.699483624601271, 1693109.560761022381485 ], [ -487116.814593810762744, 1693301.895092529477552 ], [ -487138.523426165047567, 1693397.042940101586282 ], [ -486962.983078762481455, 1693577.540236291941255 ], [ -486760.50931376562221, 1693760.762104299385101 ], [ -486688.823617155489046, 1693899.455429535126314 ], [ -486638.07223116455134, 1694041.669357447186485 ], [ -486644.891754678916186, 1694193.538027677685022 ], [ -486444.235501125804149, 1694202.946060796501115 ], [ -486287.90719662461197, 1694266.367426238255575 ], [ -486042.449874550686218, 1694485.466004896908998 ], [ -485884.150798144983128, 1694681.051145000383258 ], [ -485716.854361866193358, 1694850.701063339598477 ], [ -485531.555696440627798, 1695056.535806442378089 ], [ -485437.533638599619735, 1695156.666265641339123 ], [ -485370.103695415542461, 1695270.913379431003705 ], [ -485429.400302711932454, 1695435.385338485939428 ], [ -485462.927965204871725, 1695545.527447466738522 ] ], [ [ -484688.023727238527499, 1685711.512601158581674 ], [ -484745.032801793771796, 1685759.211576965870336 ], [ -484647.445540449814871, 1685837.827399179106578 ], [ -484572.862153781810775, 1685893.702306201215833 ], [ -484475.943440696049947, 1685945.799317095894367 ], [ -484404.537548183172476, 1685960.348733070772141 ], [ -484362.961209724890068, 1685957.127371296752244 ], [ -484299.671917336352635, 1685946.418076507048681 ], [ -484241.283233454742003, 1685974.584635938284919 ], [ -484179.169780877185985, 1686002.126220926409587 ], [ -484120.81121316208737, 1686007.481668778695166 ], [ -484073.891887856472749, 1685992.158181224483997 ], [ -484048.245832973858342, 1685983.782422011252493 ], [ -484011.015017408004496, 1685977.48544156504795 ], [ -483956.969856166630052, 1686002.586153076030314 ], [ -483906.5656038998859, 1686073.970289180520922 ], [ -483856.112968121771701, 1686168.172216554637998 ], [ -483816.334485605882946, 1686199.49106726795435 ], [ -483756.098983139439952, 1686215.934215720975772 ], [ -483687.835178742941935, 1686211.998510492499918 ], [ -483591.668418016342912, 1686191.917236352106556 ], [ -483527.1696856074268, 1686165.787037580506876 ], [ -483467.611588580475654, 1686155.713111660676077 ], [ -483383.823336621222552, 1686152.956289254594594 ], [ -483352.203787154692691, 1686136.187294129747897 ], [ -483305.108341003768146, 1686097.779662155546248 ], [ -483216.430040833714884, 1686056.138413663953543 ], [ -483173.099963537300937, 1685995.536126636900008 ], [ -483154.610926547204144, 1685923.925060118781403 ], [ -483127.426149298204109, 1685858.443283593514934 ], [ -483089.707699500257149, 1685787.369340528734028 ], [ -483024.704222153581213, 1685696.469136911211535 ], [ -482972.131207827827893, 1685600.055868712486699 ], [ -482912.788464788289275, 1685475.865812664851546 ], [ -482871.966732221888378, 1685400.466223567258567 ], [ -482834.95929909584811, 1685280.05367200425826 ], [ -482806.517600702180061, 1685221.968983102589846 ], [ -482746.497890835686121, 1685124.295145618496463 ], [ -482667.825645793811418, 1685046.297482978086919 ], [ -482556.192028226039838, 1685004.586966925300658 ], [ -482482.991119556478225, 1684984.583298832876608 ], [ -482412.841767417790834, 1684991.742948568658903 ], [ -482277.484658960718662, 1685022.108753054635599 ], [ -482133.429988927207887, 1685058.613509292481467 ], [ -482080.070769269717857, 1685067.95931203966029 ], [ -482022.913479014765471, 1685077.970221247058362 ], [ -481947.832131079805549, 1685069.073755848687142 ], [ -481900.068234052450862, 1685057.183184106834233 ], [ -481826.078026540286373, 1685029.325986546929926 ], [ -481819.712997413007542, 1685074.935477750841528 ], [ -481826.94201098481426, 1685134.259557892102748 ], [ -481818.186316204839386, 1685225.262696969555691 ], [ -481838.778185448958538, 1685317.619432146660984 ], [ -481874.299473912804388, 1685354.137220875360072 ], [ -481855.379351522191428, 1685367.630526962224394 ], [ -481805.430819989007432, 1685350.91952973883599 ], [ -481755.058493054239079, 1685320.238651546649635 ], [ -481710.118360609805677, 1685257.132689480669796 ], [ -481692.744711981911678, 1685194.370220176875591 ], [ -481685.921230065869167, 1685169.720128196990117 ], [ -481693.256894657504745, 1685059.821915275417268 ], [ -481705.970862191054039, 1684967.504604020388797 ], [ -481689.611036643851548, 1684762.820396105991676 ], [ -481642.022258951328695, 1684659.642327108420432 ], [ -481559.082534728746396, 1684539.067649891367182 ], [ -481509.384312680107541, 1684436.752497798763216 ], [ -481757.964577781269327, 1684187.209414718439803 ], [ -481795.062604661099613, 1684247.762598698260263 ], [ -481856.464240136556327, 1684333.648508249083534 ], [ -481884.055632219300605, 1684394.949800228932872 ], [ -481933.14839191979263, 1684478.749466818291694 ], [ -481997.593150397588033, 1684584.025796463014558 ], [ -481964.671919730782975, 1684628.790853181155398 ], [ -481944.061664426641073, 1684675.631919207284227 ], [ -481946.959201380144805, 1684770.488484368659556 ], [ -481994.12019459734438, 1684791.053474667016417 ], [ -482034.169408903922886, 1684778.954836739460006 ], [ -482075.106721141957678, 1684836.215233221417293 ], [ -482129.456903237733059, 1684851.706862463615835 ], [ -482183.083962989621796, 1684857.804317784262821 ], [ -482197.238037761126179, 1684825.422201483743265 ], [ -482188.116319516673684, 1684767.26137394993566 ], [ -482147.248301925254054, 1684672.262439912185073 ], [ -482172.91090062999865, 1684670.309235255466774 ], [ -482225.114674819167703, 1684735.7705101093743 ], [ -482255.751004630816169, 1684816.452194762416184 ], [ -482277.328203232435044, 1684801.223265836481005 ], [ -482266.198314167675562, 1684717.555396331707016 ], [ -482207.830219790746924, 1684651.059625238878652 ], [ -482202.787467844435014, 1684606.163046345347539 ], [ -482244.836509863554966, 1684619.570025481283665 ], [ -482283.773899854568299, 1684651.32485267217271 ], [ -482339.166667758428957, 1684660.701187467202544 ], [ -482380.173066101036966, 1684680.223111072788015 ], [ -482441.046989809372462, 1684684.949053060030565 ], [ -482517.665724520222284, 1684690.897226604167372 ], [ -482625.408748983696569, 1684690.258730849716812 ], [ -482721.817923598864581, 1684719.14797909045592 ], [ -482742.290083980304189, 1684747.783649219200015 ], [ -482816.579354735848028, 1684824.143229850335047 ], [ -482900.191489368851762, 1684918.197755672270432 ], [ -482989.944877176429145, 1685043.727772449376062 ], [ -483046.870763919898309, 1685137.067834260873497 ], [ -483106.17099200253142, 1685284.087971346220002 ], [ -483141.929107934702188, 1685411.899392585037276 ], [ -483202.530040798999835, 1685528.691812664270401 ], [ -483284.926706561236642, 1685607.323270231485367 ], [ -483400.244411721942015, 1685672.486778852762654 ], [ -483519.954751446901355, 1685711.766415434656665 ], [ -483641.551774078805465, 1685739.949362529907376 ], [ -483796.068074347393122, 1685754.673979406012222 ], [ -483890.429853994748555, 1685740.20264730672352 ], [ -484026.375941292673815, 1685728.954234156524763 ], [ -484142.452046203019563, 1685721.960426660021767 ], [ -484246.688353362376802, 1685739.590482063824311 ], [ -484339.75218011479592, 1685755.335611833259463 ], [ -484436.588999583094846, 1685748.887421070365235 ], [ -484485.024200171174016, 1685734.247977819759399 ], [ -484549.652686652902048, 1685691.910359358647838 ], [ -484582.032484579889569, 1685636.503164361929521 ] ], [ [ -481395.708410319290124, 1698564.630711869336665 ], [ -481514.253619174531195, 1698467.693206956842914 ], [ -481588.27914347848855, 1698355.415001622866839 ], [ -481615.293554047762882, 1698196.187859948491678 ], [ -481606.544202002231032, 1698108.909570561023429 ], [ -481564.907688652805518, 1697991.947681553428993 ], [ -481553.362230182625353, 1697959.515097290277481 ], [ -481487.486118828528561, 1697792.369904780993238 ], [ -481473.679146014736034, 1697688.632111520972103 ], [ -481482.947827908559702, 1697583.23768733907491 ], [ -481490.576156050490681, 1697496.495472850510851 ], [ -481501.214512384147383, 1697248.696933461353183 ], [ -481466.988970834354404, 1697172.702559824800119 ], [ -481446.835327238368336, 1697060.088544792262837 ], [ -481387.131462008226663, 1696995.388738700887188 ], [ -481337.553373192436993, 1696963.598703299183398 ], [ -481280.879158364317846, 1696945.535161134554073 ], [ -481233.257122027920559, 1696930.356803139671683 ], [ -481131.442435319826473, 1696928.731575099052861 ], [ -481029.361349035636522, 1697067.46441744454205 ], [ -480950.366275553184096, 1697116.499316534493119 ], [ -480744.411806134739891, 1697103.790390040026978 ], [ -480732.754578275838867, 1697103.071067358599976 ], [ -480601.772869572683703, 1697041.909315365366638 ], [ -480487.262308351288084, 1697022.542363188229501 ], [ -480435.205110092356335, 1696959.124829133972526 ], [ -480440.433391652244609, 1696882.010549911297858 ], [ -480424.058396002219524, 1696793.440551150823012 ], [ -480449.787397366890218, 1696641.794542214600369 ], [ -480471.666473253979348, 1696512.892723484663293 ], [ -480473.124642644252162, 1696411.744697635993361 ], [ -480425.186495134374127, 1696185.222618251806125 ], [ -480434.362358654732816, 1696038.577578663127497 ], [ -480466.358713681343943, 1695942.583568159723654 ], [ -480601.374430003575981, 1695887.429384949617088 ], [ -480798.734897117770743, 1695835.017099764198065 ], [ -480985.986225067346822, 1695749.696470817318186 ], [ -481104.520597470749635, 1695652.753667123615742 ], [ -481190.039487463945989, 1695519.018526267027482 ], [ -481270.622338323970325, 1695714.75712480628863 ], [ -481290.135625258204527, 1695762.155299455160275 ], [ -481402.671578273875639, 1696087.901638553710654 ], [ -481421.790053614415228, 1696143.241322924150154 ], [ -481619.67468679783633, 1696504.327716298168525 ], [ -481795.18293074023677, 1696692.385972906835377 ], [ -482041.934513164509553, 1697073.625759767601267 ], [ -482166.400482293975074, 1697493.825710942270234 ], [ -482205.883414187759627, 1697627.472640097839758 ], [ -482322.766843834833708, 1697785.647731749806553 ], [ -482475.430442353943363, 1698070.537710447097197 ] ], [ [ -476843.762925938237458, 1694198.492447562050074 ], [ -476684.288738365808968, 1694397.704415627056733 ], [ -476829.150811980536673, 1694515.828104373533279 ], [ -476940.900348176946864, 1694643.943237513303757 ], [ -477033.517786643642467, 1694792.227774801431224 ], [ -477181.881865010247566, 1695074.745575567474589 ], [ -477205.179706974478904, 1695170.247740664985031 ], [ -477209.670281155733392, 1695188.655393495922908 ], [ -477192.842421858105808, 1695334.007081981282681 ], [ -477159.109323546872474, 1695671.508453670889139 ], [ -477166.469488736183848, 1695813.159192720428109 ], [ -477215.945550947100855, 1696001.001409553457052 ], [ -477333.22108747146558, 1696054.361033247085288 ], [ -477710.989028044627048, 1696210.363886856473982 ], [ -477885.210862462059595, 1696400.946589303668588 ], [ -477746.34958109841682, 1696748.164420858724043 ], [ -477730.212121574440971, 1696880.442521488526836 ], [ -477815.472598578257021, 1696980.960563243133947 ], [ -477957.203303734422661, 1697030.289796230383217 ], [ -477958.229111212363932, 1697031.217090613208711 ], [ -478056.969551572401542, 1697120.471767198527232 ], [ -478049.55979822127847, 1697259.70135082793422 ], [ -477968.6916854903684, 1697380.221568684559315 ], [ -477952.507318820280489, 1697556.136440076865256 ], [ -477948.579786989896093, 1697600.909090778091922 ], [ -477935.656789971864782, 1697748.228961552493274 ], [ -478424.02468106726883, 1697102.402097323909402 ], [ -478677.75747049076017, 1696856.745924967806786 ], [ -478846.229444809432607, 1696604.4469252708368 ], [ -478922.745581714028958, 1696523.797552714357153 ], [ -478972.522259083518293, 1696620.788038596278057 ], [ -479076.181706742674578, 1696822.768139322753996 ], [ -479183.992399732698686, 1697020.40701723145321 ], [ -479309.823682628630195, 1697111.908125361194834 ], [ -479353.004680246522184, 1697125.917438478209078 ], [ -479510.795348543208092, 1697177.109291991218925 ], [ -479715.623895844153594, 1697219.576700375881046 ], [ -479788.022239082027227, 1697302.018498605117202 ], [ -479822.066936413466465, 1697471.584649215452373 ], [ -479798.987142788246274, 1697561.282310670707375 ], [ -479703.43025287357159, 1697615.305527468910441 ], [ -479555.641772201342974, 1697699.502875909907743 ], [ -479359.555938422970939, 1697744.323364695301279 ], [ -479197.948483865184244, 1697724.769348155707121 ], [ -479052.901476309343707, 1697700.224562624935061 ], [ -478968.273013556259684, 1697786.911398876225576 ], [ -478948.334503039950505, 1697807.334780462784693 ], [ -478930.320960180019028, 1697913.481998283183202 ], [ -478939.066510878445115, 1698000.760254112072289 ], [ -478931.25826406723354, 1698093.040030365111306 ], [ -478880.128933636588044, 1698209.188526645069942 ], [ -478822.572143636236433, 1698363.237765074474737 ] ], [ [ -475526.649723115900997, 1694865.705905941314995 ], [ -475560.874800889578182, 1694756.930659459205344 ], [ -475585.167797989444807, 1694579.438751739216968 ], [ -475681.698022315918934, 1694397.569203739520162 ], [ -475712.195308547234163, 1694248.627332349540666 ], [ -475683.861852693720721, 1694089.809207421028987 ], [ -475710.81229527114192, 1693929.265311213675886 ], [ -475751.198273133311886, 1693721.464900510385633 ], [ -475763.223177139181644, 1693586.116941600805148 ], [ -475837.219840070931241, 1693466.487379197962582 ], [ -475984.82637981447624, 1693475.877499545924366 ], [ -476060.402195004280657, 1693536.011492712423205 ], [ -476171.621583629050292, 1693624.505852760747075 ], [ -476437.632435807376169, 1693793.743834267603233 ] ], [ [ -476139.371127742400859, 1697961.894962975522503 ], [ -476062.690391616954003, 1697861.755938515532762 ], [ -475984.280443046358414, 1697804.583330131368712 ], [ -475889.171869219746441, 1697552.040880613261834 ], [ -475858.99241739657009, 1697436.93209463940002 ], [ -475921.546610605437309, 1697326.394301692489535 ], [ -475919.092241937003564, 1697144.41952714161016 ], [ -475959.356398023432121, 1697035.637096614344046 ], [ -476006.72302895213943, 1696950.057639458682388 ], [ -476052.916573588561732, 1696921.563493618741632 ], [ -476104.884574816212989, 1696889.507259574485943 ], [ -476046.081398794834968, 1696846.620439701946452 ], [ -475927.537900699244346, 1696799.213105894159526 ], [ -475853.784666391904466, 1696745.397663617040962 ], [ -475809.535503418010194, 1696589.705742851598188 ], [ -475563.402010380348656, 1696189.244478228036314 ], [ -475396.647759583371226, 1695897.725660969503224 ], [ -475375.673097196500748, 1695861.057454864261672 ], [ -475393.861091850616504, 1695686.256324710557237 ], [ -475510.034317401295993, 1695485.676456657238305 ] ], [ [ -471173.637762056547217, 1659235.818089302629232 ], [ -471239.92973902344238, 1659456.755083852214739 ], [ -471342.139756540826056, 1659760.097923976834863 ], [ -471468.556553645874374, 1659907.529251918662339 ], [ -471778.158204283739906, 1660317.678961894242093 ], [ -471954.146926706715021, 1660557.996729308040813 ], [ -471989.924431953288149, 1660808.411096128867939 ], [ -471990.346447483694647, 1661149.135436526732519 ], [ -471942.079864140425343, 1661322.587268128758296 ], [ -471856.26344918156974, 1661394.393324262695387 ], [ -471723.227065112616401, 1661426.906373939011246 ], [ -471391.914157165621873, 1661087.900867016986012 ], [ -470978.176030454458669, 1660661.53630716400221 ], [ -470746.175335833104327, 1660369.927950956858695 ], [ -470674.899936591391452, 1660348.180706472601742 ], [ -470576.500699575815815, 1660226.406693243887275 ], [ -470338.782963869045489, 1660040.356992419110611 ], [ -470033.014904379553627, 1659811.776606297586113 ], [ -470040.676283448527101, 1659419.082773508038372 ], [ -469982.480150987335946, 1659175.818057434866205 ], [ -469932.355335595959332, 1658880.575258743716404 ], [ -469877.644192346953787, 1658788.191478252178058 ] ], [ [ -469388.897967193566728, 1701601.411573820281774 ], [ -469569.655401999538299, 1701509.4840289845597 ], [ -469739.098629841639195, 1701425.057518511079252 ], [ -469858.250802036840469, 1701400.422488934826106 ], [ -470001.831547017616685, 1701413.501958022592589 ], [ -470087.421911569603253, 1701471.215322635136545 ], [ -470136.816448105091695, 1701543.347480514319614 ], [ -470140.11669314239407, 1701628.276631021872163 ], [ -470065.194900931091979, 1701862.61030029784888 ], [ -470014.460472420032602, 1702009.703884466551244 ], [ -469883.258830076840241, 1702182.665211188839749 ], [ -469849.562522015941795, 1702244.746466907439753 ], [ -469842.820525066519622, 1702307.794742703204975 ], [ -469848.759165681665763, 1702376.268699405249208 ], [ -469872.009245789609849, 1702400.285903849871829 ], [ -469959.328857900109142, 1702384.017120552016422 ], [ -470042.022949712933041, 1702333.238049785606563 ], [ -470088.802786372194532, 1702285.038073238683864 ], [ -470132.92624905431876, 1702221.279788863612339 ], [ -470283.698421578039415, 1701995.933360925875604 ], [ -470376.825842115737032, 1701855.238912952831015 ], [ -470502.18599337345222, 1701673.27164447424002 ], [ -470642.474526098754723, 1701601.422035163734108 ], [ -470748.946290368621703, 1701571.359405087307096 ], [ -470850.257252724491991, 1701561.566622232785448 ] ], [ [ -470830.235474612389226, 1701693.483869839692488 ], [ -470670.702738298161421, 1701743.511096683330834 ], [ -470559.145056249864865, 1701838.715945995645598 ], [ -470365.674829453520942, 1702132.341821327805519 ], [ -470330.531463756109588, 1702224.556794644799083 ], [ -470268.433815421769395, 1702315.804607656784356 ], [ -470170.018525075865909, 1702401.176040774909779 ], [ -470012.636837613827083, 1702568.857390821445733 ], [ -469920.990899126918521, 1702664.766842937562615 ], [ -469826.797596309159417, 1702808.210539478575811 ], [ -469777.374016636400484, 1702989.275053487159312 ], [ -469726.639062016271055, 1703136.365582254249603 ], [ -469647.896340508654248, 1703289.056222168728709 ] ], [ [ -468666.234795401105657, 1703684.061401536455378 ], [ -468594.159467584395315, 1703162.658762382809073 ] ], [ [ -468372.860858069907408, 1658351.81240134453401 ], [ -468395.555919515667483, 1658407.081951000494882 ], [ -468588.382961436349433, 1658607.441383904544637 ], [ -468725.420097492984496, 1658706.63405856047757 ], [ -468794.503238092060201, 1658756.638817138969898 ], [ -468930.593132803915069, 1658841.709514877991751 ], [ -468814.271307367482223, 1658972.633631341392174 ], [ -468718.338141061423812, 1659143.996645749546587 ], [ -468598.063722501741722, 1659231.72123712929897 ], [ -468448.082406367757358, 1659373.378715673694387 ], [ -468387.865152848360594, 1659486.427817422896624 ], [ -468370.103067873511463, 1659600.765045658918098 ], [ -468371.110712189867627, 1659765.925199427874759 ], [ -468361.786618993268348, 1659860.285912130028009 ], [ -468345.645313920162152, 1659964.228267831495032 ], [ -468339.502927487075794, 1659988.205309852957726 ], [ -468304.995377119630575, 1660122.905360762961209 ], [ -468209.866272796236444, 1660289.071920277085155 ], [ -468087.619126716977917, 1660355.190756265074015 ], [ -467947.765731957741082, 1660397.292000752408057 ], [ -467809.174670969892759, 1660397.000359242781997 ], [ -467620.12916114955442, 1660378.202850812114775 ], [ -467447.14485665014945, 1660324.654653211357072 ], [ -467217.784103437501471, 1660187.799047781620175 ], [ -466966.788717829680536, 1660052.898511825595051 ], [ -466843.893613501975778, 1659985.854648060165346 ], [ -466740.205907290859614, 1659932.451290264260024 ], [ -466658.880550022877287, 1659941.070785322692245 ], [ -466562.66373902943451, 1660011.257347380742431 ], [ -466474.878718127205502, 1660061.456845183391124 ], [ -466368.69231561810011, 1660092.822607419453561 ], [ -466280.22938192699803, 1660106.272964548086748 ], [ -466264.924179975700099, 1660108.600070726592094 ], [ -466133.429946757620201, 1660199.893599352333695 ], [ -465909.788632818555925, 1660360.675592069048434 ], [ -465679.479689188767225, 1660554.019823261769488 ], [ -465568.304949104087427, 1660744.754613226745278 ], [ -465533.975065673410427, 1661016.319740280974656 ], [ -465494.203485986276064, 1661253.011449939571321 ], [ -465433.931525224703364, 1661613.247126360656694 ], [ -465374.737429885892197, 1662064.918025342514738 ], [ -465367.934488694416359, 1662097.027282160939649 ], [ -465343.021168099658098, 1662214.616780090378597 ], [ -465277.97472227999242, 1662467.404132855590433 ], [ -465226.608599132916424, 1662549.183948338264599 ], [ -465127.67645533871837, 1662622.969038571463898 ], [ -464940.305895389581565, 1662696.695668631233275 ], [ -464804.049361388199031, 1662749.988597771152854 ], [ -464670.570335292548407, 1662819.681176061276346 ], [ -464507.746918261866085, 1662975.284339236328378 ], [ -464358.479037772340234, 1663180.892527942545712 ], [ -464421.152050710690673, 1663304.048032017890364 ], [ -464619.284011908282991, 1663492.98096237028949 ], [ -464728.090699617518112, 1663616.373822565423325 ], [ -464970.491953090298921, 1663909.611914105014876 ], [ -465244.129616705933586, 1664207.702301324345171 ], [ -465490.657280003419146, 1664405.771256803302094 ], [ -465723.542793898901436, 1664622.999179157428443 ], [ -466038.118263943004422, 1664863.605000794166699 ], [ -466451.98538905888563, 1665151.592388955177739 ], [ -466767.460018257261254, 1665317.817785469582304 ], [ -466877.895131624478381, 1665430.81243944610469 ], [ -467100.203733085421845, 1665784.773984319530427 ], [ -467230.577025205828249, 1665975.389911664882675 ], [ -467354.657608483044896, 1666069.223361942218617 ], [ -467950.98711402376648, 1666555.924332377035171 ], [ -467702.349913316080347, 1666783.315943189430982 ] ], [ [ -466627.818520520115271, 1693068.612677817931399 ], [ -466551.188213081157301, 1692887.371453505707905 ], [ -466518.445323204854503, 1692758.957910196622834 ], [ -466493.14078385848552, 1692580.151826655725017 ], [ -466465.908055582898669, 1692519.490922255208716 ], [ -466397.012682121421676, 1692390.875513946870342 ], [ -466356.243211696681101, 1692281.866542948875576 ], [ -466272.915168596082367, 1692145.976859074551612 ], [ -466249.258468505402561, 1692096.141436515143141 ], [ -466207.873644934268668, 1692022.258351889904588 ], [ -466294.089670458750334, 1692109.943079202901572 ], [ -466366.953416558040772, 1692151.623505904572085 ], [ -466425.124424635665491, 1692235.407253233948722 ], [ -466480.308146191528067, 1692207.207879833644256 ], [ -466533.250338687794283, 1692108.578197871334851 ], [ -466566.221768574905582, 1691974.780089849140495 ], [ -466580.796320945431944, 1691915.636477361433208 ], [ -466562.610423240286764, 1691811.932803752133623 ], [ -466525.616923973953817, 1691482.297497801249847 ], [ -466519.681314874615055, 1691466.474771472159773 ], [ -466456.472883252426982, 1691297.978296358603984 ], [ -466383.118154871219303, 1691012.352603432256728 ], [ -466262.81826902233297, 1690790.475277778925374 ], [ -466130.517813574231695, 1690386.938258398091421 ], [ -466060.917327849252615, 1690241.798894288716838 ], [ -465950.264010233513545, 1690011.04869672190398 ], [ -465973.23494210204808, 1689835.416808387264609 ], [ -465853.135848010482732, 1689570.465857072966173 ], [ -465827.751129956915975, 1689257.195210182107985 ], [ -465807.956061388540547, 1688995.168274136958644 ], [ -465815.336862250289414, 1688658.803769754944369 ], [ -465726.435106732766144, 1688425.942587371915579 ], [ -465615.755548828397878, 1688207.681154297897592 ], [ -465494.211226763145532, 1687673.224428493063897 ], [ -465684.437426138087176, 1687961.674064237857237 ], [ -465923.956818967591971, 1688468.090778495185077 ], [ -466042.814589706715196, 1688741.409157240064815 ], [ -466008.577185356523842, 1689252.450151703087613 ], [ -466095.310652114625555, 1689669.691206787945703 ], [ -466180.05077491508564, 1690014.743282442912459 ], [ -466248.284413137764204, 1690149.6114295583684 ], [ -466335.231575128389522, 1690321.466576834674925 ], [ -466519.183001355908345, 1690586.622944395756349 ], [ -466563.382593802642077, 1690708.214512998238206 ], [ -466641.508673141186591, 1690923.13442265521735 ], [ -466695.776945935969707, 1691085.093099004356191 ], [ -466757.596986672084313, 1691263.678216002648696 ], [ -466757.805987023864873, 1691472.040622248547152 ], [ -466810.770304517587647, 1691624.841895706951618 ], [ -466835.364489568280987, 1691858.947409221436828 ], [ -466878.743178733799141, 1692067.561940199462697 ], [ -466888.741978604346514, 1692177.040919427759945 ], [ -466897.544556086941157, 1692293.490536070195958 ], [ -466894.753721558023244, 1692393.577581085497513 ], [ -466862.595372053212486, 1692538.891562551027164 ], [ -466831.829007131920662, 1692634.156369626289234 ], [ -466833.044752746296581, 1692878.592548200394958 ], [ -466904.574855528015178, 1693027.6730859905947 ], [ -467030.161227519158274, 1693166.420059694675729 ], [ -467099.076008882082533, 1693258.843927301466465 ], [ -467198.850274000607897, 1693362.173281960887834 ], [ -467288.460901726968586, 1693438.638300271006301 ], [ -467296.897747779730707, 1693446.23221921804361 ], [ -467389.359082234965172, 1693529.456099513219669 ], [ -467485.883959885279182, 1693606.980928064323962 ], [ -467602.320130540989339, 1693792.989577376283705 ], [ -467644.173744240019005, 1693909.054814116796479 ], [ -467683.076791784784291, 1693959.227294980548322 ], [ -467744.408979092841037, 1694038.325861457502469 ], [ -467805.425024501222651, 1694176.334859318565577 ], [ -467820.755805135006085, 1694178.812778289197013 ], [ -467864.398621038359124, 1694185.866918343817815 ], [ -467932.964917669713032, 1694159.255992440041155 ], [ -467971.973822215630207, 1694229.135585384443402 ], [ -467987.693783607915975, 1694294.717358642024919 ], [ -467973.993342034926172, 1694387.572331571020186 ], [ -467966.686135452066083, 1694437.092860024189577 ], [ -468003.796244625584222, 1694486.863219920545816 ], [ -468028.478907499753404, 1694534.789097261382267 ], [ -468020.99633710924536, 1694628.566746063064784 ], [ -467997.601696307014208, 1694701.017073971685022 ], [ -467954.974892440252006, 1694822.384217964019626 ], [ -467920.526979041635059, 1694864.605117082362995 ], [ -467884.33794934785692, 1694908.959992087213323 ], [ -467820.686892651661765, 1694953.203939521685243 ], [ -467762.678304088418372, 1694983.525206522550434 ], [ -467709.367569468449801, 1695018.987371563911438 ], [ -467687.810019945900422, 1695079.056462145410478 ], [ -467698.052486121305265, 1695181.775163146434352 ], [ -467727.855785820924211, 1695281.064924183534458 ], [ -467833.156564307049848, 1695385.176773588173091 ], [ -467854.447220505797304, 1695419.313426752109081 ], [ -467889.647971469443291, 1695475.753135279053822 ], [ -467908.851812079316005, 1695560.825998942134902 ], [ -467920.740485719928984, 1695695.417156021809205 ], [ -467915.353786205931101, 1695811.383077307371423 ], [ -467914.904064575908706, 1695821.065837037749588 ], [ -467904.503685211180709, 1695977.665849052835256 ], [ -467880.27156754292082, 1696106.177876839181408 ], [ -467809.283664415590465, 1695956.668848374392837 ], [ -467734.832541358424351, 1695759.12808360462077 ], [ -467712.699303755536675, 1695700.40165362902917 ], [ -467633.600135054963175, 1695517.486127033364028 ], [ -467570.264865752542391, 1695320.988820597529411 ], [ -467497.456631227571052, 1695119.450630677165464 ], [ -467340.210408416518476, 1694662.798184575047344 ], [ -467173.844905656878836, 1694342.278506973059848 ], [ -467185.068690058775246, 1694295.982203273801133 ], [ -467197.409521723340731, 1694242.986227465327829 ], [ -467204.189912856323645, 1694182.168598612770438 ], [ -467220.485991625173483, 1694126.229313813848421 ], [ -467236.691017661767546, 1694070.602485285373405 ], [ -467237.879281831264962, 1694022.609894387423992 ], [ -467222.38183634635061, 1693930.519451219821349 ], [ -467189.996129004866816, 1693882.850580874131992 ], [ -467154.874659354100004, 1693805.569185586413369 ], [ -467094.027716620301362, 1693744.378273857058957 ], [ -467082.858244129049126, 1693733.14566837856546 ], [ -467019.322171207633801, 1693708.310414720326662 ], [ -466928.11923024704447, 1693730.873884544940665 ], [ -466873.956175501458347, 1693712.573531833710149 ], [ -466855.063991754665039, 1693735.519302974687889 ], [ -466783.328377864090726, 1693547.535266963066533 ] ], [ [ -462579.505669652309734, 1658554.135808323509991 ], [ -462592.305561871500686, 1658477.977602248312905 ], [ -462624.881637773301918, 1658370.3436187740881 ], [ -462714.280744586954825, 1657959.030617235694081 ], [ -462649.025333643599879, 1657950.959053011145443 ], [ -462609.309914737998042, 1657862.294543374329805 ], [ -462563.78992968989769, 1657743.413524526171386 ], [ -462482.779404692817479, 1657666.650848531862721 ], [ -462401.284242203691974, 1657570.939058288233355 ], [ -462429.390630903944839, 1657486.666829209774733 ], [ -462573.025466131104622, 1657409.502394571667537 ], [ -462631.509630819433369, 1657403.748731565196067 ], [ -462700.01259395154193, 1657430.493223698809743 ], [ -462727.749199772893917, 1657463.555451904656366 ], [ -462715.485088803921826, 1657536.526699680835009 ], [ -462792.611353183921892, 1657533.796247500693426 ], [ -462813.08315087336814, 1657536.924547336762771 ], [ -462865.195339355792385, 1657547.748582443222404 ], [ -462958.962386857660022, 1657548.161579030333087 ], [ -463043.480817246658262, 1657573.315992677584291 ], [ -463378.93300377286505, 1657748.027486130595207 ], [ -463528.936187492043246, 1657915.128762781620026 ], [ -463643.661098262295127, 1658103.344611731357872 ], [ -463700.183146243332885, 1658308.921723313163966 ], [ -463699.170637361123227, 1658408.972466026898474 ], [ -463698.409192704886664, 1658484.214378569740802 ], [ -463757.589309901115485, 1658714.118124986765906 ], [ -463848.376439930405468, 1658832.895514777163044 ], [ -463959.626716618193313, 1658873.778364753117785 ], [ -464067.060354659683071, 1658871.514916786691174 ], [ -464152.36441004043445, 1658858.131362157175317 ], [ -464250.712713701592293, 1658734.19443973316811 ], [ -464260.246291442657821, 1658716.601929566822946 ], [ -464344.34677682822803, 1658561.408277738373727 ], [ -464483.967532359005418, 1658345.070043256273493 ], [ -464639.322654115385376, 1658215.909241068642586 ], [ -464948.009909252985381, 1658013.83791336347349 ], [ -465046.205887527496088, 1657965.261158987646922 ], [ -465283.253616337780841, 1657709.428248737705871 ], [ -465279.018265097518452, 1657565.052766562905163 ], [ -465314.38004382501822, 1657474.742085150443017 ], [ -465269.588448873953894, 1657419.854383878409863 ], [ -465265.645431875658687, 1657384.023959812009707 ], [ -465261.231372041860595, 1657370.645949207479134 ], [ -465306.059423413942568, 1657235.341081826249138 ] ], [ [ -465127.605661722947843, 1656998.025616432772949 ], [ -465079.904300398367923, 1657267.87470539752394 ], [ -464885.57573452644283, 1657317.440647454001009 ], [ -464716.913951909460593, 1657339.067223618971184 ], [ -464511.718815931119025, 1657424.195005376124755 ], [ -464424.6570009906427, 1657538.381151597481221 ], [ -464351.596759237698279, 1657665.395358541514724 ], [ -464238.592957749206107, 1657706.335649430984631 ], [ -464087.60779185895808, 1657682.804556241258979 ], [ -463776.931511197355576, 1657554.544791210675612 ], [ -463516.989864797506016, 1657421.633516384055838 ], [ -463297.760998586076312, 1657309.537934018997476 ], [ -463007.466895516263321, 1657221.705912681296468 ], [ -462868.245329486439005, 1657226.761738450266421 ], [ -462840.416631632484496, 1657232.94147845893167 ], [ -462727.140700314659625, 1657172.69548032572493 ], [ -462620.672973519947845, 1657102.876373819774017 ], [ -462523.341443679411896, 1657015.502620159881189 ] ], [ [ -463716.213681905239355, 1677291.414006426464766 ], [ -463760.355715402460191, 1678376.055266008945182 ], [ -463655.655163061688654, 1678985.391612066654488 ], [ -463591.676210164849181, 1679235.771102256141603 ], [ -463697.206574800191447, 1679536.291553533170372 ], [ -463932.986525519227143, 1679932.461419721832499 ], [ -464126.619156054744963, 1680269.081786201102659 ], [ -464203.435072095540818, 1680454.604744052980095 ], [ -464252.502375722338911, 1680573.109146973118186 ], [ -464229.529560260940343, 1680767.817591819912195 ], [ -464231.729704186902381, 1680870.480667176423594 ], [ -464236.502232600119896, 1681093.160140338586643 ], [ -464351.634764736285433, 1681154.837268687551841 ], [ -464675.545245470595546, 1681221.145124325994402 ], [ -465073.587188047997188, 1681404.793448535026982 ], [ -465277.697157728776801, 1681680.475818590726703 ], [ -465295.141132014628965, 1681944.88553542108275 ], [ -465404.757728404656518, 1682099.711383495479822 ], [ -465542.875423898454756, 1682332.636813116725534 ], [ -465599.959232922759838, 1682456.133288749027997 ], [ -465626.900770866428502, 1682514.418882790254429 ], [ -465691.456392176332884, 1682870.593049306422472 ], [ -465686.189969487546477, 1683091.621647028950974 ], [ -465683.020556033530738, 1683224.644832868594676 ], [ -465743.211923675669823, 1683423.227193529484794 ], [ -465958.678157603135332, 1683815.864353938261047 ], [ -465830.157736440363806, 1683710.063170728739351 ], [ -465626.036134153953753, 1683434.388260131701827 ], [ -465527.109124340582639, 1683134.874787620035931 ], [ -465508.852256563666742, 1683079.599411180010065 ], [ -465526.437697358662263, 1682957.828909049043432 ], [ -465501.869434148131404, 1682754.264348039636388 ], [ -465454.926991480460856, 1682499.112696591066197 ], [ -465442.269220644433517, 1682430.311860444024205 ], [ -465193.087832767167129, 1681990.018130878917873 ], [ -465170.406961543369107, 1681756.077879589051008 ], [ -465106.44163696031319, 1681640.48520590015687 ], [ -464900.292104735330213, 1681437.649035530397668 ], [ -464514.173310508660506, 1681245.594184654764831 ], [ -464173.403079421434086, 1681155.471108202589676 ], [ -464165.333312219823711, 1680863.654569462640211 ], [ -464163.234373519779183, 1680787.751390786608681 ], [ -464116.723043449281249, 1680570.610375124029815 ], [ -464060.590453927579802, 1680484.192212901078165 ], [ -463917.860681316291448, 1680264.452549973735586 ], [ -463561.695238263870124, 1679837.072328108362854 ], [ -463435.523877625877503, 1679595.733519326429814 ], [ -463388.724432674469426, 1679441.271364277461544 ], [ -463380.899666959478054, 1678938.013110564555973 ], [ -463468.421118673577439, 1678733.522907178616151 ], [ -463505.361919402901549, 1678457.564513061661273 ], [ -463480.659071014728397, 1678296.45509529276751 ], [ -463551.321663367620204, 1678068.146997264120728 ], [ -463549.59616176050622, 1677712.321151983691379 ], [ -463433.898437999072485, 1677410.043079616734758 ], [ -463263.497994203760754, 1677227.292315650731325 ] ], [ [ -462143.328173925925512, 1662968.824240711983293 ], [ -462161.440997660567518, 1662700.113239408005029 ], [ -462185.551848777511623, 1662580.3354148324579 ], [ -462111.965222433093004, 1662538.052259856369346 ], [ -462086.014596238499507, 1662464.809480188414454 ], [ -462136.196750303555746, 1662382.145192787982523 ], [ -462244.534864839515649, 1662234.029504685662687 ], [ -462273.165198434027843, 1662084.128687516320497 ], [ -462239.313897320185788, 1661924.501282650046051 ], [ -462168.570699905219954, 1661796.371223212685436 ], [ -462139.027581498841755, 1661711.928405694896355 ], [ -462162.002359110105317, 1661598.412641555070877 ], [ -462164.15650888660457, 1661481.64849053346552 ], [ -462120.611244531348348, 1661384.377082769293338 ], [ -462150.770384145376738, 1661293.269683672580868 ], [ -462159.294990616152063, 1661204.105377773521468 ], [ -462141.418697234941646, 1661078.897751254262403 ], [ -462206.766623140312731, 1661035.855675924802199 ], [ -462389.888177844986785, 1660989.876653690589592 ], [ -462428.844692676619161, 1660910.78251577517949 ], [ -462444.551785829942673, 1660844.036599950166419 ], [ -462389.789900286821648, 1660750.338158671278507 ], [ -462301.3694123494206, 1660667.359219550155103 ] ], [ [ -457916.960200565983541, 1696260.682439629454166 ], [ -458027.752212814288214, 1696174.341879128944129 ], [ -458171.748693575500511, 1696042.980019978247583 ], [ -458212.559375677024946, 1696014.497692221775651 ], [ -458282.916179343941621, 1695965.394473823718727 ], [ -458404.923568983154837, 1695916.003412261605263 ], [ -458492.369109324703459, 1695836.193182622315362 ], [ -458449.504116174532101, 1695791.141075081657618 ], [ -458483.008927444752771, 1695716.876919072121382 ], [ -458599.109930087230168, 1695615.295158565742895 ], [ -458895.954847223125398, 1695355.569302467862144 ], [ -459091.37385107082082, 1695130.594985730946064 ] ], [ [ -458617.848491638957057, 1697400.429032811662182 ], [ -458755.601101244217716, 1697570.785688896197826 ], [ -458822.956194840895478, 1697645.189832046860829 ], [ -458830.154902733978815, 1697852.432986007770523 ], [ -458833.942750675487332, 1698054.892708627041429 ], [ -458855.374909944774117, 1698198.477644041646272 ], [ -458893.930555478087626, 1698048.162268055370077 ], [ -458900.090600200521294, 1697962.628671470331028 ], [ -458915.431899438612163, 1697867.207791967550293 ], [ -458921.001304794859607, 1697790.459865864133462 ], [ -458919.301462007919326, 1697753.973401030758396 ], [ -458917.197846463473979, 1697708.819065638585016 ], [ -458932.268427583854645, 1697657.240531494142488 ], [ -458944.418909675441682, 1697665.95764673105441 ], [ -458968.569711148622446, 1697747.510225938167423 ], [ -458994.832023659546394, 1697815.907278766157106 ], [ -459009.827561768353917, 1697947.334551559295505 ], [ -459083.364844859344885, 1698171.217913154978305 ], [ -459073.401857838616706, 1697896.142044637817889 ], [ -459057.719892613880802, 1697761.931820506695658 ], [ -459057.364987416600343, 1697676.194952672347426 ], [ -459060.912999527703505, 1697580.078796215355396 ], [ -459087.541125758318231, 1697546.712631802540272 ], [ -459123.032027209468652, 1697510.627404108876362 ], [ -459160.687222496198956, 1697522.00977469002828 ], [ -459250.871162604657002, 1697614.249152756528929 ], [ -459310.22099675697973, 1697672.447318820748478 ], [ -459357.147083079151344, 1697817.124532436951995 ], [ -459375.275327893788926, 1697905.046554210595787 ], [ -459410.436963571817614, 1698075.57866869145073 ], [ -459453.000003684952389, 1698373.418252885108814 ], [ -459433.559316914586816, 1698521.581495006801561 ], [ -459412.920657884096727, 1698649.906796815339476 ], [ -459326.792124685016461, 1698924.037813707953319 ], [ -459210.034104617312551, 1699068.384143733419478 ], [ -459060.500805642514024, 1699257.678952992660925 ], [ -458948.534124918747693, 1699472.813666265225038 ], [ -458877.555716184491757, 1699640.261727285105735 ], [ -458876.383482866280247, 1699645.624659413471818 ], [ -458851.898357372032478, 1699757.638492379104719 ], [ -458847.921544546727091, 1699824.519472985295579 ], [ -458863.876980975153856, 1699914.874503266531974 ], [ -458889.151329100539442, 1699918.119978439295664 ], [ -458951.594891272252426, 1699875.056291237473488 ], [ -458990.844335564412177, 1699821.996959167765453 ], [ -459046.163167242426425, 1699743.006812141044065 ], [ -459084.297444721800275, 1699701.353303770069033 ], [ -459249.027906963659916, 1699521.420164764393121 ], [ -459147.252574686193839, 1699775.034855571342632 ], [ -459034.909745450713672, 1700010.06518009211868 ], [ -458867.17551548127085, 1700159.205017468659207 ], [ -458806.312188750016503, 1700169.388452767860144 ], [ -458725.257845379295759, 1700124.155872786184773 ], [ -458711.090212904731743, 1700035.653449076693505 ], [ -458688.806595585250761, 1699893.146442855708301 ], [ -458674.92912093544146, 1699766.059470025124028 ], [ -458738.614363984379452, 1699577.272979516535997 ], [ -458772.719626363832504, 1699491.632507462752983 ], [ -458883.199414353293832, 1699310.31752539682202 ], [ -458926.45586469094269, 1699240.662577145732939 ], [ -458951.785958287480753, 1699199.873905918560922 ], [ -459054.315988703863695, 1699067.924337789881974 ], [ -459143.120869507198222, 1698937.115140980109572 ], [ -459220.171948806790169, 1698774.032912636175752 ], [ -459270.124104612681549, 1698674.076471515465528 ], [ -459259.188621468783822, 1698594.655861738836393 ], [ -459228.682891476084478, 1698552.586818770272657 ], [ -459184.828901770350058, 1698572.497388771502301 ], [ -459134.739838223147672, 1698652.17577992589213 ], [ -459110.545731778081972, 1698739.412878326606005 ], [ -459087.158049203630071, 1698779.520531742833555 ], [ -459064.69896189001156, 1698792.76379650621675 ], [ -459043.046485641330946, 1698758.877556088380516 ], [ -459039.730955446313601, 1698707.75206865160726 ], [ -459038.178530489909463, 1698683.814176366664469 ], [ -459011.936866452451795, 1698531.023404794745147 ], [ -459019.241131102957297, 1698380.28202806878835 ], [ -459029.979870088747703, 1698250.352712060324848 ], [ -459012.055808083154261, 1698109.031381204724312 ], [ -459000.062005370913539, 1698077.579369270708412 ], [ -458966.780642434430774, 1697990.303835510741919 ], [ -458956.049827589013148, 1698120.23488881578669 ], [ -458954.494334072805941, 1698152.297095524845645 ], [ -458948.736931512772571, 1698270.975405392004177 ], [ -458932.988280448887963, 1698389.960051775211468 ], [ -458925.683828807377722, 1698540.701242660870776 ], [ -458889.058152711659204, 1698663.072124639991671 ], [ -458833.529861122369766, 1698839.763669870793819 ], [ -458790.579558977973647, 1698917.223586093634367 ], [ -458749.56121401238488, 1699018.795941720716655 ], [ -458734.273934372526128, 1699056.65116885304451 ], [ -458690.614024707581848, 1699285.918370274128392 ], [ -458672.623407290724572, 1699397.789311388041824 ], [ -458655.982723233872093, 1699489.856393251102418 ], [ -458641.794139698613435, 1699568.356980397365987 ], [ -458618.839593627606519, 1699734.223393335007131 ], [ -458543.832356231461745, 1699755.254337911494076 ], [ -458502.338048592908308, 1699742.769919196842238 ], [ -458507.261553489312064, 1699597.737190541578457 ], [ -458566.281898664135952, 1699321.740490744821727 ], [ -458576.605556651076768, 1699273.890932801179588 ], [ -458632.842451118864119, 1699013.235326437046751 ], [ -458634.896248283155728, 1698995.387812484754249 ], [ -458658.395379144116305, 1698791.176760685397312 ], [ -458700.717607018188573, 1698612.346040477976203 ], [ -458727.855751140974462, 1698380.409954617731273 ], [ -458712.182242579117883, 1698246.202030009357259 ], [ -458676.312122639094014, 1698047.963926389580593 ], [ -458636.179682450601831, 1697924.873482154915109 ], [ -458628.66909105994273, 1697901.83768743253313 ], [ -458550.529928750358522, 1697713.642755163833499 ] ], [ [ -457102.066003154788632, 1703495.218193331500515 ], [ -456834.512442608305719, 1703688.560328749241307 ], [ -456642.952480271167587, 1703826.33433163841255 ], [ -456515.7432517472771, 1703905.954449214041233 ], [ -456384.106565112888347, 1703963.704152446240187 ], [ -456416.592454087571241, 1703981.276995664229617 ], [ -456503.941987441154197, 1704051.128539983881637 ], [ -456580.754342599539086, 1704194.379164677346125 ], [ -456683.667166394297965, 1704398.498451262013987 ], [ -456715.750801287416834, 1704540.524509222479537 ], [ -456727.30412899638759, 1704724.847259474219754 ], [ -456748.490800878731534, 1704906.154754127375782 ], [ -456819.479805313458201, 1705090.958672404056415 ], [ -456849.486415432882495, 1705018.278509394265711 ], [ -457028.996062032005284, 1705211.524333423469216 ], [ -457133.188240852148738, 1705360.654281719587743 ], [ -457181.655003904306795, 1705462.457576406886801 ], [ -457208.472147373540793, 1705518.786161660216749 ], [ -457241.994032518647145, 1705651.923909900942817 ], [ -457240.53013480710797, 1705774.837588196387514 ], [ -457214.273003444133792, 1705852.680830909637734 ], [ -457122.681345292599872, 1705938.207942058797926 ], [ -457023.91770080733113, 1706018.229911909205839 ], [ -456906.840521844511386, 1706113.089444155804813 ], [ -456778.833980677241925, 1706197.278723034542054 ], [ -456691.534112459979951, 1706256.134068231098354 ], [ -456635.848655956913717, 1706260.805457232054323 ], [ -456551.951240964233875, 1706270.032216399675235 ], [ -456594.942637298256159, 1706372.77486026706174 ], [ -456606.814851280767471, 1706436.350942800752819 ], [ -456631.830020836729091, 1706570.307429523207247 ], [ -456675.707478423893917, 1706695.98656775825657 ], [ -456703.714318907121196, 1706778.055399872362614 ], [ -456709.229859692335594, 1706829.122157896170393 ], [ -456705.999316642119084, 1706906.13046548049897 ], [ -456652.963484197098296, 1706979.651159625966102 ], [ -456573.704820510291029, 1707016.998974652960896 ], [ -456478.024975716893096, 1707042.559280884684995 ], [ -456420.120922877045814, 1707053.782140052644536 ], [ -456388.234112676989753, 1707059.962332847993821 ], [ -456188.492067516490351, 1707077.808140418026596 ], [ -455995.702314585039858, 1707137.824227671371773 ], [ -455824.332165068306495, 1707178.512259668903425 ], [ -455744.90463231416652, 1707188.458843064494431 ], [ -455699.562290791247506, 1707185.690785033861175 ], [ -455657.086936176987365, 1707165.130224522203207 ], [ -455498.324333672760986, 1707440.458229720359668 ], [ -455301.855536572809797, 1707864.756317465333268 ], [ -455121.124314349668566, 1708191.248988337814808 ], [ -454719.48973197786836, 1708837.744107393315062 ], [ -454623.075004615297075, 1708834.42681236192584 ], [ -454538.615643536904827, 1708786.592963573057204 ], [ -454479.424554207304027, 1708713.569484826177359 ], [ -454474.891034143627621, 1708630.101015034597367 ], [ -454471.10421661665896, 1708560.378006012644619 ], [ -454423.818162485549692, 1708484.31648053531535 ], [ -454399.023594356724061, 1708439.256876376923174 ], [ -454403.349006254866254, 1708298.565957478014752 ], [ -454413.82829635264352, 1708233.437400366645306 ], [ -454428.381173573958222, 1708142.992134928703308 ], [ -454462.178168674290646, 1707961.470094399526715 ], [ -454499.885432121751364, 1707812.499681149376556 ], [ -454602.204109655693173, 1707660.310110152466223 ], [ -454685.459658515581395, 1707427.49499594187364 ], [ -454717.475065565842669, 1707200.065338310785592 ], [ -454730.587642872531433, 1706919.407791685778648 ], [ -454726.740039988479111, 1706658.815803159959614 ], [ -454702.900830958620645, 1706408.662768332287669 ], [ -454634.603692151606083, 1706178.686726311221719 ], [ -454587.361192222335376, 1705988.598635558271781 ], [ -454621.288627003959846, 1705948.475721005816013 ], [ -454673.274098254682031, 1705824.6187483149115 ], [ -454746.167494296561927, 1705599.241866460535675 ], [ -454746.912720411375631, 1705480.781168308109045 ], [ -454749.095811858191155, 1705353.424671708140522 ], [ -454741.639130497176666, 1705229.070957261137664 ], [ -454700.804202612896916, 1705112.986678925342858 ], [ -454664.313314585830085, 1704939.946894080843776 ], [ -454696.517015036020894, 1704823.439948132028803 ], [ -454698.012765281309839, 1704739.606254687532783 ], [ -454677.914343661046587, 1704657.738566049840301 ], [ -454636.335505277267657, 1704506.397059238981456 ], [ -454626.663831794343423, 1704179.644187153084204 ], [ -454648.873707092658151, 1703927.815808452898636 ], [ -454649.2518788894522, 1703868.580026124138385 ], [ -454620.542793501575943, 1703790.962771435268223 ], [ -454553.98494379571639, 1703720.893695877166465 ], [ -454504.393710252887104, 1703630.767975954338908 ], [ -454470.341260595305357, 1703529.472915096208453 ], [ -454469.283395701961126, 1703479.122855342458934 ] ], [ [ -456703.518608985468745, 1701297.190840393537655 ], [ -456651.984962561982684, 1701309.082573325838894 ], [ -456510.77542243944481, 1701336.89822949282825 ], [ -456561.996495350787882, 1701439.713971419492736 ], [ -456641.47419588099001, 1701577.485201985109597 ], [ -456713.482157452555839, 1701908.33488357369788 ], [ -456694.718550066405442, 1701996.530195309314877 ], [ -456668.283247202052735, 1702046.984206662513316 ], [ -456623.460888678440824, 1702126.395194501848891 ], [ -456558.24054794490803, 1702187.93307406664826 ], [ -456477.126420253072865, 1702195.316361364442855 ], [ -456385.524319348449353, 1702211.047431174200028 ], [ -456508.997818092990201, 1702327.895404935115948 ], [ -456623.906195855292026, 1702436.637239194707945 ], [ -456673.498677401279565, 1702526.763300443999469 ], [ -456684.536287001159508, 1702628.894457345595583 ], [ -456686.985859510488808, 1702784.378817470744252 ], [ -456652.862027342547663, 1702911.13608478102833 ], [ -456640.773405644926243, 1702924.120672270189971 ], [ -456597.510267391451634, 1702970.590399714186788 ], [ -456551.972113827243447, 1703054.453733402537182 ], [ -456432.86409106105566, 1703254.118879677960649 ], [ -456332.864939963270444, 1703420.384365869918838 ], [ -456223.602587812230922, 1703530.416152896592394 ], [ -456038.825229992798995, 1703682.959825896890834 ], [ -455911.535220507648773, 1703762.707212450215593 ], [ -455813.716030388255604, 1703801.610049078240991 ], [ -455640.926286084577441, 1703851.189300198340788 ], [ -455516.162899217451923, 1703858.369535713689402 ], [ -455790.450245515967254, 1704003.100573205854744 ], [ -455932.150071903306525, 1704089.882625524653122 ], [ -455981.566360561060719, 1704152.614741353318095 ], [ -456026.865330325847026, 1704269.42006596038118 ], [ -456058.203824060736224, 1704529.909320041304454 ], [ -456076.33224576577777, 1704815.629735365975648 ], [ -456078.57528686360456, 1705057.735256689134985 ], [ -456058.346737236948684, 1705240.548014361411333 ], [ -456048.330462094745599, 1705331.068579678889364 ], [ -456014.375302654167172, 1705485.210817657643929 ], [ -455940.979497787891887, 1705628.409310443559662 ], [ -455913.548701723222621, 1705658.352315743453801 ], [ -455835.454714804829564, 1705743.598204798530787 ], [ -455622.63564524659887, 1705928.090866460930556 ], [ -455466.59974807134131, 1706044.235091818729416 ], [ -455285.39447686454514, 1706174.542143139988184 ], [ -455170.941986344230827, 1706288.287973184604198 ], [ -455252.520325500925537, 1706265.002441307995468 ], [ -455351.780877650249749, 1706217.207222713623196 ], [ -455567.080679174454417, 1706074.176651168148965 ], [ -455786.504821009526495, 1705877.074126181192696 ], [ -455816.080165405350272, 1705847.871754212072119 ], [ -455977.01049257745035, 1705688.970118646509945 ], [ -456010.766985716531053, 1705621.455185125814751 ], [ -456062.027774174057413, 1705502.038105676881969 ], [ -456104.777475496637635, 1705307.501665987307206 ], [ -456113.325302725483198, 1705268.604047241155058 ], [ -456146.773140419332776, 1705032.278701334493235 ], [ -456150.580047673371155, 1704809.40512327873148 ], [ -456142.783696784405038, 1704630.258062381763011 ], [ -456128.91933687380515, 1704431.885432141367346 ], [ -456082.588588793587405, 1704150.720638429513201 ], [ -456064.232363031362183, 1704065.646813913015649 ], [ -456089.946566811413504, 1704019.637421153951436 ], [ -456191.007775521196891, 1703903.714502184884623 ], [ -456260.284949087887071, 1703814.585475317202508 ], [ -456324.528328809770755, 1703693.017611992312595 ], [ -456449.467050979030319, 1703550.054414710728452 ], [ -456633.029904383409303, 1703408.552146951202303 ], [ -456841.419130456692073, 1703247.24837162764743 ], [ -457022.687663744261954, 1703091.473695177817717 ] ], [ [ -456876.316942632605787, 1693811.600990643259138 ], [ -457867.70439632772468, 1692955.750752812018618 ], [ -458535.462482276489027, 1693904.964426189893857 ], [ -458379.092847847321536, 1694109.941887041321024 ], [ -458303.945038173871581, 1694231.86868609325029 ], [ -458233.207732349343132, 1694421.168677805457264 ], [ -458216.955477618030272, 1694444.405957791022956 ], [ -457995.622087919909973, 1694760.863546659937128 ], [ -457863.093218409339897, 1694931.869095430476591 ], [ -457759.602344468177762, 1695019.165251799160615 ], [ -457662.036899420258123, 1695056.69672317430377 ], [ -457561.852663133991882, 1695095.23536636820063 ], [ -457453.618852927756961, 1695192.6776893211063 ], [ -457325.136023909144569, 1695327.622269403887913 ], [ -457217.023700525402091, 1695536.335111408960074 ], [ -457207.063050867640413, 1695703.534298623213544 ], [ -457254.535212616552599, 1695972.836283961543813 ], [ -457228.481848248920869, 1696077.7776983238291 ], [ -457138.959064188064076, 1696235.125294376863167 ], [ -457003.176892184128519, 1696342.639634974068031 ], [ -456866.784351667156443, 1696403.798121079336852 ], [ -456742.606429971638136, 1696492.236406428273767 ], [ -456661.692006535828114, 1696823.42071250337176 ], [ -456564.037241957848892, 1696954.161952087422833 ], [ -456449.450289000349585, 1697010.577414556406438 ] ], [ [ -456192.979456565401051, 1698763.628683980554342 ], [ -456210.883560626069084, 1699789.451850157929584 ], [ -456295.731901807826944, 1699641.136807561619207 ], [ -456423.627272888086736, 1699520.041869810083881 ], [ -456519.01559851935599, 1699474.711297186091542 ], [ -456771.960762246744707, 1699481.883439027704298 ], [ -456916.575739402731415, 1699572.799946800805628 ], [ -456963.433299449912738, 1699681.659637382021174 ], [ -456957.052677653497085, 1699805.542822294402868 ], [ -456922.546510953456163, 1699914.735932427924126 ], [ -456909.654130916111171, 1699981.451408799504861 ], [ -456902.303139479830861, 1700019.491443325998262 ], [ -456912.060616083617788, 1700085.212772720027715 ], [ -456922.874076790700201, 1700144.356612757081166 ], [ -456965.151844950392842, 1700190.28177164401859 ], [ -457019.66371441440424, 1700237.665942659135908 ], [ -457096.169950410665479, 1700239.212813067017123 ], [ -457123.088198490557261, 1700247.654602823313326 ], [ -457140.507057356007863, 1700307.858363540610299 ], [ -457105.623035458032973, 1700356.23401684500277 ], [ -457066.906967498769518, 1700407.352663492783904 ], [ -456984.720384101558011, 1700458.280820016516373 ], [ -456912.331651784479618, 1700483.624108453746885 ], [ -456856.349330189230386, 1700481.836603730684146 ], [ -456781.570238367130514, 1700510.053713505622 ], [ -456727.046343969530426, 1700509.292283004382625 ], [ -456685.467419227701612, 1700506.508976510027424 ], [ -456632.318578713806346, 1700497.570682626916096 ], [ -456627.79549518134445, 1700525.360896270722151 ], [ -456653.336601196671836, 1700572.579049036139622 ], [ -456697.621978859358933, 1700584.235796672059223 ], [ -456778.308675291889813, 1700565.207420985214412 ], [ -456863.960803437919822, 1700573.698748371563852 ], [ -456903.183452426223084, 1700603.673107981681824 ], [ -456922.186239530274179, 1700654.010677716694772 ], [ -456905.862267320742831, 1700755.486680975416675 ], [ -456905.248758869478479, 1700759.300617277389392 ], [ -456940.492927008657716, 1700856.154066498624161 ], [ -456943.765862263273448, 1700941.089092169189826 ], [ -456952.459682762855664, 1701013.385425530606881 ], [ -456949.538672647147905, 1701073.677262661512941 ], [ -456931.817031661048532, 1701141.703531407518312 ], [ -456922.290824794152286, 1701200.935172807890922 ], [ -456801.140980173891876, 1701258.981669480446726 ] ], [ [ -455804.86670240748208, 1701702.206427542958409 ], [ -455847.493172648944892, 1701670.47006017761305 ], [ -455855.682681467791554, 1701467.562202786561102 ], [ -455870.254987748805434, 1701390.568716996815056 ], [ -455925.002573160454631, 1701339.504228164441884 ], [ -456017.785695873433724, 1701252.962617377983406 ], [ -456069.780907118576579, 1701117.72712756274268 ], [ -456114.178905398759525, 1701053.721054720459506 ], [ -456138.698972394689918, 1700985.164963455405086 ], [ -456144.422147479141131, 1700949.594752293312922 ], [ -456136.600988992431667, 1700901.157967451727018 ], [ -456124.954842635837849, 1700844.481333288829774 ], [ -456096.691849441383965, 1700802.657473824219778 ], [ -456035.128986337629613, 1700832.903440513415262 ], [ -455977.739365427172743, 1700904.380114733241498 ], [ -455861.057601505133789, 1701040.440939811291173 ], [ -455812.03599077364197, 1701151.926176252309233 ], [ -455797.382181632274296, 1701183.927668692078441 ], [ -455747.137848218204454, 1701293.652702473336831 ], [ -455707.162121832778212, 1701476.37685189419426 ], [ -455621.808985109848436, 1701608.526015598094091 ], [ -455529.851069686526898, 1701753.28645386826247 ], [ -455448.236061870993581, 1701890.607191784307361 ], [ -455418.950201374944299, 1701958.847266444936395 ], [ -455500.346267056534998, 1701908.165067304857075 ] ], [ [ -454743.74049643415492, 1710821.026627500075847 ], [ -454650.948073651641607, 1710714.791408725082874 ], [ -454536.929549400287215, 1710541.281152342213318 ], [ -454500.917650887102354, 1710366.703922685002908 ], [ -454476.121678712719586, 1710321.645510450471193 ], [ -454502.07578290667152, 1710263.685360010946169 ], [ -454590.370173040078953, 1710247.951523498632014 ], [ -454621.679416007478721, 1710207.340359295951203 ], [ -454633.15387413353892, 1710157.277990629663691 ], [ -454575.160354472638573, 1710138.346251068403944 ], [ -454597.215689696022309, 1710081.281686858506873 ], [ -454720.224198646959849, 1710028.2165555015672 ], [ -454786.811692576215137, 1709984.270063519012183 ], [ -454890.915043574408628, 1709877.97949617751874 ], [ -454933.614237899077125, 1709792.579936493886635 ], [ -454958.423878439236432, 1709742.959819665178657 ], [ -455000.216837704065256, 1709653.9440257770475 ], [ -455031.315806361904833, 1709517.59658272517845 ], [ -454942.038602968037594, 1709617.163680167868733 ], [ -454866.271418657095637, 1709700.024737403960899 ], [ -454847.582431825459935, 1709720.463436766294762 ], [ -454755.985026457812637, 1709805.969721503090113 ], [ -454668.679387261450756, 1709864.817116499179974 ], [ -454558.177068348566536, 1709897.097730023786426 ], [ -454502.103653403697535, 1709960.995098053710535 ], [ -454436.737310333177447, 1710082.673764960141852 ], [ -454428.116919342777692, 1710099.785434855846688 ], [ -454396.371257523191161, 1710162.801579573890194 ], [ -454353.525796294445172, 1710201.47223755181767 ], [ -454279.292386875255033, 1710093.682142562000081 ], [ -454339.48183736455394, 1709975.726818918250501 ], [ -454388.435073326574638, 1709842.261962741846219 ], [ -454464.362760199815966, 1709626.51726546511054 ], [ -454474.477941146760713, 1709613.097212451277301 ], [ -454522.579446702729911, 1709549.279567081481218 ], [ -454682.540949177811854, 1709465.709006058517843 ], [ -454797.327918064722326, 1709406.757803878048435 ], [ -454919.451331464864779, 1709330.745758732082322 ], [ -455048.717240799742285, 1709210.279646847397089 ], [ -455119.606844688300043, 1709139.654692879179493 ], [ -455169.503922790347133, 1709010.412450677249581 ], [ -455217.421093526703771, 1708875.533192284870893 ], [ -455253.026808255002834, 1708763.813968898029998 ], [ -455271.635375755198766, 1708628.213373269187286 ], [ -455269.917137806012761, 1708461.619811619631946 ], [ -455218.066264686989598, 1708129.405622966354713 ], [ -455707.783602484094445, 1707789.051862577907741 ], [ -455761.609633556974586, 1708080.538074668729678 ], [ -455784.339238971529994, 1708508.373806068906561 ], [ -455768.573664204101078, 1708720.187142050359398 ], [ -455751.033928853343241, 1708886.096801843028516 ], [ -455688.498764503048733, 1709104.017397216055542 ], [ -455621.875671250221785, 1709261.985537051456049 ], [ -455500.27250024973182, 1709368.732814035145566 ], [ -455313.867372229520697, 1709577.003686796408147 ], [ -455072.441298741905484, 1709916.471183154499158 ] ], [ [ -454745.521494972519577, 1703099.645970572717488 ], [ -454716.436148582375608, 1703081.254703434417024 ], [ -454725.739902844652534, 1703023.458476167637855 ], [ -454741.815505278937053, 1702980.45253146160394 ], [ -454780.74967678199755, 1702909.212163158459589 ], [ -454814.499169633490965, 1702841.693899146281183 ], [ -454821.524984480056446, 1702655.81583558768034 ], [ -454831.911308004695456, 1702534.346885801292956 ], [ -454872.106426390819252, 1702426.81671824795194 ], [ -454910.157892648421694, 1702332.627507232129574 ], [ -454528.640382261422928, 1702626.662780440878123 ], [ -453996.475480208056979, 1702946.47861639293842 ], [ -454003.76032349083107, 1703043.444387472001836 ], [ -453994.632302926213015, 1703128.633019194239751 ], [ -453965.336472067516297, 1703196.86915551754646 ], [ -453879.978401601780206, 1703329.01081198756583 ], [ -453851.564805917907506, 1703420.194154970347881 ], [ -453843.866631976852659, 1703496.484792999690399 ], [ -453848.293522274354473, 1703611.234517789212987 ], [ -453838.443309374444652, 1703700.864641716005281 ], [ -453805.398554765735753, 1703763.935943950433284 ], [ -453756.488259895239025, 1703783.385415590368211 ], [ -453660.643194795469753, 1703781.552304562181234 ], [ -453532.299152760650031, 1703810.955191368237138 ], [ -453444.831925038655754, 1703842.406845111399889 ], [ -453393.063330243981909, 1703879.640702407574281 ], [ -453369.657759873603936, 1703939.708343475591391 ], [ -453396.389679385116324, 1704058.057595804100856 ], [ -453413.859822485421319, 1704120.184377014404163 ], [ -453400.27039520413382, 1704204.64116280246526 ], [ -453398.294774254201911, 1704245.373163326876238 ], [ -453392.90683819912374, 1704335.722607036586851 ], [ -453421.066048640699591, 1704445.193901397520676 ], [ -453492.42334091902012, 1704570.765330899041146 ], [ -453573.419091575371567, 1704693.343494719360024 ], [ -453632.650042020890396, 1704780.465536375530064 ], [ -453672.768703976122197, 1704900.994300002232194 ], [ -453705.014656227023806, 1705070.409813746344298 ], [ -453705.435789093375206, 1705071.429204968735576 ], [ -453767.616655110265128, 1705221.930030296789482 ], [ -453864.311952660733368, 1705360.73730533150956 ], [ -453926.032004990847781, 1705489.310164418304339 ], [ -454028.242746909847483, 1705679.174244418973103 ], [ -454095.685887043655384, 1705772.189027362735942 ], [ -454105.838671587232966, 1705851.36819261033088 ], [ -454086.182783119205851, 1705916.598447869066149 ], [ -454033.691018775571138, 1705958.273733292007819 ], [ -453987.090224636718631, 1705991.781961200525984 ], [ -453907.116790883650538, 1706033.570176385343075 ], [ -453844.985084035608452, 1706078.248119081836194 ], [ -453814.97474286518991, 1706150.924361607292667 ], [ -453804.818049669673201, 1706239.644793615210801 ], [ -453803.69574707938591, 1706249.44829579629004 ], [ -453851.86116651375778, 1706348.458631029818207 ], [ -453891.983976861345582, 1706468.974815198685974 ], [ -453925.767321094172075, 1706648.283131718635559 ], [ -453926.551940689620096, 1706652.447386851534247 ], [ -453926.687191714765504, 1706793.861702510621399 ], [ -453864.52285421139095, 1706952.553128676954657 ] ], [ [ -453814.964808048738632, 1709621.746763117378578 ], [ -453593.115506861300673, 1709549.35130765219219 ], [ -453444.251574317866471, 1709507.019675376592204 ], [ -453453.846833992924076, 1709345.954073030035943 ], [ -453455.016336924920324, 1709326.323526813881472 ], [ -453414.721553376293741, 1709178.423109545139596 ], [ -453351.062741144211031, 1708976.566292303148657 ], [ -453302.213935996231157, 1708767.981882534921169 ], [ -453289.16027435765136, 1708700.223947428166866 ], [ -453282.260924426314887, 1708664.411214939551428 ], [ -453302.663787643483374, 1708480.729780016699806 ], [ -453301.266639168839902, 1708444.483211415586993 ], [ -453299.125474622589536, 1708388.935394136002287 ], [ -453274.363943450269289, 1708229.863956602988765 ], [ -453243.993202065932564, 1708166.956626317230985 ], [ -453219.424305088934489, 1708116.06653700186871 ], [ -453184.268427431001328, 1708078.451062794309109 ], [ -453148.567249954736326, 1708072.668427896453068 ], [ -453170.543383955955505, 1708021.501475481316447 ], [ -453160.559110676811542, 1707969.714285294292495 ], [ -453092.231155978166498, 1707853.755159104242921 ], [ -453085.70019551506266, 1707841.796696194447577 ], [ -453032.115369990060572, 1707743.680115224095061 ], [ -452874.180968112777919, 1707509.669727289583534 ], [ -452873.155523893772624, 1707508.150374678662047 ], [ -452751.823284253652673, 1707351.683169995434582 ], [ -452554.642300649080426, 1707182.941686939448118 ], [ -452612.391154470853508, 1706909.510757702402771 ], [ -452673.578267568489537, 1706472.447009992320091 ], [ -452713.856022027670406, 1706136.88777861231938 ] ], [ [ -453513.921753169852309, 1702758.903362761251628 ], [ -453742.684639313083608, 1702389.980262860888615 ] ], [ [ -452853.41146431339439, 1705156.055906394263729 ], [ -453065.613561998354271, 1703666.990469043375924 ] ], [ [ -493819.531706792884506, 1668679.039940596558154 ], [ -493420.38550055352971, 1668945.671304754214361 ], [ -493345.62252480594907, 1669071.184968719258904 ], [ -493259.99917050881777, 1669199.850038745440543 ], [ -493194.237492633459624, 1669332.199391938978806 ], [ -493217.546173887036275, 1669372.66779216309078 ], [ -493299.507721130561549, 1669346.578433477785438 ], [ -493380.814026102074422, 1669268.74906644038856 ], [ -493468.947414502734318, 1669181.855535723967478 ], [ -493531.305139192321803, 1669095.339328939560801 ], [ -493632.161127269850112, 1668995.326215184759349 ], [ -493712.822507332079113, 1668865.737052744487301 ], [ -493782.941697905655019, 1668765.17811144515872 ], [ -493819.531706792884506, 1668679.039940596558154 ] ], [ [ -491613.288428740459494, 1688554.85743666253984 ], [ -491351.631737348739989, 1689750.061410782858729 ], [ -490417.746658784803003, 1688645.861921611241996 ], [ -490828.063726880820468, 1686822.533203124767169 ], [ -490867.782528507115785, 1686530.767463503638282 ], [ -490999.689072544744704, 1685561.812666953541338 ], [ -491211.266666707000695, 1684115.188129459740594 ], [ -491423.233890159637667, 1684754.030040698125958 ], [ -491509.05199713120237, 1684894.16804022481665 ], [ -491545.263253096782137, 1685277.161935601616278 ], [ -491551.366985541360918, 1685688.574178245849907 ], [ -491553.633253887179308, 1685737.461583544733003 ], [ -491580.325283624581061, 1686313.218281667213887 ], [ -491545.727200643799733, 1686566.996134027605876 ], [ -491453.588079534412827, 1686911.529492274625227 ], [ -491412.942362437141128, 1687499.272397011518478 ], [ -491445.013389469007961, 1687906.685372915118933 ], [ -491613.288428740459494, 1688554.85743666253984 ] ], [ [ -485178.000621058105025, 1686286.744846822693944 ], [ -485109.967731764307246, 1686362.141930953133851 ], [ -485041.287277270690538, 1686387.111436637816951 ], [ -484950.932539696572348, 1686431.281012621009722 ], [ -484859.829456925450359, 1686479.910526753636077 ], [ -484764.950164880370721, 1686550.752456921851262 ], [ -484573.03151429007994, 1686650.925842953380197 ], [ -484491.679756615136284, 1686669.183544715633616 ], [ -484436.467423725349363, 1686668.99043901800178 ], [ -484373.819930809317157, 1686658.38901554280892 ], [ -484301.518437736085616, 1686623.29120891331695 ], [ -484189.698917014407925, 1686576.937482606852427 ], [ -484115.135315417603124, 1686555.175810553366318 ], [ -484074.864144118560944, 1686548.358595841098577 ], [ -484061.387285715027247, 1686573.519127158215269 ], [ -484070.986437438579742, 1686625.45818071719259 ], [ -484135.799628853681497, 1686677.580849887104705 ], [ -484202.866918379382696, 1686716.36570583935827 ], [ -484241.637136400968302, 1686732.081752842990682 ], [ -484294.526297098142095, 1686773.042914592660964 ], [ -484324.239795675210189, 1686842.102473423350602 ], [ -484342.687422211514786, 1686950.409246243536472 ], [ -484379.897276533883996, 1687002.445305738598108 ], [ -484413.435253333416767, 1687021.838343630777672 ], [ -484499.915750992018729, 1687054.759256898192689 ], [ -484574.427129048446659, 1687103.953266247641295 ], [ -484693.63855524349492, 1687188.148202680749819 ], [ -484808.377403916034382, 1687271.592694049235433 ], [ -484902.249016701884102, 1687342.355169698130339 ], [ -484981.135391682328191, 1687447.175420547137037 ], [ -485036.893194408388808, 1687552.649702380644158 ], [ -485073.405798321648035, 1687625.618426656350493 ], [ -485091.897115659259725, 1687662.572348768822849 ], [ -485097.676021193095949, 1687764.166597730712965 ], [ -485072.1332870752085, 1687860.466208625119179 ], [ -485051.869000283244532, 1687925.64472178556025 ], [ -484981.527972874173429, 1688041.809721363708377 ], [ -484894.089798685861751, 1688123.059475172543898 ], [ -484860.307863856607582, 1688148.145397623302415 ], [ -484788.747252868139185, 1688201.284799455897883 ], [ -484611.81068358552875, 1688267.397960885427892 ], [ -484517.033003818127327, 1688283.382658507907763 ], [ -484417.722920296422672, 1688326.037709753960371 ], [ -484284.180268592259381, 1688326.317533668130636 ], [ -484169.340607192600146, 1688297.749054732965305 ], [ -484094.766723543056287, 1688275.986234137089923 ], [ -484000.096225800283719, 1688237.095723216654733 ], [ -483921.102415671455674, 1688187.150095601333305 ], [ -483812.351367894094437, 1688095.569452240597457 ], [ -483711.788797536573838, 1688009.957869302481413 ], [ -483674.586639053828549, 1687957.92341773561202 ], [ -483627.730469044297934, 1687881.393157560378313 ], [ -483604.652226813079324, 1687854.624654884915799 ], [ -483552.41073398233857, 1687864.079601309727877 ], [ -483467.979008460359182, 1687927.55090060713701 ], [ -483308.138796099752653, 1688028.565761962439865 ], [ -483217.778964385099243, 1688072.741148434579372 ], [ -483146.132462114852387, 1688088.059949167072773 ], [ -483061.053569175128359, 1688101.104744800133631 ], [ -483032.115161395980977, 1688100.756043611094356 ], [ -482973.765735343040433, 1688100.052969892974943 ], [ -482853.593816424894612, 1688130.034638677490875 ], [ -482756.606668229971547, 1688131.920275528216735 ], [ -482714.816811103431974, 1688133.998093754984438 ], [ -482674.544759001058992, 1688127.180007555289194 ], [ -482617.173932884354144, 1688085.466362649109215 ], [ -482570.320367473585065, 1688008.925541549688205 ], [ -482551.76752575323917, 1687955.485009928932413 ], [ -482522.809596747159958, 1687881.97738140122965 ], [ -482491.587588890106417, 1687821.815242202254012 ], [ -482434.218769636703655, 1687780.091418786440045 ], [ -482387.477501280838624, 1687754.620025569340214 ], [ -482324.662113782775123, 1687720.38909700117074 ], [ -482238.235141178476624, 1687660.033015964319929 ], [ -482147.328842598653864, 1687598.914882816839963 ], [ -482063.164891867898405, 1687525.222475233953446 ], [ -482010.277809315826744, 1687484.250106635969132 ], [ -481964.589482011797372, 1687457.785436194157228 ], [ -481926.006330763280857, 1687465.42231979733333 ], [ -481879.74561265198281, 1687466.7391273425892 ], [ -481823.839691007626243, 1687443.561083108419552 ], [ -481781.349502250028308, 1687422.654508992331102 ], [ -481721.461377090308815, 1687384.737349250586703 ], [ -481709.866703146486543, 1687305.032275293953717 ], [ -481660.540688277920708, 1687233.83482753788121 ], [ -481654.116557782923337, 1687224.562272341921926 ], [ -481607.117932668654248, 1687194.346839751815423 ], [ -481492.408721528016031, 1687145.079191774362698 ], [ -481417.00446906365687, 1687159.968580227810889 ], [ -481365.603658437961712, 1687132.767742322292179 ], [ -481343.936008909658995, 1687151.967460830695927 ], [ -481302.855601550312713, 1687177.029685605783015 ], [ -481301.18324276356725, 1687268.224269365426153 ], [ -481283.025249843776692, 1687402.354252339573577 ], [ -481237.363288925553206, 1687481.530463600065559 ], [ -481205.988272738701198, 1687503.666172000113875 ], [ -481134.387676457699854, 1687491.549047577660531 ], [ -481114.173636773077305, 1687529.293690836289898 ], [ -481130.460670506290626, 1687596.080510542495176 ], [ -481150.445299776038155, 1687748.623793018748984 ], [ -481152.520162136759609, 1687764.461101988330483 ], [ -481241.163238447858021, 1687838.916265774983913 ], [ -481379.83161649707472, 1687889.820554831530899 ], [ -481496.876974784769118, 1687932.500286507420242 ], [ -481622.07599683693843, 1688008.564649894833565 ], [ -481764.363818251469638, 1688119.532917561242357 ], [ -481831.384480096807238, 1688185.763041315600276 ], [ -481885.574795082269702, 1688327.567799983313307 ], [ -481972.581083778874017, 1688490.335690368898213 ], [ -481990.400564914452843, 1688523.671517302282155 ], [ -482096.089265941642225, 1688660.462207870325074 ], [ -482153.351665275287814, 1688757.049786689691246 ], [ -482192.718566939758603, 1688850.603954100515693 ], [ -482233.540041501051746, 1688962.702586754690856 ], [ -482299.381473747082055, 1689042.90929779666476 ], [ -482325.096507182635833, 1689074.234873007750139 ], [ -482385.377036854857579, 1689153.037474872078747 ], [ -482433.048002941184677, 1689197.698188309557736 ], [ -482456.77426454226952, 1689274.881530988728628 ], [ -482450.740044241480064, 1689310.449985058512539 ], [ -482429.772040493495297, 1689352.642460495000705 ], [ -482392.409440510557033, 1689382.903442680602893 ], [ -482349.11764796206262, 1689393.879139021970332 ], [ -482281.942718735837843, 1689409.947041329462081 ], [ -482265.493027932418045, 1689425.456898350734264 ], [ -482275.900166866369545, 1689445.513803571928293 ], [ -482338.550281994743273, 1689456.117281650658697 ], [ -482456.308858340315055, 1689521.779355608625337 ], [ -482530.122615357337054, 1689547.981080936267972 ], [ -482589.657473905070219, 1689631.233052871655673 ], [ -482668.544719028053805, 1689736.052430799230933 ], [ -482756.431675320724025, 1689814.941273413365707 ], [ -482899.328403193678241, 1690003.762286665616557 ], [ -482973.745194270333741, 1690107.820461511379108 ], [ -483030.958015169599093, 1690231.83711816673167 ], [ -483081.390793546335772, 1690395.870866278652102 ], [ -483107.080161085177679, 1690624.307856768136844 ], [ -483109.033500528254081, 1690775.561004963936284 ], [ -483091.581283780746162, 1690932.677639957517385 ], [ -483083.987257501401473, 1691004.563295449595898 ], [ -483058.389555892441422, 1691128.287749892799184 ], [ -483021.629285058239475, 1691236.404056191677228 ], [ -482955.108109300432261, 1691302.896701944759116 ], [ -482885.56195109221153, 1691387.171403629472479 ], [ -482839.146541059075389, 1691470.792391679249704 ], [ -482816.618228314793669, 1691549.301442060852423 ], [ -482826.122948452888522, 1691656.089957037707791 ], [ -482856.541111927537713, 1691748.128008009400219 ], [ -482920.543125927972142, 1691832.136203336063772 ], [ -483004.013603206316475, 1691882.841530164936557 ], [ -483053.144305944850203, 1691946.03450794541277 ], [ -483046.252429758140352, 1692040.901344427838922 ], [ -483005.019018976599909, 1692148.265628741122782 ], [ -482958.49987571244128, 1692286.736800129991025 ], [ -482907.973515468707774, 1692424.221209218259901 ], [ -482848.184628077200614, 1692384.032172126462683 ], [ -482772.940461096703075, 1692273.072535497136414 ], [ -482711.917930172523484, 1692087.211911869933829 ], [ -482645.469399275665637, 1691883.702394355321303 ], [ -482581.689314735471271, 1691714.08506280509755 ], [ -482642.786012962809764, 1691542.75723535567522 ], [ -482723.698618149734102, 1691364.366077008424327 ], [ -482809.739506597514264, 1691237.149675327818841 ], [ -482851.77930227201432, 1691097.914451726246625 ], [ -482889.339369752968196, 1690957.917151344008744 ], [ -482894.724278729758225, 1690871.935793157666922 ], [ -482892.061583770264406, 1690697.698747108923271 ], [ -482883.969071522529703, 1690636.875643159495667 ], [ -482880.508842765702866, 1690494.509293311974034 ], [ -482850.136850386799779, 1690375.037063417723402 ], [ -482804.086238721152768, 1690266.62884182529524 ], [ -482787.795860117068514, 1690199.844590555876493 ], [ -482746.865686425357126, 1690142.610744501464069 ], [ -482724.54140291310614, 1690111.394334747688845 ], [ -482680.647417367668822, 1690044.513117292663082 ], [ -482646.512843950244132, 1689947.273917313432321 ], [ -482632.431895821122453, 1689894.585344394436106 ], [ -482570.642336588178296, 1689824.6706634524744 ], [ -482484.256745422026142, 1689736.883365311194211 ], [ -482412.70669371529948, 1689697.336206712760031 ], [ -482340.356877424928825, 1689689.670142927439883 ], [ -482234.406321835820563, 1689690.040925467852503 ], [ -482151.595802387746517, 1689689.749553936067969 ], [ -482061.341930802445859, 1689679.048643385525793 ], [ -481993.510615683742799, 1689644.7001190665178 ], [ -481959.323882988130208, 1689574.891759401420131 ], [ -481938.608594086486846, 1689479.913311041658744 ], [ -481928.360512055223808, 1689377.571361571550369 ], [ -481980.003104116709437, 1689290.260376720922068 ], [ -482048.68765139428433, 1689265.295994861749932 ], [ -482106.866113687981851, 1689275.139263396151364 ], [ -482156.091744479199406, 1689283.470095177646726 ], [ -482189.676125310128555, 1689275.430513381958008 ], [ -482239.548556755529717, 1689229.617469516815618 ], [ -482247.96508444857318, 1689166.693637671647593 ], [ -482220.605535345326643, 1689087.044016978237778 ], [ -482175.522484814107884, 1689010.862158868461847 ], [ -482152.641745105793234, 1688968.412958435947075 ], [ -482140.405831107113045, 1688948.902353760320693 ], [ -482125.58730517415097, 1688925.273639887105674 ], [ -482106.886201961431652, 1688870.67263910965994 ], [ -482086.822949390276335, 1688823.542704629711807 ], [ -482058.107393573911395, 1688688.783160318387672 ], [ -482036.257841816113796, 1688652.948553859489039 ], [ -481956.709270292893052, 1688586.574965774081647 ], [ -481839.0746345227235, 1688486.896704377606511 ], [ -481793.521933229174465, 1688447.272888972656801 ], [ -481747.432617957005277, 1688407.18212104937993 ], [ -481657.90426247875439, 1688291.697193456348032 ], [ -481618.224915942759253, 1688230.511635832488537 ], [ -481544.690293643099722, 1688154.565224016783759 ], [ -481457.097813231521286, 1688058.395101974718273 ], [ -481331.152162187267095, 1687986.780459664994851 ], [ -481274.912458975682966, 1687964.715823814505711 ], [ -481249.144451013824437, 1687954.606140923453495 ], [ -481193.938876718399115, 1687954.411228508222848 ], [ -481131.236159545078408, 1687971.238790060859174 ], [ -481090.96253252128372, 1687964.429549614200369 ], [ -481030.630973915394861, 1687913.056857320712879 ], [ -480991.266788101755083, 1687819.501035601831973 ], [ -480993.685788268805481, 1687723.857233056565747 ], [ -480953.675614938896615, 1687579.885171271394938 ], [ -480920.403183386544697, 1687423.317611134843901 ], [ -480933.172766727395356, 1687375.173294004518539 ], [ -481032.329642566968687, 1687414.821872698143125 ], [ -481077.774856540607288, 1687445.375407449202612 ], [ -481104.630711417819839, 1687449.922746892552823 ], [ -481144.902326700568665, 1687456.741945701185614 ], [ -481181.457528775383253, 1687458.35187755478546 ], [ -481230.028702394221909, 1687416.255948102800176 ], [ -481257.030965936952271, 1687338.503444051137194 ], [ -481268.454916134127416, 1687216.94879131950438 ], [ -481279.069926457596011, 1687127.275134823983535 ], [ -481302.255214156059083, 1687099.179518285673112 ], [ -481356.006381120183505, 1687080.828980885446072 ], [ -481423.079337027971633, 1687119.627671647584066 ], [ -481449.622787071508355, 1687113.328576803673059 ], [ -481461.942976940132212, 1687080.467605481855571 ], [ -481391.446090266283136, 1687016.726497115567327 ], [ -481368.938249811879359, 1686950.386508256662637 ], [ -481395.141176702571101, 1686904.50598515290767 ], [ -481435.512725720822345, 1686856.458371217595413 ], [ -481438.638704902958125, 1686783.808318649185821 ], [ -481409.683053541404661, 1686710.299107818864286 ], [ -481345.680774807929993, 1686626.292505722958595 ], [ -481334.232610573177226, 1686602.912162117194384 ], [ -481311.497596290777437, 1686556.481097788084298 ], [ -481181.132232364383526, 1686456.660570794949308 ], [ -481086.565192545647733, 1686362.908365927636623 ], [ -481037.442682932829484, 1686299.709674560464919 ], [ -481060.682493079919368, 1686244.180841990280896 ], [ -481112.214778192457743, 1686211.742121327202767 ], [ -481227.102486893243622, 1686212.893463692627847 ], [ -481247.295437686145306, 1686217.405269086826593 ], [ -481311.372086432646029, 1686231.72225183295086 ], [ -481367.284842060995288, 1686254.902343094116077 ], [ -481429.931712634046562, 1686265.506733671063557 ], [ -481497.105744660249911, 1686249.428785527357832 ], [ -481552.364192547334824, 1686222.190315751126036 ], [ -481613.502999058691785, 1686241.681924663251266 ], [ -481661.917197344300803, 1686281.894783331081271 ], [ -481689.419055904378183, 1686336.859002048848197 ], [ -481719.884175133251119, 1686401.471117962151766 ], [ -481754.067720900697168, 1686471.282530206954107 ], [ -481782.368791734450497, 1686494.373633741866797 ], [ -481815.20693136472255, 1686490.773933332646266 ], [ -481796.655622070655227, 1686437.332169358152896 ], [ -481803.553721180709545, 1686342.44807069003582 ], [ -481826.938945526722819, 1686204.617504799738526 ], [ -481868.142187000368722, 1686118.906357291853055 ], [ -481869.634905025479384, 1686115.801209250232205 ], [ -481908.552053279126994, 1686049.206964837620035 ], [ -481968.337119642121252, 1685995.285649764351547 ], [ -482012.388232507451903, 1685979.871893871109933 ], [ -482028.020370533748064, 1685996.24142370489426 ], [ -482006.29930507845711, 1686042.87472905847244 ], [ -481944.143271873821504, 1686164.998371878871694 ], [ -481932.773965471715201, 1686259.122301642782986 ], [ -481914.662696317886002, 1686365.820554444333538 ], [ -481929.440209590480663, 1686441.505647089099512 ], [ -481955.434382290230133, 1686505.357246503001079 ], [ -482012.693400546326302, 1686601.947633779840544 ], [ -482101.335233365534805, 1686676.402719674864784 ], [ -482219.133029254851863, 1686714.633008108474314 ], [ -482268.356713613320608, 1686722.963669866323471 ], [ -482382.492020085104741, 1686728.551754944259301 ], [ -482545.205361420463305, 1686692.043575956718996 ], [ -482667.582246123231016, 1686676.167804295895621 ], [ -482764.575448845163919, 1686674.283296295208856 ], [ -482829.486862349731382, 1686671.540159053634852 ], [ -482865.286795440595597, 1686677.597782579949126 ], [ -482886.091862860892434, 1686717.71165934111923 ], [ -482911.332516576047055, 1686786.011315716197714 ], [ -482912.687663619464729, 1686859.423355838516727 ], [ -482911.82734659005655, 1686918.727559996536002 ], [ -482902.021247488679364, 1686976.530809721676633 ], [ -482891.461959958658554, 1687038.772732915589586 ], [ -482876.368016703170724, 1687127.695253915851936 ], [ -482841.071053297317121, 1687254.354703847551718 ], [ -482814.060975535190664, 1687332.116914108628407 ], [ -482788.461346634023357, 1687455.84801092906855 ], [ -482782.32973331771791, 1687546.27371629117988 ], [ -482792.446453068871051, 1687644.403924720594659 ], [ -482796.247313438158017, 1687681.271126292878762 ], [ -482802.129303134977818, 1687728.000444646226242 ], [ -482792.316662460914813, 1687785.791607470950112 ], [ -482778.792113333824091, 1687838.394754156004637 ], [ -482776.434857993852347, 1687890.873287762515247 ], [ -482815.941807580413297, 1687917.852281551575288 ], [ -482879.299845650559291, 1687951.44014781108126 ], [ -482932.997561038646381, 1687960.520903358934447 ], [ -483005.397177611943334, 1687940.763638474745676 ], [ -483072.580426088941749, 1687924.685856176773086 ], [ -483124.605268747953232, 1687906.278981925453991 ], [ -483195.014187121705618, 1687881.367547199130058 ], [ -483268.976188572822139, 1687825.280396221205592 ], [ -483298.896085858985316, 1687784.598642867524177 ], [ -483375.173449727415573, 1687687.742621883284301 ], [ -483420.832713782787323, 1687608.564674488268793 ], [ -483453.821003946999554, 1687522.675421448424459 ], [ -483478.558170805452392, 1687458.257589200744405 ], [ -483521.901939381670672, 1687419.848129795864224 ], [ -483580.07863491558237, 1687429.690029254183173 ], [ -483631.51204031315865, 1687452.116128618596122 ], [ -483699.288152851164341, 1687513.896362261846662 ], [ -483768.42243615334155, 1687649.078038009814918 ], [ -483831.515411619737279, 1687819.827363381627947 ], [ -483873.900258706184104, 1687895.597340276697651 ], [ -483960.274341270793229, 1687983.393461698200554 ], [ -484098.198352661624085, 1688038.742004021303728 ], [ -484164.565625117218588, 1688054.542691184440628 ], [ -484213.792149825312663, 1688062.861972873099148 ], [ -484326.473247018584516, 1688049.911758627509698 ], [ -484401.136113598593511, 1688016.806762236868963 ], [ -484410.64492763672024, 1688012.284896272234619 ], [ -484486.258955535071436, 1687976.326466043014079 ], [ -484637.758772910747211, 1687951.637621664674953 ], [ -484707.903775429585949, 1687945.215673791477457 ], [ -484780.356901690538507, 1687898.013913783011958 ], [ -484876.693986457481515, 1687845.708694452652708 ], [ -484925.262874261417892, 1687803.609894112451002 ], [ -484966.394768759841099, 1687751.112847485812381 ], [ -484985.202547993219923, 1687667.399022866273299 ], [ -484960.013090830121655, 1687571.658232091926038 ], [ -484935.597857300308533, 1687517.446888772305101 ], [ -484933.260519199597184, 1687512.257155035622418 ], [ -484889.367390738567337, 1687445.374722496140748 ], [ -484814.102411648316775, 1687400.620312486309558 ], [ -484718.721537061675917, 1687338.755032611312345 ], [ -484652.45232407154981, 1687268.088117428822443 ], [ -484589.909901285078377, 1687202.621502004563808 ], [ -484491.514502427075058, 1687158.530834458302706 ], [ -484371.442799764394294, 1687133.649640621850267 ], [ -484314.073741762433201, 1687091.926953438203782 ], [ -484256.757801072148141, 1687022.771647263783962 ], [ -484248.665891752869356, 1686961.945346897700801 ], [ -484245.800179246172775, 1686897.430561119457707 ], [ -484210.859013864188455, 1686832.069251005537808 ], [ -484167.668812933203299, 1686788.170123270014301 ], [ -484076.717504712170921, 1686754.488190898904577 ], [ -484008.134542536572553, 1686724.589332457631826 ], [ -483961.226139231759589, 1686675.490801057778299 ], [ -483927.040251676458865, 1686605.680438291979954 ], [ -483892.199858516338281, 1686485.441656427690759 ], [ -483837.147381916176528, 1686402.949122056365013 ], [ -483834.236963055212982, 1686365.86809842614457 ], [ -483920.761331034183968, 1686371.355887856800109 ], [ -484046.765314231335651, 1686415.545050111133605 ], [ -484153.403505286958534, 1686438.153321156045422 ], [ -484229.421280912472866, 1686478.460314798401669 ], [ -484319.62740436947206, 1686516.582193288719282 ], [ -484397.854598794830963, 1686570.985651660943404 ], [ -484520.941924151673447, 1686578.081857414916158 ], [ -484597.820433725952171, 1686559.073749774135649 ], [ -484727.74697734444635, 1686498.727425687713549 ], [ -484792.755532477109227, 1686441.114869430661201 ], [ -484874.158060830959585, 1686395.433566266903654 ], [ -484945.102293404634111, 1686357.117919936543331 ], [ -485008.609700890083332, 1686308.403789511881769 ], [ -485048.986374087573495, 1686260.354296613484621 ], [ -485088.654642697365489, 1686189.308958307141438 ], [ -485178.000621058105025, 1686286.744846822693944 ] ], [ [ -482969.71570091182366, 1688022.365560825681314 ], [ -482901.570825557166245, 1688010.830376403406262 ], [ -482827.065707577567082, 1687985.171885987510905 ], [ -482760.405507088289596, 1687939.069193426053971 ], [ -482738.490104528260417, 1687887.478992126183584 ], [ -482721.554476134944707, 1687832.37202637293376 ], [ -482711.890092608111445, 1687682.739759660558775 ], [ -482709.840223065693863, 1687661.568431168328971 ], [ -482700.749182808562182, 1687567.675870405044407 ], [ -482705.20677251170855, 1687463.953634154750034 ], [ -482681.757188695133664, 1687473.044738431693986 ], [ -482663.847962450177874, 1687552.729387589264661 ], [ -482654.420334221678786, 1687659.95938062411733 ], [ -482654.949709923297632, 1687672.973845709348097 ], [ -482657.807821879221592, 1687743.237477331887931 ], [ -482668.336349492485169, 1687810.315341040259227 ], [ -482681.682088253495749, 1687886.570058287354186 ], [ -482701.442514768103138, 1687950.854973930167034 ], [ -482734.752721611585002, 1687986.959087736206129 ], [ -482773.032909710251261, 1688019.555262239184231 ], [ -482840.459654779871926, 1688035.322143943514675 ], [ -482919.282551101816352, 1688035.592855555005372 ], [ -482969.71570091182366, 1688022.365560825681314 ] ], [ [ -482503.702035370515659, 1686936.579630461521447 ], [ -482503.001067796256393, 1686913.595663975691423 ], [ -482466.501716460566968, 1686884.543992526130751 ], [ -482426.228646881354507, 1686877.735584480455145 ], [ -482338.942369417054579, 1686876.683255531825125 ], [ -482232.303642569459043, 1686854.071969092357904 ], [ -482096.600594039773569, 1686812.816959721734747 ], [ -482035.694696581864264, 1686772.198604058707133 ], [ -482013.893534647824708, 1686757.659291142132133 ], [ -481943.857382288842928, 1686709.213127107126638 ], [ -481855.21566562296357, 1686634.757773693650961 ], [ -481785.999076981155667, 1686594.534301809035242 ], [ -481731.537343352567405, 1686549.796956333797425 ], [ -481706.24396827572491, 1686508.929407940944657 ], [ -481669.697508137964178, 1686507.321221704827622 ], [ -481611.413260717410594, 1686552.343215435510501 ], [ -481598.043863228231203, 1686522.637417472666129 ], [ -481619.819546544924378, 1686448.571753585478291 ], [ -481672.378836492134724, 1686406.373107452178374 ], [ -481666.93456157046603, 1686387.939335967646912 ], [ -481634.961564554658253, 1686332.2145973702427 ], [ -481621.592126947653014, 1686302.508797734044492 ], [ -481582.829181841341779, 1686286.802592302206904 ], [ -481551.500741465308238, 1686281.50481831189245 ], [ -481521.635904734837823, 1686294.743708873400465 ], [ -481447.727749790588859, 1686323.397408519173041 ], [ -481391.760622510453686, 1686327.650158471427858 ], [ -481350.785986893984955, 1686320.718293379526585 ], [ -481324.640788438322488, 1686316.295208263909444 ], [ -481230.665566804236732, 1686300.392600543331355 ], [ -481189.639781754347496, 1686298.022374830208719 ], [ -481185.11252931097988, 1686324.704491034150124 ], [ -481213.368716322118416, 1686375.22017648210749 ], [ -481359.367819517035969, 1686491.400456005008891 ], [ -481415.872881630319171, 1686592.430025650188327 ], [ -481472.384509468800388, 1686693.470634011318907 ], [ -481473.746062042540871, 1686700.8378268298693 ], [ -481491.580456721712835, 1686797.33888913388364 ], [ -481466.841259244014509, 1686861.756169761065394 ], [ -481436.86780731799081, 1686929.860217727022246 ], [ -481415.899340202799067, 1686972.053938301280141 ], [ -481438.221351300540846, 1687003.271971072070301 ], [ -481482.265037569508422, 1686987.85747423931025 ], [ -481522.59226733451942, 1686967.233878852799535 ], [ -481576.287379177461844, 1686976.32565218070522 ], [ -481604.544452862115577, 1687026.84069517115131 ], [ -481626.866577433422208, 1687058.058652619365603 ], [ -481722.99763465882279, 1687115.48961486807093 ], [ -481775.346994764287956, 1687051.170896967640147 ], [ -481835.13288131612353, 1686997.250573807163164 ], [ -481838.5381259713904, 1686996.938905545510352 ], [ -481905.26926451921463, 1686990.830324516398832 ], [ -481986.576673193252645, 1687000.010294349165633 ], [ -482058.222495957743376, 1686984.692351114470512 ], [ -482195.487613127974328, 1686989.627414918970317 ], [ -482288.001789934525732, 1686986.981920696329325 ], [ -482403.645394333056174, 1686983.682568778749555 ], [ -482452.17000313103199, 1686969.019272457575426 ], [ -482501.439523556327913, 1686949.91581867961213 ], [ -482503.702035370515659, 1686936.579630461521447 ] ], [ [ -482072.586736625235062, 1690046.831757606938481 ], [ -482059.002058182668407, 1690126.853015973931178 ], [ -482023.10146961157443, 1690175.658945318544284 ], [ -481966.979106159938965, 1690262.206935299793258 ], [ -481897.151637663133442, 1690109.27154131163843 ], [ -481851.74977489002049, 1689979.414342602714896 ], [ -481819.0992407684098, 1689808.745192591566592 ], [ -481793.296319318935275, 1689659.016391626792029 ], [ -481695.176869416085538, 1689504.314509487943724 ], [ -481607.426948304579128, 1689418.790230426937342 ], [ -481550.787617240392137, 1689363.587179180700332 ], [ -481453.067646811134182, 1689240.997394731966779 ], [ -481254.37694923375966, 1689023.472765396349132 ], [ -481066.630503707972821, 1688791.065419683698565 ], [ -480905.989088622212876, 1688646.846884479047731 ], [ -480865.822260668093804, 1688591.808022529818118 ], [ -480670.816321080783382, 1688411.027303218143061 ], [ -480567.298370841715951, 1688315.059980635996908 ], [ -480362.76692112814635, 1688132.227890645852312 ], [ -480581.807271608442534, 1688143.535378648899496 ], [ -480801.883685110136867, 1688148.76688694441691 ], [ -480963.73833814781392, 1688171.576837090309709 ], [ -481150.222841059556231, 1688184.844811829738319 ], [ -481330.38340432633413, 1688214.022858420852572 ], [ -481453.664731973665766, 1688295.639154721284285 ], [ -481553.522788280621171, 1688358.279884856427088 ], [ -481773.381302337103989, 1688508.041608751984313 ], [ -481816.902379857725464, 1688556.035019514383748 ], [ -481867.420639048097655, 1688611.744469252415001 ], [ -481936.513516026490834, 1688659.797719676978886 ], [ -482034.382723008980975, 1688766.293213131371886 ], [ -482028.066839742590673, 1688816.696435012156144 ], [ -481988.736261919722892, 1688872.292935151373968 ], [ -482007.579275658703409, 1688910.747398183681071 ], [ -482018.685659710608888, 1688953.797517280559987 ], [ -482008.880738238571212, 1689011.588859225157648 ], [ -482002.846152556769084, 1689047.157255042577162 ], [ -482016.97151951782871, 1689072.413337812526152 ], [ -482015.557607758266386, 1689097.301825330592692 ], [ -482014.655461356393062, 1689113.18076227651909 ], [ -481995.896087525703479, 1689169.469428118783981 ], [ -481936.865631255030166, 1689218.929514025337994 ], [ -481882.96048594743479, 1689319.576128238579258 ], [ -481872.993086795904674, 1689459.671737203374505 ], [ -481883.948818289034534, 1689585.007962757255882 ], [ -481904.764611346414313, 1689625.112002778565511 ], [ -481939.003211252507754, 1689667.49845175165683 ], [ -481981.190667881804984, 1689731.368384334724396 ], [ -481986.61440677777864, 1689739.579585435334593 ], [ -482034.93361489038216, 1689834.654866255121306 ], [ -482051.169581771129742, 1689928.871003780979663 ], [ -482072.586736625235062, 1690046.831757606938481 ] ], [ [ -482043.545019847224467, 1685001.54970825696364 ], [ -482041.750108717300463, 1684966.998692299239337 ], [ -482016.991286710952409, 1684932.367991129867733 ], [ -481958.676060023659375, 1684914.892275787889957 ], [ -481920.825052058848087, 1684912.294183768099174 ], [ -481876.063339746149722, 1684950.384999940404668 ], [ -481857.410418400831986, 1684970.061100372811779 ], [ -481857.361157156294212, 1684992.87928088195622 ], [ -481869.74868718610378, 1685010.195962228812277 ], [ -481898.902333903883118, 1685018.933240544516593 ], [ -481939.21844044077443, 1685029.563965602777898 ], [ -481976.448578215029556, 1685035.862258589128032 ], [ -482019.280718464055099, 1685031.697422885801643 ], [ -482043.545019847224467, 1685001.54970825696364 ] ], [ [ -480828.901148755860049, 1691955.520402641734108 ], [ -480784.129112134105526, 1692080.558810844318941 ], [ -480754.702657532528974, 1692161.388226959854364 ], [ -480754.440291720326059, 1692301.74675984820351 ], [ -480604.520925371383782, 1692167.175999520812184 ], [ -480351.507536767632701, 1692038.553950594505295 ], [ -480431.970383828447666, 1691888.352857133606449 ], [ -480433.523231344704982, 1691740.409178912639618 ], [ -480401.965058651927393, 1691602.459391758078709 ], [ -480325.810241637344006, 1691495.958102312404662 ], [ -480258.578993890259881, 1691383.173845403827727 ], [ -480168.624546521052253, 1691172.935255535179749 ], [ -480031.67026108095888, 1690915.73287559999153 ], [ -479869.064803401241079, 1690763.406138547696173 ], [ -479710.060996467946097, 1690728.696860634023324 ], [ -479505.161080747726373, 1690733.028634601272643 ], [ -479354.982236083771568, 1690738.81399534875527 ], [ -479209.859654811909422, 1690761.05970526766032 ], [ -479110.625379284028895, 1690744.262332888552919 ], [ -478972.033341304399073, 1690681.803803546819836 ], [ -478893.311143854691181, 1690590.470172367990017 ], [ -478838.952489915187471, 1690401.854201290057972 ], [ -478821.65050331299426, 1690133.697609326569363 ], [ -478878.199395079398528, 1689846.832720088073984 ], [ -478951.29858826630516, 1689554.974066169001162 ], [ -478937.773885847534984, 1689310.851039342582226 ], [ -478870.726487910142168, 1689104.479038221761584 ], [ -478740.035156667523552, 1688902.945352651178837 ], [ -478653.757781851512846, 1688752.062627598410472 ], [ -478785.967281563673168, 1688510.737858216278255 ], [ -478978.882485630863812, 1688737.415898286970332 ], [ -479056.745370369462762, 1688856.373329660622403 ], [ -479084.714217805012595, 1689000.280589192872867 ], [ -479099.6213704799884, 1689190.029179365606979 ], [ -479121.710322837170679, 1689615.013975007459521 ], [ -479190.976843761862256, 1689993.378326458623633 ], [ -479289.663582861830946, 1690290.91847811662592 ], [ -479387.516858225222677, 1690362.080426270375028 ], [ -479457.11405003129039, 1690391.239686108427122 ], [ -479565.565144101798069, 1690423.420333872316405 ], [ -479677.484221145510674, 1690457.957922583213076 ], [ -479905.197365057480056, 1690504.290183114819229 ], [ -480050.227392599335872, 1690528.832810347899795 ], [ -480154.509775346552487, 1690562.087960079545155 ], [ -480245.934943626984023, 1690671.163658516248688 ], [ -480271.052428286289796, 1690847.039092682301998 ], [ -480336.645810348563828, 1691154.560822143685073 ], [ -480413.907016404729802, 1691347.0572618865408 ], [ -480450.695686319028027, 1691407.887401422020048 ], [ -480535.860134593909606, 1691461.294955275952816 ], [ -480629.856933536648285, 1691555.208614177070558 ], [ -480721.366170624445658, 1691617.501524759456515 ], [ -480794.86210795637453, 1691785.951928720111027 ], [ -480828.901148755860049, 1691955.520402641734108 ] ], [ [ -478065.821232615679037, 1685022.443315712036565 ], [ -478030.425693094264716, 1685145.768161890096962 ], [ -477982.947622321720701, 1685311.190056689316407 ], [ -477898.347530407423619, 1685543.564051053021103 ], [ -477929.705370062845759, 1685736.996479566441849 ], [ -477771.365846346539911, 1685594.826927414396778 ], [ -477516.272272563888691, 1685436.273645069682971 ], [ -477215.722403749881778, 1685154.64807677664794 ], [ -477047.446956070198212, 1684985.209727789275348 ], [ -477038.634697768022306, 1684976.336564018158242 ], [ -476779.65817048388999, 1684742.956154412124306 ], [ -476684.66081902111182, 1684520.849509357940406 ], [ -476527.78524225752335, 1684321.224466619547457 ], [ -476365.368573956598993, 1684203.077593389200047 ], [ -476291.742150307516567, 1684038.123150732601061 ], [ -476372.502944647101685, 1683894.795729813165963 ], [ -476502.306488851434551, 1683927.980081593617797 ], [ -476554.635496586910449, 1684026.590807486791164 ], [ -476604.215456005476881, 1684159.710432789055631 ], [ -476667.125988529005554, 1684249.333029491361231 ], [ -476729.959414977172855, 1684264.101552456850186 ], [ -476910.923096772690769, 1684317.111998620675877 ], [ -476953.287140620115679, 1684329.521806543925777 ], [ -477328.004619455256034, 1684449.024524366017431 ], [ -477574.207539223018102, 1684490.697922244202346 ], [ -477668.100365975406021, 1684506.590336684836075 ], [ -477889.915590129035991, 1684642.200922162504867 ], [ -477964.99312108400045, 1684762.716595493489876 ], [ -478035.023432356480043, 1684871.458639713935554 ], [ -478065.821232615679037, 1685022.443315712036565 ] ], [ [ -477198.469871693465393, 1689865.507396566681564 ], [ -477052.968656288692728, 1689918.698255417635664 ], [ -476891.341232489270624, 1690062.377453127643093 ], [ -476880.560563982813619, 1690097.155604456784204 ], [ -476843.672796185128391, 1690216.153671409003437 ], [ -476839.61581766459858, 1690229.241430603899062 ], [ -476832.305394303519279, 1690235.35045460681431 ], [ -476773.434950200899038, 1690284.546634398167953 ], [ -476681.970187972823624, 1690264.455909002106637 ], [ -476619.884173788537737, 1690148.807629215298221 ], [ -476685.220041553722695, 1690032.778989596059546 ], [ -476695.320795593375806, 1689942.01952148322016 ], [ -476651.223339244257659, 1689929.484117159852758 ], [ -476631.610691767360549, 1689969.852912420872599 ], [ -476569.445985592610668, 1690095.533733448246494 ], [ -476508.313936024380382, 1690141.136249012080953 ], [ -476459.637788660707884, 1690046.2824538317509 ], [ -476527.617233750876039, 1689931.843811654020101 ], [ -476532.686561231210362, 1689871.057959401980042 ], [ -476459.789230595168192, 1689923.034508416661993 ], [ -476409.784161016053986, 1689976.276995584135875 ], [ -476350.686700342863332, 1689976.632666230900213 ], [ -476287.843038184859324, 1689981.589895841898397 ], [ -476257.03458370215958, 1689984.020119569962844 ], [ -476146.691998077556491, 1690029.710181084927171 ], [ -476028.460397575516254, 1690061.222887398209423 ], [ -475955.145167001173832, 1690115.684805209515616 ], [ -475928.860544143768493, 1690165.209373338613659 ], [ -475898.383954916207585, 1690239.705103937769309 ], [ -475860.900807650468778, 1690264.230859621893615 ], [ -475768.103762666054536, 1690251.229251928627491 ], [ -475702.820440933399368, 1690212.017757096095011 ], [ -475689.574220886046533, 1690153.290646490640938 ], [ -475740.222597777494229, 1690011.34784210473299 ], [ -475740.299159097135998, 1690011.133415106683969 ], [ -475748.090077735658269, 1689957.652037879917771 ], [ -475638.360536742955446, 1689846.765458193141967 ], [ -475611.15256140078418, 1689641.674989311257377 ], [ -475674.6161599647603, 1689424.426203328184783 ], [ -475677.607734127494041, 1689414.185498489299789 ], [ -475580.258107604924589, 1689061.403263674350455 ], [ -475656.373408865940291, 1688976.561586420051754 ], [ -475759.218558383639902, 1688769.70586746931076 ], [ -475813.740315337665379, 1688725.620640741661191 ], [ -475878.180822825059295, 1688733.781022772425786 ], [ -475931.058785656583495, 1688821.226978069636971 ], [ -475896.027503112447448, 1688961.060961421811953 ], [ -475862.842682707472704, 1689089.995176234282553 ], [ -475877.384710183599964, 1689137.315327749820426 ], [ -475984.829586751409806, 1689078.095817847410217 ], [ -476001.904760167002678, 1689068.684562999522313 ], [ -476264.035368950280827, 1688787.884450274752453 ], [ -476583.395213262469042, 1689167.121528200572357 ], [ -476963.035963225818705, 1689590.183260184479877 ], [ -477198.469871693465393, 1689865.507396566681564 ] ], [ [ -474681.431916801840998, 1682690.051883910316974 ], [ -474610.825075679749716, 1682785.534706813981757 ], [ -474598.398929714690894, 1682827.124149196781218 ], [ -474607.307417707634158, 1682895.03163373703137 ], [ -474589.91339463746408, 1682927.812615290284157 ], [ -474549.868625058967154, 1682953.817634713836014 ], [ -474510.036258516891394, 1682994.193776266183704 ], [ -474529.510833631560672, 1683039.658356931526214 ], [ -474551.628566963190679, 1683085.018854459747672 ], [ -474556.848546784953214, 1683142.425213215174153 ], [ -474515.842798134195618, 1683222.708681408781558 ], [ -474454.413259453955106, 1683262.532064675819129 ], [ -474401.004432496964, 1683286.008823975687847 ], [ -474387.937873489339836, 1683310.395445779897273 ], [ -474413.881443701917306, 1683350.250175876775756 ], [ -474464.38733330409741, 1683403.126681045396253 ], [ -474483.578377464669757, 1683447.741841030307114 ], [ -474459.891701308952179, 1683482.144309287890792 ], [ -474400.173725371598266, 1683516.0053677984979 ], [ -474355.15111388952937, 1683556.016710832249373 ], [ -474340.588778513774741, 1683606.742863807361573 ], [ -474340.496662447636481, 1683649.44090552860871 ], [ -474340.474087952869013, 1683659.915228820871562 ], [ -474353.851336462481413, 1683721.277995751239359 ], [ -474282.414394360210281, 1683916.367318684468046 ], [ -474245.856161989562679, 1683971.901506201596931 ], [ -474205.318028436915483, 1684000.491171318339184 ], [ -474161.467814157891553, 1683996.019424657570198 ], [ -474065.15670750051504, 1683950.162394772050902 ], [ -474002.082212609937415, 1683918.803751418134198 ], [ -473961.085478514141869, 1683932.544753042049706 ], [ -473834.697105519182514, 1683964.178180951857939 ], [ -473793.2132129217498, 1684013.538389623397961 ], [ -473752.584649298340082, 1684074.536664882907644 ], [ -473655.536245627619792, 1684155.623580198734999 ], [ -473613.582591210550163, 1684174.591025683563203 ], [ -473555.675740210630465, 1684200.770800238009542 ], [ -473504.791088094818406, 1684246.208379925694317 ], [ -473434.630311905522831, 1684378.751645392971113 ], [ -473432.491298106964678, 1684420.42382464883849 ], [ -473384.718971748428885, 1684457.030114424647763 ], [ -473312.380301810509991, 1684480.583506111986935 ], [ -473232.954039119591471, 1684417.220329424133524 ], [ -473186.729271393094677, 1684361.298998412908986 ], [ -473165.515618536272086, 1684309.009477577870712 ], [ -473183.054620867536869, 1684206.850904801627621 ], [ -473162.564709268510342, 1684121.518309098435566 ], [ -473136.934119605808519, 1684029.153975271852687 ], [ -473176.560374150692951, 1683950.578527757897973 ], [ -473231.1800272265682, 1683919.504491612780839 ], [ -473313.701844840019476, 1683853.032154933782294 ], [ -473277.291512747644447, 1683680.302838637726381 ], [ -473311.350564965920057, 1683527.766253224108368 ], [ -473303.140523030073382, 1683455.553297242149711 ], [ -473337.866807311424054, 1683358.450571578927338 ], [ -473364.675151620584074, 1683332.902030440280214 ], [ -473513.787371433980297, 1683235.416498684324324 ], [ -473614.347555064363405, 1683209.560626255348325 ], [ -473679.530599463614635, 1683156.651603430509567 ], [ -473699.676830570737366, 1683103.697639652295038 ], [ -473693.695059034100268, 1683027.577006223145872 ], [ -473682.452494074008428, 1682955.710041301324964 ], [ -473675.591551341407467, 1682911.852204677881673 ], [ -473692.09457586548524, 1682858.286232765298337 ], [ -473726.818022864696104, 1682830.312714925501496 ], [ -473763.353761348524131, 1682813.904926766641438 ], [ -473810.83367306139553, 1682799.345051202457398 ], [ -473875.957520080555696, 1682791.501841621939093 ], [ -473967.917069542279933, 1682735.5810909839347 ], [ -474013.624549446860328, 1682686.908814360154793 ], [ -474041.792355906916782, 1682598.229838030412793 ], [ -474081.040804700984154, 1682464.772772054187953 ], [ -474094.351226141443476, 1682384.951541927875951 ], [ -474176.063943911693059, 1682255.946329693542793 ], [ -474197.437606469145976, 1682195.679594486951828 ], [ -474213.465618654154241, 1682124.572598927188665 ], [ -474450.853052205929998, 1682387.279568671248853 ], [ -474552.840267138089985, 1682470.481943464837968 ], [ -474681.431916801840998, 1682690.051883910316974 ] ], [ [ -474325.03284162847558, 1688083.004332141019404 ], [ -474305.378821742604487, 1688108.322136935312301 ], [ -474268.972797894501127, 1688128.625744942575693 ], [ -474214.028764113667421, 1688141.403875278076157 ], [ -474170.163277731044218, 1688140.64276130660437 ], [ -474067.8208570885472, 1688121.257342523895204 ], [ -473994.002015197416767, 1688115.466568179661408 ], [ -473913.416751705284696, 1688097.532694875029847 ], [ -473826.774168376752641, 1688076.380180540727451 ], [ -473778.912948962417431, 1688063.236104416660964 ], [ -473723.72920282476116, 1688048.080931818578392 ], [ -473650.649152257945389, 1688024.792689352994785 ], [ -473595.757509175862651, 1687997.96453516324982 ], [ -473548.379259136680048, 1687952.585433513158932 ], [ -473493.504163624427747, 1687912.561767023988068 ], [ -473381.361911243118811, 1687851.093165536643937 ], [ -473327.086499619414099, 1687803.165924843167886 ], [ -473290.761163105256855, 1687757.451323834946379 ], [ -473244.479871207033284, 1687692.443745770258829 ], [ -473216.031663792848121, 1687642.746225438080728 ], [ -473127.473652454442345, 1687504.323340912582353 ], [ -473060.276602127240039, 1687457.25914470711723 ], [ -473013.982977049599867, 1687392.2285394994542 ], [ -473002.412729269708507, 1687363.177935785148293 ], [ -472971.219261492020451, 1687284.85858209989965 ], [ -472951.602695388603024, 1687210.003680591704324 ], [ -472915.275458428426646, 1687064.352876757038757 ], [ -472874.790092676877975, 1686985.993390511255711 ], [ -472781.082283962750807, 1686819.972863661358133 ], [ -472700.889728716923855, 1686743.541877832263708 ], [ -472676.270767734327819, 1686720.077634284505621 ], [ -472601.509782524197362, 1686696.789845061954111 ], [ -472526.83712097076932, 1686664.761720063630491 ], [ -472263.06881502980832, 1686582.696679649408907 ], [ -472096.820980197109748, 1686502.064089080318809 ], [ -472043.840421288565267, 1686476.367626192746684 ], [ -471846.059543212060817, 1686387.929925102274865 ], [ -471762.903401375806425, 1686350.746390935499221 ], [ -471673.838414514262695, 1686279.78872282942757 ], [ -471580.692606966942549, 1686131.754856406943873 ], [ -471558.238624018500559, 1685888.159938895376399 ], [ -471551.546111672534607, 1685815.553866715403274 ], [ -471539.617315223033074, 1685631.053460576804355 ], [ -471541.54124980798224, 1685491.832916523329914 ], [ -471301.518613455584273, 1685432.468184305354953 ], [ -471215.646125595434569, 1685405.997376714134589 ], [ -471091.029961141524836, 1685367.58333233371377 ], [ -470937.137926107039675, 1685220.685890178428963 ], [ -470954.759480809327215, 1685065.180563829140738 ], [ -470982.212173431704286, 1684932.541325618512928 ], [ -471063.956651692686137, 1684537.585538507672027 ], [ -471100.382221933396067, 1684136.833163534523919 ], [ -471146.530559122154955, 1683954.017299624159932 ], [ -471227.453706162050366, 1683842.660703811096027 ], [ -471468.484244347200729, 1684059.598646866157651 ], [ -471353.950407003343571, 1684220.62139053712599 ], [ -471286.89432572881924, 1684435.970716630108654 ], [ -471152.628507685381919, 1684990.258394534932449 ], [ -471155.019991973531432, 1685024.205795147456229 ], [ -471163.276185780647211, 1685141.401801404776052 ], [ -471241.56318241491681, 1685257.552723450353369 ], [ -471341.546758657088503, 1685367.050299691967666 ], [ -471367.213313456741162, 1685369.676269449293613 ], [ -471498.40814969985513, 1685383.09851827356033 ], [ -471550.073132032004651, 1685364.457032744772732 ], [ -471586.069629084784538, 1685351.468895907280967 ], [ -471579.525422923150472, 1685238.074960911413655 ], [ -471529.661570093245246, 1685105.089136631926522 ], [ -471553.216455784102436, 1684964.83374498039484 ], [ -471559.503223773499485, 1684942.290923756081611 ], [ -471643.772549738991074, 1684640.122295001987368 ], [ -471749.349361227767076, 1684317.93178392550908 ], [ -471814.388419114635326, 1684359.757023764075711 ], [ -471982.767455591005273, 1684491.039202637737617 ], [ -471851.536663196457084, 1684793.814772746991366 ], [ -471832.159137132926844, 1684918.750759434653446 ], [ -471806.889051308156922, 1685081.67913256934844 ], [ -471819.25079491379438, 1685227.753499708371237 ], [ -471854.388293197320309, 1685348.100366527680308 ], [ -472004.199712143745273, 1685598.478404302615672 ], [ -472072.707491143606603, 1685708.894439000636339 ], [ -472160.429774434946012, 1685850.278239562176168 ], [ -472197.289088013174478, 1685909.688516071299091 ], [ -472231.454625785467215, 1685940.474005683790892 ], [ -472424.379381325677969, 1686048.016345476964489 ], [ -472452.734520290279761, 1686092.140280143124983 ], [ -472470.038712815206964, 1686159.44587338808924 ], [ -472489.704431158490479, 1686191.377174454042688 ], [ -472607.861379792448133, 1686297.045132443541661 ], [ -472869.010654011566658, 1686530.597940845647827 ], [ -472977.407944453065284, 1686641.656101438915357 ], [ -473095.624593940738123, 1686762.762626588344574 ], [ -473190.486853532318491, 1686851.034825949929655 ], [ -473239.586444639600813, 1686900.548757367301732 ], [ -473310.840442294604145, 1686944.713464305270463 ], [ -473337.879690762085374, 1686951.0699681523256 ], [ -473417.486166032555047, 1686969.783959468826652 ], [ -473530.469582814374007, 1687020.955521831987426 ], [ -473594.185685339209158, 1687067.435207772767171 ], [ -473777.820802582311444, 1687187.726752085611224 ], [ -474039.196452609961852, 1687262.810130656464025 ], [ -474149.867930196458474, 1687314.606744640273973 ], [ -474180.561672419018578, 1687344.807760516647249 ], [ -474173.516546653874684, 1687408.033458034042269 ], [ -474140.352772828831803, 1687499.072634513024241 ], [ -474120.511127933394164, 1687595.929779334692284 ], [ -474112.393605620309245, 1687663.00262085814029 ], [ -474114.950841082027182, 1687723.173613803926855 ], [ -474123.057639402104542, 1687804.180366781540215 ], [ -474189.764127335685771, 1687934.853959388565272 ], [ -474257.369199826440308, 1688001.20923711033538 ], [ -474312.586310176411644, 1688052.296478293370456 ], [ -474325.03284162847558, 1688083.004332141019404 ] ], [ [ -472500.131199107214343, 1680962.994677653536201 ], [ -472492.294528798374813, 1680891.20671788114123 ], [ -472452.686046171293128, 1680798.844024946214631 ], [ -472356.550839571340475, 1680735.927079918794334 ], [ -472320.31924460438313, 1680630.130249912152067 ], [ -472265.884743705915753, 1680565.409977900097147 ], [ -472188.377701640652958, 1680547.015485683921725 ], [ -472142.625913360447157, 1680549.193216821644455 ], [ -472082.885758380871266, 1680574.122091349214315 ], [ -471999.63998818694381, 1680559.775574411964044 ], [ -471840.560371919651516, 1680517.270987328607589 ], [ -471767.943760395224672, 1680499.727878774283454 ], [ -471663.704294003662653, 1680431.451034063706174 ], [ -471591.228241247823462, 1680383.747766179265454 ], [ -471493.291613969544414, 1680366.862059492152184 ], [ -471414.664317237853538, 1680413.688093645032495 ], [ -471342.477987834601663, 1680481.755475488025695 ], [ -471291.551504403701983, 1680543.420252368086949 ], [ -471279.809943328611553, 1680611.838861393043771 ], [ -471299.120650279801339, 1680675.540625839261338 ], [ -471353.412419135391247, 1680770.431143614230677 ], [ -471439.603339408291504, 1680855.714507996570319 ], [ -471488.43905950471526, 1680894.323409922188148 ], [ -471511.946120302192867, 1680933.588711773511022 ], [ -471545.112162848294247, 1681004.710202602203935 ], [ -471585.821966865973081, 1681031.859328460646793 ], [ -471641.366854020394385, 1681031.367450630525127 ], [ -471679.839246021409053, 1681012.840510627487674 ], [ -471747.133195812464692, 1680943.931296383729205 ], [ -471799.734177236910909, 1680872.493502292549238 ], [ -471847.434632616583258, 1680800.21212290530093 ], [ -471892.490187056013383, 1680772.756472604814917 ], [ -471951.252209697908256, 1680782.879287541145459 ], [ -472005.113862577592954, 1680792.158830189378932 ], [ -472095.639680210093502, 1680822.855038192356005 ], [ -472144.467379550973419, 1680861.462318411562592 ], [ -472203.802490340603981, 1680927.025657090125605 ], [ -472299.088860429183114, 1680988.724847395904362 ], [ -472359.522716342122294, 1681026.186513021588326 ], [ -472440.259220152976923, 1681018.084681281121448 ], [ -472478.731487246579491, 1680999.557206984842196 ], [ -472500.131199107214343, 1680962.994677653536201 ] ], [ [ -457147.198817215044983, 1705700.4432798482012 ], [ -457132.410885699326172, 1705593.142806408926845 ], [ -457110.279139966471121, 1705555.452801465522498 ], [ -457082.099848884856328, 1705507.463921175105497 ], [ -457016.428785540629178, 1705460.346607153071091 ], [ -457059.781542782846373, 1705552.624509965069592 ], [ -457074.4063383404864, 1705583.753745354712009 ], [ -457092.051164826552849, 1705673.269685874925926 ], [ -457101.323625800199807, 1705729.502444986719638 ], [ -457083.812356142909266, 1705781.403607430867851 ], [ -457032.758776784292422, 1705814.196014720015228 ], [ -456927.065831533807795, 1705901.996470853919163 ], [ -457024.173075215658173, 1705867.537164339097217 ], [ -457070.772021515294909, 1705834.026128709781915 ], [ -457109.158928886870854, 1705794.631175562739372 ], [ -457140.04918622574769, 1705744.898687221109867 ], [ -457147.198817215044983, 1705700.4432798482012 ] ] ] } }
]
}
