{
"type": "FeatureCollection",
"name": "contact_inclusive_3338",
"crs": { "type": "name", "properties": { "name": "urn:ogc:def:crs:EPSG::3338" } },
"features": [
{ "type": "Feature", "properties": { "contact_def": "inclusive" }, "geometry": { "type": "MultiLineString", "coordinates": [ [ [ -498333.195162031101063, 1672267.532707508653402 ], [ -498357.476210001390427, 1672321.647069084923714 ], [ -498371.538775463530328, 1672351.279040217632428 ], [ -498388.749992103024852, 1672422.787825893610716 ], [ -498419.993242055061273, 1672556.139973346143961 ], [ -498445.911647112341598, 1672630.518178176134825 ], [ -498469.885058141779155, 1672692.375229115365073 ], [ -498508.434215125860646, 1672791.840940203052014 ], [ -498568.434401512495242, 1672911.391616441542283 ], [ -498615.994711336446926, 1672987.336100902641192 ], [ -498694.904317498672754, 1673032.958308317931369 ], [ -498797.720041119377129, 1673088.187405777396634 ], [ -498880.343345123576, 1673113.843660535756499 ], [ -498989.013843941502273, 1673082.393919871654361 ], [ -499012.278783442801796, 1673040.245283033233136 ], [ -499026.201450841035694, 1672965.390198747860268 ], [ -499005.676989190571476, 1672909.957808915525675 ], [ -498930.211733791802544, 1672901.107436016434804 ], [ -498869.648218252987135, 1672895.027852368541062 ], [ -498827.108542941743508, 1672844.551652485039085 ], [ -498818.245686373207718, 1672746.619218432810158 ], [ -498865.213157945487183, 1672660.010399661259726 ], [ -498932.05815912008984, 1672610.441048641689122 ], [ -499062.183188966882881, 1672545.447874127188697 ], [ -499224.337328143476043, 1672480.74757471634075 ], [ -499333.936709284898825, 1672444.297857444733381 ], [ -499416.258416153024882, 1672451.942643702495843 ] ], [ [ -499359.602639699180145, 1672807.225276173092425 ], [ -498764.182615909492597, 1673426.731543560279533 ], [ -498708.532121143653058, 1673484.629516729619354 ], [ -498517.34171491174493, 1673655.641017652582377 ], [ -498183.382492119912058, 1673902.470405179541558 ], [ -498041.019202063849661, 1674020.922669066349044 ], [ -497864.923953448538668, 1674205.662407841533422 ], [ -497634.396839599474333, 1674432.236215678509325 ], [ -497422.362546345160808, 1674650.076480380492285 ], [ -497249.089969719701912, 1674669.539213455049321 ], [ -497027.05081790330587, 1674674.781097438419238 ], [ -496903.155159625981469, 1674682.021683759987354 ], [ -496800.561926937894896, 1674759.404862979892641 ], [ -496729.970152629772201, 1674868.979099700925872 ], [ -496622.895596779766493, 1674945.712077076314017 ], [ -496533.159858664148487, 1674980.594032824505121 ], [ -496414.552992522832938, 1675010.200457255356014 ], [ -496328.537954792613164, 1675030.363939597038552 ], [ -496267.703314647660591, 1675081.017113510053605 ], [ -496233.89701917761704, 1675152.18148283008486 ], [ -496193.308412690646946, 1675261.669036862207577 ], [ -496184.024072221305687, 1675364.907278045779094 ], [ -496153.661644789506681, 1675472.841238196240738 ], [ -496121.104979844181798, 1675564.883047537179664 ], [ -496096.912261067889631, 1675612.007450068602338 ], [ -496146.673436145007145, 1675715.279043683083728 ], [ -496213.82172338856617, 1675887.163401447236538 ], [ -496319.669457738113124, 1675757.545632035471499 ], [ -496389.646667247987352, 1675685.06781453313306 ], [ -496339.906702891224995, 1675853.301459658890963 ], [ -496324.448441979649942, 1675963.996570366201922 ], [ -496345.951264175062533, 1676097.049607113702223 ], [ -496360.167194963782094, 1676141.682231425773352 ], [ -496420.923699276754633, 1676301.972191860899329 ], [ -496476.889906406169757, 1676415.6171780731529 ], [ -496504.2932335853111, 1676544.595198893686756 ], [ -496520.737184200435877, 1676672.649158289888874 ], [ -496527.38333768513985, 1676724.403924259357154 ], [ -496539.935449773678556, 1676933.2201009739656 ], [ -496590.403909779619426, 1677058.371734706917778 ], [ -496708.096373680105899, 1677227.105841848067939 ], [ -496747.108312819735147, 1677269.386134692467749 ], [ -496791.277504367288202, 1677317.255520873935893 ], [ -496900.722080435836688, 1677415.773744884179905 ], [ -496939.751114596321713, 1677431.029944436158985 ], [ -497030.719113880943041, 1677466.58849477279 ], [ -497149.846699322166387, 1677497.45006636576727 ], [ -497215.751193732838146, 1677528.452497409423813 ], [ -497268.883868500997778, 1677574.451628541573882 ], [ -497276.691656913084444, 1677643.009646375896409 ], [ -497272.701182438642718, 1677719.706216792808846 ], [ -497235.505945975950453, 1677836.689024257240817 ], [ -497179.087445171782747, 1678001.728948193369433 ], [ -497134.742025256040506, 1678101.907909387024119 ], [ -497113.056778447469696, 1678190.797106597339734 ], [ -497125.235804791562259, 1678291.144496050197631 ], [ -497159.744721486174967, 1678354.33470137999393 ], [ -497211.95014239376178, 1678405.322133261943236 ], [ -497257.327655327797402, 1678465.372092485893518 ], [ -497317.94031355791958, 1678554.050732624018565 ], [ -497340.659433050139342, 1678625.380641034105793 ], [ -497345.675607808982022, 1678708.902028731070459 ], [ -497355.339716654329095, 1678767.481789361918345 ], [ -497370.903812601114623, 1678821.987370642833412 ], [ -497357.909300159954, 1678891.846895133843645 ], [ -497279.377247401396744, 1678954.700811395887285 ], [ -497253.050978524144739, 1679068.541549778077751 ], [ -497194.293643743556459, 1678969.886160811875015 ], [ -497121.831983985845, 1678806.728279706789181 ], [ -497043.70901405334007, 1678646.340822070138529 ], [ -496820.517235788982362, 1678188.118357937550172 ], [ -496766.208112535299733, 1678756.200578975258395 ], [ -496792.694197894830722, 1678890.16441387985833 ], [ -496761.6856905388413, 1679149.932233405066654 ], [ -496755.925179421901703, 1679198.225711769191548 ], [ -496712.881918095052242, 1679401.886995079927146 ], [ -496670.169181667268276, 1679631.414446140872315 ], [ -496610.366888188291341, 1679842.279687163652852 ], [ -496609.322432425688021, 1680021.433931621024385 ], [ -496599.380026306083892, 1680149.959803653415293 ], [ -496639.840653561986983, 1680291.69102720124647 ], [ -496659.340883843426127, 1680186.905558900441974 ], [ -496671.630240697297268, 1679982.70901636290364 ], [ -496710.959674879384693, 1679799.013257166137919 ], [ -496728.379777289752383, 1679843.541172530967742 ], [ -496748.966773539897986, 1679981.577228930778801 ], [ -496742.238859190489165, 1680155.831762697780505 ], [ -496768.11741397442529, 1680320.666433736216277 ], [ -496774.400589524069801, 1680425.065078946296126 ], [ -496746.216744155855849, 1680548.889703018125147 ], [ -496706.566741389746312, 1680706.70863732160069 ], [ -496695.474293521780055, 1680849.183762108674273 ], [ -496711.688832852290943, 1680955.438782063079998 ], [ -496705.843274973041844, 1681042.108459481038153 ], [ -496673.243235895992257, 1681051.53904286888428 ], [ -496641.784885699569713, 1680916.65479320473969 ], [ -496611.916066278703511, 1680828.514515421353281 ], [ -496561.948343917843886, 1680876.023333035875112 ], [ -496504.494354792230297, 1680880.842250888468698 ], [ -496479.648593373538461, 1680876.231793283717707 ], [ -496443.328584065253381, 1680905.614469877677038 ], [ -496391.781301256967708, 1680906.370550500927493 ], [ -496669.084581474133302, 1681350.161606485722587 ], [ -496775.408671756566036, 1681524.761619860772043 ], [ -496857.808558175049257, 1681689.751329261576757 ], [ -496898.218016023922246, 1681748.875022249529138 ], [ -496904.823314869019669, 1681879.146054860437289 ], [ -496871.348538493097294, 1681976.169457927811891 ], [ -496842.835924017126672, 1682074.115506302099675 ], [ -496824.266176584991626, 1682173.900074494769797 ], [ -496836.171480551885907, 1682330.970456819748506 ], [ -496828.895437829429284, 1682383.918241661740467 ], [ -496866.168899738637265, 1682642.433740730397403 ], [ -496870.706704938667826, 1682837.541616377886385 ], [ -496815.363184788322542, 1683119.705963871674612 ], [ -496739.744353505724575, 1683259.062984200427309 ] ], [ [ -497912.109100338770077, 1681884.425322354072705 ], [ -497900.182560305052903, 1681862.592161242617294 ], [ -497846.990439436340239, 1681734.00068372534588 ], [ -497804.016725402791053, 1681550.518448596820235 ], [ -497749.898855375358835, 1681426.905084672849625 ], [ -497636.146984171122313, 1681292.232805503765121 ], [ -497529.270441744476557, 1681231.092211200390011 ], [ -497373.630189050978515, 1681155.742830961244181 ], [ -497232.572483544936404, 1681057.289798403391615 ], [ -497137.162431322562043, 1680962.15379732567817 ], [ -497101.393163008673582, 1680878.087773423874751 ], [ -497107.569201197475195, 1680817.284189498517662 ], [ -497171.796246442187112, 1680720.806294511537999 ], [ -497216.47055215598084, 1680646.507399407681078 ], [ -497271.085752315004356, 1680574.056945403805003 ], [ -497324.764802456775215, 1680506.593394448515028 ], [ -497330.610092900227755, 1680419.922980716219172 ], [ -497378.453640412655659, 1680439.121216347441077 ], [ -497400.736763344204519, 1680319.370155681855977 ], [ -497425.580670817405917, 1680323.990013787988573 ], [ -497448.901242423278745, 1680364.443359061609954 ], [ -497467.525819016736932, 1680347.252359120640904 ], [ -497472.112327089824248, 1680239.703601537039503 ], [ -497475.778948882420082, 1680137.14456337178126 ], [ -497525.415341858868487, 1680063.767531240591779 ], [ -497678.766848431085236, 1679958.025040999054909 ], [ -497714.206671835563611, 1680016.215448696864769 ], [ -497889.283485875872429, 1680373.925474783172831 ], [ -497855.262914939201437, 1680114.668597912648693 ], [ -497808.854112912318669, 1679894.415771949104965 ], [ -497788.608923173975199, 1679792.800342555390671 ], [ -497704.387325654446613, 1679709.836560117313638 ], [ -497583.858843349444214, 1679666.810427787713706 ], [ -497534.167976403085049, 1679657.590545969316736 ], [ -497466.461001277028117, 1679520.434128261636943 ], [ -497350.687706714612432, 1679262.185602282406762 ], [ -497439.09974910406163, 1679118.571167829679325 ], [ -497490.279136838740669, 1679009.341916077304631 ], [ -497593.932710913999472, 1678894.366494097048417 ], [ -497641.712874109100085, 1678830.965190198970959 ], [ -497694.19514339446323, 1678825.22061009099707 ], [ -497815.313413354801014, 1678857.520596193149686 ], [ -497821.550432249088772, 1678859.183889958076179 ], [ -497815.597570117330179, 1678780.649879418546334 ], [ -497834.490075208421331, 1678706.725651304703206 ], [ -497905.872935026593041, 1678627.057804862735793 ], [ -498012.640147024183534, 1678522.98241122905165 ], [ -498104.49467945744982, 1678416.143776518059894 ], [ -498162.822149118874222, 1678323.725489850156009 ], [ -498222.676185811695177, 1678195.452485023997724 ], [ -498260.797946595179383, 1678073.480888639809564 ], [ -498291.488195499579888, 1677991.416748174233362 ], [ -498372.151211118209176, 1677861.850890591740608 ], [ -498494.931996427418198, 1677754.358876936603338 ], [ -498575.506047743780073, 1677724.312398256268352 ] ], [ [ -498562.595117767632473, 1668541.772491792216897 ], [ -498538.500043916283175, 1668569.121186367701739 ], [ -498221.339315551042091, 1668892.294470256194472 ], [ -497854.524535628501326, 1669288.86092019546777 ], [ -497652.84773707902059, 1669571.511291158851236 ], [ -497284.501118146115914, 1670003.9282208585646 ], [ -496817.105387226794846, 1670443.747594745131209 ], [ -496495.75531107513234, 1670720.314344769576564 ] ], [ [ -498542.935308078303933, 1677928.567769964691252 ], [ -498481.532639062439557, 1677964.748488387092948 ], [ -498402.073983830516227, 1678032.593622645596042 ], [ -498359.256493192398921, 1678096.91933783236891 ], [ -498326.702355312881991, 1678188.959147215122357 ], [ -498272.748355168616399, 1678313.158033662708476 ], [ -498217.535538725147489, 1678416.477955395588651 ], [ -498130.375366405467503, 1678580.972484707599506 ], [ -498062.767138208670076, 1678723.28619687166065 ], [ -497994.498950664361473, 1678813.855470758629963 ], [ -497955.561749386542942, 1678886.717660227091983 ], [ -497939.285816540184896, 1678917.17428593384102 ], [ -497871.622842485376168, 1678976.888734008185565 ], [ -497840.925708839611616, 1679058.940121479565278 ], [ -497790.459522106859367, 1679302.521285680588335 ], [ -497791.164446938608307, 1679436.87120871944353 ], [ -497805.385535085166339, 1679480.178837368730456 ], [ -497827.264050498080906, 1679546.805487759876996 ], [ -497901.859886931139044, 1679643.253562424797565 ], [ -497946.921770435350481, 1679696.456058996031061 ], [ -497969.300593992578797, 1679722.877589662792161 ], [ -498017.189124551019631, 1679824.681415362516418 ], [ -498023.471768981369678, 1679929.09096373221837 ], [ -498023.280526881688274, 1680079.320075750583783 ], [ -498038.868039474415127, 1680205.539663488976657 ], [ -498058.467535164498258, 1680265.955430808011442 ], [ -498080.737760169082321, 1680289.160361600108445 ], [ -498088.612873483391013, 1680297.36591982212849 ], [ -498108.817429573216941, 1680326.927866730606183 ], [ -498105.105928462871816, 1680346.881763321347535 ], [ -498088.069767609995324, 1680410.827480502892286 ], [ -498083.751556189032272, 1680461.644798005931079 ], [ -498100.244661409640685, 1680511.160633626859635 ], [ -498123.394808908982668, 1680559.468441044911742 ] ], [ [ -496283.730787196720485, 1685216.842220144113526 ], [ -496300.096542134706397, 1685264.629215457011014 ], [ -496366.360829978366382, 1685458.082185885636136 ], [ -496457.434700988640543, 1685675.282334020594135 ], [ -497128.657892556453589, 1686813.986771013122052 ] ], [ [ -496453.570991223677993, 1683656.528441280825064 ], [ -496206.006242452014703, 1683868.496701566735283 ], [ -496198.391671010467689, 1683875.016377992462367 ], [ -496131.185010294255335, 1683960.823718168074265 ], [ -496203.93173017911613, 1684197.358517777640373 ], [ -496187.750619080557954, 1684456.479282248299569 ], [ -496186.380323393561412, 1684478.423610393190756 ], [ -496094.623494400118943, 1684664.723170144716278 ], [ -496168.964814600243699, 1684881.770022422308102 ] ], [ [ -496286.60260826634476, 1692005.977333514485508 ], [ -496231.416230729606468, 1691928.855842666700482 ], [ -496165.292801292205695, 1691782.067901118425652 ], [ -496129.899038267263677, 1691632.942743313964456 ], [ -496112.973294808180071, 1691464.330960230901837 ], [ -496098.30198375810869, 1691416.649802601430565 ], [ -496022.244148697704077, 1691328.452262178761885 ], [ -495839.396463197132107, 1691154.413240933557972 ], [ -495684.980135055724531, 1690994.777909851633012 ], [ -495665.16184709162917, 1690974.289712045574561 ], [ -495526.55454345518956, 1690807.713365720119327 ], [ -495421.165125014435034, 1690624.152475774288177 ], [ -495323.216137235052884, 1690396.644766987301409 ], [ -495226.438699551159516, 1690207.008609815500677 ], [ -495184.837081779318396, 1690094.494833439122885 ], [ -495191.203589034732431, 1689967.488972276449203 ], [ -495137.566148430341855, 1689702.262163192499429 ], [ -495193.283130708674435, 1689463.050815608585253 ], [ -495295.56257944914978, 1689307.046026507625356 ], [ -495357.330643841298297, 1689121.588537045754492 ], [ -495394.654421075654682, 1688856.659804053837433 ], [ -495359.26568831957411, 1688707.528076324611902 ], [ -495344.905834276694804, 1688479.069440641440451 ], [ -495253.881167007610202, 1688523.961749892681837 ], [ -495140.106211684993468, 1688210.892028791829944 ], [ -495052.100629942549858, 1687924.782392365159467 ], [ -494987.377084989915602, 1687680.271371337817982 ], [ -494982.875053618452512, 1687438.406107235234231 ], [ -494994.04722783935722, 1687372.491175434552133 ], [ -494936.545072503678966, 1687219.609080456430092 ], [ -494823.706111794221215, 1687079.993772964458913 ], [ -494769.772828984248918, 1686995.527492937399074 ], [ -494769.928236508218106, 1686905.14252508059144 ], [ -494788.47743885993259, 1686840.463414677185938 ], [ -494708.701788026839495, 1686774.237831448903307 ], [ -494668.348084792727605, 1686654.399114948697388 ], [ -494737.336039601708762, 1686560.576666397042572 ], [ -494768.221001568366773, 1686467.844496025703847 ], [ -494767.371060243342072, 1686249.199967202264816 ], [ -494819.285844653146341, 1686077.137989360839128 ], [ -494926.607339536771178, 1685846.633783833123744 ], [ -495009.257525403576437, 1685672.234892000677064 ], [ -495064.82164134568302, 1685523.396131585352123 ], [ -495079.018613388820086, 1685439.635644293390214 ], [ -495087.17019171139691, 1685391.542496029986069 ], [ -495087.326036602491513, 1685301.155475093517452 ], [ -495003.412939407047816, 1685042.492954255780205 ], [ -494952.845724863873329, 1684886.617388266138732 ], [ -494761.872696765640285, 1684447.460782953538001 ], [ -494641.674410320410971, 1684306.585513772210106 ], [ -494455.126631994673517, 1684154.49701832048595 ], [ -494425.717767492576968, 1684104.319531862391159 ], [ -494513.645768627815414, 1683719.828907523537055 ], [ -494666.382686580356676, 1682818.837892435258254 ], [ -494707.062188822310418, 1682042.064038742566481 ], [ -494712.495435169956181, 1681807.657484131166711 ], [ -494647.699784843309317, 1681684.017608595779166 ], [ -494681.630476675694808, 1681614.221500250743702 ], [ -494708.19238264352316, 1681545.78727700910531 ], [ -494727.707596630265471, 1681476.344425389077514 ], [ -494723.091511932492722, 1681408.254059738945216 ], [ -494701.37941568082897, 1681342.543319051619619 ], [ -494661.556293540168554, 1681286.265906712738797 ], [ -494613.97050594817847, 1681267.423326493706554 ], [ -494568.38536413689144, 1681268.122087658150122 ] ], [ [ -493828.950327308266424, 1672274.070627944311127 ], [ -493772.990061781427357, 1672160.428197727072984 ], [ -493842.556143029709347, 1672173.348946534562856 ], [ -493953.461424808774609, 1672240.404218059964478 ], [ -494100.39712024765322, 1672334.808345620986074 ], [ -494163.785137405036949, 1672408.529198884032667 ], [ -494174.588991640019231, 1672410.535755599383265 ], [ -494198.568491056095809, 1672414.989406312583014 ], [ -494258.803978041920345, 1672395.194309076294303 ], [ -494412.538373609946575, 1672327.836749859619886 ], [ -494520.178253681806382, 1672311.026231616269797 ], [ -494630.791635855042841, 1672330.046057633124292 ], [ -494818.683016511728056, 1672370.096852464834228 ], [ -494944.978530376276467, 1672389.77631591563113 ], [ -495086.582235255278647, 1672363.813093629432842 ], [ -495153.841735123423859, 1672345.85402681468986 ], [ -495206.129497798683587, 1672353.312145296018571 ], [ -495270.783072219870519, 1672362.534102946752682 ], [ -495375.346665728662629, 1672435.606469389051199 ], [ -495469.536059406702407, 1672497.949216738576069 ], [ -495540.498453137814067, 1672530.523770658299327 ], [ -495757.728789390064776, 1672628.325021561235189 ], [ -495823.397127981472295, 1672666.687743053305894 ] ], [ [ -495795.400531262159348, 1671431.153200152330101 ], [ -495759.451463618606795, 1671484.924750092439353 ], [ -495704.472752308123745, 1671533.020519175566733 ], [ -495655.436783832032233, 1671575.536998453084379 ], [ -495596.459318572189659, 1671616.214363876497373 ], [ -495521.043339012598153, 1671689.975972380954772 ], [ -495462.043215006124228, 1671808.701134050730616 ], [ -495460.764457295590546, 1671810.039115653373301 ], [ -495353.655218866711948, 1671922.110491505125538 ], [ -495200.997270740859676, 1671985.998269584262744 ], [ -495061.53647310094675, 1671978.977852447191253 ], [ -494950.755778290040325, 1671991.934674735646695 ], [ -494828.71061086334521, 1671984.758529468905181 ], [ -494661.94892358413199, 1671969.284503418952227 ], [ -494502.880218302190769, 1671947.915533395018429 ], [ -494416.80128843174316, 1671928.219134983373806 ], [ -494340.985571552126203, 1671878.665180713636801 ], [ -494267.608897339960095, 1671940.052529513370246 ], [ -494201.056234098854475, 1671992.050953975878656 ], [ -494108.945001068292186, 1672039.76452657696791 ], [ -493998.973497196740936, 1672037.117311942158267 ], [ -493906.410935407970101, 1671968.367924426449463 ], [ -493842.095325526082888, 1671899.635422264225781 ], [ -493773.409329852205701, 1671799.12007545446977 ], [ -493698.82536128902575, 1671702.668837933102623 ], [ -493660.890679737145547, 1671602.691579359583557 ], [ -493667.670578419114463, 1671511.022497422294691 ], [ -493630.937027010892052, 1671349.318124287761748 ], [ -493626.374087018193677, 1671334.400003958959132 ], [ -493595.779355778999161, 1671234.372008593985811 ], [ -493523.995910098776221, 1671122.957111657829955 ], [ -493455.726754698436707, 1671021.670399622060359 ], [ -493395.506775058223866, 1671026.857662768336013 ], [ -493351.892366444284562, 1671075.853274254593998 ], [ -493305.048890899459366, 1671147.402573182247579 ], [ -493270.969720670662355, 1671257.60074087115936 ], [ -493233.917782573204022, 1671176.788004794623703 ], [ -493303.267282573098782, 1671032.065560697112232 ], [ -493348.857662680908106, 1670937.322619106853381 ], [ -493359.191642286197748, 1670865.152885196963325 ], [ -493391.908974725170992, 1670828.404562692856416 ], [ -493422.036298980354331, 1670809.700058990856633 ], [ -493479.752349570160732, 1670835.95547562954016 ], [ -493565.532939327531494, 1670859.20305989892222 ], [ -493730.842893888417166, 1670907.971600639401004 ], [ -493764.20044022181537, 1670925.684644256252795 ], [ -493846.711077477782965, 1670969.497961318586022 ], [ -493919.95140569342766, 1671034.410296092974022 ], [ -494039.251022009877488, 1671075.466068269219249 ], [ -494131.261010115791578, 1671122.469286797335371 ], [ -494230.101373474753927, 1671160.094766339985654 ], [ -494301.659963967627846, 1671203.669147115433589 ], [ -494436.162881548108999, 1671373.585157485445961 ], [ -494459.441899278666824, 1671392.484391031321138 ], [ -494545.52348214876838, 1671462.37007558811456 ], [ -494662.318073421891313, 1671525.358700008597225 ], [ -494726.913880879175849, 1671537.354328846558928 ], [ -494797.088647422206122, 1671519.407068716362119 ], [ -494888.343124558101408, 1671443.430569232441485 ], [ -494983.632638333539944, 1671373.356030943570659 ], [ -495063.09066937235184, 1671305.50825215363875 ], [ -495180.444894136744551, 1671255.022502770880237 ], [ -495228.219005454797298, 1671258.992258081911132 ], [ -495297.23724525939906, 1671286.350626483326778 ], [ -495349.390886669862084, 1671286.386629484826699 ], [ -495392.680533641367219, 1671312.872024608775973 ], [ -495431.017593045078684, 1671335.087291455594823 ], [ -495478.684638031932991, 1671395.710978027433157 ], [ -495533.158987099654041, 1671478.52086701663211 ], [ -495555.292755902861245, 1671503.286353225354105 ], [ -495602.177405441063456, 1671505.878763389308006 ], [ -495655.058788793277927, 1671472.642201292095706 ], [ -495713.398216192959808, 1671423.100593678886071 ], [ -495759.597171024826821, 1671356.059672763803974 ], [ -495717.593771830317564, 1671193.655125613557175 ], [ -495665.495083979738411, 1671284.923121694009751 ], [ -495604.916789632174186, 1671332.658652162412181 ], [ -495543.554149433970451, 1671322.372912250692025 ], [ -495474.568913841736503, 1671263.442376256687567 ], [ -495383.416922292730305, 1671211.318464305950329 ], [ -495235.974276111868676, 1671181.346911180298775 ], [ -495123.8769991058507, 1671172.23666226840578 ], [ -495005.602741545648314, 1671227.712752516847104 ], [ -494905.335291536350269, 1671296.86177749116905 ], [ -494819.977402467397042, 1671368.78364019584842 ], [ -494730.258628864365164, 1671408.913889268646017 ], [ -494657.908276282483712, 1671410.96103800740093 ], [ -494580.259178191132378, 1671386.214090749621391 ], [ -494463.01544300786918, 1671297.263115824200213 ], [ -494454.124341557966545, 1671290.517489440040663 ], [ -494380.974726700980682, 1671169.598579344339669 ], [ -494261.749914143001661, 1671065.399567722575739 ], [ -494144.376780449412763, 1671021.328733855159953 ], [ -494000.875752762891352, 1670963.704382577678189 ], [ -493879.112517910834868, 1670899.789576970273629 ], [ -493765.851110660936683, 1670825.207939718384296 ], [ -493737.149583359831013, 1670806.308205261826515 ], [ -493650.169293848681264, 1670748.853625847259536 ], [ -493494.946322500472888, 1670715.792069908697158 ], [ -493446.394648538669571, 1670691.86447764839977 ], [ -493393.543313696689438, 1670693.537986867828295 ], [ -493337.303085445892066, 1670684.110565665178001 ], [ -493304.867478280037176, 1670720.77422279282473 ], [ -493269.863961610826664, 1670772.806682056980208 ], [ -493253.595036912418436, 1670838.491935757221654 ], [ -493235.609038290742319, 1670914.422063830774277 ], [ -493232.141223787330091, 1670966.474266117438674 ], [ -493215.623068076791242, 1671039.880244850646704 ], [ -493195.470385103835724, 1671092.930392824113369 ], [ -493092.903780933178496, 1670898.344079429749399 ], [ -493014.104763895622455, 1671017.951290576485917 ], [ -492928.145409697259311, 1671120.731175865978003 ], [ -492774.856924346648157, 1671309.098584888270125 ], [ -492654.126362683949992, 1671405.419482877943665 ], [ -492569.386813742807135, 1671446.464792152866721 ], [ -492464.766549113206565, 1671483.832144282525405 ], [ -492370.688825490651652, 1671492.170245125889778 ], [ -492263.884074965666514, 1671513.645924495765939 ], [ -492209.554114959493745, 1671529.367650514468551 ], [ -492185.361164678877685, 1671576.493724347092211 ], [ -492151.553874982520938, 1671647.659563998458907 ], [ -492140.410418290586676, 1671707.546565728727728 ], [ -492165.896008462877944, 1671763.903789073461667 ], [ -492232.385865610907786, 1671848.525352646363899 ], [ -492289.263223999761976, 1671957.176751140737906 ], [ -492334.634660750394687, 1672017.232943834969774 ], [ -492411.666065119963605, 1672072.835058056283742 ], [ -492441.595167029183358, 1672104.571180224884301 ], [ -492506.108091967413202, 1672172.978928831405938 ], [ -492611.101200996665284, 1672244.095209350343794 ], [ -492664.539170655305497, 1672315.974794801557437 ], [ -492690.033856352732982, 1672372.333020913647488 ], [ -492695.36730217456352, 1672481.738803672604263 ], [ -492707.20861243410036, 1672556.213638009969145 ], [ -492722.351763497688808, 1672615.287249949527904 ], [ -492728.052129597286694, 1672637.524643826764077 ], [ -492770.031600715010427, 1672743.403198419837281 ], [ -492774.719149629585445, 1672801.062386755598709 ], [ -492766.681359395966865, 1672871.849218665855005 ], [ -492792.450309400330298, 1672871.47112591098994 ], [ -492938.677710772957653, 1672831.510321775916964 ], [ -493049.197024161869194, 1672790.078855495201424 ], [ -493249.152891059929971, 1672765.262861330760643 ], [ -493421.485477813577745, 1672750.805377973010764 ], [ -493585.134685154189356, 1672755.380479201907292 ], [ -493674.582782245823182, 1672771.989793189102784 ], [ -493780.517143081058748, 1672838.130266282474622 ], [ -493875.295077714370564, 1672964.144510548794642 ], [ -493977.236929423990659, 1673106.975256426259875 ], [ -494084.190078332379926, 1673333.332949285395443 ], [ -494250.218199660535902, 1673684.242181716486812 ], [ -494368.453890183591284, 1673546.16790707805194 ], [ -494402.089914033887908, 1673500.71705895406194 ] ], [ [ -494867.90397438587388, 1667959.668591323541477 ], [ -494556.732051289756782, 1668170.571728002512828 ], [ -494261.840528422442731, 1668373.96287434338592 ], [ -494036.802619939786382, 1668533.525259439600632 ], [ -494027.884056615992449, 1668691.915475742192939 ], [ -494015.892114027752541, 1668987.990393050247803 ], [ -494015.015680145588703, 1669009.629119593882933 ], [ -493991.233914956625085, 1669247.863047435646877 ], [ -493988.815241428965237, 1669371.317804496735334 ], [ -494035.767881218984257, 1669478.137227231170982 ], [ -494105.69847318745451, 1669599.544799220515415 ], [ -494180.280308418092318, 1669695.998034731252119 ], [ -494290.292029999196529, 1669850.65978516661562 ], [ -494356.749490911606699, 1669962.80282167904079 ], [ -494403.744613649032544, 1670042.103958340361714 ], [ -494522.44166284869425, 1670177.723094345303252 ], [ -494590.477094675123226, 1670226.501240110490471 ], [ -494689.574079856451135, 1670301.694343470502645 ], [ -494795.178442261531018, 1670341.95505531760864 ], [ -494880.582777217612602, 1670352.649180913576856 ], [ -494947.682156341616064, 1670406.414697605650872 ], [ -495048.645854307105765, 1670471.620429786853492 ], [ -495095.872547852050047, 1670521.699286210583523 ], [ -495115.473646094789729, 1670582.124526714207605 ], [ -495099.682989662454929, 1670666.957300309091806 ], [ -495063.41050558805, 1670778.971088128164411 ], [ -495068.100307579850778, 1670836.632639249088243 ], [ -495089.238654008659068, 1670861.201287368545309 ], [ -495116.866045084083453, 1670850.84494576533325 ], [ -495140.131010799319483, 1670808.706608114996925 ], [ -495173.337231175566558, 1670768.407323175808415 ], [ -495252.68608664063504, 1670705.197933922288939 ], [ -495361.830880239722319, 1670681.392519216286018 ], [ -495463.213653537619393, 1670735.221606467617676 ], [ -495513.454303769220132, 1670780.487919129431248 ], [ -495574.572088839428034, 1670822.260246630758047 ], [ -495613.725586293556262, 1670860.503034277819097 ], [ -495505.751093256345484, 1670473.894752973457798 ], [ -495453.223665555240586, 1670397.031731123104692 ], [ -495409.989593329490162, 1670270.259028435684741 ], [ -495227.434458882955369, 1669787.195761318551376 ], [ -495150.825862207042519, 1669630.607870247215033 ], [ -495052.404423953266814, 1669429.433053367538378 ], [ -494963.153214495396242, 1669190.861342105781659 ], [ -495018.417104642314371, 1669170.139556781388819 ], [ -495126.758098258287646, 1669112.813856140710413 ], [ -495167.718595964717679, 1669058.470355081139132 ], [ -495248.103622879018076, 1668985.630428686738014 ], [ -495282.229565350280609, 1668940.33926695631817 ], [ -495290.594884558522608, 1668895.417939143721014 ], [ -495260.73431026795879, 1668807.273421849589795 ], [ -495187.409486242744606, 1668731.70172771345824 ], [ -495075.261455552652478, 1668643.756258471868932 ], [ -495026.169817160640378, 1668603.663429143140092 ], [ -495004.065858768415637, 1668501.465402847155929 ], [ -495018.00063082925044, 1668426.608394384849817 ], [ -495069.830313655023929, 1668369.114190182415769 ], [ -495175.386034832685255, 1668326.755228318972513 ], [ -495288.086712400836404, 1668301.221098152222112 ], [ -495162.585017314180732, 1668006.104671048931777 ] ], [ [ -494403.170887734275311, 1680632.829386621946469 ], [ -494393.904061332112178, 1680370.25451458292082 ], [ -494397.274911628570408, 1680352.141983897425234 ], [ -494418.047058568743523, 1680240.528398932889104 ], [ -494463.689338642463554, 1680176.732044675387442 ], [ -494493.551190215046518, 1680152.111822145758197 ], [ -494530.397424946946558, 1680106.523802723735571 ], [ -494538.751544294063933, 1680061.618391026509926 ], [ -494536.843338441336527, 1679988.998826335882768 ], [ -494538.648980066704098, 1679896.41567209456116 ], [ -494559.408011095132679, 1679812.51872987463139 ], [ -494606.249044102965854, 1679675.171867245109752 ], [ -494689.243056140025146, 1679598.765417847549543 ], [ -494693.290199411159847, 1679595.039431752869859 ], [ -494755.792507902660873, 1679561.594278646400198 ], [ -494878.765058808377944, 1679525.085222415393218 ], [ -494986.729038911638781, 1679513.271668565925211 ], [ -495067.795984203228727, 1679515.973304213955998 ], [ -495106.223222601925954, 1679432.662996128201485 ], [ -495133.645162305096164, 1679333.902170539600775 ], [ -495171.62100261967862, 1679253.234922151546925 ], [ -495190.670303361257538, 1679155.789514887612313 ], [ -495205.711928086297121, 1679098.469444317277521 ], [ -495223.908106649992988, 1678973.689306568587199 ], [ -495035.400484786310699, 1678636.177662804722786 ] ], [ [ -494459.994496121944394, 1681282.470279906177893 ], [ -494578.163110561843496, 1681534.938901564339176 ], [ -494543.588351468555629, 1681558.342634600354359 ], [ -494519.752892371907365, 1681591.054335452616215 ], [ -494511.326469756430015, 1681633.197147734230384 ], [ -494530.021211394574493, 1681703.292108572088182 ], [ -494513.858371601905674, 1681766.001851165201515 ], [ -494449.110746370395645, 1681816.925495592178777 ], [ -494390.419216235575732, 1681842.242029648739845 ], [ -494332.408908330486156, 1681833.932901615044102 ], [ -494331.768650291836821, 1681833.841206148033962 ], [ -494278.525329541706014, 1681787.692046500276774 ], [ -494221.275865682866424, 1681719.301565436413512 ], [ -494211.275677213212475, 1681672.112050303956494 ], [ -494233.440698030113708, 1681634.351957913022488 ], [ -494297.853344333358109, 1681585.776870125206187 ], [ -494353.862384755979292, 1681562.496369044296443 ], [ -494379.070202615461312, 1681550.877540983492509 ], [ -494389.744747024960816, 1681545.957427841844037 ], [ -494412.584953568468336, 1681503.470877598039806 ], [ -494426.065410958311986, 1681442.796995974844322 ], [ -494395.662447135779075, 1681354.161147408187389 ], [ -494346.486647142155562, 1681262.84507064637728 ], [ -494245.040578339714557, 1681152.002292476827279 ], [ -494220.6646762752207, 1681071.458093997556716 ], [ -494182.525655986566562, 1681003.388932046480477 ], [ -494117.331975299865007, 1680856.791489770170301 ], [ -494074.521773961896542, 1680771.198611326981336 ], [ -494017.917060704319738, 1680731.789968875003979 ], [ -493937.49161948118126, 1680708.243467678548768 ], [ -493864.411661068443209, 1680717.04531918768771 ], [ -493792.640634944662452, 1680750.112115451600403 ], [ -493762.467523713654373, 1680779.529266313882545 ], [ -493865.457001554546878, 1680060.49089157441631 ] ], [ [ -494378.247545003658161, 1677553.987398699158803 ], [ -494506.419024540809914, 1677417.759044344071299 ], [ -494512.172777250001673, 1677410.797616346506402 ], [ -494908.397242499049753, 1676931.405546410940588 ], [ -494674.509603791695554, 1676413.300085501279682 ], [ -494508.184546452597715, 1676495.933955674991012 ], [ -494553.904824588331394, 1676306.361483791377395 ], [ -494664.608590591640677, 1676042.988913643406704 ], [ -494778.662390389537904, 1675651.183482476742938 ], [ -494829.466235456638969, 1675433.471706929849461 ], [ -494541.291755591402762, 1675462.553048790199682 ], [ -494501.314935453468934, 1675594.514729406684637 ], [ -494389.444039574009366, 1676002.220045984257013 ], [ -494267.032458036788739, 1676438.939948840532452 ], [ -494248.777289237128571, 1676496.851039960049093 ], [ -494191.704587955609895, 1676677.90278982417658 ], [ -494163.349196735362057, 1676890.718209005892277 ], [ -494176.01480089884717, 1677003.355404027504846 ], [ -494180.5800396023551, 1677110.04394928808324 ], [ -494183.499779703677632, 1677178.274830979760736 ], [ -494169.107052925333846, 1677324.150382509455085 ], [ -494172.049585823027883, 1677390.490056569920853 ], [ -494176.033433015458286, 1677480.306113916682079 ], [ -494184.244449182588141, 1677626.155283409403637 ], [ -494185.031766682281159, 1677824.575269930064678 ], [ -494038.354407528589945, 1677942.510896664811298 ], [ -493942.908884039148688, 1678180.378328989259899 ], [ -493864.794970521237701, 1678434.309947453439236 ], [ -493847.139704682689626, 1678600.956095753004774 ], [ -493844.414136899984442, 1678626.682878433261067 ], [ -493815.645238819415681, 1678829.093841860303655 ], [ -493777.299441583512817, 1678572.919767126441002 ], [ -493733.129147667263169, 1678451.15821001236327 ], [ -493704.143679572793189, 1678275.41785151953809 ], [ -493755.048535019217525, 1678222.922415811568499 ], [ -493810.266102466266602, 1678119.607289518229663 ], [ -493850.571042732044589, 1678013.528262521140277 ], [ -493880.615758747095242, 1677879.724280614871532 ], [ -493883.565083576482721, 1677852.41950717754662 ], [ -493894.828118682373315, 1677748.146260068984702 ], [ -493868.627583120309282, 1677557.438535379013047 ], [ -493927.331004766980186, 1677398.607954773586243 ], [ -493746.105905872245785, 1677276.57586096948944 ], [ -493693.254142363613937, 1677173.842102779308334 ], [ -493685.398982541868463, 1677022.684288504067808 ], [ -493706.431949986435939, 1676882.040823808172718 ], [ -493744.840494183881674, 1676703.328663568943739 ], [ -493902.814286003878806, 1676460.333308223169297 ], [ -493985.007677057001274, 1676308.360403563361615 ], [ -494016.967614150198642, 1676249.267344477120787 ], [ -493884.210656178067438, 1676174.828768664272502 ], [ -493805.831491591816302, 1676064.780199496308342 ], [ -493976.079549954214599, 1675514.21896716253832 ], [ -493196.391417150734924, 1675589.663687845459208 ], [ -493090.363569563080091, 1675358.32296580192633 ], [ -493298.885619261185639, 1675066.652967012720183 ], [ -493412.154898456763476, 1674927.649516822304577 ], [ -493529.416704626812134, 1674711.956432381179184 ], [ -493554.082185280392878, 1674672.656005805591121 ], [ -493726.739317772851791, 1674397.553080552956089 ], [ -493908.929040605667979, 1674161.652863254072145 ], [ -494031.623200361325871, 1673974.444270054576918 ], [ -494089.160914114967454, 1673886.651997812790796 ], [ -494179.169617252075113, 1673789.791298299795017 ], [ -494133.188564202690031, 1673760.602106869919226 ], [ -494084.982574227673467, 1673632.910075667547062 ], [ -494027.763360787299462, 1673498.389508243650198 ], [ -493933.906045919691678, 1673367.376263344893232 ], [ -493778.891372345213313, 1673261.157203204464167 ], [ -493572.64627823518822, 1673181.558641962474212 ], [ -493363.33638802805217, 1673173.661131493980065 ], [ -493184.174539681349415, 1673197.180824660463259 ], [ -492991.698227319866419, 1673264.689970457227901 ], [ -492918.744043459009845, 1673297.603763391729444 ], [ -492788.96218050038442, 1673304.482307308819145 ], [ -492595.230230918212328, 1673351.100200266577303 ], [ -492476.30715370591497, 1673354.83658125041984 ], [ -492376.000928524241317, 1673341.369582117535174 ], [ -492316.700292091118172, 1673356.1661822644528 ], [ -492301.426234476733953, 1673244.922891701105982 ], [ -492296.022339934133925, 1673135.141365030081943 ], [ -492278.592300251882989, 1672925.760951428674161 ], [ -492279.540913299948443, 1672900.546295345993713 ], [ -492283.800127626804169, 1672787.337582335574552 ], [ -492311.344605440157466, 1672611.766310168197379 ], [ -492331.788607657945249, 1672501.937287064734846 ], [ -492354.073039008886553, 1672382.221430042292923 ], [ -492359.210687881102785, 1672259.127421974204481 ], [ -492310.477107692684513, 1672146.971191918943077 ], [ -492247.701681550825015, 1672042.384566469816491 ], [ -492222.392856270947959, 1671995.319437572034076 ], [ -492167.514625081093982, 1671893.265840315725654 ], [ -492073.07203856552951, 1671793.131216328591108 ], [ -492005.371083268837538, 1671770.234036340843886 ], [ -491964.049216985527892, 1671716.092222841922194 ], [ -491969.576541533693671, 1671603.544291645288467 ], [ -491967.315135625889525, 1671422.425349265802652 ], [ -491941.502469951112289, 1671340.19856619136408 ], [ -491887.086044251162093, 1671190.700415953760967 ], [ -491870.888156591332518, 1671084.433376932283863 ], [ -491846.870738764002454, 1671042.735307390103117 ], [ -491824.270458578830585, 1671003.49748912313953 ], [ -491817.358483171497937, 1670847.330664161127061 ], [ -491799.258828911115415, 1670668.445572492200881 ], [ -491770.018874400353525, 1670549.427862050710246 ], [ -491699.122006845427677, 1670350.406580409267917 ], [ -491605.897355415334459, 1670188.534722440410405 ], [ -491477.402124361542519, 1670298.905978137627244 ], [ -491328.521088289970066, 1670385.726660357788205 ], [ -491147.130939121649135, 1670525.990734203718603 ], [ -491056.59549478784902, 1670563.160536840558052 ], [ -490913.782463621289935, 1670656.608705846127123 ], [ -490846.341722020239104, 1670698.07647144398652 ], [ -490619.845035929174628, 1670823.966463427757844 ], [ -490436.619916011230089, 1670909.896182444179431 ], [ -490426.484157465805765, 1670836.040415898198262 ], [ -490440.839516927371733, 1670694.743251804728061 ], [ -490473.224431144364644, 1670520.801675300113857 ], [ -490569.532658232317772, 1670484.702067802427337 ], [ -490731.447616590652615, 1670352.813237708061934 ], [ -490859.19307522138115, 1670209.941926236031577 ], [ -490920.028239793668035, 1670141.90304069314152 ], [ -491095.64744948950829, 1670000.559579107677564 ], [ -491224.704881554062013, 1669820.581172658130527 ], [ -491284.546210605069064, 1669723.722484146244824 ], [ -491342.179868471575901, 1669542.463178122183308 ], [ -491370.623028284637257, 1669421.780230147764087 ], [ -491362.266252305416856, 1669306.251612291671336 ], [ -491316.042182353674434, 1669201.695465040858835 ], [ -491224.708767760486808, 1669082.757029278902337 ], [ -491108.135271474951878, 1668971.123964881524444 ], [ -491054.355677896470297, 1668907.14846697403118 ], [ -491056.13342813361669, 1668865.48693296359852 ], [ -491062.584442566032521, 1668856.930698681157082 ], [ -491071.999842094490305, 1668844.442712841322646 ], [ -491109.873570245516021, 1668833.4812574358657 ], [ -491156.048831906402484, 1668842.055261127417907 ], [ -491213.776998678105883, 1668852.769217747962102 ], [ -491251.650597537169233, 1668841.807652760529891 ], [ -491255.972295674844645, 1668818.624965739436448 ], [ -491239.354265978327021, 1668779.541236491175368 ], [ -491135.404907826683484, 1668664.260637311497703 ], [ -490975.88437709439313, 1668526.653309920104221 ], [ -491034.974459367513191, 1668369.664819739758968 ], [ -491136.911532400583383, 1668046.671639035921544 ], [ -491188.726538149756379, 1667768.354935010196641 ], [ -491259.274547589360736, 1667421.535668004769832 ], [ -491271.191397231596056, 1667392.887781371129677 ] ], [ [ -492741.059148064407054, 1696770.812067044898868 ], [ -492790.339126279286575, 1696703.808581247925758 ], [ -492369.994865151646081, 1696677.963197157718241 ], [ -492262.112953179748729, 1696685.562905079452321 ], [ -492192.023435627808794, 1696519.818338865414262 ], [ -492224.378440551285166, 1696284.214966322761029 ], [ -492287.320035588229075, 1696136.65004382096231 ], [ -492387.044905538205057, 1696040.500097935087979 ], [ -492493.991691411007196, 1696035.978890663944185 ], [ -492587.439288672525436, 1696021.638191375881433 ], [ -492586.420387759979349, 1695893.396247573196888 ], [ -492603.73252358956961, 1695836.056018837494776 ], [ -492507.877349860442337, 1695819.85723276459612 ], [ -492360.569829620886594, 1695704.554050843464211 ], [ -492277.141888635582291, 1695615.112334820907563 ], [ -492295.837447968195193, 1695460.068304423475638 ], [ -492375.857336315559223, 1695390.73062056209892 ], [ -492412.948999656713568, 1695261.389717012410983 ], [ -492499.174018602236174, 1695155.428682312136516 ], [ -492514.071512810769491, 1695067.546459524426609 ], [ -492497.148899223131593, 1694898.943392622750252 ], [ -492501.39424695802154, 1694873.905087152728811 ], [ -492521.985207327292301, 1694752.463651635916904 ], [ -492565.288844026159495, 1694586.50933770602569 ], [ -492646.18526941142045, 1694518.713439938845113 ], [ -492662.531720044731628, 1694505.01416340097785 ], [ -492806.341412449488416, 1694506.711920396657661 ], [ -493060.510927216208074, 1694662.679926348151639 ], [ -493789.373956920113415, 1695418.683405684772879 ], [ -493866.294145172578283, 1695725.492953180801123 ], [ -493835.257557177799754, 1695908.584367931587622 ], [ -493881.752002553606872, 1696036.982103276532143 ], [ -494068.41500772384461, 1696143.864609039854258 ], [ -494197.331405985809397, 1696233.450872502755374 ], [ -494237.697104300372303, 1696353.27383298217319 ], [ -494246.008171924157068, 1696527.945776491658762 ], [ -494229.798822951619513, 1696668.341591373318806 ], [ -494173.073400336783379, 1696779.28691021958366 ], [ -494104.15434536972316, 1696827.906816559610888 ], [ -494032.75376110651996, 1696891.183696770807728 ], [ -494010.483551233191974, 1696977.817925674607977 ] ], [ [ -493083.557091867958661, 1667678.492609969805926 ], [ -493079.169762924429961, 1667741.31178142875433 ], [ -493078.610938082041685, 1667854.790561903500929 ], [ -493047.30641226231819, 1667967.732052797451615 ], [ -493018.790319815976545, 1668065.686175265116617 ], [ -492991.294576462125406, 1668121.031812931643799 ], [ -492969.474521025025751, 1668164.952975735766813 ], [ -492879.484519865363836, 1668261.825559806544334 ], [ -492858.426002926309593, 1668335.386421833653003 ], [ -492891.596244538319297, 1668388.325846425024793 ], [ -492930.749281690572388, 1668436.991432969691232 ], [ -492967.135508573614061, 1668453.644498114241287 ], [ -493028.573643699171953, 1668372.118529162602499 ], [ -493081.979651770729106, 1668310.175236302893609 ], [ -493185.890292195486836, 1668189.653263908345252 ], [ -493418.304552436224185, 1667907.542767676757649 ], [ -493550.196096521511208, 1667752.027214657049626 ] ], [ [ -492808.313750412140507, 1674754.771889472845942 ], [ -492777.777312425198033, 1674607.346326350234449 ], [ -492676.837599691352807, 1674440.558993326267228 ], [ -492421.279175597475842, 1674068.954556255834177 ], [ -492564.24549954169197, 1674083.971907366765663 ], [ -492692.505976513959467, 1674142.681219744496047 ], [ -492799.722520367824472, 1674285.235781152034178 ], [ -492848.579177553823683, 1674335.189602194353938 ] ], [ [ -489455.971656911249738, 1677112.888168419944122 ], [ -489453.36784698755946, 1677131.556749200914055 ], [ -489544.356420987925958, 1677103.114574884064496 ], [ -489711.079947017598897, 1677021.228242997080088 ], [ -489877.531160507525783, 1676993.263683868572116 ], [ -489973.760225716105197, 1677001.322784209391102 ], [ -490071.747097625397146, 1676999.895560894161463 ], [ -490255.322331445175223, 1676984.927207532338798 ], [ -490373.532731400220655, 1677001.298129264963791 ], [ -490306.825158662977628, 1677065.377949706278741 ], [ -490173.61790817178553, 1677082.602793937548995 ], [ -490050.555553126498125, 1677113.713961432920769 ], [ -489918.618386011570692, 1677113.740231588250026 ], [ -489779.887363015150186, 1677097.79314200556837 ], [ -489682.208490801160224, 1677123.805202564690262 ], [ -489529.349224292032886, 1677183.73619832075201 ], [ -489445.130147282907274, 1677223.358189968159422 ], [ -489433.129596716491506, 1677287.793344842037186 ], [ -489562.483195566106588, 1677346.903232590993866 ], [ -489644.540096418350004, 1677352.332805147627369 ], [ -489783.543613196641672, 1677314.358263895614073 ], [ -489863.525988570530899, 1677304.687140761641786 ], [ -489942.007655643683393, 1677250.567400433123112 ], [ -490043.228251293767244, 1677205.576925972709432 ], [ -490156.845571238722187, 1677172.709717600140721 ], [ -490234.955356378515717, 1677157.650802234886214 ], [ -490159.776361353928223, 1677245.07681362866424 ], [ -490031.480295779881999, 1677321.16110941185616 ], [ -489934.986980466521345, 1677367.0252160273958 ], [ -489879.808194618148264, 1677400.934860304929316 ], [ -489784.774089847516734, 1677412.718758136965334 ], [ -489617.12627397000324, 1677420.83932702918537 ], [ -489486.962496298132464, 1677411.381008965428919 ], [ -489421.406411138304975, 1677374.505157300503924 ], [ -489331.429635869746562, 1678079.092226234264672 ] ], [ [ -489296.130221214843914, 1678293.535175216849893 ], [ -489246.873819029366132, 1678600.583353604190052 ], [ -489432.767162421077956, 1678314.71292365831323 ], [ -489543.563429735193495, 1678469.745416502933949 ], [ -489522.231410957698245, 1678596.960546439280733 ], [ -489502.522042593220249, 1678685.67973182303831 ], [ -489464.799941737437621, 1678737.480648711090907 ], [ -489367.43323416612111, 1678798.658743388252333 ], [ -489272.46881361870328, 1678816.642162080621347 ], [ -489234.81033388414653, 1678810.327257956843823 ], [ -489223.837566509842873, 1678769.516562561271712 ] ], [ [ -489166.27260301343631, 1679099.935372970998287 ], [ -489096.331116733024828, 1679409.081053844885901 ], [ -489066.758289538149256, 1679547.493118602549657 ] ], [ [ -488971.684955963341054, 1680416.333967517362908 ], [ -489109.246423416712787, 1680395.430292015662417 ], [ -489203.986062601732556, 1680438.832370227435604 ], [ -489267.053624275780749, 1680486.683294872520491 ], [ -489291.623333067516796, 1680548.025173609843478 ], [ -489318.041849143570289, 1680599.389228096697479 ], [ -489308.800225165497977, 1680731.884550271555781 ], [ -489300.805506375618279, 1680885.2653632464353 ], [ -489579.409822619403712, 1681242.490312490845099 ], [ -489442.623910871217959, 1681533.815683995839208 ], [ -489324.849303581111599, 1681877.949590957490727 ], [ -489199.399252006958704, 1682033.842197926482186 ], [ -489077.303275258163922, 1682111.587325699161738 ], [ -488982.562324961530976, 1682144.76417382596992 ], [ -488972.831392870109994, 1682202.149020658805966 ], [ -488987.109706655319314, 1682293.113812803523615 ], [ -488999.653247252688743, 1682452.665581526001915 ], [ -489016.963513967581093, 1682642.529333950020373 ], [ -488963.547348940686788, 1682768.77054292242974 ], [ -488869.485922040592413, 1682877.471871056826785 ], [ -488829.972319468273781, 1683102.851187527412549 ], [ -488714.851655983773526, 1683296.751718148589134 ], [ -488537.466016913647763, 1683386.18284129910171 ], [ -488376.721877212810796, 1683498.48176438594237 ], [ -488328.483788742858451, 1683549.356896251672879 ], [ -488191.994303111219779, 1683595.14150693337433 ], [ -488116.679702553024981, 1683732.742837665602565 ], [ -488108.656825748155825, 1683845.156646016286686 ], [ -488064.66123088094173, 1683946.119773421436548 ], [ -487989.962379424890969, 1684036.516399130923674 ], [ -487855.536307545437012, 1684160.236550056375563 ], [ -487805.251010002451949, 1684395.582794713787735 ], [ -487778.332434429321438, 1684599.734553480986506 ], [ -487515.298870789643843, 1684198.936893838690594 ], [ -487411.252142754616216, 1684053.44410462374799 ], [ -487260.271199361886829, 1684126.298110317438841 ], [ -486976.047811363649089, 1684225.80591753940098 ], [ -486791.323043162177783, 1684322.470802886644378 ], [ -486351.464738342911005, 1684405.499513737624511 ], [ -486117.098974924418144, 1684444.57090289122425 ], [ -486030.245682260661852, 1684547.940261563984677 ], [ -486017.271430323715322, 1684624.44993043364957 ], [ -486100.432319643499795, 1684776.260890996083617 ], [ -486113.087214276951272, 1684876.791139738168567 ], [ -486061.499996543861926, 1685005.797220435691997 ], [ -485953.769952895701863, 1685115.484317330177873 ], [ -485761.044012065220159, 1685200.951723677571863 ], [ -485658.18640445737401, 1685281.933001797413453 ], [ -485611.459834195091389, 1685382.251488012028858 ], [ -485550.349769697058946, 1685450.624810462351888 ], [ -485482.861986328032799, 1685498.246880577178672 ], [ -485392.986580525175668, 1685502.720441705081612 ], [ -485283.972184356825892, 1685444.92912110965699 ], [ -485158.948489246948157, 1685364.749053179984912 ], [ -484987.305835646111518, 1685325.870428964262828 ], [ -484900.789871645101812, 1685252.200590474531054 ], [ -484819.19018344063079, 1685124.869202671339735 ], [ -484681.575679617933929, 1684910.128222456201911 ], [ -484591.925682674278505, 1684796.57863422180526 ], [ -484578.500991019536741, 1684782.180006636073813 ], [ -484483.015280574385542, 1684679.767164091113955 ], [ -484492.759112596628256, 1684622.377271519741043 ], [ -484552.239212911692448, 1684563.572073377203196 ], [ -484645.362067705602385, 1684539.973844411317259 ], [ -484711.227164020878263, 1684501.921270718565211 ], [ -484780.33401109528495, 1684444.740947784390301 ], [ -484899.086438220343553, 1684445.154174904804677 ], [ -485109.333236188511364, 1684431.525764483725652 ], [ -485268.205948239716236, 1684428.878944166470319 ], [ -485432.062756323546637, 1684338.540707154665142 ], [ -485563.792479194584303, 1684262.432611939962953 ], [ -485640.797437453235034, 1684275.461111626354977 ], [ -485875.05739584955154, 1684295.398426234489307 ], [ -486075.679529070795979, 1684280.139771147863939 ], [ -486273.167119880265091, 1684224.991300028981641 ], [ -486348.657488950819243, 1684188.570710138883442 ], [ -486427.390835180704016, 1684133.012107181129977 ], [ -486506.017269774398301, 1684136.470705738058314 ], [ -486586.156727256020531, 1684189.387247238541022 ], [ -486695.391637096065097, 1684129.143939626170322 ], [ -487204.686998246645089, 1683811.887583284173161 ], [ -487230.64148785645375, 1683658.866809685481712 ], [ -487248.592158789280802, 1683494.64198656915687 ], [ -487244.057122647005599, 1683346.286932059796527 ], [ -487159.372083046066109, 1683145.033732700161636 ], [ -487178.838003125798423, 1683030.256907042814419 ], [ -487257.577991357888095, 1682974.697272566379979 ], [ -487498.428866991016548, 1682897.364158772397786 ], [ -487878.789960100664757, 1682873.142804797040299 ], [ -488114.884843876876403, 1682765.475954608758911 ], [ -488227.469874490168877, 1682627.092110718367621 ], [ -488256.559643532091286, 1682513.948169715469703 ], [ -488242.388317819684744, 1682363.964711791602895 ], [ -488213.841854418162256, 1682182.036570393946022 ], [ -488204.320903880347032, 1682121.392728017643094 ], [ -488369.793262592400424, 1682021.471033100271598 ], [ -488682.985078725731, 1681867.804141990840435 ], [ -488888.581928587169386, 1681764.828896471997723 ], [ -488957.790051824937109, 1681648.620051045902073 ], [ -489020.837957601412199, 1681393.630475368583575 ], [ -489066.059448909887578, 1681161.633570275269449 ], [ -489074.436981689650565, 1681092.079811877338216 ], [ -489042.427813896792941, 1680936.891549519263208 ], [ -488987.161154703528155, 1680871.437179459957406 ], [ -488922.671935835562181, 1680736.734093526145443 ], [ -488812.85365265031578, 1680634.322140622651204 ], [ -488610.771198236441705, 1680468.214834443293512 ], [ -488560.158737150486559, 1680425.722947595873848 ], [ -488461.935888666368555, 1680343.259128982201219 ], [ -488300.070772118051536, 1680320.080936498241499 ], [ -488236.740453254489694, 1680350.377923974068835 ], [ -488206.171655510843266, 1680324.016279809642583 ], [ -488220.719761186279356, 1680222.462370597058907 ], [ -488317.969637807400431, 1680055.813314151484519 ], [ -488358.876474378164858, 1679926.354788565076888 ], [ -488295.28197076759534, 1679843.715572019573301 ], [ -488222.144241825095378, 1679776.703330303775147 ] ], [ [ -488651.16074387653498, 1696088.047469732817262 ], [ -488698.192711029434577, 1696000.10853661200963 ], [ -488573.565641577879433, 1695876.945880609331653 ], [ -488471.604152558429632, 1695779.107803917257115 ], [ -488422.005665869568475, 1695657.752589893294498 ], [ -488364.639581839670427, 1695553.099213111912832 ], [ -488314.200045904319268, 1695404.69160182448104 ], [ -488393.708544188179076, 1695283.459431752795354 ], [ -488639.875310579314828, 1695130.953266602009535 ], [ -488918.064830653253011, 1694903.660791439935565 ], [ -488753.868429862777703, 1696105.522141032619402 ] ], [ [ -488655.42450327653205, 1675149.132039015181363 ], [ -488662.332032604143023, 1675260.582665839465335 ], [ -488696.103805784019642, 1675408.103943775873631 ], [ -488746.825649881269783, 1675487.158098831074312 ] ], [ [ -488608.014134681667201, 1675671.658065779833123 ], [ -488496.534573245036881, 1675683.310686938231811 ], [ -488466.951031319622416, 1675691.129312353674322 ], [ -488406.178225457901135, 1675707.190882284194231 ], [ -488327.339683434460312, 1675746.537738905986771 ], [ -488261.337173542473465, 1675760.093962586484849 ], [ -488165.290768486273009, 1675727.924709273502231 ], [ -488046.789995006693061, 1675724.762072362005711 ], [ -487969.878787740832195, 1675750.571810638764873 ], [ -487899.479279260209296, 1675816.273980023339391 ], [ -487880.090073506347835, 1675834.369384702527896 ], [ -487788.410160402359907, 1675899.484575159847736 ], [ -487689.043703506293241, 1675954.30045499233529 ], [ -487575.58433496253565, 1676011.693786585470662 ], [ -487461.522164210153278, 1676041.377505224198103 ], [ -487351.336247762839776, 1676044.011758586391807 ], [ -487281.542904027039185, 1676020.201324793277308 ], [ -487215.023721196572296, 1675941.632226207060739 ], [ -487226.01079335110262, 1675864.962479522684589 ], [ -487264.144532940001227, 1675783.772572373971343 ], [ -487278.67730946734082, 1675752.830956784309819 ], [ -487362.732790760928765, 1675645.202635535271838 ], [ -487399.325458488776349, 1675581.400786770274863 ], [ -487378.247159386985004, 1675536.95529598928988 ], [ -487332.202635791618377, 1675475.132019378012046 ], [ -487275.855409242096357, 1675453.252007852541283 ], [ -487217.574047171568964, 1675444.89739129669033 ], [ -487198.953833438688889, 1675479.052144087152556 ], [ -487187.884640036441851, 1675620.158486634492874 ], [ -487164.738831555529032, 1675685.88060553278774 ], [ -487090.338310673832893, 1675758.07336820056662 ], [ -487029.428126177284867, 1675799.979018184589222 ], [ -486982.655816658167168, 1675807.089819757966325 ], [ -486914.157899530313443, 1675774.263097622664645 ], [ -486917.388720698305406, 1675751.71185447066091 ], [ -486985.408241506956983, 1675660.195710126310587 ], [ -487050.196603922580834, 1675591.230707588838413 ], [ -487068.335636065341532, 1675527.398139382014051 ], [ -487081.25078498426592, 1675419.049594328273088 ], [ -487131.604716504982207, 1675369.59965031966567 ], [ -487186.175807811552659, 1675357.708864584797993 ], [ -487289.390713445609435, 1675390.747314551146701 ], [ -487379.658887777128257, 1675431.293962577125058 ], [ -487428.29314279143, 1675475.085167644545436 ], [ -487467.26405460346723, 1675554.310197110753506 ], [ -487447.312445270246826, 1675629.700011046836153 ], [ -487404.942631062760483, 1675701.877670685527846 ], [ -487335.991081925167236, 1675781.135968782473356 ], [ -487333.728319480374921, 1675783.73687213473022 ], [ -487291.358345632790588, 1675855.914137032348663 ], [ -487302.832707302004565, 1675903.588694268604741 ], [ -487327.754397108859848, 1675953.183519085869193 ], [ -487380.260706938977819, 1675969.904118061996996 ], [ -487476.991213496599812, 1675965.348072041058913 ], [ -487622.444441894593183, 1675940.157794803613797 ], [ -487770.51719154586317, 1675864.705234384164214 ], [ -487828.225186865194701, 1675811.908871934283525 ], [ -487870.565571337530855, 1675773.172157540684566 ], [ -487973.801252581994049, 1675691.294818548252806 ], [ -488001.428472416417208, 1675626.212345934938639 ], [ -488047.072560269269161, 1675499.26501388172619 ], [ -488085.598421934701037, 1675421.936871125595644 ], [ -488117.024111344362609, 1675394.221091208746657 ], [ -488137.508223028678913, 1675410.958411795785651 ], [ -488198.250438653747551, 1675497.903247719164938 ], [ -488297.447695910697803, 1675571.947726927464828 ], [ -488338.406235033471603, 1675605.430701913079247 ], [ -488370.30231391498819, 1675609.99900160334073 ], [ -488387.724780013319105, 1675612.494284292450175 ], [ -488424.876660288253333, 1675608.608821267029271 ], [ -488480.655831883312203, 1675570.569166534813121 ], [ -488558.895770838018507, 1675503.533386095659807 ], [ -488606.998490183381364, 1675455.186117558274418 ], [ -488616.654710187867749, 1675419.740583528531715 ], [ -488611.559672935807612, 1675391.399377328343689 ], [ -488569.357313325628638, 1675334.726172587834299 ], [ -488523.348120754177216, 1675240.684005334042013 ], [ -488469.068210721714422, 1675108.626112822210416 ], [ -488447.376721700537018, 1675036.479150987230241 ], [ -488443.018103459849954, 1674939.19409900251776 ], [ -488427.751374842773657, 1674854.16279205144383 ], [ -488407.356524267990608, 1674772.989700127858669 ], [ -488394.629986343497876, 1674702.122687033144757 ], [ -488392.836743469000794, 1674654.792578444816172 ] ], [ [ -488066.725352770590689, 1679608.414580179844052 ], [ -487956.238896861381363, 1679518.783189947949722 ] ], [ [ -487904.468312818731647, 1676737.147086481796578 ], [ -487948.095618600433227, 1676660.858761398587376 ] ], [ [ -487779.129764201294165, 1676900.554295145673677 ], [ -487712.029768318752758, 1676844.677609390579164 ], [ -487673.904015418956988, 1676748.64132670732215 ], [ -487695.550163236621302, 1676693.403254432370886 ], [ -487771.799480898363981, 1676654.749855443136767 ], [ -487846.152269183774479, 1676730.785979807376862 ], [ -487856.340986071794759, 1676794.904371921671554 ] ], [ [ -487340.864710320485756, 1673440.13845192710869 ], [ -487411.314021190337371, 1673368.660067385062575 ], [ -487522.392149581864942, 1673411.713270929642022 ], [ -487563.796282648167107, 1673509.115429404657334 ], [ -487572.505636048212182, 1673584.535466796485707 ], [ -487497.039773792144842, 1673665.887467144289985 ], [ -487424.470344043278601, 1673617.776555735385045 ], [ -487236.949636060453486, 1673545.565886887954548 ] ], [ [ -485042.775664428714663, 1695474.021723875775933 ], [ -483786.677370856923517, 1693811.972293860279024 ], [ -484501.438743773032911, 1693533.143321268027648 ], [ -484800.397056608402636, 1693452.882762197870761 ], [ -485500.441897225857247, 1693207.896351952105761 ], [ -485857.363800157385413, 1693097.425906902179122 ], [ -485865.979507101292256, 1692584.637315017636865 ], [ -485969.346542884537484, 1692255.152974918019027 ], [ -486059.642055424512364, 1692154.1386797754094 ], [ -486166.484896273876075, 1692084.992532009491697 ], [ -486257.904563957825303, 1692020.502104259561747 ], [ -486282.91647494857898, 1691959.318862203508615 ], [ -486299.612224627751857, 1691903.993777306750417 ], [ -486292.737574406026397, 1691772.013198653934523 ], [ -486269.395304803969339, 1691564.557578980689868 ], [ -486261.476366074290127, 1691352.445380172226578 ], [ -486279.537776194338221, 1691202.86644383170642 ], [ -486333.071996797109023, 1691102.896924260538071 ], [ -486390.054349350044504, 1691068.925331786973402 ], [ -486463.644388959743083, 1691023.232865789439529 ], [ -486547.955742246296722, 1690957.538525697309524 ], [ -486625.221822315827012, 1690847.042405595304444 ], [ -486640.664809374546167, 1690834.451553704449907 ], [ -486795.026919116673525, 1690708.597965871915221 ], [ -486943.426427204511128, 1690610.132183112436906 ], [ -487073.990793909702916, 1690530.454631608678028 ], [ -487146.395290080923587, 1690491.825381548143923 ], [ -487165.43110637855716, 1690459.250825089635327 ], [ -487177.32046953443205, 1690438.90550099988468 ], [ -487221.342650648613926, 1690351.865328162908554 ], [ -487284.306066386692692, 1690282.568857152247801 ], [ -487355.510835210036021, 1690250.991070647491142 ], [ -487527.397937351663131, 1690272.796869550365955 ], [ -487490.793831716582645, 1690186.650314412079751 ], [ -487429.496713608852588, 1689987.310958538437262 ], [ -487351.816692929249257, 1689668.90817617950961 ], [ -487254.954657717200462, 1689463.552196800708771 ], [ -487117.991368109709583, 1689235.877281802240759 ], [ -487089.457711555471178, 1689188.445296998601407 ], [ -486915.803246619529091, 1688831.999905623495579 ], [ -486678.149490828276612, 1688464.737104234052822 ], [ -486475.900258479930926, 1688190.673675074940547 ], [ -486613.970655214972794, 1688212.907494674669579 ], [ -486707.5260598367895, 1688200.02097089542076 ], [ -486816.782551388430875, 1688229.778159951325506 ], [ -486952.603128351271152, 1688275.250426643062383 ], [ -487040.755469729367178, 1688339.357688214629889 ], [ -487170.652490433421917, 1688390.835995017550886 ], [ -487249.283685302885715, 1688394.294319343287498 ], [ -487337.095128481043503, 1688397.060560340294614 ], [ -487397.283456302655395, 1688412.865874791750684 ], [ -487475.105953227495775, 1688391.628349190345034 ], [ -487511.162332125124522, 1688449.11829884396866 ], [ -487559.261900189449079, 1688502.906328862300143 ], [ -487588.830543719348498, 1688565.029553753323853 ], [ -487697.973480205750093, 1688697.641769226407632 ], [ -487874.453483187418897, 1688795.154751235852018 ], [ -487978.614489304134622, 1688881.635250039864331 ], [ -488143.774476072983816, 1688958.745512261521071 ], [ -488313.699552836711518, 1689066.184766076039523 ], [ -488384.221137153974269, 1689117.462345083011314 ], [ -488570.264200566511136, 1689188.273488487815484 ], [ -488645.647617072740104, 1689210.85565934702754 ], [ -488603.477239587402437, 1689459.515645642066374 ], [ -488609.650310990109574, 1689598.291625576559454 ], [ -488591.494812061777338, 1689880.51743875304237 ], [ -488721.080777734227013, 1690109.018926052842289 ], [ -488853.711002718831878, 1690436.419051641365513 ], [ -488730.133941098931246, 1691340.271253606071696 ], [ -488601.801153365115169, 1692213.783934991341084 ], [ -488200.301773792307358, 1692362.323378061177209 ], [ -488243.253134822531138, 1692598.747211110778153 ], [ -488246.397324477904476, 1692616.053923867177218 ], [ -488241.011416044668294, 1692939.776217282051221 ], [ -488202.617585678701289, 1693219.159722685581073 ], [ -488198.732595476321876, 1693247.430298113729805 ], [ -488254.146329528128263, 1693679.799871549708769 ], [ -488252.212988959043287, 1693866.384378663497046 ], [ -488147.038029543648008, 1694251.656391576863825 ], [ -488022.143845112645067, 1694386.81448909221217 ], [ -487808.012489411048591, 1694558.578207826474681 ], [ -487555.031807796563953, 1694766.023385672597215 ], [ -487551.094156101054978, 1694793.388727922923863 ], [ -487525.041876304254401, 1694974.445587092312053 ], [ -487541.587798966444097, 1695102.88879410806112 ], [ -487556.147394936939236, 1695190.424148039892316 ], [ -487571.05951744702179, 1695280.078473151428625 ], [ -487560.458367333456408, 1695407.488841925049201 ], [ -487492.322525188152213, 1695492.953775549540296 ], [ -487343.930404663668014, 1695575.722598250256851 ], [ -487196.414871061395388, 1695653.26178886834532 ], [ -487082.178995109337848, 1695821.089509788202122 ] ], [ [ -486121.162220543657895, 1695657.552270614309236 ], [ -486121.148840680369176, 1695657.517154831206426 ], [ -486071.988797882862855, 1695588.491232663858682 ], [ -486039.81078165397048, 1695491.589995876420289 ], [ -486039.916363323456608, 1695394.716920303413644 ], [ -486026.9195629665046, 1695311.794691744958982 ], [ -485982.212711485277396, 1695190.07034508138895 ], [ -485990.213777004566509, 1695027.218306469032541 ], [ -486093.693939158983994, 1694870.732770259492099 ], [ -486278.528154209081549, 1694747.194503703853115 ], [ -486463.360378911835141, 1694623.665486890589818 ], [ -486659.163277622836176, 1694492.308605335885659 ], [ -486834.764392858312931, 1694472.98726206435822 ], [ -487115.677760165068321, 1694466.264786155428737 ], [ -487340.775145127729047, 1694439.418484847526997 ], [ -487473.323039029957727, 1694322.962047518696636 ], [ -487491.950612463464495, 1694149.687380465678871 ], [ -487376.961601280665491, 1694066.083150858758017 ], [ -487274.079619280586485, 1694037.99663675413467 ], [ -487255.084985469235107, 1693927.856021096697077 ], [ -487291.938083660614211, 1693805.778899588389322 ], [ -487377.222393037576694, 1693706.217275638598949 ], [ -487575.407309594447725, 1693551.051693283719942 ], [ -487830.980946821393445, 1693372.15578679391183 ], [ -487903.725767663156148, 1693287.736460210289806 ], [ -487995.215590192936361, 1693181.563205619109794 ], [ -488070.759059502219316, 1693009.369341793935746 ], [ -488087.292663710424677, 1692736.714820692781359 ], [ -488058.248348181019537, 1692642.283949091099203 ], [ -487997.926286036614329, 1692446.159059160621837 ], [ -487860.214726599282585, 1692496.471614958019927 ], [ -487280.055735194822773, 1692708.42579330666922 ], [ -487270.577564716164488, 1692711.812537422869354 ], [ -486868.921791610133369, 1692855.329279535682872 ], [ -486968.699483624601271, 1693109.560761022381485 ], [ -487116.814593810762744, 1693301.895092529477552 ], [ -487138.523426165047567, 1693397.042940101586282 ], [ -486962.983078762481455, 1693577.540236291941255 ], [ -486760.50931376562221, 1693760.762104299385101 ], [ -486688.823617155489046, 1693899.455429535126314 ], [ -486638.07223116455134, 1694041.669357447186485 ], [ -486644.891754678916186, 1694193.538027677685022 ], [ -486444.235501125804149, 1694202.946060796501115 ], [ -486287.90719662461197, 1694266.367426238255575 ], [ -486042.449874550686218, 1694485.466004896908998 ], [ -485884.150798144983128, 1694681.051145000383258 ], [ -485716.854361866193358, 1694850.701063339598477 ], [ -485531.555696440627798, 1695056.535806442378089 ], [ -485437.533638599619735, 1695156.666265641339123 ], [ -485370.103695415542461, 1695270.913379431003705 ], [ -485429.400302711932454, 1695435.385338485939428 ], [ -485462.927965204871725, 1695545.527447466738522 ] ], [ [ -485125.72312061523553, 1666436.616255664499477 ], [ -485238.103954986610916, 1666830.814725783886388 ], [ -485271.766592448810115, 1667102.057066923938692 ], [ -485308.788323634827975, 1667294.994819699088112 ], [ -485361.274427432916127, 1667556.444362069712952 ], [ -485369.924353341688402, 1667599.53196190088056 ], [ -485385.605741893465165, 1667816.692147060064599 ], [ -485371.456065221456811, 1668073.40441657975316 ], [ -485382.022388395445887, 1668227.592397354543209 ], [ -485428.536996162554715, 1668399.734562531812117 ], [ -485510.64918423187919, 1668561.582286242861301 ], [ -485577.49988377065165, 1668714.953328784089535 ], [ -485663.349028149445076, 1668916.961378558771685 ], [ -485743.435013643989805, 1669089.700944868382066 ], [ -485818.403312208538409, 1669199.479734694585204 ], [ -485898.767783727031201, 1669220.045315546216443 ], [ -485974.715063582698349, 1669234.15659113205038 ], [ -486076.077890145825222, 1669202.251815844792873 ], [ -486153.359878407616634, 1669148.965020325267687 ], [ -486237.393758727237582, 1669029.269988644868135 ], [ -486327.522934772598092, 1668876.877374297939241 ], [ -486442.043976850050967, 1668683.917361356783658 ], [ -486521.316136273206212, 1668529.519550510216504 ], [ -486548.059241298469715, 1668416.092499174410477 ], [ -486569.33517277543433, 1668211.435571818845347 ], [ -486596.040085997083224, 1668007.800330541096628 ], [ -486623.448208964779042, 1667860.662346204509959 ], [ -486639.023430546978489, 1667807.179499295307323 ], [ -486673.246866856236011, 1667774.075920248171315 ], [ -486713.603941238601692, 1667798.482518489239737 ], [ -486775.345186077815015, 1667888.893944503739476 ], [ -486833.372680924891029, 1668029.348951992113143 ], [ -486884.971671481442172, 1668174.245232070563361 ], [ -486905.023967641987838, 1668307.639097045408562 ], [ -486799.291072505468037, 1668423.310787003254518 ], [ -486796.172381926211528, 1668259.230552966240793 ], [ -486781.231495453394018, 1668188.79689108254388 ], [ -486736.429666842333972, 1668067.710309569956735 ], [ -486710.984461024345364, 1668023.521375779528171 ], [ -486681.825184727669694, 1668029.375973087968305 ], [ -486662.855599182308652, 1668070.954299150034785 ], [ -486667.964693013345823, 1668133.924312116345391 ], [ -486655.470750734733883, 1668261.269744660006836 ], [ -486621.625705348502379, 1668412.847425682935864 ], [ -486604.37242722522933, 1668505.481189904036 ], [ -486517.646987956948578, 1668669.780768197029829 ], [ -486439.037946556869429, 1668790.478409816743806 ], [ -486337.391390022763517, 1668974.557505050674081 ], [ -486239.810105924785603, 1669136.841536149615422 ], [ -486158.82059769530315, 1669240.182331370888278 ], [ -486015.7728016472538, 1669315.079734909115359 ], [ -485894.738162830413785, 1669332.055392353795469 ], [ -485764.536683588870801, 1669307.857204672414809 ], [ -485706.888033192779403, 1669285.866731243673712 ], [ -485664.815811488777399, 1669210.394881250103936 ], [ -485579.629566682910081, 1668974.687803481472656 ], [ -485437.846509964496363, 1668801.753992103273049 ], [ -485298.758391268318519, 1668584.217265180777758 ], [ -485220.38858986296691, 1668462.541851233923808 ], [ -485160.335743117902894, 1668332.979962837649509 ], [ -485155.220066603447776, 1668270.009044594364241 ], [ -485172.825076053384691, 1668205.634382538031787 ], [ -485223.738228847214486, 1668128.714578783139586 ], [ -485254.491614860657137, 1668070.716474864864722 ], [ -485278.533643946924713, 1667999.760126161389053 ], [ -485281.117578225501347, 1667912.022113658022135 ], [ -485263.875410326872952, 1667777.150573045480996 ], [ -485264.820339612022508, 1667591.274122882634401 ], [ -485227.081253995362204, 1667407.548149300273508 ], [ -485211.843229578866158, 1667333.364014743128791 ], [ -485170.022033668356016, 1667015.495303033618256 ], [ -485136.709060312306974, 1666772.511552755488083 ], [ -485077.640033187752124, 1666547.287047673715279 ], [ -485032.870552482199855, 1666422.356292388867587 ] ], [ [ -484876.215595318004489, 1666398.294257055968046 ], [ -484922.386353680107277, 1666597.365950039355084 ], [ -484920.067027329350822, 1666760.435739732114598 ], [ -484895.706901327241212, 1666891.221027136547491 ], [ -484872.353549678751733, 1667016.553216093452647 ], [ -484850.021780044655316, 1667136.444972186349332 ], [ -484823.188311817415524, 1667240.024767687078565 ], [ -484785.491292260878254, 1667312.952521945117041 ], [ -484788.128304060723167, 1667559.067692782962695 ], [ -484807.508736352669075, 1667726.171893144026399 ], [ -484824.169487353938166, 1667847.662844031583518 ], [ -484856.084164221014362, 1667977.629209401085973 ], [ -484861.192917649459559, 1668040.589070841670036 ], [ -484823.215312623768114, 1668033.536931688897312 ], [ -484796.758166043029632, 1667994.789065448800102 ], [ -484742.478499182325322, 1667894.496303618885577 ], [ -484723.789420317858458, 1667783.898343009874225 ], [ -484710.147142975300085, 1667555.846871892455965 ], [ -484693.810815102071501, 1667372.397894964786246 ], [ -484701.894618436344899, 1667238.588411363307387 ], [ -484722.204822495521512, 1667129.601218030555174 ], [ -484751.638772320409771, 1666971.568952655652538 ], [ -484774.992310311179608, 1666846.236884112469852 ], [ -484777.305446509388275, 1666683.156146643916145 ], [ -484757.609096445725299, 1666578.019263356225565 ], [ -484707.041848454449791, 1666427.669649445218965 ], [ -484693.811555115564261, 1666370.276594346389174 ] ], [ [ -483960.775072008895222, 1666257.667602008674294 ], [ -483952.991350174241234, 1666287.514991590986028 ], [ -483916.411168940656353, 1666393.478545320685953 ], [ -483867.61360650829738, 1666474.620427822694182 ], [ -483836.58775947324466, 1666559.089414281072095 ], [ -483804.107377644977532, 1666627.321335059124976 ], [ -483760.548364551970735, 1666698.96086016530171 ], [ -483725.994653174246196, 1666752.749650839017704 ], [ -483712.127822922891937, 1666857.297804968664423 ], [ -483733.192407026828732, 1666985.25254767248407 ], [ -483739.426957518793643, 1667006.309197449591011 ], [ -483802.088381604931783, 1667217.940075932070613 ], [ -483860.465602565440349, 1667386.646987652173266 ], [ -483915.439817532605957, 1667543.457827772246674 ], [ -483934.469020124117378, 1667682.303133129607886 ], [ -483935.898325105430558, 1667885.533830918138847 ], [ -483843.163609120354522, 1667795.439402705058455 ], [ -483812.242457367596216, 1667722.678405833197758 ], [ -483772.209384500456508, 1667519.768413843587041 ], [ -483689.84522873966489, 1667275.486083739669994 ], [ -483629.673880458518397, 1667091.175062072928995 ], [ -483601.412436002225149, 1667015.995041265850887 ], [ -483566.476283073076047, 1666923.058786246459931 ], [ -483540.55042874161154, 1666788.361790096852928 ], [ -483581.655123889213428, 1666637.361929062986746 ], [ -483626.163876381178852, 1666497.456169849261642 ], [ -483761.60274047619896, 1666227.066925810649991 ] ], [ [ -481064.522223939129617, 1698711.394941558362916 ], [ -481395.708410319290124, 1698564.630711869336665 ], [ -481514.253619174531195, 1698467.693206956842914 ], [ -481588.27914347848855, 1698355.415001622866839 ], [ -481615.293554047762882, 1698196.187859948491678 ], [ -481606.544202002231032, 1698108.909570561023429 ], [ -481564.907688652805518, 1697991.947681553428993 ], [ -481553.362230182625353, 1697959.515097290277481 ], [ -481487.486118828528561, 1697792.369904780993238 ], [ -481473.679146014736034, 1697688.632111520972103 ], [ -481482.947827908559702, 1697583.23768733907491 ], [ -481490.576156050490681, 1697496.495472850510851 ], [ -481501.214512384147383, 1697248.696933461353183 ], [ -481466.988970834354404, 1697172.702559824800119 ], [ -481446.835327238368336, 1697060.088544792262837 ], [ -481387.131462008226663, 1696995.388738700887188 ], [ -481337.553373192436993, 1696963.598703299183398 ], [ -481280.879158364317846, 1696945.535161134554073 ], [ -481233.257122027920559, 1696930.356803139671683 ], [ -481131.442435319826473, 1696928.731575099052861 ], [ -481029.361349035636522, 1697067.46441744454205 ], [ -480950.366275553184096, 1697116.499316534493119 ], [ -480744.411806134739891, 1697103.790390040026978 ], [ -480732.754578275838867, 1697103.071067358599976 ], [ -480601.772869572683703, 1697041.909315365366638 ], [ -480487.262308351288084, 1697022.542363188229501 ], [ -480435.205110092356335, 1696959.124829133972526 ], [ -480440.433391652244609, 1696882.010549911297858 ], [ -480424.058396002219524, 1696793.440551150823012 ], [ -480449.787397366890218, 1696641.794542214600369 ], [ -480471.666473253979348, 1696512.892723484663293 ], [ -480473.124642644252162, 1696411.744697635993361 ], [ -480425.186495134374127, 1696185.222618251806125 ], [ -480434.362358654732816, 1696038.577578663127497 ], [ -480466.358713681343943, 1695942.583568159723654 ], [ -480601.374430003575981, 1695887.429384949617088 ], [ -480798.734897117770743, 1695835.017099764198065 ], [ -480985.986225067346822, 1695749.696470817318186 ], [ -481104.520597470749635, 1695652.753667123615742 ], [ -481190.039487463945989, 1695519.018526267027482 ], [ -481270.622338323970325, 1695714.75712480628863 ], [ -481290.135625258204527, 1695762.155299455160275 ], [ -481402.671578273875639, 1696087.901638553710654 ], [ -481421.790053614415228, 1696143.241322924150154 ], [ -481619.67468679783633, 1696504.327716298168525 ], [ -481795.18293074023677, 1696692.385972906835377 ], [ -482041.934513164509553, 1697073.625759767601267 ], [ -482166.400482293975074, 1697493.825710942270234 ], [ -482205.883414187759627, 1697627.472640097839758 ], [ -482322.766843834833708, 1697785.647731749806553 ], [ -482475.430442353943363, 1698070.537710447097197 ], [ -482610.915105657768436, 1698250.748645156621933 ], [ -482608.833064912585542, 1698312.566045858664438 ], [ -482992.390164264244959, 1698989.730529914144427 ] ], [ [ -479645.342169225797988, 1665594.459844161523506 ], [ -479552.45798672089586, 1665675.542646161979064 ], [ -479355.817624671733938, 1665847.197802848415449 ], [ -479270.029697967169341, 1665904.700816432246938 ], [ -479225.479756009823177, 1665939.281483981292695 ], [ -479109.277518043003511, 1666029.479895556345582 ], [ -478985.179374518047553, 1666097.912592795211822 ], [ -478881.697890822484624, 1666136.461034886306152 ], [ -478754.18217365333112, 1666200.301008079666644 ], [ -478806.871079259377439, 1666117.513241889420897 ], [ -479002.002748249971773, 1665923.748385393293574 ], [ -479029.942031909304205, 1665894.345287672476843 ], [ -479098.150239568203688, 1665822.563151373760775 ], [ -479260.052571725333109, 1665689.736776636447757 ], [ -479329.753487885580398, 1665621.573715786682442 ], [ -479388.22871600772487, 1665564.388386772014201 ], [ -479391.267445844307076, 1665555.400078962789848 ] ], [ [ -478974.607159351580776, 1665491.341836320701987 ], [ -478838.526041414996143, 1665641.615072761429474 ], [ -478724.208826382935513, 1665760.247914811596274 ], [ -478715.508565765107051, 1665767.344263908686116 ], [ -478612.398670009686612, 1665851.445488187717274 ], [ -478518.033837706432678, 1665911.830393820302561 ], [ -478406.587872592033818, 1665920.484522879123688 ], [ -478338.610553446109407, 1665910.733573274221271 ], [ -478283.776062525925227, 1665894.655237448401749 ], [ -478219.249715535144787, 1665860.763187994016334 ], [ -478172.458165375515819, 1665817.093468234641477 ], [ -478146.81862701184582, 1665768.238374582258984 ], [ -478139.337249407195486, 1665745.56015512556769 ], [ -478129.7540445937193, 1665716.510261510498822 ], [ -478152.716464472468942, 1665641.780568687943742 ], [ -478191.094937433896121, 1665573.374272313434631 ], [ -478294.789378505374771, 1665391.136465348070487 ], [ -478297.44346846541157, 1665387.228571712970734 ] ], [ [ -477310.034192162915133, 1693949.793593515641987 ], [ -477208.432290340366308, 1694034.512059329543263 ], [ -477369.010622535424773, 1694388.789880017749965 ], [ -477235.65134900592966, 1694249.216795686399564 ], [ -477058.881792266562115, 1694180.290801906958222 ], [ -476980.061050531629007, 1694135.757612002082169 ], [ -476963.59384402068099, 1694093.960723085328937 ], [ -476952.273986473563127, 1694021.84610061487183 ], [ -476843.762925938237458, 1694198.492447562050074 ], [ -476684.288738365808968, 1694397.704415627056733 ], [ -476829.150811980536673, 1694515.828104373533279 ], [ -476940.900348176946864, 1694643.943237513303757 ], [ -477033.517786643642467, 1694792.227774801431224 ], [ -477181.881865010247566, 1695074.745575567474589 ], [ -477205.179706974478904, 1695170.247740664985031 ], [ -477209.670281155733392, 1695188.655393495922908 ], [ -477192.842421858105808, 1695334.007081981282681 ], [ -477159.109323546872474, 1695671.508453670889139 ], [ -477166.469488736183848, 1695813.159192720428109 ], [ -477215.945550947100855, 1696001.001409553457052 ], [ -477333.22108747146558, 1696054.361033247085288 ], [ -477710.989028044627048, 1696210.363886856473982 ], [ -477885.210862462059595, 1696400.946589303668588 ], [ -477746.34958109841682, 1696748.164420858724043 ], [ -477730.212121574440971, 1696880.442521488526836 ], [ -477815.472598578257021, 1696980.960563243133947 ], [ -477957.203303734422661, 1697030.289796230383217 ], [ -477958.229111212363932, 1697031.217090613208711 ], [ -478056.969551572401542, 1697120.471767198527232 ], [ -478049.55979822127847, 1697259.70135082793422 ], [ -477968.6916854903684, 1697380.221568684559315 ], [ -477952.507318820280489, 1697556.136440076865256 ], [ -477948.579786989896093, 1697600.909090778091922 ], [ -477935.656789971864782, 1697748.228961552493274 ], [ -478424.02468106726883, 1697102.402097323909402 ], [ -478677.75747049076017, 1696856.745924967806786 ], [ -478846.229444809432607, 1696604.4469252708368 ], [ -478922.745581714028958, 1696523.797552714357153 ], [ -478972.522259083518293, 1696620.788038596278057 ], [ -479076.181706742674578, 1696822.768139322753996 ], [ -479183.992399732698686, 1697020.40701723145321 ], [ -479309.823682628630195, 1697111.908125361194834 ], [ -479353.004680246522184, 1697125.917438478209078 ], [ -479510.795348543208092, 1697177.109291991218925 ], [ -479715.623895844153594, 1697219.576700375881046 ], [ -479788.022239082027227, 1697302.018498605117202 ], [ -479822.066936413466465, 1697471.584649215452373 ], [ -479798.987142788246274, 1697561.282310670707375 ], [ -479703.43025287357159, 1697615.305527468910441 ], [ -479555.641772201342974, 1697699.502875909907743 ], [ -479359.555938422970939, 1697744.323364695301279 ], [ -479197.948483865184244, 1697724.769348155707121 ], [ -479052.901476309343707, 1697700.224562624935061 ], [ -478968.273013556259684, 1697786.911398876225576 ], [ -478948.334503039950505, 1697807.334780462784693 ], [ -478930.320960180019028, 1697913.481998283183202 ], [ -478939.066510878445115, 1698000.760254112072289 ], [ -478931.25826406723354, 1698093.040030365111306 ], [ -478880.128933636588044, 1698209.188526645069942 ], [ -478822.572143636236433, 1698363.237765074474737 ] ], [ [ -478567.473937319591641, 1665428.74874015734531 ], [ -478536.19396245921962, 1665484.901493972865865 ], [ -478498.531384913832881, 1665564.083714202046394 ], [ -478497.869750601996202, 1665625.591041788924485 ], [ -478548.1301193224499, 1665645.11255980655551 ], [ -478601.635736751602963, 1665607.406886563869193 ], [ -478646.656011403771117, 1665576.374112186720595 ], [ -478728.040115144103765, 1665487.089577221544459 ], [ -478757.035310740291607, 1665457.891630499623716 ] ], [ [ -477310.034192162915133, 1693949.793593515641987 ], [ -477378.916723404196091, 1693867.840236433083192 ], [ -477367.245293177431449, 1693982.868603246752173 ], [ -477426.488861668040045, 1694281.511306522181258 ], [ -477502.378871181455906, 1694528.363705169176683 ], [ -477391.91008900135057, 1694392.663705123122782 ], [ -477310.034192162915133, 1693949.793593515641987 ] ], [ [ -476139.371127742400859, 1697961.894962975522503 ], [ -476062.690391616954003, 1697861.755938515532762 ], [ -475984.280443046358414, 1697804.583330131368712 ], [ -475889.171869219746441, 1697552.040880613261834 ], [ -475858.99241739657009, 1697436.93209463940002 ], [ -475921.546610605437309, 1697326.394301692489535 ], [ -475919.092241937003564, 1697144.41952714161016 ], [ -475959.356398023432121, 1697035.637096614344046 ], [ -476006.72302895213943, 1696950.057639458682388 ], [ -476052.916573588561732, 1696921.563493618741632 ], [ -476104.884574816212989, 1696889.507259574485943 ], [ -476046.081398794834968, 1696846.620439701946452 ], [ -475927.537900699244346, 1696799.213105894159526 ], [ -475853.784666391904466, 1696745.397663617040962 ], [ -475809.535503418010194, 1696589.705742851598188 ], [ -475563.402010380348656, 1696189.244478228036314 ], [ -475396.647759583371226, 1695897.725660969503224 ], [ -475375.673097196500748, 1695861.057454864261672 ], [ -475393.861091850616504, 1695686.256324710557237 ], [ -475510.034317401295993, 1695485.676456657238305 ], [ -475142.651773713179864, 1695479.020808363100514 ], [ -474961.691178743203636, 1695385.37685283110477 ], [ -474840.104378244432155, 1695083.980245328275487 ], [ -474802.479602959530894, 1694796.799759210087359 ], [ -474920.729823000554461, 1694671.477240787353367 ], [ -475190.044548374658916, 1694456.800786060513929 ], [ -475302.987193504872266, 1694624.121344751212746 ], [ -475526.649723115900997, 1694865.705905941314995 ], [ -475560.874800889578182, 1694756.930659459205344 ], [ -475585.167797989444807, 1694579.438751739216968 ], [ -475681.698022315918934, 1694397.569203739520162 ], [ -475712.195308547234163, 1694248.627332349540666 ], [ -475683.861852693720721, 1694089.809207421028987 ], [ -475710.81229527114192, 1693929.265311213675886 ], [ -475751.198273133311886, 1693721.464900510385633 ], [ -475763.223177139181644, 1693586.116941600805148 ], [ -475837.219840070931241, 1693466.487379197962582 ], [ -475984.82637981447624, 1693475.877499545924366 ], [ -476060.402195004280657, 1693536.011492712423205 ], [ -476171.621583629050292, 1693624.505852760747075 ], [ -476437.632435807376169, 1693793.743834267603233 ], [ -476702.197550234908704, 1693690.906292540486902 ], [ -476945.546772512374446, 1693552.685505827190354 ], [ -477130.39861218171427, 1693388.952253597322851 ], [ -477197.35955816146452, 1693642.099944203160703 ], [ -477317.195643147861119, 1693537.57754971832037 ], [ -477381.019965223153122, 1693439.173512510256842 ], [ -477442.265273226192221, 1693355.937873920425773 ], [ -477549.316871308488771, 1693280.45103343972005 ], [ -477487.978927377203945, 1693410.474669781746343 ], [ -477425.259419901412912, 1693594.870228603016585 ], [ -477425.082755002309568, 1693688.447111950954422 ], [ -477400.803321169165429, 1693738.935233475873247 ], [ -477334.500130300410092, 1693805.720616628183052 ], [ -477286.031693545402959, 1693859.918727029813454 ], [ -477290.995736669457983, 1693923.166065507102758 ], [ -477310.034192162915133, 1693949.793593515641987 ] ], [ [ -474801.898446807288565, 1677170.803275309270248 ], [ -474848.709556633606553, 1677144.623487797798589 ], [ -474941.034993526292965, 1677091.122638593660668 ], [ -475025.370780080906115, 1677029.583592251641676 ], [ -475091.742674659530167, 1676981.566189330071211 ], [ -475205.100927248538937, 1676933.808815776603296 ], [ -475282.876923958072439, 1676898.887360016349703 ], [ -475335.427790447429288, 1676835.73405523202382 ], [ -475384.114761309174355, 1676759.939061467302963 ], [ -475648.87922902306309, 1677110.295944607583806 ], [ -475617.701563763082959, 1677177.666936699301004 ], [ -475572.388970262487419, 1677224.452121333219111 ], [ -475483.60440213244874, 1677276.336316034896299 ], [ -475401.310514815151691, 1677329.300107953837141 ], [ -475325.532009607588407, 1677363.329202987486497 ], [ -475264.376681581314187, 1677389.789388373494148 ], [ -475205.082858478359412, 1677412.980552631197497 ], [ -475116.176505936135072, 1677413.006993315415457 ], [ -475022.525280787085649, 1677448.01188848935999 ], [ -474946.489876920881215, 1677531.470064957393333 ], [ -474932.692817400267813, 1677624.243027632124722 ], [ -474924.76856661279453, 1677714.755084698321298 ], [ -474881.08629707840737, 1677795.944737099576741 ], [ -474814.065767779015005, 1677848.468982791993767 ], [ -474762.089064795931336, 1677907.750434472924098 ], [ -474712.152978059079032, 1677966.978587643243372 ], [ -474655.430259562795982, 1678008.315859608585015 ], [ -474514.592392951890361, 1678054.054860936710611 ], [ -474442.033166028151754, 1678042.367350638378412 ], [ -474345.749593201559037, 1678008.788761096540838 ], [ -474296.061575151747093, 1677954.950052476953715 ], [ -474251.456449056393467, 1677782.809043281478807 ], [ -474231.183712411904708, 1677675.589583290275186 ], [ -474278.403325304738246, 1677574.387133529176936 ], [ -474215.350477596512064, 1677591.873475110391155 ], [ -474278.692002536321525, 1677554.24477442773059 ] ], [ [ -474407.613822567975149, 1680352.508467731997371 ], [ -474451.694852666929364, 1680381.886241662548855 ], [ -474531.025169511849526, 1680403.952823365107179 ], [ -474648.647805836517364, 1680406.212381463730708 ], [ -474725.161574479599949, 1680419.060199413914233 ], [ -474782.529232729692012, 1680441.811537555418909 ], [ -474844.141675026156008, 1680465.275467298692092 ], [ -474883.939932012697682, 1680457.713569016661495 ], [ -474894.455406160966959, 1680541.34517277800478 ], [ -474911.619688794424292, 1680634.28089408390224 ], [ -474930.127455507987179, 1680719.26461381232366 ], [ -475072.701612835400738, 1680849.805122573161498 ], [ -475261.949292639794294, 1680996.430242901900783 ], [ -475309.937171661993489, 1681035.908715447876602 ], [ -475362.194203156221192, 1681023.762515688082203 ], [ -475477.467810994014144, 1680967.156483718426898 ], [ -475580.331576533906627, 1680905.828645463101566 ], [ -475614.73636671731947, 1680810.614851569058374 ], [ -475744.390740300470497, 1680726.168113619554788 ], [ -475827.911232174723409, 1681010.401449162513018 ], [ -475842.380495522054844, 1681119.248778181616217 ], [ -475823.464666221872903, 1681230.627436443464831 ], [ -475759.113659912429284, 1681367.056597952032462 ], [ -475578.62206937657902, 1681508.375780469505116 ], [ -475575.607491357077379, 1681510.260953316697851 ], [ -475403.53093815012835, 1681617.871197800617665 ], [ -475288.733629103633575, 1681614.80911274952814 ], [ -475182.043949429993518, 1681564.003556110663339 ], [ -475079.460644636652432, 1681484.556227260967717 ], [ -475048.368218655115925, 1681415.16729466826655 ], [ -475034.956069163570646, 1681385.235351810930297 ], [ -474864.02996506227646, 1681060.008623299421743 ], [ -474770.469492005766369, 1680982.156530551379547 ], [ -474662.811324290756602, 1680946.588075048057362 ], [ -474543.012642036948819, 1680983.328482354758307 ], [ -474456.5393320415169, 1681003.800578836817294 ], [ -474389.278161563037429, 1680961.886477108579129 ], [ -474369.521798869536724, 1680897.339847780764103 ], [ -474336.472163182334043, 1680703.709014532156289 ], [ -474305.361719442240428, 1680654.746815311955288 ], [ -474243.742635901377071, 1680631.271057184319943 ], [ -474212.673881660914049, 1680635.144396983087063 ], [ -474169.670228151022457, 1680526.546983846230432 ], [ -474293.965126612107269, 1680439.670919768046588 ], [ -474407.613822567975149, 1680352.508467731997371 ] ], [ [ -474407.613822567975149, 1680352.508467731997371 ], [ -474303.805695065355394, 1680240.832742448197678 ], [ -474248.375290810188744, 1680131.700247208354995 ], [ -474212.614900144573767, 1680031.15656316629611 ], [ -474195.594729075208306, 1679957.88646493665874 ], [ -474206.670749351498671, 1679915.723538497230038 ], [ -474244.990595012321137, 1679866.122878321679309 ], [ -474292.726234139990993, 1679808.099484319100156 ], [ -474345.965948027500417, 1679752.99890629411675 ], [ -474304.997066516429186, 1679842.180215747095644 ], [ -474263.640736694214866, 1679981.325541728641838 ], [ -474295.52038511086721, 1680102.939822085667402 ], [ -474369.695887221721932, 1680257.243834811262786 ], [ -474434.210293090320192, 1680329.256302108289674 ], [ -474407.613822567975149, 1680352.508467731997371 ] ], [ [ -473932.651585899468046, 1660248.548450290458277 ], [ -473392.138860468578059, 1660707.335435392102227 ], [ -473206.456268842564896, 1660529.392128809355199 ], [ -471173.637762056547217, 1659235.818089302629232 ], [ -471239.92973902344238, 1659456.755083852214739 ], [ -471342.139756540826056, 1659760.097923976834863 ], [ -471468.556553645874374, 1659907.529251918662339 ], [ -471778.158204283739906, 1660317.678961894242093 ], [ -471954.146926706715021, 1660557.996729308040813 ], [ -471989.924431953288149, 1660808.411096128867939 ], [ -471990.346447483694647, 1661149.135436526732519 ], [ -471942.079864140425343, 1661322.587268128758296 ], [ -471856.26344918156974, 1661394.393324262695387 ], [ -471723.227065112616401, 1661426.906373939011246 ], [ -471391.914157165621873, 1661087.900867016986012 ], [ -470978.176030454458669, 1660661.53630716400221 ], [ -470746.175335833104327, 1660369.927950956858695 ], [ -470674.899936591391452, 1660348.180706472601742 ], [ -470576.500699575815815, 1660226.406693243887275 ], [ -470338.782963869045489, 1660040.356992419110611 ], [ -470033.014904379553627, 1659811.776606297586113 ], [ -470040.676283448527101, 1659419.082773508038372 ], [ -469982.480150987335946, 1659175.818057434866205 ], [ -469932.355335595959332, 1658880.575258743716404 ], [ -469877.644192346953787, 1658788.191478252178058 ] ], [ [ -469388.897967193566728, 1701601.411573820281774 ], [ -469569.655401999538299, 1701509.4840289845597 ], [ -469739.098629841639195, 1701425.057518511079252 ], [ -469858.250802036840469, 1701400.422488934826106 ], [ -470001.831547017616685, 1701413.501958022592589 ], [ -470087.421911569603253, 1701471.215322635136545 ], [ -470136.816448105091695, 1701543.347480514319614 ], [ -470140.11669314239407, 1701628.276631021872163 ], [ -470065.194900931091979, 1701862.61030029784888 ], [ -470014.460472420032602, 1702009.703884466551244 ], [ -469883.258830076840241, 1702182.665211188839749 ], [ -469849.562522015941795, 1702244.746466907439753 ], [ -469842.820525066519622, 1702307.794742703204975 ], [ -469848.759165681665763, 1702376.268699405249208 ], [ -469872.009245789609849, 1702400.285903849871829 ], [ -469959.328857900109142, 1702384.017120552016422 ], [ -470042.022949712933041, 1702333.238049785606563 ], [ -470088.802786372194532, 1702285.038073238683864 ], [ -470132.92624905431876, 1702221.279788863612339 ], [ -470283.698421578039415, 1701995.933360925875604 ], [ -470376.825842115737032, 1701855.238912952831015 ], [ -470502.18599337345222, 1701673.27164447424002 ], [ -470642.474526098754723, 1701601.422035163734108 ], [ -470748.946290368621703, 1701571.359405087307096 ], [ -470850.257252724491991, 1701561.566622232785448 ] ], [ [ -470830.235474612389226, 1701693.483869839692488 ], [ -470670.702738298161421, 1701743.511096683330834 ], [ -470559.145056249864865, 1701838.715945995645598 ], [ -470365.674829453520942, 1702132.341821327805519 ], [ -470330.531463756109588, 1702224.556794644799083 ], [ -470268.433815421769395, 1702315.804607656784356 ], [ -470170.018525075865909, 1702401.176040774909779 ], [ -470012.636837613827083, 1702568.857390821445733 ], [ -469920.990899126918521, 1702664.766842937562615 ], [ -469826.797596309159417, 1702808.210539478575811 ], [ -469777.374016636400484, 1702989.275053487159312 ], [ -469726.639062016271055, 1703136.365582254249603 ], [ -469647.896340508654248, 1703289.056222168728709 ], [ -469599.40974430507049, 1703358.865192735102028 ], [ -469489.364897494146135, 1703432.239937670761719 ], [ -469396.537575268885121, 1703473.221819812199101 ], [ -469320.755873443442397, 1703491.153380275703967 ], [ -469303.370232018001843, 1703507.267804050818086 ], [ -469252.974254198954441, 1703553.978767960332334 ], [ -469227.578904154885095, 1703593.922804897185415 ], [ -469216.364344657748006, 1703669.950743536232039 ], [ -469244.72623228491284, 1703742.118605689145625 ], [ -469308.723921099677682, 1703770.991328932112083 ], [ -469369.223689050937537, 1703823.627528468379751 ], [ -469418.073209718102589, 1703889.104244040092453 ], [ -469483.773230507911649, 1703930.950377419125289 ], [ -469551.002621158433612, 1703955.324908914044499 ], [ -469594.727076656592544, 1703999.524641781812534 ], [ -469628.541526219458319, 1704042.12078569852747 ], [ -469643.195494329731446, 1704098.496928308857605 ], [ -469612.153135982574895, 1704144.125319542130455 ], [ -469558.118443614861462, 1704206.277312664315104 ], [ -469494.476866132812575, 1704230.558129527373239 ], [ -469431.830180942488369, 1704233.129739535972476 ], [ -469361.570901525265072, 1704206.075841952813789 ], [ -469281.894406734383665, 1704259.539582717465237 ], [ -469238.295238305290695, 1704320.015856818528846 ], [ -469245.421312758175191, 1704402.186157391173765 ], [ -469233.789729050069582, 1704474.573163754772395 ], [ -469210.004287679330446, 1704538.245271401712671 ], [ -469159.39589038718259, 1704618.040856539504603 ], [ -469105.938410369097255, 1704682.976534867426381 ], [ -468972.337637063174043, 1704773.274403407471254 ], [ -469113.50857399078086, 1705265.316123034572229 ], [ -469094.60611050366424, 1705404.04544525500387 ], [ -469043.604701838165056, 1705510.578478585463017 ], [ -468967.895641372655518, 1705707.634693208849058 ], [ -468897.601685442205053, 1705892.070718957576901 ], [ -468901.554569462721702, 1705993.979297147598118 ], [ -468865.867169649049174, 1706173.872093847487122 ], [ -468911.957962721877266, 1706414.24280342599377 ], [ -468947.362712506379467, 1706485.126373406965286 ], [ -469008.905599075835198, 1706612.193063495447859 ], [ -469086.313912232755683, 1706678.721530973911285 ], [ -469198.858094259165227, 1706737.409426742698997 ], [ -469417.459304377785884, 1706802.17547088349238 ], [ -469561.053824500297196, 1706886.512727021705359 ], [ -469651.827376852743328, 1706976.014460020931438 ], [ -469715.633827609242871, 1707063.968405224382877 ], [ -469740.196708918781951, 1707206.332967148628086 ], [ -469716.801132462103851, 1707330.835903693689033 ], [ -469650.605673509184271, 1707468.666757631348446 ], [ -469551.255079015798401, 1707580.879398862598464 ], [ -469480.305960848112591, 1707663.938412796705961 ], [ -469402.62922611105023, 1707725.64529354753904 ], [ -469340.799241950444411, 1707773.036776015767828 ], [ -469293.767921358463354, 1707812.701156310737133 ], [ -469202.221233174495865, 1707686.510288121411577 ], [ -469192.277247991529293, 1707655.024321746779606 ], [ -469345.066605825733859, 1707571.381005903705955 ], [ -469446.044393946533091, 1707495.849984529195353 ], [ -469478.084566526464187, 1707403.649708074750379 ], [ -469496.444540167925879, 1707352.608100531157106 ], [ -469483.24756265245378, 1707266.085305226035416 ], [ -469461.186219290888403, 1707171.380230895243585 ], [ -469383.384829293820076, 1707044.03880039206706 ], [ -469221.170245080662426, 1706957.060828179121017 ], [ -469078.366458207427058, 1706896.850630470784381 ], [ -468941.950808124209289, 1706819.326380927814171 ], [ -468807.558346930192783, 1706768.702412199461833 ], [ -468758.686481534852646, 1706693.285543453646824 ], [ -468402.204959379683714, 1705980.794145161751658 ], [ -468417.280726337165106, 1705760.431877127382904 ], [ -468426.669533824024256, 1705680.9357528348919 ], [ -468476.879839675151743, 1705537.14179323753342 ], [ -468534.889530901098624, 1705408.115442525828257 ], [ -468569.244875115342438, 1705278.63496641931124 ], [ -468551.952169327472802, 1705154.312491503776982 ], [ -468528.582807743048761, 1705025.632424799259752 ], [ -468528.588773182535078, 1704941.243042309535667 ], [ -468539.833649872569367, 1704808.02179890521802 ], [ -468587.932860505417921, 1704677.390167094068602 ], [ -468622.559141288686078, 1704504.069439656333998 ], [ -468621.378186353307683, 1704405.980933012673631 ], [ -468587.307616162637714, 1704322.834543794160709 ], [ -468540.830828567326535, 1704249.906257187947631 ], [ -468515.83964961807942, 1704187.949998599942774 ], [ -468506.742290993279312, 1704107.263674193061888 ], [ -468561.700642442214303, 1703976.230848852079362 ], [ -468603.995456581411418, 1703839.419721869751811 ], [ -468666.234795401105657, 1703684.061401536455378 ], [ -468594.159467584395315, 1703162.658762382809073 ] ], [ [ -468372.860858069907408, 1658351.81240134453401 ], [ -468395.555919515667483, 1658407.081951000494882 ], [ -468588.382961436349433, 1658607.441383904544637 ], [ -468725.420097492984496, 1658706.63405856047757 ], [ -468794.503238092060201, 1658756.638817138969898 ], [ -468930.593132803915069, 1658841.709514877991751 ], [ -468814.271307367482223, 1658972.633631341392174 ], [ -468718.338141061423812, 1659143.996645749546587 ], [ -468598.063722501741722, 1659231.72123712929897 ], [ -468448.082406367757358, 1659373.378715673694387 ], [ -468387.865152848360594, 1659486.427817422896624 ], [ -468370.103067873511463, 1659600.765045658918098 ], [ -468371.110712189867627, 1659765.925199427874759 ], [ -468361.786618993268348, 1659860.285912130028009 ], [ -468345.645313920162152, 1659964.228267831495032 ], [ -468339.502927487075794, 1659988.205309852957726 ], [ -468304.995377119630575, 1660122.905360762961209 ], [ -468209.866272796236444, 1660289.071920277085155 ], [ -468087.619126716977917, 1660355.190756265074015 ], [ -467947.765731957741082, 1660397.292000752408057 ], [ -467809.174670969892759, 1660397.000359242781997 ], [ -467620.12916114955442, 1660378.202850812114775 ], [ -467447.14485665014945, 1660324.654653211357072 ], [ -467217.784103437501471, 1660187.799047781620175 ], [ -466966.788717829680536, 1660052.898511825595051 ], [ -466843.893613501975778, 1659985.854648060165346 ], [ -466740.205907290859614, 1659932.451290264260024 ], [ -466658.880550022877287, 1659941.070785322692245 ], [ -466562.66373902943451, 1660011.257347380742431 ], [ -466474.878718127205502, 1660061.456845183391124 ], [ -466368.69231561810011, 1660092.822607419453561 ], [ -466280.22938192699803, 1660106.272964548086748 ], [ -466264.924179975700099, 1660108.600070726592094 ], [ -466133.429946757620201, 1660199.893599352333695 ], [ -465909.788632818555925, 1660360.675592069048434 ], [ -465679.479689188767225, 1660554.019823261769488 ], [ -465568.304949104087427, 1660744.754613226745278 ], [ -465533.975065673410427, 1661016.319740280974656 ], [ -465494.203485986276064, 1661253.011449939571321 ], [ -465433.931525224703364, 1661613.247126360656694 ], [ -465374.737429885892197, 1662064.918025342514738 ], [ -465367.934488694416359, 1662097.027282160939649 ], [ -465343.021168099658098, 1662214.616780090378597 ], [ -465277.97472227999242, 1662467.404132855590433 ], [ -465226.608599132916424, 1662549.183948338264599 ], [ -465127.67645533871837, 1662622.969038571463898 ], [ -464940.305895389581565, 1662696.695668631233275 ], [ -464804.049361388199031, 1662749.988597771152854 ], [ -464670.570335292548407, 1662819.681176061276346 ], [ -464507.746918261866085, 1662975.284339236328378 ], [ -464358.479037772340234, 1663180.892527942545712 ], [ -464421.152050710690673, 1663304.048032017890364 ], [ -464619.284011908282991, 1663492.98096237028949 ], [ -464728.090699617518112, 1663616.373822565423325 ], [ -464970.491953090298921, 1663909.611914105014876 ], [ -465244.129616705933586, 1664207.702301324345171 ], [ -465490.657280003419146, 1664405.771256803302094 ], [ -465723.542793898901436, 1664622.999179157428443 ], [ -466038.118263943004422, 1664863.605000794166699 ], [ -466451.98538905888563, 1665151.592388955177739 ], [ -466767.460018257261254, 1665317.817785469582304 ], [ -466877.895131624478381, 1665430.81243944610469 ], [ -467100.203733085421845, 1665784.773984319530427 ], [ -467230.577025205828249, 1665975.389911664882675 ], [ -467354.657608483044896, 1666069.223361942218617 ], [ -467950.98711402376648, 1666555.924332377035171 ], [ -467702.349913316080347, 1666783.315943189430982 ] ], [ [ -466207.873644934268668, 1692022.258351889904588 ], [ -466182.503495523589663, 1692086.000212960643694 ], [ -466127.058993764978368, 1692148.654799940995872 ], [ -466078.39093481755117, 1692216.170868027023971 ], [ -466037.235998098563869, 1692307.509147761855274 ], [ -466058.147619523399044, 1692412.653953433269635 ], [ -466127.12605303368764, 1692548.181257515214384 ], [ -466163.465090680925641, 1692608.876504955580458 ], [ -466291.848941175849177, 1692823.306423283647746 ], [ -466375.327145657734945, 1692923.169266893994063 ], [ -466397.520964725001249, 1692936.641115591162816 ], [ -466498.673206022009254, 1692998.041312519228086 ], [ -466627.818520520115271, 1693068.612677817931399 ], [ -466551.188213081157301, 1692887.371453505707905 ], [ -466518.445323204854503, 1692758.957910196622834 ], [ -466493.14078385848552, 1692580.151826655725017 ], [ -466465.908055582898669, 1692519.490922255208716 ], [ -466397.012682121421676, 1692390.875513946870342 ], [ -466356.243211696681101, 1692281.866542948875576 ], [ -466272.915168596082367, 1692145.976859074551612 ], [ -466249.258468505402561, 1692096.141436515143141 ], [ -466207.873644934268668, 1692022.258351889904588 ] ], [ [ -466207.873644934268668, 1692022.258351889904588 ], [ -466294.089670458750334, 1692109.943079202901572 ], [ -466366.953416558040772, 1692151.623505904572085 ], [ -466425.124424635665491, 1692235.407253233948722 ], [ -466480.308146191528067, 1692207.207879833644256 ], [ -466533.250338687794283, 1692108.578197871334851 ], [ -466566.221768574905582, 1691974.780089849140495 ], [ -466580.796320945431944, 1691915.636477361433208 ], [ -466562.610423240286764, 1691811.932803752133623 ], [ -466525.616923973953817, 1691482.297497801249847 ], [ -466519.681314874615055, 1691466.474771472159773 ], [ -466456.472883252426982, 1691297.978296358603984 ], [ -466383.118154871219303, 1691012.352603432256728 ], [ -466262.81826902233297, 1690790.475277778925374 ], [ -466130.517813574231695, 1690386.938258398091421 ], [ -466060.917327849252615, 1690241.798894288716838 ], [ -465950.264010233513545, 1690011.04869672190398 ], [ -465973.23494210204808, 1689835.416808387264609 ], [ -465853.135848010482732, 1689570.465857072966173 ], [ -465827.751129956915975, 1689257.195210182107985 ], [ -465807.956061388540547, 1688995.168274136958644 ], [ -465815.336862250289414, 1688658.803769754944369 ], [ -465726.435106732766144, 1688425.942587371915579 ], [ -465615.755548828397878, 1688207.681154297897592 ], [ -465494.211226763145532, 1687673.224428493063897 ], [ -465684.437426138087176, 1687961.674064237857237 ], [ -465923.956818967591971, 1688468.090778495185077 ], [ -466042.814589706715196, 1688741.409157240064815 ], [ -466008.577185356523842, 1689252.450151703087613 ], [ -466095.310652114625555, 1689669.691206787945703 ], [ -466180.05077491508564, 1690014.743282442912459 ], [ -466248.284413137764204, 1690149.6114295583684 ], [ -466335.231575128389522, 1690321.466576834674925 ], [ -466519.183001355908345, 1690586.622944395756349 ], [ -466563.382593802642077, 1690708.214512998238206 ], [ -466641.508673141186591, 1690923.13442265521735 ], [ -466695.776945935969707, 1691085.093099004356191 ], [ -466757.596986672084313, 1691263.678216002648696 ], [ -466757.805987023864873, 1691472.040622248547152 ], [ -466810.770304517587647, 1691624.841895706951618 ], [ -466835.364489568280987, 1691858.947409221436828 ], [ -466878.743178733799141, 1692067.561940199462697 ], [ -466888.741978604346514, 1692177.040919427759945 ], [ -466897.544556086941157, 1692293.490536070195958 ], [ -466894.753721558023244, 1692393.577581085497513 ], [ -466862.595372053212486, 1692538.891562551027164 ], [ -466831.829007131920662, 1692634.156369626289234 ], [ -466833.044752746296581, 1692878.592548200394958 ], [ -466904.574855528015178, 1693027.6730859905947 ], [ -467030.161227519158274, 1693166.420059694675729 ], [ -467099.076008882082533, 1693258.843927301466465 ], [ -467198.850274000607897, 1693362.173281960887834 ], [ -467288.460901726968586, 1693438.638300271006301 ], [ -467296.897747779730707, 1693446.23221921804361 ], [ -467389.359082234965172, 1693529.456099513219669 ], [ -467485.883959885279182, 1693606.980928064323962 ], [ -467602.320130540989339, 1693792.989577376283705 ], [ -467644.173744240019005, 1693909.054814116796479 ], [ -467683.076791784784291, 1693959.227294980548322 ], [ -467744.408979092841037, 1694038.325861457502469 ], [ -467805.425024501222651, 1694176.334859318565577 ], [ -467820.755805135006085, 1694178.812778289197013 ], [ -467864.398621038359124, 1694185.866918343817815 ], [ -467932.964917669713032, 1694159.255992440041155 ], [ -467971.973822215630207, 1694229.135585384443402 ], [ -467987.693783607915975, 1694294.717358642024919 ], [ -467973.993342034926172, 1694387.572331571020186 ], [ -467966.686135452066083, 1694437.092860024189577 ], [ -468003.796244625584222, 1694486.863219920545816 ], [ -468028.478907499753404, 1694534.789097261382267 ], [ -468020.99633710924536, 1694628.566746063064784 ], [ -467997.601696307014208, 1694701.017073971685022 ], [ -467954.974892440252006, 1694822.384217964019626 ], [ -467920.526979041635059, 1694864.605117082362995 ], [ -467884.33794934785692, 1694908.959992087213323 ], [ -467820.686892651661765, 1694953.203939521685243 ], [ -467762.678304088418372, 1694983.525206522550434 ], [ -467709.367569468449801, 1695018.987371563911438 ], [ -467687.810019945900422, 1695079.056462145410478 ], [ -467698.052486121305265, 1695181.775163146434352 ], [ -467727.855785820924211, 1695281.064924183534458 ], [ -467833.156564307049848, 1695385.176773588173091 ], [ -467854.447220505797304, 1695419.313426752109081 ], [ -467889.647971469443291, 1695475.753135279053822 ], [ -467908.851812079316005, 1695560.825998942134902 ], [ -467920.740485719928984, 1695695.417156021809205 ], [ -467915.353786205931101, 1695811.383077307371423 ], [ -467914.904064575908706, 1695821.065837037749588 ], [ -467904.503685211180709, 1695977.665849052835256 ], [ -467880.27156754292082, 1696106.177876839181408 ], [ -467809.283664415590465, 1695956.668848374392837 ], [ -467734.832541358424351, 1695759.12808360462077 ], [ -467712.699303755536675, 1695700.40165362902917 ], [ -467633.600135054963175, 1695517.486127033364028 ], [ -467570.264865752542391, 1695320.988820597529411 ], [ -467497.456631227571052, 1695119.450630677165464 ], [ -467340.210408416518476, 1694662.798184575047344 ], [ -467173.844905656878836, 1694342.278506973059848 ], [ -467185.068690058775246, 1694295.982203273801133 ], [ -467197.409521723340731, 1694242.986227465327829 ], [ -467204.189912856323645, 1694182.168598612770438 ], [ -467220.485991625173483, 1694126.229313813848421 ], [ -467236.691017661767546, 1694070.602485285373405 ], [ -467237.879281831264962, 1694022.609894387423992 ], [ -467222.38183634635061, 1693930.519451219821349 ], [ -467189.996129004866816, 1693882.850580874131992 ], [ -467154.874659354100004, 1693805.569185586413369 ], [ -467094.027716620301362, 1693744.378273857058957 ], [ -467082.858244129049126, 1693733.14566837856546 ], [ -467019.322171207633801, 1693708.310414720326662 ], [ -466928.11923024704447, 1693730.873884544940665 ], [ -466873.956175501458347, 1693712.573531833710149 ], [ -466855.063991754665039, 1693735.519302974687889 ], [ -466783.328377864090726, 1693547.535266963066533 ], [ -466694.441950706590433, 1693465.318027955247089 ], [ -466628.988779392791912, 1693401.969278435688466 ], [ -466513.851694946642965, 1693341.897267359076068 ], [ -466416.407569477334619, 1693310.268614271190017 ], [ -466245.301329669600818, 1693243.794481633231044 ], [ -466125.530253741249908, 1693179.747680841013789 ], [ -466047.562492285098415, 1693147.637823831290007 ], [ -465938.790052537049633, 1692849.414295205380768 ], [ -465889.869624217506498, 1692683.204974469961599 ], [ -465820.332486591942143, 1692480.725843146909028 ], [ -465744.589727018494159, 1692222.507753811543807 ], [ -465642.182604477566201, 1691942.117026452207938 ], [ -465652.568525750713889, 1691783.355091044679284 ], [ -465667.704599795280956, 1691725.775390942580998 ], [ -465704.548377337632701, 1691585.64009927213192 ], [ -465641.546465575404, 1691323.178800716297701 ], [ -465458.327823723549955, 1691183.759235583711416 ], [ -465245.106234963051975, 1690904.381463588448241 ], [ -465200.612610934476834, 1690743.952564662089571 ], [ -465295.841182012343779, 1690661.52709905593656 ], [ -465427.557155385497026, 1690576.407182463910431 ], [ -465472.038320943480358, 1690422.326573477126658 ], [ -465476.032969846914057, 1690189.378262710291892 ], [ -465490.765746292949189, 1689841.463577174814418 ], [ -465314.260001260612626, 1689375.118375992169604 ], [ -465261.541898396972101, 1689235.829545554704964 ], [ -465145.816166823671665, 1689018.182757051661611 ], [ -465113.063165432366077, 1688841.797192921862006 ], [ -465053.071531589084771, 1688561.865029616747051 ], [ -465048.554862361226697, 1688513.549022895283997 ], [ -465111.172891449939925, 1688629.451815573265776 ], [ -465162.436596620944329, 1688762.314991910709068 ], [ -465257.033672340214252, 1688947.490561098325998 ], [ -465367.261775650142226, 1689092.300381694221869 ], [ -465504.738981781818438, 1689340.656566902063787 ], [ -465628.727282817824744, 1689667.5540978864301 ], [ -465678.233267049770802, 1690008.57281442428939 ], [ -465785.219203367771115, 1690224.706498102052137 ], [ -465832.684737618023064, 1690307.651875004870817 ], [ -465882.206743821210694, 1690394.190499682212248 ], [ -465993.693174900719896, 1690584.146293350495398 ], [ -466033.93438786349725, 1690716.887508576735854 ], [ -466040.442530245054513, 1690888.736345631303266 ], [ -466058.45671369106276, 1691098.51914902892895 ], [ -466162.692165689368267, 1691278.236498011043295 ], [ -466196.944782031234354, 1691445.879704900085926 ], [ -466184.707708260859363, 1691569.578325464623049 ], [ -466143.466985275328625, 1691652.321308738319203 ], [ -466082.226111819385551, 1691641.767583201406524 ], [ -466034.23838938807603, 1691606.538746122270823 ], [ -465989.48922778875567, 1691499.973952618427575 ], [ -465972.490295734838583, 1691389.216196205001324 ], [ -465947.230772678041831, 1691169.198769435053691 ], [ -465900.472979805839714, 1690864.608551134821028 ], [ -465850.1385309783509, 1690713.09263040102087 ], [ -465805.476745919208042, 1690578.651119197020307 ], [ -465638.74975831474876, 1690343.238602064317092 ], [ -465712.508709791931324, 1690805.249911718536168 ], [ -465771.664198269543704, 1691063.158349907491356 ], [ -465815.512871380778961, 1691254.328822783660144 ], [ -465877.507969198108185, 1691417.768026357050985 ], [ -465896.691195942868944, 1691457.286808501230553 ], [ -466036.758700382022653, 1691745.832695175427943 ], [ -466207.873644934268668, 1692022.258351889904588 ] ], [ [ -465697.59320933726849, 1685481.335510327247903 ], [ -465186.970388514106162, 1684770.20443651243113 ], [ -464893.43154360918561, 1684251.963777415454388 ], [ -464865.379050090035889, 1684202.436515536857769 ], [ -464715.197747898986563, 1683893.924498709151521 ], [ -464609.796164657454938, 1683677.398621521424502 ], [ -464471.684717953903601, 1683078.519151767482981 ], [ -464436.215562456287444, 1682675.087081360630691 ], [ -464419.065913202299271, 1682347.990963596617803 ], [ -464314.686900444037747, 1682162.705205695237964 ], [ -463957.346222623426002, 1681986.066787249408662 ], [ -463756.436257542227395, 1681752.759494943544269 ], [ -463715.445528532960452, 1681442.470393197145313 ], [ -463733.102055723138619, 1681281.871757198357955 ], [ -463752.676127424521837, 1681103.83204553136602 ], [ -463748.429924595693592, 1680857.131085095927119 ], [ -463745.9976724490989, 1680715.809059523977339 ], [ -463783.69818371720612, 1680844.720108587294817 ], [ -463811.687393777596299, 1680940.424054196337238 ], [ -463786.749437441467308, 1681264.717615826753899 ], [ -463785.816961112781428, 1681276.843488059006631 ], [ -463783.190442738123238, 1681475.06069563399069 ], [ -463855.295746914285701, 1681665.242495591053739 ], [ -463966.355940983165056, 1681872.603444534586743 ], [ -464154.18865678407019, 1681999.092814365401864 ], [ -464350.746983180462848, 1682074.809287912445143 ], [ -464516.184850513003767, 1682270.630934939254075 ], [ -464566.196124266483821, 1682467.465255282120779 ], [ -464549.320810264733154, 1682809.599808798870072 ], [ -464630.730564743163995, 1683189.596021940000355 ], [ -464785.127072540170047, 1683571.710759456036612 ], [ -464818.048576074652374, 1683627.976692990399897 ], [ -464955.227706129371654, 1683862.427211867645383 ], [ -465006.827665821881965, 1683971.031268903519958 ], [ -465301.538352098024916, 1684591.305176862049848 ], [ -465503.627007245726418, 1684939.810721659567207 ], [ -465754.2896312350058, 1685352.88200029078871 ] ], [ [ -465685.5255652947817, 1709370.050926156109199 ], [ -465691.752183040836826, 1709308.597122705774382 ], [ -465695.860728180385195, 1709234.557435005670413 ], [ -465663.679187971749343, 1709175.514041044516489 ], [ -465617.169583118986338, 1709121.141945293638855 ], [ -465554.876229509012774, 1709081.398605431430042 ], [ -465486.306648044032045, 1709061.085747224278748 ], [ -465459.820083919796161, 1709009.671808225335553 ], [ -465526.034019706770778, 1709022.845044540707022 ], [ -465611.670999044377822, 1709066.044108249945566 ], [ -465696.827938627277035, 1709112.549330219160765 ], [ -465727.142333894968033, 1709161.147940078750253 ], [ -465748.924501066911034, 1709198.293681075563654 ], [ -465738.048035703075584, 1709295.089074996998534 ], [ -465723.160832380410284, 1709375.826288008131087 ] ], [ [ -465652.734575025562663, 1709365.018314096843824 ], [ -465521.335343759099487, 1709123.944019985152408 ], [ -465579.89758531312691, 1709142.778360005235299 ], [ -465637.388254618388601, 1709191.987780118826777 ], [ -465661.526016372314189, 1709236.273059820756316 ], [ -465662.711959621927235, 1709297.522014036774635 ], [ -465658.647654063883238, 1709365.920570973539725 ] ], [ [ -465561.000608739093877, 1684417.234937969595194 ], [ -465370.816209711832926, 1683901.659233681391925 ], [ -465209.665394415729679, 1683548.665187640814111 ], [ -465182.912438281578943, 1683483.782441881485283 ], [ -465107.414471414114814, 1683300.678797616623342 ], [ -465053.785426280112006, 1683006.879463822115213 ], [ -465018.13093569065677, 1682874.962372391484678 ], [ -464967.994937682058662, 1682689.463374628685415 ], [ -464823.430513022933155, 1682239.947247933130711 ], [ -464990.7314103852259, 1682530.776726802811027 ], [ -465137.815217509865761, 1682754.880462288856506 ], [ -465222.117760234395973, 1682883.319283044431359 ], [ -465284.901979219226632, 1682978.973341904114932 ], [ -465350.974490567692555, 1683279.43913960410282 ], [ -465377.27544062997913, 1683495.856313073076308 ], [ -465405.359618463960942, 1683726.941532663069665 ], [ -465588.225304967607372, 1684325.928905632114038 ] ], [ [ -465443.063413387222681, 1687679.765178923495114 ], [ -465471.12528153473977, 1687753.879502296680585 ], [ -465545.596895766619127, 1688135.856743207667023 ], [ -465590.680511567567009, 1688488.841019620653242 ], [ -465453.319246434082743, 1688225.42674658424221 ], [ -465456.524838350364007, 1688542.421177203534171 ], [ -465389.19543393375352, 1688332.377564412308857 ], [ -465380.153093991393689, 1688158.909485968761146 ], [ -465372.798810029053129, 1688043.923704458866268 ] ], [ [ -465386.357897356036119, 1687808.212107223691419 ], [ -465381.198363872535992, 1687730.429227624088526 ], [ -465368.466433007793967, 1687666.905003391206264 ] ], [ [ -462143.328173925925512, 1662968.824240711983293 ], [ -462161.440997660567518, 1662700.113239408005029 ], [ -462185.551848777511623, 1662580.3354148324579 ], [ -462111.965222433093004, 1662538.052259856369346 ], [ -462086.014596238499507, 1662464.809480188414454 ], [ -462136.196750303555746, 1662382.145192787982523 ], [ -462244.534864839515649, 1662234.029504685662687 ], [ -462273.165198434027843, 1662084.128687516320497 ], [ -462239.313897320185788, 1661924.501282650046051 ], [ -462168.570699905219954, 1661796.371223212685436 ], [ -462139.027581498841755, 1661711.928405694896355 ], [ -462162.002359110105317, 1661598.412641555070877 ], [ -462164.15650888660457, 1661481.64849053346552 ], [ -462120.611244531348348, 1661384.377082769293338 ], [ -462150.770384145376738, 1661293.269683672580868 ], [ -462159.294990616152063, 1661204.105377773521468 ], [ -462141.418697234941646, 1661078.897751254262403 ], [ -462206.766623140312731, 1661035.855675924802199 ], [ -462389.888177844986785, 1660989.876653690589592 ], [ -462428.844692676619161, 1660910.78251577517949 ], [ -462444.551785829942673, 1660844.036599950166419 ], [ -462389.789900286821648, 1660750.338158671278507 ], [ -462301.3694123494206, 1660667.359219550155103 ], [ -462215.19167243904667, 1660707.162368810735643 ], [ -462102.980899464804679, 1660742.901737024541944 ], [ -462019.233823192480486, 1660767.098478947300464 ], [ -461971.121537516242824, 1660802.190210562897846 ], [ -461924.258460522221867, 1660794.887102369451895 ], [ -461863.036841120105237, 1660742.757366130826995 ], [ -461764.206078897754196, 1660658.158740367041901 ], [ -461698.670133593608625, 1660530.840993010206148 ], [ -461732.936415994074196, 1660035.837806595489383 ], [ -461715.05740738241002, 1659638.929107338190079 ], [ -461712.760171185829677, 1659587.930654278956354 ], [ -461766.836716861638706, 1659200.107766749802977 ], [ -461806.24200209567789, 1659083.830331413075328 ], [ -461855.572573919373099, 1658971.759053817950189 ], [ -461914.106168878031895, 1658948.761077669449151 ], [ -461983.318177430948708, 1658905.647037266287953 ], [ -462048.414421338587999, 1658843.602974730776623 ], [ -462256.242222597415093, 1658582.912040438735858 ], [ -462579.505669652309734, 1658554.135808323509991 ], [ -462592.305561871500686, 1658477.977602248312905 ], [ -462624.881637773301918, 1658370.3436187740881 ], [ -462714.280744586954825, 1657959.030617235694081 ], [ -462649.025333643599879, 1657950.959053011145443 ], [ -462609.309914737998042, 1657862.294543374329805 ], [ -462563.78992968989769, 1657743.413524526171386 ], [ -462482.779404692817479, 1657666.650848531862721 ], [ -462401.284242203691974, 1657570.939058288233355 ], [ -462429.390630903944839, 1657486.666829209774733 ], [ -462573.025466131104622, 1657409.502394571667537 ], [ -462631.509630819433369, 1657403.748731565196067 ], [ -462700.01259395154193, 1657430.493223698809743 ], [ -462727.749199772893917, 1657463.555451904656366 ], [ -462715.485088803921826, 1657536.526699680835009 ], [ -462792.611353183921892, 1657533.796247500693426 ], [ -462813.08315087336814, 1657536.924547336762771 ], [ -462865.195339355792385, 1657547.748582443222404 ], [ -462958.962386857660022, 1657548.161579030333087 ], [ -463043.480817246658262, 1657573.315992677584291 ], [ -463378.93300377286505, 1657748.027486130595207 ], [ -463528.936187492043246, 1657915.128762781620026 ], [ -463643.661098262295127, 1658103.344611731357872 ], [ -463700.183146243332885, 1658308.921723313163966 ], [ -463699.170637361123227, 1658408.972466026898474 ], [ -463698.409192704886664, 1658484.214378569740802 ], [ -463757.589309901115485, 1658714.118124986765906 ], [ -463848.376439930405468, 1658832.895514777163044 ], [ -463959.626716618193313, 1658873.778364753117785 ], [ -464067.060354659683071, 1658871.514916786691174 ], [ -464152.36441004043445, 1658858.131362157175317 ], [ -464250.712713701592293, 1658734.19443973316811 ], [ -464260.246291442657821, 1658716.601929566822946 ], [ -464344.34677682822803, 1658561.408277738373727 ], [ -464483.967532359005418, 1658345.070043256273493 ], [ -464639.322654115385376, 1658215.909241068642586 ], [ -464948.009909252985381, 1658013.83791336347349 ], [ -465046.205887527496088, 1657965.261158987646922 ], [ -465283.253616337780841, 1657709.428248737705871 ], [ -465279.018265097518452, 1657565.052766562905163 ], [ -465314.38004382501822, 1657474.742085150443017 ], [ -465269.588448873953894, 1657419.854383878409863 ], [ -465265.645431875658687, 1657384.023959812009707 ], [ -465261.231372041860595, 1657370.645949207479134 ], [ -465306.059423413942568, 1657235.341081826249138 ] ], [ [ -465127.605661722947843, 1656998.025616432772949 ], [ -465079.904300398367923, 1657267.87470539752394 ], [ -464885.57573452644283, 1657317.440647454001009 ], [ -464716.913951909460593, 1657339.067223618971184 ], [ -464511.718815931119025, 1657424.195005376124755 ], [ -464424.6570009906427, 1657538.381151597481221 ], [ -464351.596759237698279, 1657665.395358541514724 ], [ -464238.592957749206107, 1657706.335649430984631 ], [ -464087.60779185895808, 1657682.804556241258979 ], [ -463776.931511197355576, 1657554.544791210675612 ], [ -463516.989864797506016, 1657421.633516384055838 ], [ -463297.760998586076312, 1657309.537934018997476 ], [ -463007.466895516263321, 1657221.705912681296468 ], [ -462868.245329486439005, 1657226.761738450266421 ], [ -462840.416631632484496, 1657232.94147845893167 ], [ -462727.140700314659625, 1657172.69548032572493 ], [ -462620.672973519947845, 1657102.876373819774017 ], [ -462523.341443679411896, 1657015.502620159881189 ], [ -462486.430781661882065, 1656982.36870280536823 ], [ -462374.230900569004007, 1656928.057473964057863 ], [ -462205.060468102281447, 1656881.885391015559435 ], [ -462022.069899333524518, 1656818.276123597053811 ], [ -461878.296845530276187, 1656720.61373579618521 ], [ -461640.209213284309953, 1656530.916952350875363 ], [ -461636.479602680192329, 1656490.097881903173402 ], [ -461636.172268409689423, 1656435.929469913244247 ] ], [ [ -464566.171210907690693, 1716141.689338089898229 ], [ -464393.670234225399327, 1716101.055505678290501 ], [ -463986.530950157204643, 1715877.515060324687511 ], [ -463943.156944773334544, 1715702.196322112111375 ], [ -463984.335571215720847, 1715591.622388565912843 ], [ -464088.649026498489548, 1715375.876624072436243 ], [ -464111.837300364451949, 1715045.371049009263515 ], [ -464129.900106958288234, 1714787.782600240083411 ], [ -464178.771667626977433, 1714550.275967886904255 ], [ -464295.455579524044879, 1714521.279389983043075 ], [ -464358.570085143845063, 1714495.508153772680089 ], [ -464405.066430678765755, 1714476.522432582918555 ], [ -464501.244092118751723, 1714453.804472912335768 ], [ -464593.420422428986058, 1714483.873535497812554 ], [ -464689.485070639231708, 1714548.606085813604295 ], [ -464798.552410377829801, 1714664.092648250749335 ] ], [ [ -463716.213681905239355, 1677291.414006426464766 ], [ -463760.355715402460191, 1678376.055266008945182 ], [ -463655.655163061688654, 1678985.391612066654488 ], [ -463591.676210164849181, 1679235.771102256141603 ], [ -463697.206574800191447, 1679536.291553533170372 ], [ -463932.986525519227143, 1679932.461419721832499 ], [ -464126.619156054744963, 1680269.081786201102659 ], [ -464203.435072095540818, 1680454.604744052980095 ], [ -464252.502375722338911, 1680573.109146973118186 ], [ -464229.529560260940343, 1680767.817591819912195 ], [ -464231.729704186902381, 1680870.480667176423594 ], [ -464236.502232600119896, 1681093.160140338586643 ], [ -464351.634764736285433, 1681154.837268687551841 ], [ -464675.545245470595546, 1681221.145124325994402 ], [ -465073.587188047997188, 1681404.793448535026982 ], [ -465277.697157728776801, 1681680.475818590726703 ], [ -465295.141132014628965, 1681944.88553542108275 ], [ -465404.757728404656518, 1682099.711383495479822 ], [ -465542.875423898454756, 1682332.636813116725534 ], [ -465599.959232922759838, 1682456.133288749027997 ], [ -465626.900770866428502, 1682514.418882790254429 ], [ -465691.456392176332884, 1682870.593049306422472 ], [ -465686.189969487546477, 1683091.621647028950974 ], [ -465683.020556033530738, 1683224.644832868594676 ], [ -465743.211923675669823, 1683423.227193529484794 ], [ -465958.678157603135332, 1683815.864353938261047 ], [ -465830.157736440363806, 1683710.063170728739351 ], [ -465626.036134153953753, 1683434.388260131701827 ], [ -465527.109124340582639, 1683134.874787620035931 ], [ -465508.852256563666742, 1683079.599411180010065 ], [ -465526.437697358662263, 1682957.828909049043432 ], [ -465501.869434148131404, 1682754.264348039636388 ], [ -465454.926991480460856, 1682499.112696591066197 ], [ -465442.269220644433517, 1682430.311860444024205 ], [ -465193.087832767167129, 1681990.018130878917873 ], [ -465170.406961543369107, 1681756.077879589051008 ], [ -465106.44163696031319, 1681640.48520590015687 ], [ -464900.292104735330213, 1681437.649035530397668 ], [ -464514.173310508660506, 1681245.594184654764831 ], [ -464173.403079421434086, 1681155.471108202589676 ], [ -464165.333312219823711, 1680863.654569462640211 ], [ -464163.234373519779183, 1680787.751390786608681 ], [ -464116.723043449281249, 1680570.610375124029815 ], [ -464060.590453927579802, 1680484.192212901078165 ], [ -463917.860681316291448, 1680264.452549973735586 ], [ -463561.695238263870124, 1679837.072328108362854 ], [ -463435.523877625877503, 1679595.733519326429814 ], [ -463388.724432674469426, 1679441.271364277461544 ], [ -463380.899666959478054, 1678938.013110564555973 ], [ -463468.421118673577439, 1678733.522907178616151 ], [ -463505.361919402901549, 1678457.564513061661273 ], [ -463480.659071014728397, 1678296.45509529276751 ], [ -463551.321663367620204, 1678068.146997264120728 ], [ -463549.59616176050622, 1677712.321151983691379 ], [ -463433.898437999072485, 1677410.043079616734758 ], [ -463263.497994203760754, 1677227.292315650731325 ] ], [ [ -461316.264277692418545, 1679760.750774839194492 ], [ -461740.699494557804428, 1680289.898815569467843 ], [ -461940.340682376699988, 1680538.788293904624879 ], [ -462089.574683546903543, 1680800.646001911023632 ], [ -462211.994113905995619, 1681015.447908881818876 ], [ -462622.768029852013569, 1682029.30146259535104 ], [ -462722.494397090631537, 1682238.237345932051539 ], [ -462792.933463255641982, 1682385.812212651129812 ], [ -462976.524037617316935, 1682564.485212222672999 ], [ -463057.300444909487851, 1682643.09736261353828 ], [ -463504.883468344341964, 1682919.143225117353722 ], [ -463570.879713593109045, 1683058.81633480428718 ], [ -462948.835004296037368, 1682675.713868774473667 ], [ -462891.084971991425846, 1682614.684505973709747 ], [ -462687.685846766806208, 1682399.733790831873193 ], [ -462635.003689107019454, 1682286.498227518051863 ], [ -462467.035348737961613, 1681925.460785466479138 ], [ -462228.390138609684072, 1681294.120769649744034 ], [ -461979.30268834886374, 1680804.477176354033872 ], [ -461906.437761283596046, 1680661.237293042708188 ], [ -461650.358276480808854, 1680287.426127118756995 ], [ -461577.529145827225875, 1680181.11252005957067 ], [ -461256.33376108383527, 1679838.718956189928576 ] ], [ [ -461249.28906418394763, 1656530.599401602754369 ], [ -461226.178536202642135, 1656596.083516337210312 ], [ -461190.119037983822636, 1656660.678400260861963 ], [ -461148.370029624202289, 1656714.217687833122909 ], [ -460992.897740929853171, 1656859.662818812765181 ], [ -461014.826831342594232, 1656939.055354024283588 ], [ -461221.997077285253908, 1657044.550782956415787 ], [ -461268.762726858316455, 1657121.046540597220883 ], [ -461304.282025568885729, 1657158.179191353032365 ], [ -461316.403570283961017, 1657266.53203295962885 ], [ -461249.003988391836174, 1657381.767563906498253 ], [ -461144.713625912030693, 1657505.971189095638692 ], [ -461048.310596988420002, 1657568.230481352191418 ], [ -460966.729945057420991, 1657587.412441805470735 ], [ -460834.818315669661388, 1657560.160092345671728 ], [ -460711.182485834055115, 1657483.675104309804738 ], [ -460634.688533876731526, 1657397.408710075076669 ], [ -460545.492105601006187, 1657311.522526967106387 ], [ -460516.652053075609729, 1657152.259992383886129 ], [ -460575.213514020841103, 1656924.16937778913416 ], [ -460675.222345996764489, 1656413.304572420893237 ] ], [ [ -460558.715147633221932, 1656367.52176049654372 ], [ -460541.95113472401863, 1656419.214419190539047 ], [ -460512.070526009309106, 1656490.410314829554409 ], [ -460433.558969268808141, 1656557.922219381667674 ], [ -460275.541613861045334, 1656684.090181415900588 ], [ -460209.744352364854421, 1656764.325991320656613 ], [ -460137.579895832750481, 1656816.94987129396759 ], [ -460049.122674201207701, 1656866.051554338308051 ], [ -459968.349730846122839, 1656895.497488003689796 ], [ -459890.57816775154788, 1656884.900292220059782 ] ], [ [ -457916.960200565983541, 1696260.682439629454166 ], [ -458027.752212814288214, 1696174.341879128944129 ], [ -458171.748693575500511, 1696042.980019978247583 ], [ -458212.559375677024946, 1696014.497692221775651 ], [ -458282.916179343941621, 1695965.394473823718727 ], [ -458404.923568983154837, 1695916.003412261605263 ], [ -458492.369109324703459, 1695836.193182622315362 ], [ -458449.504116174532101, 1695791.141075081657618 ], [ -458483.008927444752771, 1695716.876919072121382 ], [ -458599.109930087230168, 1695615.295158565742895 ], [ -458895.954847223125398, 1695355.569302467862144 ], [ -459091.37385107082082, 1695130.594985730946064 ] ], [ [ -458617.848491638957057, 1697400.429032811662182 ], [ -458755.601101244217716, 1697570.785688896197826 ], [ -458822.956194840895478, 1697645.189832046860829 ], [ -458830.154902733978815, 1697852.432986007770523 ], [ -458833.942750675487332, 1698054.892708627041429 ], [ -458855.374909944774117, 1698198.477644041646272 ], [ -458893.930555478087626, 1698048.162268055370077 ], [ -458900.090600200521294, 1697962.628671470331028 ], [ -458915.431899438612163, 1697867.207791967550293 ], [ -458921.001304794859607, 1697790.459865864133462 ], [ -458919.301462007919326, 1697753.973401030758396 ], [ -458917.197846463473979, 1697708.819065638585016 ], [ -458932.268427583854645, 1697657.240531494142488 ], [ -458944.418909675441682, 1697665.95764673105441 ], [ -458968.569711148622446, 1697747.510225938167423 ], [ -458994.832023659546394, 1697815.907278766157106 ], [ -459009.827561768353917, 1697947.334551559295505 ], [ -459083.364844859344885, 1698171.217913154978305 ], [ -459073.401857838616706, 1697896.142044637817889 ], [ -459057.719892613880802, 1697761.931820506695658 ], [ -459057.364987416600343, 1697676.194952672347426 ], [ -459060.912999527703505, 1697580.078796215355396 ], [ -459087.541125758318231, 1697546.712631802540272 ], [ -459123.032027209468652, 1697510.627404108876362 ], [ -459160.687222496198956, 1697522.00977469002828 ], [ -459250.871162604657002, 1697614.249152756528929 ], [ -459310.22099675697973, 1697672.447318820748478 ], [ -459357.147083079151344, 1697817.124532436951995 ], [ -459375.275327893788926, 1697905.046554210595787 ], [ -459410.436963571817614, 1698075.57866869145073 ], [ -459453.000003684952389, 1698373.418252885108814 ], [ -459433.559316914586816, 1698521.581495006801561 ], [ -459412.920657884096727, 1698649.906796815339476 ], [ -459326.792124685016461, 1698924.037813707953319 ], [ -459210.034104617312551, 1699068.384143733419478 ], [ -459060.500805642514024, 1699257.678952992660925 ], [ -458948.534124918747693, 1699472.813666265225038 ], [ -458877.555716184491757, 1699640.261727285105735 ], [ -458876.383482866280247, 1699645.624659413471818 ], [ -458851.898357372032478, 1699757.638492379104719 ], [ -458847.921544546727091, 1699824.519472985295579 ], [ -458863.876980975153856, 1699914.874503266531974 ], [ -458889.151329100539442, 1699918.119978439295664 ], [ -458951.594891272252426, 1699875.056291237473488 ], [ -458990.844335564412177, 1699821.996959167765453 ], [ -459046.163167242426425, 1699743.006812141044065 ], [ -459084.297444721800275, 1699701.353303770069033 ], [ -459249.027906963659916, 1699521.420164764393121 ], [ -459147.252574686193839, 1699775.034855571342632 ], [ -459034.909745450713672, 1700010.06518009211868 ], [ -458867.17551548127085, 1700159.205017468659207 ], [ -458806.312188750016503, 1700169.388452767860144 ], [ -458725.257845379295759, 1700124.155872786184773 ], [ -458711.090212904731743, 1700035.653449076693505 ], [ -458688.806595585250761, 1699893.146442855708301 ], [ -458674.92912093544146, 1699766.059470025124028 ], [ -458738.614363984379452, 1699577.272979516535997 ], [ -458772.719626363832504, 1699491.632507462752983 ], [ -458883.199414353293832, 1699310.31752539682202 ], [ -458926.45586469094269, 1699240.662577145732939 ], [ -458951.785958287480753, 1699199.873905918560922 ], [ -459054.315988703863695, 1699067.924337789881974 ], [ -459143.120869507198222, 1698937.115140980109572 ], [ -459220.171948806790169, 1698774.032912636175752 ], [ -459270.124104612681549, 1698674.076471515465528 ], [ -459259.188621468783822, 1698594.655861738836393 ], [ -459228.682891476084478, 1698552.586818770272657 ], [ -459184.828901770350058, 1698572.497388771502301 ], [ -459134.739838223147672, 1698652.17577992589213 ], [ -459110.545731778081972, 1698739.412878326606005 ], [ -459087.158049203630071, 1698779.520531742833555 ], [ -459064.69896189001156, 1698792.76379650621675 ], [ -459043.046485641330946, 1698758.877556088380516 ], [ -459039.730955446313601, 1698707.75206865160726 ], [ -459038.178530489909463, 1698683.814176366664469 ], [ -459011.936866452451795, 1698531.023404794745147 ], [ -459019.241131102957297, 1698380.28202806878835 ], [ -459029.979870088747703, 1698250.352712060324848 ], [ -459012.055808083154261, 1698109.031381204724312 ], [ -459000.062005370913539, 1698077.579369270708412 ], [ -458966.780642434430774, 1697990.303835510741919 ], [ -458956.049827589013148, 1698120.23488881578669 ], [ -458954.494334072805941, 1698152.297095524845645 ], [ -458948.736931512772571, 1698270.975405392004177 ], [ -458932.988280448887963, 1698389.960051775211468 ], [ -458925.683828807377722, 1698540.701242660870776 ], [ -458889.058152711659204, 1698663.072124639991671 ], [ -458833.529861122369766, 1698839.763669870793819 ], [ -458790.579558977973647, 1698917.223586093634367 ], [ -458749.56121401238488, 1699018.795941720716655 ], [ -458734.273934372526128, 1699056.65116885304451 ], [ -458690.614024707581848, 1699285.918370274128392 ], [ -458672.623407290724572, 1699397.789311388041824 ], [ -458655.982723233872093, 1699489.856393251102418 ], [ -458641.794139698613435, 1699568.356980397365987 ], [ -458618.839593627606519, 1699734.223393335007131 ], [ -458543.832356231461745, 1699755.254337911494076 ], [ -458502.338048592908308, 1699742.769919196842238 ], [ -458507.261553489312064, 1699597.737190541578457 ], [ -458566.281898664135952, 1699321.740490744821727 ], [ -458576.605556651076768, 1699273.890932801179588 ], [ -458632.842451118864119, 1699013.235326437046751 ], [ -458634.896248283155728, 1698995.387812484754249 ], [ -458658.395379144116305, 1698791.176760685397312 ], [ -458700.717607018188573, 1698612.346040477976203 ], [ -458727.855751140974462, 1698380.409954617731273 ], [ -458712.182242579117883, 1698246.202030009357259 ], [ -458676.312122639094014, 1698047.963926389580593 ], [ -458636.179682450601831, 1697924.873482154915109 ], [ -458628.66909105994273, 1697901.83768743253313 ], [ -458550.529928750358522, 1697713.642755163833499 ] ], [ [ -454025.937681702431291, 1693656.215372701874003 ], [ -454255.569522555742878, 1693581.644157474860549 ], [ -454690.158224374288693, 1693449.414881836157292 ], [ -454975.34952644794248, 1693340.264510113745928 ], [ -455262.662239617668092, 1693217.947959181154147 ], [ -455403.362749668012839, 1693122.549144237767905 ], [ -455557.015954180504195, 1692988.723818051163107 ], [ -455660.732485650049057, 1692870.4576819059439 ], [ -455858.712463855685201, 1692524.344602346885949 ], [ -455860.838264457241166, 1692521.368543428136036 ], [ -456051.106271699944045, 1692254.990264969412237 ], [ -456228.534205634146929, 1691995.587045573396608 ], [ -456254.875481798138935, 1691957.075357055058703 ], [ -456494.922826277150307, 1691749.45327384583652 ], [ -456771.314682182099205, 1691522.582453628070652 ], [ -457198.7220709429821, 1692111.817254747496918 ], [ -457181.948750914481934, 1692361.889904401963577 ], [ -457086.629577556566801, 1692883.383112524170429 ] ], [ [ -456876.316942632605787, 1693811.600990643259138 ], [ -457867.70439632772468, 1692955.750752812018618 ], [ -458535.462482276489027, 1693904.964426189893857 ], [ -458379.092847847321536, 1694109.941887041321024 ], [ -458303.945038173871581, 1694231.86868609325029 ], [ -458233.207732349343132, 1694421.168677805457264 ], [ -458216.955477618030272, 1694444.405957791022956 ], [ -457995.622087919909973, 1694760.863546659937128 ], [ -457863.093218409339897, 1694931.869095430476591 ], [ -457759.602344468177762, 1695019.165251799160615 ], [ -457662.036899420258123, 1695056.69672317430377 ], [ -457561.852663133991882, 1695095.23536636820063 ], [ -457453.618852927756961, 1695192.6776893211063 ], [ -457325.136023909144569, 1695327.622269403887913 ], [ -457217.023700525402091, 1695536.335111408960074 ], [ -457207.063050867640413, 1695703.534298623213544 ], [ -457254.535212616552599, 1695972.836283961543813 ], [ -457228.481848248920869, 1696077.7776983238291 ], [ -457138.959064188064076, 1696235.125294376863167 ], [ -457003.176892184128519, 1696342.639634974068031 ], [ -456866.784351667156443, 1696403.798121079336852 ], [ -456742.606429971638136, 1696492.236406428273767 ], [ -456661.692006535828114, 1696823.42071250337176 ], [ -456564.037241957848892, 1696954.161952087422833 ], [ -456449.450289000349585, 1697010.577414556406438 ], [ -456440.510206654202193, 1697063.734434647718444 ], [ -456432.25694119540276, 1697112.807656006189063 ], [ -456421.743917893676553, 1697173.378261272329837 ], [ -456415.113615440845024, 1697256.713227528845891 ] ], [ [ -456364.035449675167911, 1697603.236257144948468 ], [ -456192.979456565401051, 1698763.628683980554342 ], [ -456210.883560626069084, 1699789.451850157929584 ], [ -456295.731901807826944, 1699641.136807561619207 ], [ -456423.627272888086736, 1699520.041869810083881 ], [ -456519.01559851935599, 1699474.711297186091542 ], [ -456771.960762246744707, 1699481.883439027704298 ], [ -456916.575739402731415, 1699572.799946800805628 ], [ -456963.433299449912738, 1699681.659637382021174 ], [ -456957.052677653497085, 1699805.542822294402868 ], [ -456922.546510953456163, 1699914.735932427924126 ], [ -456909.654130916111171, 1699981.451408799504861 ], [ -456902.303139479830861, 1700019.491443325998262 ], [ -456912.060616083617788, 1700085.212772720027715 ], [ -456922.874076790700201, 1700144.356612757081166 ], [ -456965.151844950392842, 1700190.28177164401859 ], [ -457019.66371441440424, 1700237.665942659135908 ], [ -457096.169950410665479, 1700239.212813067017123 ], [ -457123.088198490557261, 1700247.654602823313326 ], [ -457140.507057356007863, 1700307.858363540610299 ], [ -457105.623035458032973, 1700356.23401684500277 ], [ -457066.906967498769518, 1700407.352663492783904 ], [ -456984.720384101558011, 1700458.280820016516373 ], [ -456912.331651784479618, 1700483.624108453746885 ], [ -456856.349330189230386, 1700481.836603730684146 ], [ -456781.570238367130514, 1700510.053713505622 ], [ -456727.046343969530426, 1700509.292283004382625 ], [ -456685.467419227701612, 1700506.508976510027424 ], [ -456632.318578713806346, 1700497.570682626916096 ], [ -456627.79549518134445, 1700525.360896270722151 ], [ -456653.336601196671836, 1700572.579049036139622 ], [ -456697.621978859358933, 1700584.235796672059223 ], [ -456778.308675291889813, 1700565.207420985214412 ], [ -456863.960803437919822, 1700573.698748371563852 ], [ -456903.183452426223084, 1700603.673107981681824 ], [ -456922.186239530274179, 1700654.010677716694772 ], [ -456905.862267320742831, 1700755.486680975416675 ], [ -456905.248758869478479, 1700759.300617277389392 ], [ -456940.492927008657716, 1700856.154066498624161 ], [ -456943.765862263273448, 1700941.089092169189826 ], [ -456952.459682762855664, 1701013.385425530606881 ], [ -456949.538672647147905, 1701073.677262661512941 ], [ -456931.817031661048532, 1701141.703531407518312 ], [ -456922.290824794152286, 1701200.935172807890922 ], [ -456801.140980173891876, 1701258.981669480446726 ], [ -456817.375884602079168, 1701305.486142250709236 ], [ -456820.528835446573794, 1701370.1461026747711 ], [ -456805.456533905351534, 1701421.720571299316362 ], [ -456779.162382003210951, 1701437.715117613319308 ], [ -456746.14293931220891, 1701432.375102378893644 ], [ -456717.350481353874784, 1701400.706664577592164 ], [ -456702.181369757570792, 1701347.616555293556303 ], [ -456703.518608985468745, 1701297.190840393537655 ], [ -456651.984962561982684, 1701309.082573325838894 ], [ -456510.77542243944481, 1701336.89822949282825 ], [ -456561.996495350787882, 1701439.713971419492736 ], [ -456641.47419588099001, 1701577.485201985109597 ], [ -456713.482157452555839, 1701908.33488357369788 ], [ -456694.718550066405442, 1701996.530195309314877 ], [ -456668.283247202052735, 1702046.984206662513316 ], [ -456623.460888678440824, 1702126.395194501848891 ], [ -456558.24054794490803, 1702187.93307406664826 ], [ -456477.126420253072865, 1702195.316361364442855 ], [ -456385.524319348449353, 1702211.047431174200028 ], [ -456508.997818092990201, 1702327.895404935115948 ], [ -456623.906195855292026, 1702436.637239194707945 ], [ -456673.498677401279565, 1702526.763300443999469 ], [ -456684.536287001159508, 1702628.894457345595583 ], [ -456686.985859510488808, 1702784.378817470744252 ], [ -456652.862027342547663, 1702911.13608478102833 ], [ -456640.773405644926243, 1702924.120672270189971 ], [ -456597.510267391451634, 1702970.590399714186788 ], [ -456551.972113827243447, 1703054.453733402537182 ], [ -456432.86409106105566, 1703254.118879677960649 ], [ -456332.864939963270444, 1703420.384365869918838 ], [ -456223.602587812230922, 1703530.416152896592394 ], [ -456038.825229992798995, 1703682.959825896890834 ], [ -455911.535220507648773, 1703762.707212450215593 ], [ -455813.716030388255604, 1703801.610049078240991 ], [ -455640.926286084577441, 1703851.189300198340788 ], [ -455516.162899217451923, 1703858.369535713689402 ], [ -455790.450245515967254, 1704003.100573205854744 ], [ -455932.150071903306525, 1704089.882625524653122 ], [ -455981.566360561060719, 1704152.614741353318095 ], [ -456026.865330325847026, 1704269.42006596038118 ], [ -456058.203824060736224, 1704529.909320041304454 ], [ -456076.33224576577777, 1704815.629735365975648 ], [ -456078.57528686360456, 1705057.735256689134985 ], [ -456058.346737236948684, 1705240.548014361411333 ], [ -456048.330462094745599, 1705331.068579678889364 ], [ -456014.375302654167172, 1705485.210817657643929 ], [ -455940.979497787891887, 1705628.409310443559662 ], [ -455913.548701723222621, 1705658.352315743453801 ], [ -455835.454714804829564, 1705743.598204798530787 ], [ -455622.63564524659887, 1705928.090866460930556 ], [ -455466.59974807134131, 1706044.235091818729416 ], [ -455285.39447686454514, 1706174.542143139988184 ], [ -455170.941986344230827, 1706288.287973184604198 ], [ -455252.520325500925537, 1706265.002441307995468 ], [ -455351.780877650249749, 1706217.207222713623196 ], [ -455567.080679174454417, 1706074.176651168148965 ], [ -455786.504821009526495, 1705877.074126181192696 ], [ -455816.080165405350272, 1705847.871754212072119 ], [ -455977.01049257745035, 1705688.970118646509945 ], [ -456010.766985716531053, 1705621.455185125814751 ], [ -456062.027774174057413, 1705502.038105676881969 ], [ -456104.777475496637635, 1705307.501665987307206 ], [ -456113.325302725483198, 1705268.604047241155058 ], [ -456146.773140419332776, 1705032.278701334493235 ], [ -456150.580047673371155, 1704809.40512327873148 ], [ -456142.783696784405038, 1704630.258062381763011 ], [ -456128.91933687380515, 1704431.885432141367346 ], [ -456082.588588793587405, 1704150.720638429513201 ], [ -456064.232363031362183, 1704065.646813913015649 ], [ -456089.946566811413504, 1704019.637421153951436 ], [ -456191.007775521196891, 1703903.714502184884623 ], [ -456260.284949087887071, 1703814.585475317202508 ], [ -456324.528328809770755, 1703693.017611992312595 ], [ -456449.467050979030319, 1703550.054414710728452 ], [ -456633.029904383409303, 1703408.552146951202303 ], [ -456841.419130456692073, 1703247.24837162764743 ], [ -457022.687663744261954, 1703091.473695177817717 ], [ -457125.091316230536904, 1703067.822130686137825 ], [ -457214.392376904492266, 1703041.753978918772191 ], [ -457262.840745696914382, 1703001.361262798774987 ], [ -457300.495254706009291, 1702956.810767004033551 ], [ -457277.255991476529744, 1702932.801280712476 ], [ -457237.224440958700143, 1702949.953995003597811 ], [ -457210.281561617914122, 1702948.962718991562724 ], [ -457219.934096962737385, 1702910.017653855495155 ], [ -457270.145970417535864, 1702850.631472125882283 ], [ -457387.086439131409861, 1702734.514109068550169 ], [ -457541.278081002878025, 1702597.428916440112516 ], [ -457787.776280801394023, 1702391.867432015016675 ], [ -457928.270408677286468, 1702331.403411643579602 ], [ -457915.794446795247495, 1702522.99013051064685 ], [ -457859.077542288345285, 1702685.980525084771216 ], [ -457909.774808259273414, 1702792.082381338812411 ], [ -457956.723254911776166, 1702890.013676289469004 ], [ -458055.979610543174203, 1703097.054205593653023 ], [ -458066.754547289398033, 1703182.953603619011119 ], [ -458035.932109348243102, 1703291.290391240967438 ], [ -458035.502482675539795, 1703379.554978187661618 ], [ -458062.40478739188984, 1703549.321866941638291 ], [ -458029.484576647810172, 1703648.644142681267112 ], [ -457992.872256817587186, 1703705.870017567183822 ], [ -457957.068450947699603, 1703761.831982328556478 ], [ -457834.859733293880709, 1703826.454440866131335 ], [ -457591.399160496657714, 1703844.450214209966362 ], [ -457451.88901257852558, 1703869.144557963591069 ], [ -457362.451151552610099, 1703898.556730902288109 ], [ -457277.670993764419109, 1704143.404828347498551 ], [ -457154.678456589695998, 1703689.422132763778791 ], [ -457102.066003154788632, 1703495.218193331500515 ], [ -456834.512442608305719, 1703688.560328749241307 ], [ -456642.952480271167587, 1703826.33433163841255 ], [ -456515.7432517472771, 1703905.954449214041233 ], [ -456384.106565112888347, 1703963.704152446240187 ], [ -456416.592454087571241, 1703981.276995664229617 ], [ -456503.941987441154197, 1704051.128539983881637 ], [ -456580.754342599539086, 1704194.379164677346125 ], [ -456683.667166394297965, 1704398.498451262013987 ], [ -456715.750801287416834, 1704540.524509222479537 ], [ -456727.30412899638759, 1704724.847259474219754 ], [ -456748.490800878731534, 1704906.154754127375782 ], [ -456819.479805313458201, 1705090.958672404056415 ], [ -456849.486415432882495, 1705018.278509394265711 ], [ -457028.996062032005284, 1705211.524333423469216 ], [ -457133.188240852148738, 1705360.654281719587743 ], [ -457181.655003904306795, 1705462.457576406886801 ], [ -457208.472147373540793, 1705518.786161660216749 ], [ -457241.994032518647145, 1705651.923909900942817 ], [ -457240.53013480710797, 1705774.837588196387514 ], [ -457214.273003444133792, 1705852.680830909637734 ], [ -457122.681345292599872, 1705938.207942058797926 ], [ -457023.91770080733113, 1706018.229911909205839 ], [ -456906.840521844511386, 1706113.089444155804813 ], [ -456778.833980677241925, 1706197.278723034542054 ], [ -456691.534112459979951, 1706256.134068231098354 ], [ -456635.848655956913717, 1706260.805457232054323 ], [ -456551.951240964233875, 1706270.032216399675235 ], [ -456594.942637298256159, 1706372.77486026706174 ], [ -456606.814851280767471, 1706436.350942800752819 ], [ -456631.830020836729091, 1706570.307429523207247 ], [ -456675.707478423893917, 1706695.98656775825657 ], [ -456703.714318907121196, 1706778.055399872362614 ], [ -456709.229859692335594, 1706829.122157896170393 ], [ -456705.999316642119084, 1706906.13046548049897 ], [ -456652.963484197098296, 1706979.651159625966102 ], [ -456573.704820510291029, 1707016.998974652960896 ], [ -456478.024975716893096, 1707042.559280884684995 ], [ -456420.120922877045814, 1707053.782140052644536 ], [ -456388.234112676989753, 1707059.962332847993821 ], [ -456188.492067516490351, 1707077.808140418026596 ], [ -455995.702314585039858, 1707137.824227671371773 ], [ -455824.332165068306495, 1707178.512259668903425 ], [ -455744.90463231416652, 1707188.458843064494431 ], [ -455699.562290791247506, 1707185.690785033861175 ], [ -455657.086936176987365, 1707165.130224522203207 ], [ -455498.324333672760986, 1707440.458229720359668 ], [ -455301.855536572809797, 1707864.756317465333268 ], [ -455121.124314349668566, 1708191.248988337814808 ], [ -454719.48973197786836, 1708837.744107393315062 ], [ -454623.075004615297075, 1708834.42681236192584 ], [ -454538.615643536904827, 1708786.592963573057204 ], [ -454479.424554207304027, 1708713.569484826177359 ], [ -454474.891034143627621, 1708630.101015034597367 ], [ -454471.10421661665896, 1708560.378006012644619 ], [ -454423.818162485549692, 1708484.31648053531535 ], [ -454399.023594356724061, 1708439.256876376923174 ], [ -454403.349006254866254, 1708298.565957478014752 ], [ -454413.82829635264352, 1708233.437400366645306 ], [ -454428.381173573958222, 1708142.992134928703308 ], [ -454462.178168674290646, 1707961.470094399526715 ], [ -454499.885432121751364, 1707812.499681149376556 ], [ -454602.204109655693173, 1707660.310110152466223 ], [ -454685.459658515581395, 1707427.49499594187364 ], [ -454717.475065565842669, 1707200.065338310785592 ], [ -454730.587642872531433, 1706919.407791685778648 ], [ -454726.740039988479111, 1706658.815803159959614 ], [ -454702.900830958620645, 1706408.662768332287669 ], [ -454634.603692151606083, 1706178.686726311221719 ], [ -454587.361192222335376, 1705988.598635558271781 ], [ -454621.288627003959846, 1705948.475721005816013 ], [ -454673.274098254682031, 1705824.6187483149115 ], [ -454746.167494296561927, 1705599.241866460535675 ], [ -454746.912720411375631, 1705480.781168308109045 ], [ -454749.095811858191155, 1705353.424671708140522 ], [ -454741.639130497176666, 1705229.070957261137664 ], [ -454700.804202612896916, 1705112.986678925342858 ], [ -454664.313314585830085, 1704939.946894080843776 ], [ -454696.517015036020894, 1704823.439948132028803 ], [ -454698.012765281309839, 1704739.606254687532783 ], [ -454677.914343661046587, 1704657.738566049840301 ], [ -454636.335505277267657, 1704506.397059238981456 ], [ -454626.663831794343423, 1704179.644187153084204 ], [ -454648.873707092658151, 1703927.815808452898636 ], [ -454649.2518788894522, 1703868.580026124138385 ], [ -454620.542793501575943, 1703790.962771435268223 ], [ -454553.98494379571639, 1703720.893695877166465 ], [ -454504.393710252887104, 1703630.767975954338908 ], [ -454470.341260595305357, 1703529.472915096208453 ], [ -454469.283395701961126, 1703479.122855342458934 ], [ -454497.317538634873927, 1703447.175418569007888 ], [ -454583.355484041618183, 1703424.609234628267586 ], [ -454690.983165422338061, 1703410.09630636125803 ], [ -454761.321939600049518, 1703371.309180363314226 ], [ -454812.206652707071044, 1703311.125978194642812 ], [ -454823.483584313071333, 1703212.607200296595693 ], [ -454815.819174559961539, 1703174.877929334761575 ], [ -454765.858160445350222, 1703143.989596164785326 ], [ -454745.521494972519577, 1703099.645970572717488 ], [ -454716.436148582375608, 1703081.254703434417024 ], [ -454725.739902844652534, 1703023.458476167637855 ], [ -454741.815505278937053, 1702980.45253146160394 ], [ -454780.74967678199755, 1702909.212163158459589 ], [ -454814.499169633490965, 1702841.693899146281183 ], [ -454821.524984480056446, 1702655.81583558768034 ], [ -454831.911308004695456, 1702534.346885801292956 ], [ -454872.106426390819252, 1702426.81671824795194 ], [ -454910.157892648421694, 1702332.627507232129574 ], [ -454528.640382261422928, 1702626.662780440878123 ], [ -453996.475480208056979, 1702946.47861639293842 ], [ -454003.76032349083107, 1703043.444387472001836 ], [ -453994.632302926213015, 1703128.633019194239751 ], [ -453965.336472067516297, 1703196.86915551754646 ], [ -453879.978401601780206, 1703329.01081198756583 ], [ -453851.564805917907506, 1703420.194154970347881 ], [ -453843.866631976852659, 1703496.484792999690399 ], [ -453848.293522274354473, 1703611.234517789212987 ], [ -453838.443309374444652, 1703700.864641716005281 ], [ -453805.398554765735753, 1703763.935943950433284 ], [ -453756.488259895239025, 1703783.385415590368211 ], [ -453660.643194795469753, 1703781.552304562181234 ], [ -453532.299152760650031, 1703810.955191368237138 ], [ -453444.831925038655754, 1703842.406845111399889 ], [ -453393.063330243981909, 1703879.640702407574281 ], [ -453369.657759873603936, 1703939.708343475591391 ], [ -453396.389679385116324, 1704058.057595804100856 ], [ -453413.859822485421319, 1704120.184377014404163 ], [ -453400.27039520413382, 1704204.64116280246526 ], [ -453398.294774254201911, 1704245.373163326876238 ], [ -453392.90683819912374, 1704335.722607036586851 ], [ -453421.066048640699591, 1704445.193901397520676 ], [ -453492.42334091902012, 1704570.765330899041146 ], [ -453573.419091575371567, 1704693.343494719360024 ], [ -453632.650042020890396, 1704780.465536375530064 ], [ -453672.768703976122197, 1704900.994300002232194 ], [ -453705.014656227023806, 1705070.409813746344298 ], [ -453705.435789093375206, 1705071.429204968735576 ], [ -453767.616655110265128, 1705221.930030296789482 ], [ -453864.311952660733368, 1705360.73730533150956 ], [ -453926.032004990847781, 1705489.310164418304339 ], [ -454028.242746909847483, 1705679.174244418973103 ], [ -454095.685887043655384, 1705772.189027362735942 ], [ -454105.838671587232966, 1705851.36819261033088 ], [ -454086.182783119205851, 1705916.598447869066149 ], [ -454033.691018775571138, 1705958.273733292007819 ], [ -453987.090224636718631, 1705991.781961200525984 ], [ -453907.116790883650538, 1706033.570176385343075 ], [ -453844.985084035608452, 1706078.248119081836194 ], [ -453814.97474286518991, 1706150.924361607292667 ], [ -453804.818049669673201, 1706239.644793615210801 ], [ -453803.69574707938591, 1706249.44829579629004 ], [ -453851.86116651375778, 1706348.458631029818207 ], [ -453891.983976861345582, 1706468.974815198685974 ], [ -453925.767321094172075, 1706648.283131718635559 ], [ -453926.551940689620096, 1706652.447386851534247 ], [ -453926.687191714765504, 1706793.861702510621399 ], [ -453864.52285421139095, 1706952.553128676954657 ], [ -453894.459637322928756, 1707107.914359116693959 ], [ -453937.616866363910958, 1707238.046442113118246 ], [ -454019.501710177806672, 1707383.566236942075193 ], [ -454062.483883452485316, 1707486.297002909705043 ], [ -454088.851761499536224, 1707663.874353734077886 ], [ -454080.776104720542207, 1707799.402617853134871 ], [ -454105.601477045856882, 1707985.065577915171161 ], [ -454105.708291121874936, 1707985.8646847656928 ], [ -454119.224587013595738, 1708129.445670811226591 ], [ -454143.482162372733001, 1708206.339646754320711 ], [ -454178.092084958043415, 1708275.797192081809044 ], [ -454170.21850338060176, 1708324.691801986424252 ], [ -454149.510132894385606, 1708339.584316398249939 ], [ -454104.882583011349197, 1708332.361641892464831 ], [ -454055.800122135842685, 1708324.419907784787938 ], [ -454020.276002325292211, 1708346.028421994531527 ], [ -454011.688296025851741, 1708399.366388373775408 ], [ -454034.883630876604002, 1708425.933428402524441 ], [ -454062.139147926645819, 1708444.622478358447552 ], [ -454113.231744041782804, 1708479.656534006353468 ], [ -454204.245588904712349, 1708539.99236502405256 ], [ -454262.597969316469971, 1708604.173913953127339 ], [ -454297.210256143007427, 1708673.621231522643939 ], [ -454294.689838099584449, 1708746.19291581097059 ], [ -454235.72096286714077, 1708941.884426890173927 ], [ -454232.713934612052981, 1708992.361386075150222 ], [ -454227.647993104706984, 1709077.400255129206926 ], [ -454233.13253569486551, 1709242.475425609154627 ], [ -454251.291135284118354, 1709414.164438476087525 ], [ -454233.240833895921241, 1709497.894567223498598 ], [ -454190.348004802013747, 1709650.582304583862424 ], [ -454127.807410065492149, 1709868.497120159445331 ], [ -454029.840779733145609, 1709765.983073366107419 ], [ -453930.444804741826374, 1709672.365180325927213 ], [ -453814.964808048738632, 1709621.746763117378578 ], [ -453593.115506861300673, 1709549.35130765219219 ], [ -453444.251574317866471, 1709507.019675376592204 ], [ -453453.846833992924076, 1709345.954073030035943 ], [ -453455.016336924920324, 1709326.323526813881472 ], [ -453414.721553376293741, 1709178.423109545139596 ], [ -453351.062741144211031, 1708976.566292303148657 ], [ -453302.213935996231157, 1708767.981882534921169 ], [ -453289.16027435765136, 1708700.223947428166866 ], [ -453282.260924426314887, 1708664.411214939551428 ], [ -453302.663787643483374, 1708480.729780016699806 ], [ -453301.266639168839902, 1708444.483211415586993 ], [ -453299.125474622589536, 1708388.935394136002287 ], [ -453274.363943450269289, 1708229.863956602988765 ], [ -453243.993202065932564, 1708166.956626317230985 ], [ -453219.424305088934489, 1708116.06653700186871 ], [ -453184.268427431001328, 1708078.451062794309109 ], [ -453148.567249954736326, 1708072.668427896453068 ], [ -453170.543383955955505, 1708021.501475481316447 ], [ -453160.559110676811542, 1707969.714285294292495 ], [ -453092.231155978166498, 1707853.755159104242921 ], [ -453085.70019551506266, 1707841.796696194447577 ], [ -453032.115369990060572, 1707743.680115224095061 ], [ -452874.180968112777919, 1707509.669727289583534 ], [ -452873.155523893772624, 1707508.150374678662047 ], [ -452751.823284253652673, 1707351.683169995434582 ], [ -452554.642300649080426, 1707182.941686939448118 ], [ -452612.391154470853508, 1706909.510757702402771 ], [ -452673.578267568489537, 1706472.447009992320091 ], [ -452713.856022027670406, 1706136.88777861231938 ], [ -452853.41146431339439, 1705156.055906394263729 ], [ -453065.613561998354271, 1703666.990469043375924 ], [ -452992.035149288305547, 1703782.795220208354294 ], [ -452935.759679074049927, 1703933.325630486011505 ], [ -452837.5147877651616, 1704145.475640220800415 ], [ -452750.140156997484155, 1704432.372823822777718 ], [ -452666.826365050685126, 1704591.019794869702309 ], [ -452482.530033176240977, 1703849.133555136853829 ] ], [ [ -497328.899577579053584, 1674157.779335350031033 ], [ -497326.991348417766858, 1674085.153379512252286 ], [ -497290.898929984716233, 1673975.201325387693942 ], [ -497248.054243002086878, 1673902.847787425620481 ], [ -497184.598031359550077, 1673930.588322922354564 ], [ -497067.769983209262136, 1674139.413398075848818 ], [ -496985.048470517096575, 1674205.831230284413323 ], [ -496908.831244314380456, 1674194.924529092852026 ], [ -496866.611086259421427, 1674138.25092079071328 ], [ -496809.635580631613266, 1674102.675500634824857 ], [ -496759.019702568068169, 1674098.443840586580336 ], [ -496698.094158140127547, 1674164.759905525716022 ], [ -496672.413918888603803, 1674216.324025074485689 ], [ -496638.92933894880116, 1674246.509883106686175 ], [ -496586.449316716229077, 1674252.254428368294612 ], [ -496535.580221382784657, 1674242.807654854375869 ], [ -496511.911129824351519, 1674238.412167639005929 ], [ -496426.831205687311012, 1674253.598457084968686 ], [ -496342.402621357934549, 1674320.520492209121585 ], [ -496211.392085211875383, 1674389.12217544275336 ], [ -496108.017492706829216, 1674447.368675198405981 ], [ -496004.964357886579819, 1674531.482184448745102 ], [ -495903.168906052887905, 1674636.475069828797132 ], [ -495744.661341619037557, 1674879.859983044909313 ], [ -495860.902840117982123, 1675186.47348189400509 ], [ -495896.685140208748635, 1675223.79365453729406 ], [ -495939.636762215290219, 1675243.777603408088908 ], [ -495989.000560457061511, 1675218.618265307508409 ], [ -496016.621933382761199, 1675153.530338949058205 ], [ -496066.656959541491233, 1675091.640972446650267 ], [ -496116.051480708119925, 1675034.271090695867315 ], [ -496167.994582486338913, 1674991.076967597706243 ], [ -496239.16230059339432, 1674941.425095067825168 ], [ -496274.107988124713302, 1674880.872176499571651 ], [ -496339.912629235594068, 1674831.142968815751374 ], [ -496404.597048167779576, 1674808.601675492012873 ], [ -496455.892954159295186, 1674769.915591404773295 ], [ -496502.699820715351962, 1674730.57825235160999 ], [ -496541.040313516627066, 1674661.989653858589008 ], [ -496577.360550951678306, 1674632.59391874819994 ], [ -496726.059252810140606, 1674551.786821060581133 ], [ -496858.925615686341189, 1674473.206612793495879 ], [ -496956.729974223708268, 1674444.901818419108167 ], [ -497023.898694503703155, 1674413.917927274480462 ], [ -497109.120408946357202, 1674393.894426717422903 ], [ -497153.218254394480027, 1674373.435602538986132 ], [ -497177.790048402908724, 1674362.035763035528362 ], [ -497258.496206738695037, 1674315.076450329041108 ], [ -497301.313983087893575, 1674250.747987194219604 ], [ -497328.899577579053584, 1674157.779335350031033 ] ], [ [ -497300.156042825605255, 1683597.439648019149899 ], [ -497299.492346229846589, 1683706.137401105370373 ], [ -497258.029542893986218, 1683828.532495469786227 ], [ -497220.987757501308806, 1683889.913494494743645 ], [ -497138.756399825157132, 1684008.357690528500825 ], [ -497087.787691414821893, 1684082.095104946522042 ], [ -497070.76227186381584, 1683938.049581579165533 ], [ -497089.662832926260307, 1683826.554296631366014 ], [ -497145.420746388379484, 1683759.513626410858706 ], [ -497198.301308395515662, 1683691.980519654694945 ], [ -497235.401230383082293, 1683595.323518972145393 ], [ -497245.608012201206293, 1683517.646231589838862 ], [ -497263.476640660141129, 1683447.137140653561801 ], [ -497300.156042825605255, 1683597.439648019149899 ] ], [ [ -496429.72307437483687, 1677296.910851249005646 ], [ -496428.893665803363547, 1677281.072979060234502 ], [ -496425.514994934492279, 1677216.556936112930998 ], [ -496374.537131220567971, 1677032.08553957589902 ], [ -496370.372609496349469, 1676932.714202266652137 ], [ -496336.142915370874107, 1676812.789804531494156 ], [ -496291.365119309572037, 1676721.881610804703087 ], [ -496281.123590248113032, 1676678.674071237677708 ], [ -496268.326045367168263, 1676624.683326946338639 ], [ -496246.342028691258747, 1676521.239100909326226 ], [ -496123.522089908248745, 1676356.371548985829577 ], [ -496067.925347331271041, 1676233.341773678781465 ], [ -496032.200471882242709, 1676099.345919647719711 ], [ -496000.515185541822575, 1676061.921574217965826 ], [ -495928.846428025222849, 1676113.061143592232838 ], [ -495821.486749146890361, 1676180.35796206863597 ], [ -495956.73593698698096, 1676448.104645730461925 ], [ -496076.261552665382624, 1676692.231950955931097 ], [ -496247.160522175312508, 1677041.282935223542154 ], [ -496368.855548732040916, 1677289.834505256032571 ], [ -496407.48156952986028, 1677366.865777565166354 ], [ -496429.72307437483687, 1677296.910851249005646 ] ], [ [ -495656.285794171737507, 1674637.101435069926083 ], [ -495624.564551702176686, 1674558.941313192015514 ], [ -495562.052200479083695, 1674397.621848570648581 ], [ -495539.015489674580749, 1674300.420480421744287 ], [ -495488.342575596529059, 1674213.573429912095889 ], [ -495468.659471649851184, 1674163.229864739812911 ], [ -495453.517838410800323, 1674124.502082305727527 ], [ -495356.591030438314192, 1674065.212535646744072 ], [ -495284.837618788122199, 1674036.402207815321162 ], [ -495229.852188448770903, 1674000.377672605914995 ], [ -495123.31488055101363, 1673965.107405194081366 ], [ -494979.207879206631333, 1673938.353879319969565 ], [ -494915.004437757714186, 1673897.591180577408522 ], [ -494910.240751054137945, 1673894.56668021925725 ], [ -494756.193776846863329, 1673865.9636235604994 ], [ -494703.713803685619496, 1673871.706750199431553 ], [ -494826.441560098377522, 1673999.227001624181867 ], [ -494959.882169149117544, 1674213.176831480115652 ], [ -495052.773404802195728, 1674405.585485472111031 ], [ -495167.918493409117218, 1674830.359128938987851 ], [ -495306.119408542814199, 1675221.736387708224356 ], [ -495418.526740991510451, 1675362.164751922944561 ], [ -495443.588916745968163, 1675494.922992001054808 ], [ -495526.831170872028451, 1675222.234334451612085 ], [ -495568.342983336828183, 1675054.416619213763624 ], [ -495592.486490537761711, 1674924.679829553002492 ], [ -495656.285794171737507, 1674637.101435069926083 ] ], [ [ -495096.192397862498183, 1681394.232379753142595 ], [ -495091.21505265426822, 1681345.358233187813312 ], [ -495081.887867315090261, 1681293.451903800712898 ], [ -495055.77877754077781, 1681258.415336820995435 ], [ -495041.051144966564607, 1681244.269027006579563 ], [ -495008.20264237903757, 1681239.564717418514192 ], [ -494961.919727093540132, 1681261.838261738186702 ], [ -494946.456664300581906, 1681302.9641711586155 ], [ -494954.11307274090359, 1681349.822090054163709 ], [ -494984.893888696737122, 1681402.382181608583778 ], [ -495020.720871196012013, 1681436.409533297410235 ], [ -495049.533583014213946, 1681452.571639506146312 ], [ -495071.659293386444915, 1681448.51884811418131 ], [ -495088.778072277025785, 1681429.290879053995013 ], [ -495096.192397862498183, 1681394.232379753142595 ] ], [ [ -494856.859133900084998, 1680791.677362707676366 ], [ -494854.232499362959061, 1680743.145951336016878 ], [ -494825.820574946992565, 1680674.059258124791086 ], [ -494780.979770549281966, 1680602.624501667218283 ], [ -494740.756366789224558, 1680599.2709662723355 ], [ -494708.213668132491875, 1680625.917465844890103 ], [ -494691.400322317087557, 1680676.496574877994135 ], [ -494692.333363610203378, 1680736.827703807735816 ], [ -494717.752465236524586, 1680793.440716670127586 ], [ -494756.244777391548268, 1680842.29192387429066 ], [ -494796.123333710303996, 1680848.002440752461553 ], [ -494834.355825354112312, 1680831.806125276023522 ], [ -494856.859133900084998, 1680791.677362707676366 ] ], [ [ -493819.531706792884506, 1668679.039940596558154 ], [ -493420.38550055352971, 1668945.671304754214361 ], [ -493345.62252480594907, 1669071.184968719258904 ], [ -493259.99917050881777, 1669199.850038745440543 ], [ -493194.237492633459624, 1669332.199391938978806 ], [ -493217.546173887036275, 1669372.66779216309078 ], [ -493299.507721130561549, 1669346.578433477785438 ], [ -493380.814026102074422, 1669268.74906644038856 ], [ -493468.947414502734318, 1669181.855535723967478 ], [ -493531.305139192321803, 1669095.339328939560801 ], [ -493632.161127269850112, 1668995.326215184759349 ], [ -493712.822507332079113, 1668865.737052744487301 ], [ -493782.941697905655019, 1668765.17811144515872 ], [ -493819.531706792884506, 1668679.039940596558154 ] ], [ [ -493725.044900111388415, 1673656.959592247614637 ], [ -493632.313818595197517, 1673686.465427896473557 ], [ -493551.198479214857798, 1673747.323915928369388 ], [ -493476.379270587174688, 1673774.312373812543228 ], [ -493435.164523056533653, 1673785.169736126670614 ], [ -493469.818393784807995, 1673734.898055274272338 ], [ -493509.593627888360061, 1673680.756507946643978 ], [ -493572.213748314767145, 1673634.422326259315014 ], [ -493638.249581186508294, 1673623.322329708142206 ], [ -493725.044900111388415, 1673656.959592247614637 ] ], [ [ -493618.949019961757585, 1692979.090042144292966 ], [ -493497.188147797132842, 1693026.321426834911108 ], [ -493469.567622916889377, 1693010.567627404583618 ], [ -493365.791779714927543, 1692951.377198006957769 ], [ -493178.058342259784695, 1692761.431904834927991 ], [ -493162.827263038430829, 1692706.678307921625674 ], [ -493112.084819344629068, 1692524.26473906962201 ], [ -493092.756940975727048, 1692325.114116091514006 ], [ -493027.726622155809309, 1692261.383784055244178 ], [ -492651.559663710882887, 1692288.216021360596642 ], [ -492732.8142867704737, 1692211.544304894516245 ], [ -492855.744764002040029, 1692202.184856378240511 ], [ -493064.743308878445532, 1692177.235478996764868 ], [ -493164.236546445870772, 1692216.655379495583475 ], [ -493156.633211550128181, 1692350.975991596234962 ], [ -493194.27388037549099, 1692621.028899388154969 ], [ -493218.544004552590195, 1692647.328383670654148 ], [ -493309.600259542523418, 1692745.998323844745755 ], [ -493501.612480560492259, 1692970.076374005526304 ], [ -493505.873630709014833, 1692975.049187140306458 ], [ -493618.949019961757585, 1692979.090042144292966 ] ], [ [ -493012.682819596666377, 1674594.651565275155008 ], [ -493002.498789865290746, 1674537.959622454829514 ], [ -492972.444672407582402, 1674492.233513111015782 ], [ -492922.522136303421576, 1674457.463363747578114 ], [ -492862.305293388199061, 1674462.659946749219671 ], [ -492823.17136389244115, 1674512.292009955504909 ], [ -492801.32576129923109, 1674569.002619271399453 ], [ -492814.049081218254287, 1674639.868886272190139 ], [ -492843.4561662315391, 1674690.10318702715449 ], [ -492899.156907353375573, 1674716.486775213619694 ], [ -492949.760756571020465, 1674714.528859355486929 ], [ -492993.376899345719721, 1674665.53658497822471 ], [ -493012.682819596666377, 1674594.651565275155008 ] ], [ [ -492441.157716347079258, 1674979.641266692662612 ], [ -492423.790867233183235, 1675017.711869757156819 ], [ -492392.44171021686634, 1675048.030495138140395 ], [ -492327.849677942926064, 1675036.035311317769811 ], [ -492302.681462555658072, 1675005.546502585057169 ], [ -492311.037557245173957, 1674960.63838773383759 ], [ -492339.272029600688256, 1674919.427940315334126 ], [ -492395.789252497488633, 1674919.598086949670687 ], [ -492441.157716347079258, 1674979.641266692662612 ] ], [ [ -492431.262448714987841, 1677383.747201872989535 ], [ -492417.089224942727014, 1677466.000937899807468 ], [ -492391.239762087760027, 1677496.022614465327933 ], [ -492379.224515705776867, 1677549.295118432026356 ], [ -492343.881163211190142, 1677656.297411053441465 ], [ -492351.683867701620329, 1677724.854394857538864 ], [ -492342.660032167856116, 1677768.410958338761702 ], [ -492325.526398575340863, 1677804.489749044645578 ], [ -492315.110713730507996, 1677827.074244158808142 ], [ -492272.506750241096597, 1677857.097535169450566 ], [ -492226.683650568360463, 1677846.777742583304644 ], [ -492208.821288224309683, 1677779.781107274349779 ], [ -492231.43202776502585, 1677725.992169634206221 ], [ -492301.033499358862173, 1677540.905248783761635 ], [ -492422.276319322641939, 1677329.480350740486756 ], [ -492431.262448714987841, 1677383.747201872989535 ] ], [ [ -492367.20733196666697, 1692533.976262112380937 ], [ -492153.09134765464114, 1692678.59582729334943 ], [ -491897.883724571962375, 1692808.687540743965656 ], [ -491789.996439015900251, 1692841.290984788909554 ], [ -491679.104654695198406, 1692816.188813991611823 ], [ -491650.225185886025429, 1692783.303909164387733 ], [ -491561.134809655020945, 1692681.856774065177888 ], [ -491312.763380023243371, 1692411.086762585910037 ], [ -491258.006501352414489, 1692316.14286685991101 ], [ -491199.048674112593289, 1692213.91420043236576 ], [ -491159.770965337171219, 1692143.726086101029068 ], [ -490962.924453382496722, 1692059.608785931486636 ], [ -490732.809812011953909, 1692020.704353994457051 ], [ -490555.602426457044203, 1691971.679922403069213 ], [ -490401.303537949745078, 1691862.973580343648791 ], [ -490268.877760381961707, 1691700.772674466948956 ], [ -490195.558076160261407, 1691529.491757394280285 ], [ -490151.382182309345808, 1691299.594059105729684 ], [ -490239.82784772629384, 1691117.534282773500308 ], [ -490361.266726812231354, 1691042.731427754973993 ], [ -490513.723658081551548, 1691011.311812911648303 ], [ -490650.548156675940845, 1691034.444768101908267 ], [ -490845.560971977305599, 1690978.439325005747378 ], [ -490918.295508944778703, 1690889.049362513702363 ], [ -491070.113746949529741, 1690635.078991564223543 ], [ -491293.48301311081741, 1690374.14293846511282 ], [ -491535.369030285684858, 1690192.595069118775427 ], [ -491619.423235269263387, 1690149.604389718035236 ], [ -491655.936319757835008, 1690204.861000776290894 ], [ -491607.376801136182621, 1690250.241366396425292 ], [ -491475.139118755003437, 1690371.035738767124712 ], [ -491319.104260953201447, 1690495.567725986009464 ], [ -491116.324667822394986, 1690714.654747994616628 ], [ -490977.035885264980607, 1690992.682895393576473 ], [ -490917.798539110051934, 1691058.096280881436542 ], [ -490841.997443166445009, 1691095.617668446386233 ], [ -490693.266155617544428, 1691118.979595849988982 ], [ -490477.274970683385618, 1691094.357881618198007 ], [ -490320.985365059168544, 1691162.818915485870093 ], [ -490273.307619983504992, 1691251.421202228404582 ], [ -490257.835328198445495, 1691378.265028316760436 ], [ -490293.942920792032965, 1691577.509067069739103 ], [ -490397.710510696982965, 1691741.730872687650844 ], [ -490497.480618587462232, 1691837.666323163546622 ], [ -490642.385146946646273, 1691883.211800042539835 ], [ -490787.289844710670877, 1691928.756836124230176 ], [ -490918.09104831062723, 1691989.324261670233682 ], [ -491106.531289735983592, 1692017.052757499739528 ], [ -491236.108468224178068, 1692050.367610177025199 ], [ -491332.765561284613796, 1692130.324306156486273 ], [ -491404.609650518454146, 1692289.192023733165115 ], [ -491416.159261503082234, 1692302.929458981612697 ], [ -491567.209999952698126, 1692482.592630405677482 ], [ -491698.019789402140304, 1692605.072575751692057 ], [ -491780.83543941489188, 1692682.614075927995145 ], [ -491839.348670871462673, 1692713.67367765516974 ], [ -492036.015124867903069, 1692657.775902834488079 ], [ -492272.168830631242599, 1692562.131515503395349 ], [ -492367.20733196666697, 1692533.976262112380937 ] ], [ [ -491975.221900459728204, 1674184.690112761454657 ], [ -491872.531358259439003, 1674259.433656313689426 ], [ -491779.302824124344625, 1674330.842075824737549 ], [ -491597.185066202131566, 1674495.592097621643916 ], [ -491395.537587263213936, 1674720.077257469994947 ], [ -491236.826153533998877, 1674939.867850985145196 ], [ -491160.401486679096706, 1675056.636114505818114 ], [ -491093.391631576756481, 1675213.184397874865681 ], [ -491052.305418392643332, 1675366.093267882242799 ], [ -491042.191277571953833, 1675465.608792550629005 ], [ -491040.24349144398002, 1675634.241445212392136 ], [ -491069.014873327629175, 1675728.303386078914627 ], [ -491099.297805409238208, 1675814.197126597398892 ], [ -491174.203035541751888, 1675946.087876958074048 ], [ -491100.995225132093765, 1676004.372119699139148 ], [ -490967.420184430724476, 1676130.763504821574315 ], [ -490915.160203131905291, 1676012.349255438195542 ], [ -490867.818273169570602, 1675859.916583125945181 ], [ -490843.351395575213246, 1675697.368759880075231 ], [ -490837.726400971703697, 1675659.998568113427609 ], [ -490828.005459025152959, 1675531.446624245028943 ], [ -490850.540823873772752, 1675387.766227714251727 ], [ -490882.246157554152887, 1675262.689187356038019 ], [ -490951.5363710623933, 1675093.891272802138701 ], [ -490953.735362531035207, 1675090.17288470454514 ], [ -491019.070681834011339, 1674979.691370119340718 ], [ -491117.087913814175408, 1674837.351518399082124 ], [ -491264.888880321232136, 1674653.568499399116263 ], [ -491371.797647831437644, 1674508.649552717339247 ], [ -491478.967143684858456, 1674384.90915987547487 ], [ -491569.113213282718789, 1674262.230795186478645 ], [ -491394.104577272257302, 1674411.399908984778449 ], [ -491231.8220338075771, 1674605.175461994018406 ], [ -491088.849514752277173, 1674785.638353891437873 ], [ -490946.899055836722255, 1674983.186050317250192 ], [ -490892.475590533402283, 1675073.6996512953192 ], [ -490855.492538431368303, 1675135.207354198908433 ], [ -490801.941512317280285, 1675264.678145828889683 ], [ -490771.266956237202976, 1675406.841974634910002 ], [ -490763.964061987877358, 1675536.456475179642439 ], [ -490786.601963964989409, 1675685.928344479529187 ], [ -490792.272944891999941, 1675723.372402912238613 ], [ -490829.99721737235086, 1675950.067786185070872 ], [ -490878.867013955372386, 1676094.334995798533782 ], [ -490919.638465619587805, 1676194.162504217820242 ], [ -490865.348137159657199, 1676292.489743286510929 ], [ -490577.085846386267804, 1676708.71791787748225 ], [ -490460.746110495179892, 1676599.771454294677824 ], [ -490383.350953133485746, 1676501.230576656991616 ], [ -490355.920911943423562, 1676405.253419713350013 ], [ -490389.894729006045964, 1676391.702266972977668 ], [ -490415.662275298906025, 1676275.717522951075807 ], [ -490440.760328366537578, 1676097.463531390065327 ], [ -490473.445846613263711, 1675921.871402149787173 ], [ -490502.602860703656916, 1675787.865778618492186 ], [ -490512.454933179076761, 1675667.181960957124829 ], [ -490493.074222383089364, 1675545.289836773183197 ], [ -490481.335526159207802, 1675450.166921012103558 ], [ -490480.777178796997759, 1675340.217185971792787 ], [ -490504.867941199976485, 1675255.971793493954465 ], [ -490560.471030931628775, 1675160.684100237442181 ], [ -490561.544609453354497, 1675159.060891435714439 ], [ -490660.009381796699017, 1675010.179060502210632 ], [ -490735.911305554269347, 1674851.063128317240626 ], [ -490835.187901043216698, 1674679.377675276249647 ], [ -490874.663353227078915, 1674618.61717550479807 ], [ -490994.389565252757166, 1674434.333654347807169 ], [ -491128.966792961407918, 1674231.195000568404794 ], [ -491229.297702291514724, 1674144.205855796346441 ], [ -491181.495962639746722, 1674084.625896057812497 ], [ -491142.813001925649587, 1673976.044114736374468 ], [ -491148.09752665751148, 1673879.856588994851336 ], [ -491196.825681100424845, 1673753.714036531047896 ], [ -491264.629816062864847, 1673660.682241487316787 ], [ -491338.750475884240586, 1673605.115726581308991 ], [ -491588.972678371879738, 1673839.216179156210274 ], [ -491596.365597761236131, 1673845.681088051758707 ], [ -491975.221900459728204, 1674184.690112761454657 ] ], [ [ -491870.924541729385965, 1681066.055794981308281 ], [ -491870.828048983821645, 1681148.523942555300891 ], [ -491855.173959955107421, 1681209.137609258759767 ], [ -491800.377951292553917, 1681224.696495307609439 ], [ -491740.230837801645976, 1681239.358328651404008 ], [ -491721.938030475052074, 1681266.535670957760885 ], [ -491718.710309065645561, 1681270.387429396389052 ], [ -491687.594060864357743, 1681307.519004549365491 ], [ -491671.065657968865708, 1681356.988023302517831 ], [ -491660.75420094083529, 1681418.497009299695492 ], [ -491690.483210975653492, 1681519.702114549931139 ], [ -491689.520690768084023, 1681591.026904137339443 ], [ -491668.986446589697152, 1681631.575790206203237 ], [ -491619.510390484589152, 1681664.523245172109455 ], [ -491551.755975550215226, 1681708.153682389063761 ], [ -491518.553386855637655, 1681855.542784734396264 ], [ -491515.378433799429331, 1681990.738371991552413 ], [ -491484.598304647195619, 1682026.819893890526146 ], [ -491476.442388180119451, 1682042.932119470788166 ], [ -491464.072072379756719, 1682067.36998045258224 ], [ -491461.322705612459686, 1682132.895825478481129 ], [ -491449.240678226342425, 1682188.608719074400142 ], [ -491402.396514781343285, 1682254.98010913329199 ], [ -491345.500219599052798, 1682379.068231986602768 ], [ -491265.87885983614251, 1682600.11150646652095 ], [ -491167.195721813535783, 1682784.437321567209437 ], [ -491077.909488020115532, 1683062.478817077586427 ], [ -491015.208745366719086, 1682984.885095103643835 ], [ -491046.962812563870102, 1682797.617804453941062 ], [ -491114.339937549142633, 1682549.371960167307407 ], [ -491193.963434204808436, 1682328.319047866621986 ], [ -491289.368515751149971, 1682159.056294532725587 ], [ -491296.55605236714473, 1682099.773413238115609 ], [ -491301.584058823878877, 1681987.888806560076773 ], [ -491302.096550640300848, 1681985.221849323483184 ], [ -491323.081047973420937, 1681876.015559328719974 ], [ -491412.727954771486111, 1681767.32946302043274 ], [ -491417.262600630754605, 1681691.104707243619487 ], [ -491514.465033476531971, 1681547.221249366179109 ], [ -491489.571275739115663, 1681472.434301817091182 ], [ -491499.784985212958418, 1681417.544144036248326 ], [ -491496.887410071154591, 1681389.594236107775941 ], [ -491496.922438344976399, 1681355.023801119532436 ], [ -491514.228344712988473, 1681320.467367275618017 ], [ -491539.024757220759057, 1681275.641549293417484 ], [ -491574.56457402347587, 1681218.199642217485234 ], [ -491617.820656472526025, 1681166.596387621248141 ], [ -491666.885181077930611, 1681103.335744669893757 ], [ -491698.257716393156443, 1681072.768523508450016 ], [ -491702.999880857358221, 1681068.148152838693932 ], [ -491746.271464665187523, 1681006.675660879118368 ], [ -491785.487213687505573, 1680985.755219101207331 ], [ -491827.775242894829717, 1681012.09104015538469 ], [ -491870.924541729385965, 1681066.055794981308281 ] ], [ [ -491714.779584378760774, 1672553.609372604405507 ], [ -491667.075983716058545, 1672684.91860785940662 ], [ -491606.024785442335997, 1672825.43562546139583 ], [ -491564.259505290188827, 1672893.601600927533582 ], [ -491515.453542720642872, 1672937.096977483015507 ], [ -491441.69666352000786, 1672958.439059002557769 ], [ -491319.131908118841238, 1673023.286011999705806 ], [ -491247.165472815453541, 1673097.5190267523285 ], [ -491192.05210844805697, 1673174.892080617370084 ], [ -491101.111241952632554, 1673257.287653773557395 ], [ -491042.482284697180148, 1673322.32078444911167 ], [ -490950.335863318061456, 1673247.421138229779899 ], [ -490807.230205448169727, 1673138.812875694828108 ], [ -490899.680458382412326, 1673090.145071409642696 ], [ -490921.499387981719337, 1673018.148579919710755 ], [ -490935.717459425795823, 1672986.997048164252192 ], [ -490957.30128960555885, 1672961.42343492154032 ], [ -490987.284660037548747, 1672958.546239863149822 ], [ -491005.835402149357833, 1672949.317991656251252 ], [ -490993.364026787574403, 1672925.87806001259014 ], [ -490984.211129871255253, 1672907.276273370720446 ], [ -491009.331942003045697, 1672840.115123386727646 ], [ -491038.258939453051426, 1672752.547436502762139 ], [ -491078.393370849196799, 1672717.745252862107009 ], [ -491116.735745903162751, 1672669.94885107059963 ], [ -491143.873724122648127, 1672569.366796820890158 ], [ -491179.675414172874298, 1672512.64107130561024 ], [ -491263.244310517446138, 1672447.881812859326601 ], [ -491323.439059424505103, 1672395.692084379727021 ], [ -491410.282133800152224, 1672268.174489077646285 ], [ -491241.855016715067904, 1672359.416465109679848 ], [ -491035.843382173508871, 1672494.380708562908694 ], [ -490961.92779586155666, 1672552.468051040079445 ], [ -490847.344612879445776, 1672603.016373479506001 ], [ -490708.899146218667738, 1672691.378803796833381 ], [ -490820.965955227205995, 1672699.514570880215615 ], [ -490869.762419908714946, 1672708.578977511031553 ], [ -490878.157112585613504, 1672731.254282752983272 ], [ -490872.836008766433224, 1672759.848890007706359 ], [ -490845.166252594965044, 1672818.079729683231562 ], [ -490822.358652206021361, 1672940.594128297641873 ], [ -490805.860803656745702, 1672983.996158835012466 ], [ -490785.796615883242339, 1673001.402665382949635 ], [ -490706.752906830224674, 1673048.289891933090985 ], [ -490587.544067818846088, 1672944.093614900717512 ], [ -490510.651403739873786, 1672840.957142438506708 ], [ -490503.179679415770806, 1672830.935196265811101 ], [ -490550.327420970599633, 1672695.759297416778281 ], [ -490614.093601857603062, 1672635.737347854301333 ], [ -490633.13367118453607, 1672601.254435969050974 ], [ -490647.083136901725084, 1672548.921853325562552 ], [ -490658.482247885491233, 1672487.66857182700187 ], [ -490647.27848058170639, 1672434.882947331992909 ], [ -490620.832680723862723, 1672396.172526084585115 ], [ -490625.130092571198475, 1672350.50134907127358 ], [ -490643.412058354995679, 1672320.091978654963896 ], [ -490673.126392718346324, 1672296.033484959043562 ], [ -490692.166498581354972, 1672261.550378374522552 ], [ -490695.705520456307568, 1672219.952756451442838 ], [ -490773.953637553262524, 1672183.788684671279043 ], [ -490745.228054580104072, 1672157.328936929116026 ], [ -490725.392989783547819, 1672128.300898602465168 ], [ -490706.049091358378064, 1672074.008080011932179 ], [ -490691.805776658584364, 1672037.556514594005421 ], [ -490686.18252972792834, 1671977.365386193152517 ], [ -490675.737186418497004, 1671920.50572486477904 ], [ -490691.206656307331286, 1671860.005494759883732 ], [ -490722.448846541985404, 1671827.781097188824788 ], [ -490769.193613189854659, 1671802.66127348295413 ], [ -490834.480781812046189, 1671768.311410548863932 ], [ -490871.303202860057354, 1671728.681813227478415 ], [ -490697.785522038349882, 1671802.073170971823856 ], [ -490707.175313222629484, 1671774.241576514439657 ], [ -490721.884662454074714, 1671717.824647508328781 ], [ -490710.941890314978082, 1671686.218497477006167 ], [ -490668.994014325551689, 1671640.403167155571282 ], [ -490658.811234043969307, 1671604.713406733237207 ], [ -490667.670191517856438, 1671534.530272649833933 ], [ -490749.684079138794914, 1671410.342318632174283 ], [ -490867.043175432540011, 1671322.288112584035844 ], [ -490986.209255420835689, 1671314.84064180101268 ], [ -491085.319639454362914, 1671324.801349710905924 ], [ -491155.961839092546143, 1671338.877863837173209 ], [ -491196.387024999188725, 1671383.453507370315492 ], [ -491254.376847055740654, 1671478.726186068728566 ], [ -491304.456958863826003, 1671526.046800162643194 ], [ -491369.654375076293945, 1671502.498052374226972 ], [ -491372.32595715939533, 1671568.232180337654427 ], [ -491375.198254550807178, 1671733.53228043881245 ], [ -491356.190969813615084, 1671835.631140125216916 ], [ -491255.601813263900112, 1671901.444283191347495 ], [ -491310.18055927666137, 1671789.064011754700914 ], [ -491323.369528547744267, 1671740.814177825348452 ], [ -491331.72844488726696, 1671695.894456051988527 ], [ -491291.799229785217904, 1671616.648435692768544 ], [ -491261.782751375983935, 1671551.920796177815646 ], [ -491197.214240061410237, 1671514.580862880917266 ], [ -491144.854397764895111, 1671479.510970601346344 ], [ -491106.968393701594323, 1671434.44785192119889 ], [ -491044.958502284367569, 1671406.029780440265313 ], [ -491002.513099092175253, 1671385.468411643989384 ], [ -490917.653835235047154, 1671411.960633337497711 ], [ -490830.777014045568649, 1671471.873661283403635 ], [ -490743.408590127655771, 1671557.051587763475254 ], [ -490717.756422034522984, 1671581.862354127923027 ], [ -490731.241261008719448, 1671622.387816145317629 ], [ -490742.411346308246721, 1671607.568935343530029 ], [ -490784.065542896860279, 1671564.599124080268666 ], [ -490864.095016062317882, 1671541.437236205441877 ], [ -490916.960548909963109, 1671551.254944830900058 ], [ -490967.267726759717334, 1671552.15040509426035 ], [ -491040.955261693277862, 1671540.487126665655524 ], [ -491116.425001761177555, 1671541.826629446353763 ], [ -491154.800479022378568, 1671561.634675631998107 ], [ -491198.007702061790042, 1671578.102583097061142 ], [ -491236.391525601327885, 1671597.911871589487419 ], [ -491265.379198197973892, 1671645.541793991345912 ], [ -491282.443599897960667, 1671712.085620541824028 ], [ -491272.825398373126518, 1671786.352541414555162 ], [ -491234.744364033918828, 1671855.329774399986491 ], [ -491182.672091173822992, 1671909.03393518505618 ], [ -491177.615096174296923, 1671958.789117231965065 ], [ -491176.889022512710653, 1672030.477723704650998 ], [ -491200.032981626689434, 1672064.352518760599196 ], [ -491259.501400889072102, 1672083.851051720557734 ], [ -491330.14999276958406, 1672088.521973035065457 ], [ -491425.1932030042517, 1672097.719179529929534 ], [ -491510.576272657723166, 1672113.576723171398044 ], [ -491558.874976473161951, 1672147.894054258009419 ], [ -491625.704292297188658, 1672157.444428771501407 ], [ -491692.5143146867631, 1672298.343882269458845 ], [ -491713.309046248788945, 1672436.531117066508159 ], [ -491714.779584378760774, 1672553.609372604405507 ] ], [ [ -491707.443403568991926, 1673311.487036160193384 ], [ -491698.348652719752863, 1673391.562906668754295 ], [ -491667.092418407497462, 1673403.278043869882822 ], [ -491638.984684842114802, 1673398.058340298710391 ], [ -491608.048359453387093, 1673345.587588170776144 ], [ -491604.162610622530337, 1673303.993920375593007 ], [ -491617.141673701524269, 1673265.521700444398448 ], [ -491669.833365735714324, 1673263.620283173397183 ], [ -491707.443403568991926, 1673311.487036160193384 ] ], [ [ -491613.288428740459494, 1688554.85743666253984 ], [ -491351.631737348739989, 1689750.061410782858729 ], [ -490417.746658784803003, 1688645.861921611241996 ], [ -490828.063726880820468, 1686822.533203124767169 ], [ -490867.782528507115785, 1686530.767463503638282 ], [ -490999.689072544744704, 1685561.812666953541338 ], [ -491211.266666707000695, 1684115.188129459740594 ], [ -491423.233890159637667, 1684754.030040698125958 ], [ -491509.05199713120237, 1684894.16804022481665 ], [ -491545.263253096782137, 1685277.161935601616278 ], [ -491551.366985541360918, 1685688.574178245849907 ], [ -491553.633253887179308, 1685737.461583544733003 ], [ -491580.325283624581061, 1686313.218281667213887 ], [ -491545.727200643799733, 1686566.996134027605876 ], [ -491453.588079534412827, 1686911.529492274625227 ], [ -491412.942362437141128, 1687499.272397011518478 ], [ -491445.013389469007961, 1687906.685372915118933 ], [ -491613.288428740459494, 1688554.85743666253984 ] ], [ [ -491255.295053130132146, 1677534.025292047765106 ], [ -491224.186554539192002, 1677605.433664382901043 ], [ -491152.126672739104833, 1677669.976086427923292 ], [ -491065.452575321134645, 1677702.806704966118559 ], [ -491012.045708330930211, 1677713.535920242778957 ], [ -490990.361021971679293, 1677802.433227179804817 ], [ -490966.484977953427006, 1677875.429129463154823 ], [ -490975.576834305073135, 1677946.86038305144757 ], [ -490960.606203338538762, 1678013.313521361909807 ], [ -490913.169394437747542, 1678051.362714707618579 ], [ -490865.05863695795415, 1678088.892917345510796 ], [ -490812.907907924265601, 1678120.500071383779868 ], [ -490786.846910764754284, 1678177.60584871401079 ], [ -490752.763813291967381, 1678305.494793277932331 ], [ -490744.117245273781009, 1678407.129011507611722 ], [ -490732.04565553215798, 1678471.998056498588994 ], [ -490705.992585223633796, 1678529.104609440313652 ], [ -490673.431404805916827, 1678621.138495666673407 ], [ -490674.406328270153608, 1678698.746415471890941 ], [ -490689.034514392667916, 1678758.250131012871861 ], [ -490736.590686856594402, 1678834.181482731830329 ], [ -490688.471398446592502, 1678871.70960896788165 ], [ -490565.870480944518931, 1678977.988270755391568 ], [ -490474.939198612584732, 1679079.826312284916639 ], [ -490445.817489426583052, 1679208.636688953032717 ], [ -490436.569251596694812, 1679341.133851900231093 ], [ -490463.642678142583463, 1679444.240806709975004 ], [ -490456.534468814905267, 1679510.021950503112748 ], [ -490466.192950745753478, 1679568.60031760064885 ], [ -490518.110202156414744, 1679676.318864639382809 ], [ -490613.176093652087729, 1679745.594975496875122 ], [ -490613.221669378574006, 1679828.199964866042137 ], [ -490639.967441518499982, 1679905.440066574141383 ], [ -490681.298290374514181, 1679959.56824208679609 ], [ -490664.585413484543096, 1680049.377075108932331 ], [ -490620.835451201593969, 1680118.683175544487312 ], [ -490556.275275193620473, 1680189.288789166603237 ], [ -490481.783196775824763, 1680258.046116241021082 ], [ -490373.763418893096969, 1680341.219948247773573 ], [ -490293.044068922812585, 1680388.174593437463045 ], [ -490247.436913836747408, 1680467.456334899878129 ], [ -490167.372421935375314, 1680566.152264229254797 ], [ -490106.853094454330858, 1680642.669548125937581 ], [ -490057.813709885347635, 1680685.175303730880842 ], [ -489993.580889464414213, 1680781.645100178662688 ], [ -489987.727619431214407, 1680868.312154648359865 ], [ -490016.33204557566205, 1680935.565279876347631 ], [ -490037.18785130768083, 1681016.869256048463285 ], [ -490088.176799895707518, 1681129.584256346337497 ], [ -490185.149123199924361, 1681271.477315301075578 ], [ -490245.145102993818, 1681347.331209027441218 ], [ -490212.266876281471923, 1681428.736567357787862 ], [ -490224.654389958654065, 1681552.328073640586808 ], [ -490188.240956314140931, 1681767.072733152890578 ], [ -490044.373474252584856, 1681632.29165482474491 ], [ -490080.552603286050726, 1681550.050282499985769 ], [ -490087.835973649576772, 1681507.107589141000062 ], [ -490059.185299284814391, 1681413.894195027882233 ], [ -490037.062149647274055, 1681314.561783134238794 ], [ -490004.389982726308517, 1681248.229958806419745 ], [ -489904.632944780518301, 1681121.301314754877239 ], [ -489858.614473859255668, 1681009.511056944727898 ], [ -489847.980604082113132, 1680873.328304106602445 ], [ -489869.34605747286696, 1680758.571644003270194 ], [ -489931.675785136932973, 1680589.484567741397768 ], [ -490053.634895011840854, 1680431.460681283613667 ], [ -490148.289529815432616, 1680309.674092903966084 ], [ -490259.751147765549831, 1680263.267964316066355 ], [ -490342.318995898414869, 1680206.335235074860975 ], [ -490422.709831364394631, 1680133.514419640647247 ], [ -490459.914625060278922, 1680016.531680561136454 ], [ -490462.654205225000624, 1679918.962212917627767 ], [ -490420.350012505718041, 1679787.217321634059772 ], [ -490371.500928698398639, 1679607.795215011807159 ], [ -490353.11083833995508, 1679485.660007974365726 ], [ -490335.605996472819243, 1679275.92095411522314 ], [ -490361.62111613212619, 1679136.220895330887288 ], [ -490432.954611981171183, 1678973.95513838622719 ], [ -490504.014254362205975, 1678868.419914128258824 ], [ -490591.832120864477474, 1678755.680039288010448 ], [ -490553.899176049453672, 1678655.712864586617798 ], [ -490536.156448486377485, 1678585.317642300389707 ], [ -490544.513268926355522, 1678540.412407674826682 ], [ -490559.706382538948674, 1678486.446327985730022 ], [ -490584.221230329421815, 1678465.191596298012882 ], [ -490596.301134056702722, 1678400.324188573751599 ], [ -490604.666042973403819, 1678355.420072255888954 ], [ -490596.864910106814932, 1678286.863862998317927 ], [ -490627.233232113008853, 1678178.938556734006852 ], [ -490664.764530343061779, 1678087.8287438666448 ], [ -490741.113282936625183, 1678009.081557244993746 ], [ -490811.888473714934662, 1677960.284505618037656 ], [ -490833.581474547565449, 1677871.388894374947995 ], [ -490849.046532162290532, 1677760.700261745136231 ], [ -490871.057799204310868, 1677697.679788515670225 ], [ -490912.950194256089162, 1677638.347663340158761 ], [ -490997.69960103800986, 1677597.300763055449352 ], [ -491063.504430016502738, 1677547.578481063013896 ], [ -491079.625612252333667, 1677488.622825477970764 ], [ -491084.549009130976629, 1677406.949547749012709 ], [ -491035.092691576224752, 1677258.386210565222427 ], [ -490964.63414809294045, 1677122.79919927730225 ], [ -490963.818777642678469, 1676950.896412888076156 ], [ -490986.676325950014871, 1676717.68096354813315 ], [ -491045.089387608342804, 1676451.007549060275778 ], [ -491121.334364557522349, 1676703.112309696851298 ], [ -491114.007295283372514, 1676751.651449845405295 ], [ -491078.059602669323795, 1676889.519234030973166 ], [ -491086.651334756519645, 1677022.221988963661715 ], [ -491084.824411498208065, 1677127.162808519089594 ], [ -491148.733708063140512, 1677227.864877719199285 ], [ -491159.966607970243786, 1677333.199041758663952 ], [ -491215.596376776869874, 1677420.956106455763802 ], [ -491254.127211337501649, 1677472.52611425681971 ], [ -491255.295053130132146, 1677534.025292047765106 ] ], [ [ -490422.45655854512006, 1672705.896047862013802 ], [ -490398.748314659111202, 1672933.736082705203444 ], [ -490371.151508444920182, 1673127.184950795024633 ], [ -490314.357832086330745, 1673387.019077430246398 ], [ -490267.914220463309903, 1673500.921883362811059 ], [ -490238.125885579793248, 1673389.761456856504083 ], [ -490230.222397843899671, 1673341.821817266289145 ], [ -490236.268661870271899, 1673241.550379856023937 ], [ -490216.172667853184976, 1673191.343070205068216 ], [ -490204.436231223982759, 1673096.217372850747779 ], [ -490191.442225616250653, 1673030.428100968478248 ], [ -490188.106986429018434, 1672957.988830214831978 ], [ -490212.729433123429772, 1672916.0911869793199 ], [ -490223.37876193766715, 1672858.91361708776094 ], [ -490227.407656566181686, 1672792.061768045648932 ], [ -490222.812951399071608, 1672748.968754036352038 ], [ -490230.422509471536614, 1672708.12506380607374 ], [ -490259.375517256790772, 1672688.160569082247093 ], [ -490305.893767281959299, 1672709.466054286574945 ], [ -490340.470217821886763, 1672749.691971339983866 ], [ -490376.803631738061085, 1672735.317852591630071 ], [ -490396.605558271403424, 1672696.741643339162692 ], [ -490422.45655854512006, 1672705.896047862013802 ] ], [ [ -490211.704834295785986, 1671740.823907942976803 ], [ -490200.541498393635266, 1671800.767623510910198 ], [ -490159.564403587079141, 1671900.267601551255211 ], [ -490147.386577345372643, 1671965.662553711095825 ], [ -490146.064553790318314, 1672033.070454002358019 ], [ -490110.817893028375693, 1672071.624418894760311 ], [ -490072.529684710258152, 1672126.522235180716962 ], [ -490000.32296216476243, 1672152.577357011381537 ], [ -489967.765372081368696, 1672146.529530093306676 ], [ -489937.904901603993494, 1672095.881484140176326 ], [ -489928.733503851806745, 1672054.709628905169666 ], [ -489936.845725889201276, 1672011.118877075379714 ], [ -489983.2560127217439, 1671912.621537011815235 ], [ -490057.489586154755671, 1671875.673519663978368 ], [ -490088.680186086741742, 1671858.915030183736235 ], [ -490117.788958746357821, 1671762.843415945768356 ], [ -490162.522550893947482, 1671703.50587777979672 ], [ -490200.504708646622021, 1671710.554434593068436 ], [ -490211.704834295785986, 1671740.823907942976803 ] ], [ [ -490110.591625967994332, 1674828.178421515505761 ], [ -490070.730342845374253, 1674946.743646280374378 ], [ -489952.707109021604992, 1675067.929598866030574 ], [ -489875.158610099926591, 1675098.252027636161074 ], [ -489826.410013022134081, 1675151.109008200000972 ], [ -489714.002499707101379, 1675221.001558181131259 ], [ -489739.616447162406985, 1675083.458480838220567 ], [ -489763.454543365514837, 1674955.408779730321839 ], [ -489834.569896282162517, 1674914.642585455439985 ], [ -489891.19855959067354, 1674846.648888546740636 ], [ -489931.290752482367679, 1674736.33095028041862 ], [ -489941.878846724866889, 1674679.41852823831141 ], [ -489962.192778964294121, 1674570.339731107698753 ], [ -489927.902316749445163, 1674465.833014762494713 ], [ -489897.766839086427353, 1674391.539228501496837 ], [ -489921.341810511250515, 1674317.403872432885692 ], [ -489978.659895073040389, 1674455.633689572336152 ], [ -490061.412946608616039, 1674667.276926285587251 ], [ -490110.591625967994332, 1674828.178421515505761 ] ], [ [ -489591.496806188602932, 1670386.448597262380645 ], [ -489568.502660422178451, 1670465.393879269249737 ], [ -489510.126841053308453, 1670519.694455751683563 ], [ -489436.135639880201779, 1670525.643052603816614 ], [ -489357.028225751942955, 1670548.54200796992518 ], [ -489538.477897323959041, 1670243.959791224915534 ], [ -489585.032516599516384, 1670322.857832687906921 ], [ -489591.496806188602932, 1670386.448597262380645 ] ], [ [ -489262.482470119313803, 1671412.299592649564147 ], [ -489231.816068392014131, 1671466.557793624233454 ], [ -489180.721731243829709, 1671483.712392741814256 ], [ -489119.077916453126818, 1671458.945984791265801 ], [ -489078.05762311705621, 1671441.447889388538897 ], [ -489072.277437508688308, 1671438.982182478299364 ], [ -489017.321032807987649, 1671372.394894723314792 ], [ -488998.309582719579339, 1671323.758043572073802 ], [ -488994.175528773339465, 1671282.212727672886103 ], [ -489029.809290988137946, 1671245.043107453035191 ], [ -489071.528619575139601, 1671275.813790681539103 ], [ -489133.270117331703659, 1671305.629657340468839 ], [ -489235.87019042839529, 1671341.292602992150933 ], [ -489252.993460244906601, 1671386.981071303598583 ], [ -489262.482470119313803, 1671412.299592649564147 ] ], [ [ -489170.997743552958127, 1670224.406705864239484 ], [ -489137.149911166692618, 1670270.471188716357574 ], [ -489081.52287702972535, 1670305.58758000168018 ], [ -489040.627014604164287, 1670319.307993603637442 ], [ -489020.494835248682648, 1670296.845035692211241 ], [ -489022.18133845878765, 1670257.929150914074853 ], [ -489072.892484106530901, 1670229.943883181083947 ], [ -489112.719092143757734, 1670196.480311072897166 ], [ -489160.13635321444599, 1670191.524714300176129 ], [ -489170.997743552958127, 1670224.406705864239484 ] ], [ [ -489080.59782457590336, 1684719.435795960715041 ], [ -489029.006390008726157, 1684848.454442704562098 ], [ -488879.542608424613718, 1684970.759575153002515 ], [ -488824.567255319969263, 1684969.300601680763066 ], [ -488741.542988452012651, 1684967.097237367881462 ], [ -488606.782314067473635, 1684944.316602826584131 ], [ -488489.760400177154224, 1684875.336780431913212 ], [ -488381.294112887058873, 1684764.222826592857018 ], [ -488363.217953659361228, 1684745.705345858586952 ], [ -488307.406956089602318, 1684549.340299131348729 ], [ -488310.866443634207826, 1684412.179132807767019 ], [ -488337.075903977325652, 1684384.534849471179768 ], [ -488407.335285781300627, 1684310.428775902371854 ], [ -488566.321066708769649, 1684248.765550945419818 ], [ -488739.682906221423764, 1684219.045304442523047 ], [ -488874.440344630740583, 1684241.835523499408737 ], [ -488999.467480100574903, 1684322.008561687776819 ], [ -489061.769454649882391, 1684480.119152856757864 ], [ -489079.696661580179352, 1684707.981299043400213 ], [ -489080.59782457590336, 1684719.435795960715041 ] ], [ [ -489003.912350464146584, 1684529.371038219891489 ], [ -488931.984638823952992, 1684369.626102872658521 ], [ -488795.709001192415599, 1684297.397496476070955 ], [ -488736.337127023900393, 1684297.190905520226806 ], [ -488535.716190476436168, 1684312.458422442432493 ], [ -488511.097180782409851, 1684329.829983670730144 ], [ -488389.493003533687443, 1684415.635368247982115 ], [ -488376.511606843152549, 1684492.154592132661492 ], [ -488438.707488571701106, 1684709.282317141769454 ], [ -488557.266789979476016, 1684823.558925501769409 ], [ -488574.870829335064627, 1684840.527023337781429 ], [ -488796.262758650467731, 1684877.966908164555207 ], [ -488819.446728029288352, 1684871.634661952033639 ], [ -488952.000477781577501, 1684835.429936679312959 ], [ -489000.343108269444201, 1684725.538221220253035 ], [ -489003.16399268747773, 1684570.501642126357183 ], [ -489003.912350464146584, 1684529.371038219891489 ] ], [ [ -488932.69745077972766, 1671808.254124659579247 ], [ -488928.747136042045895, 1671860.122602621791884 ], [ -488758.196831302018836, 1671950.038002831395715 ], [ -488717.172655746340752, 1671959.332535120658576 ], [ -488672.401023615850136, 1671928.465911256149411 ], [ -488677.723955253139138, 1671866.122738244943321 ], [ -488789.706544365617447, 1671787.775454591261223 ], [ -488882.647492718824651, 1671769.633088039234281 ], [ -488932.69745077972766, 1671808.254124659579247 ] ], [ [ -488550.696513455011882, 1671979.145289781270549 ], [ -488456.512619063723832, 1672153.331360005540773 ], [ -488398.302774729847442, 1672209.767614046810195 ], [ -488350.518057517067064, 1672203.793366288766265 ], [ -488355.678920560632832, 1672161.70704259397462 ], [ -488379.477662630437408, 1672092.579490232281387 ], [ -488389.368928335024975, 1672059.92145136417821 ], [ -488442.714189122489188, 1672002.882282542064786 ], [ -488496.250545258459169, 1671980.841325008310378 ], [ -488550.696513455011882, 1671979.145289781270549 ] ], [ [ -488455.758713406976312, 1668178.553756719687954 ], [ -488367.237254178500734, 1668111.367231028154492 ], [ -488292.260687020840123, 1668001.600209914613515 ], [ -488241.669684545369819, 1667851.253143434412777 ], [ -488197.532404627825599, 1667696.467890157131478 ], [ -488188.986621515650768, 1667531.374605367425829 ], [ -488218.379096513788681, 1667283.12147537432611 ], [ -488264.232041643525008, 1667488.973939732881263 ], [ -488330.429983212496154, 1667676.045122748473659 ], [ -488358.296140378748532, 1667827.817362802335992 ], [ -488372.254115810501389, 1667958.791070468025282 ], [ -488376.684791561448947, 1668000.365114188520238 ], [ -488415.709507858380675, 1668092.189508565701544 ], [ -488455.758713406976312, 1668178.553756719687954 ] ], [ [ -488450.805806021962781, 1690476.510415340075269 ], [ -488431.76352700026473, 1690355.237942246720195 ], [ -488374.108975532872137, 1690286.459299197886139 ], [ -488263.352318911580369, 1690297.244426131481305 ], [ -488059.352323231869377, 1690337.385233484441414 ], [ -488048.224615003156941, 1690339.574841328430921 ], [ -487931.081751573132351, 1690329.598485700320452 ], [ -487809.187104829878081, 1690289.315071667311713 ], [ -487668.13366909371689, 1690186.758601367007941 ], [ -487554.350406395620666, 1690098.655304776271805 ], [ -487706.286182988551445, 1690311.09006378473714 ], [ -487802.482506803120486, 1690445.589444741839543 ], [ -487955.979330218629912, 1690766.669373324839398 ], [ -487978.466981597826816, 1690869.749023254262283 ], [ -487989.406346619187389, 1690919.893238982185721 ], [ -488107.754187101847492, 1691156.327340653166175 ], [ -488176.861566698062234, 1691099.158705168170854 ], [ -488305.570196887187194, 1690924.167601358145475 ], [ -488349.044481344462838, 1690842.979869864415377 ], [ -488394.147747142764274, 1690752.225311841582879 ], [ -488410.469322362623643, 1690597.584548851242289 ], [ -488413.505541928752791, 1690588.471042508492246 ], [ -488450.805806021962781, 1690476.510415340075269 ] ], [ [ -488140.126727021764964, 1682363.45378538989462 ], [ -488115.052664267888758, 1682478.97576442011632 ], [ -488073.615353755536489, 1682561.793817420722917 ], [ -488009.141145253262948, 1682618.945785585325211 ], [ -487894.516008717182558, 1682664.886871320428327 ], [ -487795.962102758989204, 1682664.550763429841027 ], [ -487897.7507874747389, 1682597.38364858715795 ], [ -487979.132656096538994, 1682521.325598444323987 ], [ -488027.178331156377681, 1682464.117193311220035 ], [ -488058.388075589027721, 1682393.178748110309243 ], [ -488076.731925662199501, 1682317.343384057516232 ], [ -488080.853504927305039, 1682244.550575520843267 ], [ -488057.518685897055548, 1682139.891971934121102 ], [ -488109.366539828421082, 1682189.494029212510213 ], [ -488139.41241527593229, 1682270.786516295745969 ], [ -488140.126727021764964, 1682363.45378538989462 ] ], [ [ -487733.828482335084118, 1669939.54847921943292 ], [ -487711.778206688934006, 1669996.20590735389851 ], [ -487636.220840409572702, 1670029.052485147491097 ], [ -487575.455435846641194, 1670017.76383520802483 ], [ -487568.704653340217192, 1670015.90079726302065 ], [ -487546.77686707227258, 1669980.979221628513187 ], [ -487559.347810158447828, 1669922.478422152344137 ], [ -487588.66213273484027, 1669870.154913810547441 ], [ -487630.817444110987708, 1669854.699145848629996 ], [ -487706.268275803071447, 1669886.624814415117726 ], [ -487733.828482335084118, 1669939.54847921943292 ] ], [ [ -487731.863800870021805, 1670147.673241162672639 ], [ -487720.225614910770673, 1670196.477538529550657 ], [ -487672.330448248714674, 1670226.060135755455121 ], [ -487604.270743582979776, 1670266.780147926183417 ], [ -487576.97666835662676, 1670256.326668068300933 ], [ -487545.659903198597021, 1670235.020629682578146 ], [ -487494.178643803054001, 1670224.84277918189764 ], [ -487461.911882845743094, 1670236.11216529388912 ], [ -487416.615457461215556, 1670267.002385987667367 ], [ -487327.288059395854361, 1670261.688549736049026 ], [ -487291.027110240713228, 1670246.635857869172469 ], [ -487289.822725531645119, 1670149.264070423785597 ], [ -487387.803088926244527, 1670131.097716304007918 ], [ -487460.489322895882651, 1670135.903126669116318 ], [ -487524.711376851599198, 1670147.913896324578673 ], [ -487578.143202892679255, 1670159.119121741736308 ], [ -487646.207572750688996, 1670157.192781972466037 ], [ -487693.645103092887439, 1670135.661938861710951 ], [ -487731.863800870021805, 1670147.673241162672639 ] ], [ [ -487627.393224517523777, 1676574.594503562431782 ], [ -487520.329849957488477, 1676652.763711035251617 ], [ -487469.111136676976457, 1676627.016119218897074 ], [ -487396.813520833966322, 1676556.82340289792046 ], [ -487318.089668433996849, 1676499.524156210478395 ], [ -487246.999220580793917, 1676484.739505164558068 ], [ -487177.16862589813536, 1676493.147361197508872 ], [ -487143.238957812718581, 1676474.47937478707172 ], [ -487109.354014534095768, 1676423.59449876146391 ], [ -487097.275269783393014, 1676348.221161773428321 ], [ -487069.850365092628635, 1676252.243781627621502 ], [ -486994.970385252207052, 1676200.093560033012182 ], [ -486927.715250143723097, 1676190.456805291585624 ], [ -486900.859619833587203, 1676154.387133363168687 ], [ -486909.263688072154764, 1676095.76098422659561 ], [ -486951.590847253857646, 1676055.791723757982254 ], [ -487050.868047490017489, 1676065.411660698708147 ], [ -487138.562215952668339, 1676124.003038464579731 ], [ -487283.88472465169616, 1676195.445619070203975 ], [ -487421.574348393362015, 1676224.373261198634282 ], [ -487462.532959536998533, 1676257.856515163322911 ], [ -487519.361231405346189, 1676404.078625891590491 ], [ -487590.976590154343285, 1676510.987865965580568 ], [ -487627.393224517523777, 1676574.594503562431782 ] ], [ [ -487528.325460191001184, 1668115.331708545563743 ], [ -487477.977267438080162, 1668164.787889638449997 ], [ -487413.190853121341206, 1668170.907181808492169 ], [ -487363.695774329418782, 1668195.543468834366649 ], [ -487409.368384151894134, 1667950.31837976584211 ], [ -487459.478879059490282, 1667961.677115539321676 ], [ -487499.569348173448816, 1667978.356872979085892 ], [ -487522.985671406262554, 1668033.448636227287352 ], [ -487528.325460191001184, 1668115.331708545563743 ] ], [ [ -487352.109153142839205, 1669607.102560511091724 ], [ -487309.73271945171291, 1669574.94050848740153 ], [ -487273.182384498009924, 1669485.571015240158886 ], [ -487265.253896708192769, 1669372.37693391717039 ], [ -487262.866215679678135, 1669255.352924211649224 ], [ -487289.405053999100346, 1669138.848115707747638 ], [ -487325.478742572013289, 1669490.436680153477937 ], [ -487352.109153142839205, 1669607.102560511091724 ] ], [ [ -487218.286699107091408, 1671417.446357409935445 ], [ -487069.719330457039177, 1671526.079867521068081 ], [ -486991.514719384605996, 1671586.303756665904075 ], [ -486880.215554734983016, 1671625.331763009773567 ], [ -486824.299528276955243, 1671644.939161980058998 ], [ -486578.878494434524328, 1671763.797084754100069 ], [ -486448.50781403738074, 1671784.422044950071722 ], [ -486417.849888700526208, 1671735.464386565843597 ], [ -486450.269248901400715, 1671695.03858010773547 ], [ -486525.7825189952855, 1671649.270081143127754 ], [ -486727.620311469247099, 1671604.550813525216654 ], [ -486816.379002902715001, 1671571.286444123601541 ], [ -486887.645339481648989, 1671544.577541232574731 ], [ -486998.666158977197483, 1671468.022200533188879 ], [ -487086.655985797464382, 1671406.223052697023377 ], [ -487148.94860523409443, 1671355.293033490655944 ], [ -487218.286699107091408, 1671417.446357409935445 ] ], [ [ -486949.715447397727985, 1669815.618121478008106 ], [ -486935.505937201087363, 1669891.906136987730861 ], [ -486882.302398476516828, 1669966.594482247484848 ], [ -486800.572947153472342, 1669923.213624225230888 ], [ -486719.193916359217837, 1669908.090604526456445 ], [ -486654.092376394954044, 1669895.992354145273566 ], [ -486547.969130262557883, 1669893.187235910445452 ], [ -486503.202464906382374, 1669862.318246609065682 ], [ -486565.221950271457899, 1669800.555184526601806 ], [ -486593.681525138847064, 1669738.184942089719698 ], [ -486613.314240350562613, 1669662.908147324575111 ], [ -486660.070917139528319, 1669592.668441943125799 ], [ -486711.947152647073381, 1669585.38905294938013 ], [ -486763.150925737631042, 1669611.817680488107726 ], [ -486779.115777463535778, 1669676.800161130726337 ], [ -486809.984800217265729, 1669721.999454852659255 ], [ -486877.816512097837403, 1669779.710911212256178 ], [ -486949.715447397727985, 1669815.618121478008106 ] ], [ [ -486760.508121854800265, 1683628.551291811745614 ], [ -486726.651931891450658, 1683711.370380676118657 ], [ -486543.44235901493812, 1683857.483837071340531 ], [ -486284.849074029247276, 1683980.999932243255898 ], [ -486161.117112081672531, 1684068.30305536207743 ], [ -486008.628446176298894, 1684091.706878194352612 ], [ -486130.730759711004794, 1684013.971592683810741 ], [ -486296.20325885200873, 1683914.048508920473978 ], [ -486362.18138198897941, 1683816.986760838190094 ], [ -486465.030241563741583, 1683735.990620171185583 ], [ -486590.274241013743449, 1683698.144633950898424 ], [ -486760.508121854800265, 1683628.551291811745614 ] ], [ [ -486394.936097949219402, 1669599.778913323767483 ], [ -486394.272976902604569, 1669633.478359335102141 ], [ -486381.083784471964464, 1669704.326245801290497 ], [ -486331.626088032266125, 1669819.16606601071544 ], [ -486277.058498667436652, 1669871.037403477821499 ], [ -486237.347220002557151, 1669874.410971813835204 ], [ -486175.981399880954996, 1669861.619822152657434 ], [ -486127.183557888376527, 1669831.910917195724323 ], [ -486175.978775115858298, 1669750.770801892736927 ], [ -486232.567939996835776, 1669687.995491041569039 ], [ -486316.96022356429603, 1669596.560636578826234 ], [ -486364.419194168178365, 1669582.827583780046552 ], [ -486394.936097949219402, 1669599.778913323767483 ] ], [ [ -485854.529366471921094, 1687584.060280177742243 ], [ -485825.850325629580766, 1687710.035163654945791 ], [ -485772.228444880747702, 1687853.606467364355922 ], [ -485693.760948558978271, 1687971.168733232654631 ], [ -485689.75856323906919, 1687973.277006467338651 ], [ -485589.317931633559056, 1688026.184142089914531 ], [ -485442.288704917591531, 1688030.393621855881065 ], [ -485283.513841924373992, 1687974.463369079167023 ], [ -485256.327665730961598, 1687930.541996847605333 ], [ -485243.316004633263219, 1687909.520703304791823 ], [ -485267.127731941582169, 1687855.396356382407248 ], [ -485344.243449316185433, 1687832.095014025457203 ], [ -485410.725084244681057, 1687785.198874715017155 ], [ -485396.663290039170533, 1687695.59600340644829 ], [ -485360.062751187651884, 1687609.455893651815131 ], [ -485352.553278125706129, 1687598.364491081563756 ], [ -485248.91074164462043, 1687445.285463114734739 ], [ -485143.680979860830121, 1687289.38186403689906 ], [ -485073.920373851957265, 1687183.090308774961159 ], [ -485089.502828523109201, 1687091.236274609109387 ], [ -485138.247587883553933, 1687019.522862173384055 ], [ -485246.207144897663966, 1686986.908494279487059 ], [ -485383.723519458377268, 1686995.630939156049863 ], [ -485454.836924331146292, 1687007.660927938297391 ], [ -485537.705661661515478, 1687079.822622723644599 ], [ -485593.317188111483119, 1687140.107872931985185 ], [ -485702.152797880291473, 1687274.81495548482053 ], [ -485783.728420150640886, 1687394.180646718712524 ], [ -485836.949561830202583, 1687472.056060872972012 ], [ -485854.529366471921094, 1687584.060280177742243 ] ], [ [ -485804.28778017469449, 1681794.203929337440059 ], [ -485706.413806926750112, 1681787.484136694809422 ], [ -485613.409822081099264, 1681752.07761880918406 ], [ -485398.416709563112818, 1681735.388047704938799 ], [ -485331.291580129065551, 1681782.743115056538954 ], [ -485308.432397293101531, 1681798.869681568583474 ], [ -485223.2090248792083, 1681892.683605243219063 ], [ -485086.619766175164841, 1681997.491136998170987 ], [ -484970.897206369438209, 1682095.978062347974628 ], [ -484916.165525240532588, 1682185.106176646193489 ], [ -484832.454116273322143, 1682328.368271346669644 ], [ -484739.006413235503715, 1682529.022930696373805 ], [ -484628.144960849720519, 1682598.821117260027677 ], [ -484473.923595643020235, 1682690.796432412462309 ], [ -484355.064881452301051, 1682749.40084058791399 ], [ -484295.5774778664927, 1682808.206252093426883 ], [ -484261.726732811483089, 1682891.0256220290903 ], [ -484170.116299945861101, 1682964.082765250466764 ], [ -484102.522397173685022, 1683070.712780993897468 ], [ -484101.426712272455916, 1683077.168791106203571 ], [ -484076.55055972491391, 1683223.740654790773988 ], [ -484077.953503017255571, 1683332.20690302667208 ], [ -484114.612358139129356, 1683466.310640962794423 ], [ -484194.527643175853882, 1683614.347259477246553 ], [ -484258.658092082012445, 1683667.778042291756719 ], [ -484467.165465291996952, 1683722.726185388397425 ], [ -484284.169745932158548, 1683750.806132232071832 ], [ -484119.032732705411036, 1683673.67192059266381 ], [ -484042.137784088146873, 1683601.633593477774411 ], [ -483992.61944090470206, 1683485.024032297311351 ], [ -483978.456848232075572, 1683335.043063204735518 ], [ -484030.05289352388354, 1683089.061568278819323 ], [ -484030.275050882832147, 1683088.002602880820632 ], [ -484126.85761234810343, 1682927.240810326533392 ], [ -484205.597335882019252, 1682871.696248286170885 ], [ -484249.074998784984928, 1682790.502325737150386 ], [ -484311.806308361468837, 1682712.558808471541852 ], [ -484464.406182403850835, 1682630.152926884591579 ], [ -484639.50942443223903, 1682531.870246700942516 ], [ -484682.878922427888028, 1682509.684044310357422 ], [ -484744.095278755470645, 1682382.30024761823006 ], [ -484808.555085728061385, 1682235.778178163105622 ], [ -484890.644569273106754, 1682102.084937317296863 ], [ -485107.711458028119523, 1681873.144591378746554 ], [ -485221.811646335176192, 1681784.225989072117954 ], [ -485327.908389650809113, 1681684.102977962931618 ], [ -485419.399070406274404, 1681670.060045600868762 ], [ -485429.544767057930585, 1681670.923712133895606 ], [ -485536.52626485953806, 1681680.030644313665107 ], [ -485642.396835206425749, 1681697.943664873251691 ], [ -485680.893902892654296, 1681704.452749295160174 ], [ -485804.28778017469449, 1681794.203929337440059 ] ], [ [ -485649.206159727938939, 1670921.385766740888357 ], [ -485627.687220398744103, 1671019.905802289023995 ], [ -485606.227781349152792, 1671105.264847766375169 ], [ -485549.501833579503, 1671200.830754153430462 ], [ -485462.234139072068501, 1671340.972339029889554 ], [ -485355.48666214896366, 1671466.328521912917495 ], [ -485215.829486564907711, 1671619.07961610564962 ], [ -485163.471718374697957, 1671721.039122045971453 ], [ -485089.307858037471306, 1671880.373669169610366 ], [ -485087.941751557867974, 1671885.064129983773455 ], [ -485058.449121491285041, 1671986.32540621701628 ], [ -485073.260899125190917, 1672056.084566527511925 ], [ -485075.301954733964521, 1672134.649381158640608 ], [ -485066.257234233897179, 1672183.227116812486202 ], [ -485024.302750129369088, 1672259.199772814288735 ], [ -485028.357061160320882, 1672326.960957220988348 ], [ -485016.294016749365255, 1672391.733842674642801 ], [ -484994.833898037381005, 1672477.090653268387541 ], [ -484945.147874823887832, 1672534.871208606055006 ], [ -484891.058347110345494, 1672630.704132339218631 ], [ -484788.262510443921201, 1672886.192640150897205 ], [ -484777.369441477989312, 1672928.09770195861347 ], [ -484767.003111019730568, 1673043.441956739407033 ], [ -484746.904492897330783, 1673127.707312339451164 ], [ -484707.356086479034275, 1673180.16637762519531 ], [ -484709.584816091810353, 1673083.029979110462591 ], [ -484716.272181975480635, 1673017.264650748111308 ], [ -484728.335442618699744, 1672952.492485185153782 ], [ -484763.56385069724638, 1672852.937530856812373 ], [ -484788.388315357908141, 1672779.368184383492917 ], [ -484797.095503502700012, 1672702.810168792260811 ], [ -484807.807845066883601, 1672615.447467039106414 ], [ -484836.65545608435059, 1672520.290655062999576 ], [ -484878.60852620966034, 1672444.32836287189275 ], [ -484911.164475278812461, 1672388.950146521441638 ], [ -484922.574839804787189, 1672357.562560014193878 ], [ -484909.467737725877669, 1672338.377544216578826 ], [ -484881.243611657992005, 1672310.791349394712597 ], [ -484858.049196003354155, 1672256.216156284790486 ], [ -484873.474794447480235, 1672203.240007844986394 ], [ -484882.527887528063729, 1672154.663632625481114 ], [ -484906.689731899648905, 1672114.48722497955896 ], [ -484943.968482175667305, 1672093.487458223011345 ], [ -484969.136947859486099, 1672047.909162986092269 ], [ -485019.129679285513703, 1671928.76039248588495 ], [ -485066.113809335627593, 1671825.798174925148487 ], [ -485088.044196662027389, 1671774.684217106550932 ], [ -485134.901982483279426, 1671665.470365778775886 ], [ -485186.253160321328323, 1671568.912470794282854 ], [ -485241.966735486348625, 1671478.738248687703162 ], [ -485323.200609590916429, 1671370.97877152566798 ], [ -485392.686334989964962, 1671266.625899298582226 ], [ -485457.79638462071307, 1671155.866467529209331 ], [ -485532.649035541631747, 1671052.504640497267246 ], [ -485560.490575565840118, 1670962.737044202629477 ], [ -485554.212466658733319, 1670768.422124124597758 ], [ -485649.206159727938939, 1670921.385766740888357 ] ], [ [ -485313.081571433518548, 1680791.189498226158321 ], [ -485153.758159448043443, 1680548.852224676404148 ], [ -485082.756477748800535, 1680331.926416701870039 ], [ -484953.913644523010589, 1680062.98821436217986 ], [ -484734.43480739556253, 1679604.831725597381592 ], [ -484400.328786701546051, 1678958.86556013347581 ], [ -484432.742675064015202, 1678837.328287815442309 ], [ -484432.13173649640521, 1678788.149913019267842 ], [ -484382.518299275543541, 1678739.678236341569573 ], [ -484334.986161464999896, 1678706.30794688500464 ], [ -484344.40338753501419, 1678629.551308662863448 ], [ -484374.441495731123723, 1678468.309345531277359 ], [ -484414.832078865380026, 1678245.066903822589666 ], [ -484616.373761453316547, 1678641.985781625844538 ], [ -484686.514373337267898, 1678828.981330609181896 ], [ -485205.816522942797747, 1680213.373402017634362 ], [ -485289.409998328657821, 1680569.692805179394782 ], [ -485313.081571433518548, 1680791.189498226158321 ] ], [ [ -485178.000621058105025, 1686286.744846822693944 ], [ -485109.967731764307246, 1686362.141930953133851 ], [ -485041.287277270690538, 1686387.111436637816951 ], [ -484950.932539696572348, 1686431.281012621009722 ], [ -484859.829456925450359, 1686479.910526753636077 ], [ -484764.950164880370721, 1686550.752456921851262 ], [ -484573.03151429007994, 1686650.925842953380197 ], [ -484491.679756615136284, 1686669.183544715633616 ], [ -484436.467423725349363, 1686668.99043901800178 ], [ -484373.819930809317157, 1686658.38901554280892 ], [ -484301.518437736085616, 1686623.29120891331695 ], [ -484189.698917014407925, 1686576.937482606852427 ], [ -484115.135315417603124, 1686555.175810553366318 ], [ -484074.864144118560944, 1686548.358595841098577 ], [ -484061.387285715027247, 1686573.519127158215269 ], [ -484070.986437438579742, 1686625.45818071719259 ], [ -484135.799628853681497, 1686677.580849887104705 ], [ -484202.866918379382696, 1686716.36570583935827 ], [ -484241.637136400968302, 1686732.081752842990682 ], [ -484294.526297098142095, 1686773.042914592660964 ], [ -484324.239795675210189, 1686842.102473423350602 ], [ -484342.687422211514786, 1686950.409246243536472 ], [ -484379.897276533883996, 1687002.445305738598108 ], [ -484413.435253333416767, 1687021.838343630777672 ], [ -484499.915750992018729, 1687054.759256898192689 ], [ -484574.427129048446659, 1687103.953266247641295 ], [ -484693.63855524349492, 1687188.148202680749819 ], [ -484808.377403916034382, 1687271.592694049235433 ], [ -484902.249016701884102, 1687342.355169698130339 ], [ -484981.135391682328191, 1687447.175420547137037 ], [ -485036.893194408388808, 1687552.649702380644158 ], [ -485073.405798321648035, 1687625.618426656350493 ], [ -485091.897115659259725, 1687662.572348768822849 ], [ -485097.676021193095949, 1687764.166597730712965 ], [ -485072.1332870752085, 1687860.466208625119179 ], [ -485051.869000283244532, 1687925.64472178556025 ], [ -484981.527972874173429, 1688041.809721363708377 ], [ -484894.089798685861751, 1688123.059475172543898 ], [ -484860.307863856607582, 1688148.145397623302415 ], [ -484788.747252868139185, 1688201.284799455897883 ], [ -484611.81068358552875, 1688267.397960885427892 ], [ -484517.033003818127327, 1688283.382658507907763 ], [ -484417.722920296422672, 1688326.037709753960371 ], [ -484284.180268592259381, 1688326.317533668130636 ], [ -484169.340607192600146, 1688297.749054732965305 ], [ -484094.766723543056287, 1688275.986234137089923 ], [ -484000.096225800283719, 1688237.095723216654733 ], [ -483921.102415671455674, 1688187.150095601333305 ], [ -483812.351367894094437, 1688095.569452240597457 ], [ -483711.788797536573838, 1688009.957869302481413 ], [ -483674.586639053828549, 1687957.92341773561202 ], [ -483627.730469044297934, 1687881.393157560378313 ], [ -483604.652226813079324, 1687854.624654884915799 ], [ -483552.41073398233857, 1687864.079601309727877 ], [ -483467.979008460359182, 1687927.55090060713701 ], [ -483308.138796099752653, 1688028.565761962439865 ], [ -483217.778964385099243, 1688072.741148434579372 ], [ -483146.132462114852387, 1688088.059949167072773 ], [ -483061.053569175128359, 1688101.104744800133631 ], [ -483032.115161395980977, 1688100.756043611094356 ], [ -482973.765735343040433, 1688100.052969892974943 ], [ -482853.593816424894612, 1688130.034638677490875 ], [ -482756.606668229971547, 1688131.920275528216735 ], [ -482714.816811103431974, 1688133.998093754984438 ], [ -482674.544759001058992, 1688127.180007555289194 ], [ -482617.173932884354144, 1688085.466362649109215 ], [ -482570.320367473585065, 1688008.925541549688205 ], [ -482551.76752575323917, 1687955.485009928932413 ], [ -482522.809596747159958, 1687881.97738140122965 ], [ -482491.587588890106417, 1687821.815242202254012 ], [ -482434.218769636703655, 1687780.091418786440045 ], [ -482387.477501280838624, 1687754.620025569340214 ], [ -482324.662113782775123, 1687720.38909700117074 ], [ -482238.235141178476624, 1687660.033015964319929 ], [ -482147.328842598653864, 1687598.914882816839963 ], [ -482063.164891867898405, 1687525.222475233953446 ], [ -482010.277809315826744, 1687484.250106635969132 ], [ -481964.589482011797372, 1687457.785436194157228 ], [ -481926.006330763280857, 1687465.42231979733333 ], [ -481879.74561265198281, 1687466.7391273425892 ], [ -481823.839691007626243, 1687443.561083108419552 ], [ -481781.349502250028308, 1687422.654508992331102 ], [ -481721.461377090308815, 1687384.737349250586703 ], [ -481709.866703146486543, 1687305.032275293953717 ], [ -481660.540688277920708, 1687233.83482753788121 ], [ -481654.116557782923337, 1687224.562272341921926 ], [ -481607.117932668654248, 1687194.346839751815423 ], [ -481492.408721528016031, 1687145.079191774362698 ], [ -481417.00446906365687, 1687159.968580227810889 ], [ -481365.603658437961712, 1687132.767742322292179 ], [ -481343.936008909658995, 1687151.967460830695927 ], [ -481302.855601550312713, 1687177.029685605783015 ], [ -481301.18324276356725, 1687268.224269365426153 ], [ -481283.025249843776692, 1687402.354252339573577 ], [ -481237.363288925553206, 1687481.530463600065559 ], [ -481205.988272738701198, 1687503.666172000113875 ], [ -481134.387676457699854, 1687491.549047577660531 ], [ -481114.173636773077305, 1687529.293690836289898 ], [ -481130.460670506290626, 1687596.080510542495176 ], [ -481150.445299776038155, 1687748.623793018748984 ], [ -481152.520162136759609, 1687764.461101988330483 ], [ -481241.163238447858021, 1687838.916265774983913 ], [ -481379.83161649707472, 1687889.820554831530899 ], [ -481496.876974784769118, 1687932.500286507420242 ], [ -481622.07599683693843, 1688008.564649894833565 ], [ -481764.363818251469638, 1688119.532917561242357 ], [ -481831.384480096807238, 1688185.763041315600276 ], [ -481885.574795082269702, 1688327.567799983313307 ], [ -481972.581083778874017, 1688490.335690368898213 ], [ -481990.400564914452843, 1688523.671517302282155 ], [ -482096.089265941642225, 1688660.462207870325074 ], [ -482153.351665275287814, 1688757.049786689691246 ], [ -482192.718566939758603, 1688850.603954100515693 ], [ -482233.540041501051746, 1688962.702586754690856 ], [ -482299.381473747082055, 1689042.90929779666476 ], [ -482325.096507182635833, 1689074.234873007750139 ], [ -482385.377036854857579, 1689153.037474872078747 ], [ -482433.048002941184677, 1689197.698188309557736 ], [ -482456.77426454226952, 1689274.881530988728628 ], [ -482450.740044241480064, 1689310.449985058512539 ], [ -482429.772040493495297, 1689352.642460495000705 ], [ -482392.409440510557033, 1689382.903442680602893 ], [ -482349.11764796206262, 1689393.879139021970332 ], [ -482281.942718735837843, 1689409.947041329462081 ], [ -482265.493027932418045, 1689425.456898350734264 ], [ -482275.900166866369545, 1689445.513803571928293 ], [ -482338.550281994743273, 1689456.117281650658697 ], [ -482456.308858340315055, 1689521.779355608625337 ], [ -482530.122615357337054, 1689547.981080936267972 ], [ -482589.657473905070219, 1689631.233052871655673 ], [ -482668.544719028053805, 1689736.052430799230933 ], [ -482756.431675320724025, 1689814.941273413365707 ], [ -482899.328403193678241, 1690003.762286665616557 ], [ -482973.745194270333741, 1690107.820461511379108 ], [ -483030.958015169599093, 1690231.83711816673167 ], [ -483081.390793546335772, 1690395.870866278652102 ], [ -483107.080161085177679, 1690624.307856768136844 ], [ -483109.033500528254081, 1690775.561004963936284 ], [ -483091.581283780746162, 1690932.677639957517385 ], [ -483083.987257501401473, 1691004.563295449595898 ], [ -483058.389555892441422, 1691128.287749892799184 ], [ -483021.629285058239475, 1691236.404056191677228 ], [ -482955.108109300432261, 1691302.896701944759116 ], [ -482885.56195109221153, 1691387.171403629472479 ], [ -482839.146541059075389, 1691470.792391679249704 ], [ -482816.618228314793669, 1691549.301442060852423 ], [ -482826.122948452888522, 1691656.089957037707791 ], [ -482856.541111927537713, 1691748.128008009400219 ], [ -482920.543125927972142, 1691832.136203336063772 ], [ -483004.013603206316475, 1691882.841530164936557 ], [ -483053.144305944850203, 1691946.03450794541277 ], [ -483046.252429758140352, 1692040.901344427838922 ], [ -483005.019018976599909, 1692148.265628741122782 ], [ -482958.49987571244128, 1692286.736800129991025 ], [ -482907.973515468707774, 1692424.221209218259901 ], [ -482848.184628077200614, 1692384.032172126462683 ], [ -482772.940461096703075, 1692273.072535497136414 ], [ -482711.917930172523484, 1692087.211911869933829 ], [ -482645.469399275665637, 1691883.702394355321303 ], [ -482581.689314735471271, 1691714.08506280509755 ], [ -482642.786012962809764, 1691542.75723535567522 ], [ -482723.698618149734102, 1691364.366077008424327 ], [ -482809.739506597514264, 1691237.149675327818841 ], [ -482851.77930227201432, 1691097.914451726246625 ], [ -482889.339369752968196, 1690957.917151344008744 ], [ -482894.724278729758225, 1690871.935793157666922 ], [ -482892.061583770264406, 1690697.698747108923271 ], [ -482883.969071522529703, 1690636.875643159495667 ], [ -482880.508842765702866, 1690494.509293311974034 ], [ -482850.136850386799779, 1690375.037063417723402 ], [ -482804.086238721152768, 1690266.62884182529524 ], [ -482787.795860117068514, 1690199.844590555876493 ], [ -482746.865686425357126, 1690142.610744501464069 ], [ -482724.54140291310614, 1690111.394334747688845 ], [ -482680.647417367668822, 1690044.513117292663082 ], [ -482646.512843950244132, 1689947.273917313432321 ], [ -482632.431895821122453, 1689894.585344394436106 ], [ -482570.642336588178296, 1689824.6706634524744 ], [ -482484.256745422026142, 1689736.883365311194211 ], [ -482412.70669371529948, 1689697.336206712760031 ], [ -482340.356877424928825, 1689689.670142927439883 ], [ -482234.406321835820563, 1689690.040925467852503 ], [ -482151.595802387746517, 1689689.749553936067969 ], [ -482061.341930802445859, 1689679.048643385525793 ], [ -481993.510615683742799, 1689644.7001190665178 ], [ -481959.323882988130208, 1689574.891759401420131 ], [ -481938.608594086486846, 1689479.913311041658744 ], [ -481928.360512055223808, 1689377.571361571550369 ], [ -481980.003104116709437, 1689290.260376720922068 ], [ -482048.68765139428433, 1689265.295994861749932 ], [ -482106.866113687981851, 1689275.139263396151364 ], [ -482156.091744479199406, 1689283.470095177646726 ], [ -482189.676125310128555, 1689275.430513381958008 ], [ -482239.548556755529717, 1689229.617469516815618 ], [ -482247.96508444857318, 1689166.693637671647593 ], [ -482220.605535345326643, 1689087.044016978237778 ], [ -482175.522484814107884, 1689010.862158868461847 ], [ -482152.641745105793234, 1688968.412958435947075 ], [ -482140.405831107113045, 1688948.902353760320693 ], [ -482125.58730517415097, 1688925.273639887105674 ], [ -482106.886201961431652, 1688870.67263910965994 ], [ -482086.822949390276335, 1688823.542704629711807 ], [ -482058.107393573911395, 1688688.783160318387672 ], [ -482036.257841816113796, 1688652.948553859489039 ], [ -481956.709270292893052, 1688586.574965774081647 ], [ -481839.0746345227235, 1688486.896704377606511 ], [ -481793.521933229174465, 1688447.272888972656801 ], [ -481747.432617957005277, 1688407.18212104937993 ], [ -481657.90426247875439, 1688291.697193456348032 ], [ -481618.224915942759253, 1688230.511635832488537 ], [ -481544.690293643099722, 1688154.565224016783759 ], [ -481457.097813231521286, 1688058.395101974718273 ], [ -481331.152162187267095, 1687986.780459664994851 ], [ -481274.912458975682966, 1687964.715823814505711 ], [ -481249.144451013824437, 1687954.606140923453495 ], [ -481193.938876718399115, 1687954.411228508222848 ], [ -481131.236159545078408, 1687971.238790060859174 ], [ -481090.96253252128372, 1687964.429549614200369 ], [ -481030.630973915394861, 1687913.056857320712879 ], [ -480991.266788101755083, 1687819.501035601831973 ], [ -480993.685788268805481, 1687723.857233056565747 ], [ -480953.675614938896615, 1687579.885171271394938 ], [ -480920.403183386544697, 1687423.317611134843901 ], [ -480933.172766727395356, 1687375.173294004518539 ], [ -481032.329642566968687, 1687414.821872698143125 ], [ -481077.774856540607288, 1687445.375407449202612 ], [ -481104.630711417819839, 1687449.922746892552823 ], [ -481144.902326700568665, 1687456.741945701185614 ], [ -481181.457528775383253, 1687458.35187755478546 ], [ -481230.028702394221909, 1687416.255948102800176 ], [ -481257.030965936952271, 1687338.503444051137194 ], [ -481268.454916134127416, 1687216.94879131950438 ], [ -481279.069926457596011, 1687127.275134823983535 ], [ -481302.255214156059083, 1687099.179518285673112 ], [ -481356.006381120183505, 1687080.828980885446072 ], [ -481423.079337027971633, 1687119.627671647584066 ], [ -481449.622787071508355, 1687113.328576803673059 ], [ -481461.942976940132212, 1687080.467605481855571 ], [ -481391.446090266283136, 1687016.726497115567327 ], [ -481368.938249811879359, 1686950.386508256662637 ], [ -481395.141176702571101, 1686904.50598515290767 ], [ -481435.512725720822345, 1686856.458371217595413 ], [ -481438.638704902958125, 1686783.808318649185821 ], [ -481409.683053541404661, 1686710.299107818864286 ], [ -481345.680774807929993, 1686626.292505722958595 ], [ -481334.232610573177226, 1686602.912162117194384 ], [ -481311.497596290777437, 1686556.481097788084298 ], [ -481181.132232364383526, 1686456.660570794949308 ], [ -481086.565192545647733, 1686362.908365927636623 ], [ -481037.442682932829484, 1686299.709674560464919 ], [ -481060.682493079919368, 1686244.180841990280896 ], [ -481112.214778192457743, 1686211.742121327202767 ], [ -481227.102486893243622, 1686212.893463692627847 ], [ -481247.295437686145306, 1686217.405269086826593 ], [ -481311.372086432646029, 1686231.72225183295086 ], [ -481367.284842060995288, 1686254.902343094116077 ], [ -481429.931712634046562, 1686265.506733671063557 ], [ -481497.105744660249911, 1686249.428785527357832 ], [ -481552.364192547334824, 1686222.190315751126036 ], [ -481613.502999058691785, 1686241.681924663251266 ], [ -481661.917197344300803, 1686281.894783331081271 ], [ -481689.419055904378183, 1686336.859002048848197 ], [ -481719.884175133251119, 1686401.471117962151766 ], [ -481754.067720900697168, 1686471.282530206954107 ], [ -481782.368791734450497, 1686494.373633741866797 ], [ -481815.20693136472255, 1686490.773933332646266 ], [ -481796.655622070655227, 1686437.332169358152896 ], [ -481803.553721180709545, 1686342.44807069003582 ], [ -481826.938945526722819, 1686204.617504799738526 ], [ -481868.142187000368722, 1686118.906357291853055 ], [ -481869.634905025479384, 1686115.801209250232205 ], [ -481908.552053279126994, 1686049.206964837620035 ], [ -481968.337119642121252, 1685995.285649764351547 ], [ -482012.388232507451903, 1685979.871893871109933 ], [ -482028.020370533748064, 1685996.24142370489426 ], [ -482006.29930507845711, 1686042.87472905847244 ], [ -481944.143271873821504, 1686164.998371878871694 ], [ -481932.773965471715201, 1686259.122301642782986 ], [ -481914.662696317886002, 1686365.820554444333538 ], [ -481929.440209590480663, 1686441.505647089099512 ], [ -481955.434382290230133, 1686505.357246503001079 ], [ -482012.693400546326302, 1686601.947633779840544 ], [ -482101.335233365534805, 1686676.402719674864784 ], [ -482219.133029254851863, 1686714.633008108474314 ], [ -482268.356713613320608, 1686722.963669866323471 ], [ -482382.492020085104741, 1686728.551754944259301 ], [ -482545.205361420463305, 1686692.043575956718996 ], [ -482667.582246123231016, 1686676.167804295895621 ], [ -482764.575448845163919, 1686674.283296295208856 ], [ -482829.486862349731382, 1686671.540159053634852 ], [ -482865.286795440595597, 1686677.597782579949126 ], [ -482886.091862860892434, 1686717.71165934111923 ], [ -482911.332516576047055, 1686786.011315716197714 ], [ -482912.687663619464729, 1686859.423355838516727 ], [ -482911.82734659005655, 1686918.727559996536002 ], [ -482902.021247488679364, 1686976.530809721676633 ], [ -482891.461959958658554, 1687038.772732915589586 ], [ -482876.368016703170724, 1687127.695253915851936 ], [ -482841.071053297317121, 1687254.354703847551718 ], [ -482814.060975535190664, 1687332.116914108628407 ], [ -482788.461346634023357, 1687455.84801092906855 ], [ -482782.32973331771791, 1687546.27371629117988 ], [ -482792.446453068871051, 1687644.403924720594659 ], [ -482796.247313438158017, 1687681.271126292878762 ], [ -482802.129303134977818, 1687728.000444646226242 ], [ -482792.316662460914813, 1687785.791607470950112 ], [ -482778.792113333824091, 1687838.394754156004637 ], [ -482776.434857993852347, 1687890.873287762515247 ], [ -482815.941807580413297, 1687917.852281551575288 ], [ -482879.299845650559291, 1687951.44014781108126 ], [ -482932.997561038646381, 1687960.520903358934447 ], [ -483005.397177611943334, 1687940.763638474745676 ], [ -483072.580426088941749, 1687924.685856176773086 ], [ -483124.605268747953232, 1687906.278981925453991 ], [ -483195.014187121705618, 1687881.367547199130058 ], [ -483268.976188572822139, 1687825.280396221205592 ], [ -483298.896085858985316, 1687784.598642867524177 ], [ -483375.173449727415573, 1687687.742621883284301 ], [ -483420.832713782787323, 1687608.564674488268793 ], [ -483453.821003946999554, 1687522.675421448424459 ], [ -483478.558170805452392, 1687458.257589200744405 ], [ -483521.901939381670672, 1687419.848129795864224 ], [ -483580.07863491558237, 1687429.690029254183173 ], [ -483631.51204031315865, 1687452.116128618596122 ], [ -483699.288152851164341, 1687513.896362261846662 ], [ -483768.42243615334155, 1687649.078038009814918 ], [ -483831.515411619737279, 1687819.827363381627947 ], [ -483873.900258706184104, 1687895.597340276697651 ], [ -483960.274341270793229, 1687983.393461698200554 ], [ -484098.198352661624085, 1688038.742004021303728 ], [ -484164.565625117218588, 1688054.542691184440628 ], [ -484213.792149825312663, 1688062.861972873099148 ], [ -484326.473247018584516, 1688049.911758627509698 ], [ -484401.136113598593511, 1688016.806762236868963 ], [ -484410.64492763672024, 1688012.284896272234619 ], [ -484486.258955535071436, 1687976.326466043014079 ], [ -484637.758772910747211, 1687951.637621664674953 ], [ -484707.903775429585949, 1687945.215673791477457 ], [ -484780.356901690538507, 1687898.013913783011958 ], [ -484876.693986457481515, 1687845.708694452652708 ], [ -484925.262874261417892, 1687803.609894112451002 ], [ -484966.394768759841099, 1687751.112847485812381 ], [ -484985.202547993219923, 1687667.399022866273299 ], [ -484960.013090830121655, 1687571.658232091926038 ], [ -484935.597857300308533, 1687517.446888772305101 ], [ -484933.260519199597184, 1687512.257155035622418 ], [ -484889.367390738567337, 1687445.374722496140748 ], [ -484814.102411648316775, 1687400.620312486309558 ], [ -484718.721537061675917, 1687338.755032611312345 ], [ -484652.45232407154981, 1687268.088117428822443 ], [ -484589.909901285078377, 1687202.621502004563808 ], [ -484491.514502427075058, 1687158.530834458302706 ], [ -484371.442799764394294, 1687133.649640621850267 ], [ -484314.073741762433201, 1687091.926953438203782 ], [ -484256.757801072148141, 1687022.771647263783962 ], [ -484248.665891752869356, 1686961.945346897700801 ], [ -484245.800179246172775, 1686897.430561119457707 ], [ -484210.859013864188455, 1686832.069251005537808 ], [ -484167.668812933203299, 1686788.170123270014301 ], [ -484076.717504712170921, 1686754.488190898904577 ], [ -484008.134542536572553, 1686724.589332457631826 ], [ -483961.226139231759589, 1686675.490801057778299 ], [ -483927.040251676458865, 1686605.680438291979954 ], [ -483892.199858516338281, 1686485.441656427690759 ], [ -483837.147381916176528, 1686402.949122056365013 ], [ -483834.236963055212982, 1686365.86809842614457 ], [ -483920.761331034183968, 1686371.355887856800109 ], [ -484046.765314231335651, 1686415.545050111133605 ], [ -484153.403505286958534, 1686438.153321156045422 ], [ -484229.421280912472866, 1686478.460314798401669 ], [ -484319.62740436947206, 1686516.582193288719282 ], [ -484397.854598794830963, 1686570.985651660943404 ], [ -484520.941924151673447, 1686578.081857414916158 ], [ -484597.820433725952171, 1686559.073749774135649 ], [ -484727.74697734444635, 1686498.727425687713549 ], [ -484792.755532477109227, 1686441.114869430661201 ], [ -484874.158060830959585, 1686395.433566266903654 ], [ -484945.102293404634111, 1686357.117919936543331 ], [ -485008.609700890083332, 1686308.403789511881769 ], [ -485048.986374087573495, 1686260.354296613484621 ], [ -485088.654642697365489, 1686189.308958307141438 ], [ -485178.000621058105025, 1686286.744846822693944 ] ], [ [ -485127.655965433281381, 1670301.51369912805967 ], [ -485010.848909099237062, 1670480.850574930431321 ], [ -484973.235343087872025, 1670473.859908252954483 ], [ -484934.607000830874313, 1670472.269695130875334 ], [ -484853.690363558533136, 1670518.652636958984658 ], [ -484795.575043022225145, 1670502.27563996729441 ], [ -484672.667748628358822, 1670535.271033774130046 ], [ -484612.894242033187766, 1670557.671959392959252 ], [ -484510.133284272800665, 1670572.078808539547026 ], [ -484451.356557935476303, 1670589.086231103399768 ], [ -484382.193675776012242, 1670632.072754784487188 ], [ -484347.590281366021372, 1670608.884583541657776 ], [ -484343.531405038607772, 1670609.225059375865385 ], [ -484285.459650430013426, 1670614.096188121475279 ], [ -484188.409264219051693, 1670657.48689391487278 ], [ -484125.273404694278724, 1670668.090323808835819 ], [ -484120.251086625619791, 1670695.081077235983685 ], [ -484233.761737111897673, 1670682.67159796343185 ], [ -484295.892571270116605, 1670677.459990219445899 ], [ -484333.514429368253332, 1670684.452546129701659 ], [ -484379.865644959441852, 1670704.234007606515661 ], [ -484419.145839651755523, 1670672.448452908545732 ], [ -484467.591573346348014, 1670643.59981453535147 ], [ -484469.185100532835349, 1670642.650906179333106 ], [ -484614.941801973502152, 1670636.239708818029612 ], [ -484683.796718463825528, 1670654.621694997418672 ], [ -484709.310625001206063, 1670637.02535546454601 ], [ -484727.101728248992004, 1670601.238259806763381 ], [ -484842.623658437689301, 1670578.033672603080049 ], [ -484938.007095735985786, 1670573.418570317793638 ], [ -484892.690600430476479, 1670637.595899542793632 ], [ -484794.290390251437202, 1670658.39682151353918 ], [ -484759.37771402503131, 1670696.587656983872876 ], [ -484723.459955202939454, 1670740.170273383846506 ], [ -484595.83773549128091, 1670738.787390402518213 ], [ -484524.961245637387037, 1670731.207653976976871 ], [ -484472.574746231897734, 1670743.807782035320997 ], [ -484400.393220809346531, 1670802.989894666476175 ], [ -484347.345112827955745, 1670848.974456916563213 ], [ -484335.468002864916343, 1670798.834683882072568 ], [ -484334.89207492757123, 1670796.403218584600836 ], [ -484305.670741259760689, 1670774.219527875538915 ], [ -484236.807522783288732, 1670755.835858318954706 ], [ -484166.947427665698342, 1670742.845299769192934 ], [ -484070.564844417851418, 1670752.862326759845018 ], [ -483894.254741361655761, 1670803.85595556278713 ], [ -483762.951802344759926, 1670852.051215949468315 ], [ -483952.61547013890231, 1670580.154102504253387 ], [ -484274.675053664250299, 1670522.738491122145206 ], [ -484437.381471315165982, 1670498.709474113769829 ], [ -484509.090897922578733, 1670488.119070737389848 ], [ -484580.273434790840838, 1670434.339739802991971 ], [ -484800.569064427865669, 1670385.924245322821662 ], [ -484956.38505255128257, 1670325.532769703073427 ], [ -485127.655965433281381, 1670301.51369912805967 ] ], [ [ -485112.853332410624716, 1675553.612693649716675 ], [ -485100.745959278661758, 1675723.593070054892451 ], [ -485058.718490318919066, 1675774.629836052190512 ], [ -485037.511526062793564, 1675849.807554275495932 ], [ -484975.256739207019564, 1675876.204012100817636 ], [ -484936.925269119208679, 1675853.985138539690524 ], [ -484994.185395510110538, 1675735.676901068072766 ], [ -485017.009775404119864, 1675666.553881013998762 ], [ -485010.38359890965512, 1675596.923653931356966 ], [ -485006.97460135811707, 1675592.755163004854694 ], [ -484974.270380369096529, 1675552.764932344667614 ], [ -484921.053546782874037, 1675550.705454239388928 ], [ -484884.722722411737777, 1675482.381977718090639 ], [ -484844.9925472921459, 1675437.707710478221998 ], [ -484760.835779169749003, 1675394.09227783489041 ], [ -484705.075200781051535, 1675358.264554650522768 ], [ -484700.21122701378772, 1675327.86153724626638 ], [ -484691.862926197471097, 1675269.295853971270844 ], [ -484697.747054007835686, 1675211.504753134213388 ], [ -484666.121098909585271, 1675092.771275731734931 ], [ -484631.759504392277449, 1675032.232316587353125 ], [ -484625.650815726956353, 1675021.469886523438618 ], [ -484571.29679941869108, 1674893.60588620044291 ], [ -484544.424839972169138, 1674854.264224806334823 ], [ -484435.197734277229756, 1674784.890489638317376 ], [ -484339.253230127622373, 1674722.899583810009062 ], [ -484215.279690823692363, 1674680.232337223365903 ], [ -484173.375818695407361, 1674652.705323264934123 ], [ -484117.454893124639057, 1674599.854515509447083 ], [ -484053.887541814357974, 1674588.041883451398462 ], [ -484011.034023968153633, 1674565.925692068645731 ], [ -483968.436963778163772, 1674491.963331459090114 ], [ -483934.080107749730814, 1674424.24354471382685 ], [ -483914.486706754309125, 1674378.147660387912765 ], [ -483908.505279050557874, 1674334.579242032486945 ], [ -483947.37944073532708, 1674327.64781019766815 ], [ -484020.874775170639623, 1674336.590867635561153 ], [ -484101.168690398568287, 1674309.051306223962456 ], [ -484161.596608353429474, 1674287.25934419548139 ], [ -484205.585637933516409, 1674275.453165055019781 ], [ -484341.499075952917337, 1674448.538757293019444 ], [ -484276.029949399759062, 1674563.949306308524683 ], [ -484350.430697544303257, 1674636.652505466016009 ], [ -484465.873306874767877, 1674751.338722388958558 ], [ -484557.099142719700467, 1674812.45651141484268 ], [ -484617.031500855111517, 1674857.943872210104018 ], [ -484654.068275721685495, 1674995.548556285444647 ], [ -484654.56768544082297, 1674997.404094455763698 ], [ -484721.596238665573765, 1675083.460305349202827 ], [ -484766.210387377243023, 1675184.973014677409083 ], [ -484812.886151321581565, 1675301.604534520069137 ], [ -484899.08359496248886, 1675337.242327421205118 ], [ -485060.431773555406835, 1675453.733372124144807 ], [ -485097.049906639498658, 1675507.240415543084964 ], [ -485112.853332410624716, 1675553.612693649716675 ] ], [ [ -484879.232041765877511, 1675726.627962944330648 ], [ -484871.669233359396458, 1675779.378278407501057 ], [ -484805.97196999983862, 1675838.649612319655716 ], [ -484750.672320472425781, 1675851.145508675836027 ], [ -484703.613176617131103, 1675835.751747793983668 ], [ -484681.153568704961799, 1675772.69823377719149 ], [ -484656.351882741320878, 1675748.46736586233601 ], [ -484666.954912754241377, 1675691.549716190667823 ], [ -484697.630718248547055, 1675657.9983445124235 ], [ -484752.486538960307371, 1675645.356939322082326 ], [ -484801.568193126993719, 1675650.537900581257418 ], [ -484852.177703129651491, 1675670.77861249842681 ], [ -484879.232041765877511, 1675726.627962944330648 ] ], [ [ -484847.35506483190693, 1685508.803038810845464 ], [ -484787.758585473638959, 1685626.62203789385967 ], [ -484688.023727238527499, 1685711.512601158581674 ], [ -484745.032801793771796, 1685759.211576965870336 ], [ -484647.445540449814871, 1685837.827399179106578 ], [ -484572.862153781810775, 1685893.702306201215833 ], [ -484475.943440696049947, 1685945.799317095894367 ], [ -484404.537548183172476, 1685960.348733070772141 ], [ -484362.961209724890068, 1685957.127371296752244 ], [ -484299.671917336352635, 1685946.418076507048681 ], [ -484241.283233454742003, 1685974.584635938284919 ], [ -484179.169780877185985, 1686002.126220926409587 ], [ -484120.81121316208737, 1686007.481668778695166 ], [ -484073.891887856472749, 1685992.158181224483997 ], [ -484048.245832973858342, 1685983.782422011252493 ], [ -484011.015017408004496, 1685977.48544156504795 ], [ -483956.969856166630052, 1686002.586153076030314 ], [ -483906.5656038998859, 1686073.970289180520922 ], [ -483856.112968121771701, 1686168.172216554637998 ], [ -483816.334485605882946, 1686199.49106726795435 ], [ -483756.098983139439952, 1686215.934215720975772 ], [ -483687.835178742941935, 1686211.998510492499918 ], [ -483591.668418016342912, 1686191.917236352106556 ], [ -483527.1696856074268, 1686165.787037580506876 ], [ -483467.611588580475654, 1686155.713111660676077 ], [ -483383.823336621222552, 1686152.956289254594594 ], [ -483352.203787154692691, 1686136.187294129747897 ], [ -483305.108341003768146, 1686097.779662155546248 ], [ -483216.430040833714884, 1686056.138413663953543 ], [ -483173.099963537300937, 1685995.536126636900008 ], [ -483154.610926547204144, 1685923.925060118781403 ], [ -483127.426149298204109, 1685858.443283593514934 ], [ -483089.707699500257149, 1685787.369340528734028 ], [ -483024.704222153581213, 1685696.469136911211535 ], [ -482972.131207827827893, 1685600.055868712486699 ], [ -482912.788464788289275, 1685475.865812664851546 ], [ -482871.966732221888378, 1685400.466223567258567 ], [ -482834.95929909584811, 1685280.05367200425826 ], [ -482806.517600702180061, 1685221.968983102589846 ], [ -482746.497890835686121, 1685124.295145618496463 ], [ -482667.825645793811418, 1685046.297482978086919 ], [ -482556.192028226039838, 1685004.586966925300658 ], [ -482482.991119556478225, 1684984.583298832876608 ], [ -482412.841767417790834, 1684991.742948568658903 ], [ -482277.484658960718662, 1685022.108753054635599 ], [ -482133.429988927207887, 1685058.613509292481467 ], [ -482080.070769269717857, 1685067.95931203966029 ], [ -482022.913479014765471, 1685077.970221247058362 ], [ -481947.832131079805549, 1685069.073755848687142 ], [ -481900.068234052450862, 1685057.183184106834233 ], [ -481826.078026540286373, 1685029.325986546929926 ], [ -481819.712997413007542, 1685074.935477750841528 ], [ -481826.94201098481426, 1685134.259557892102748 ], [ -481818.186316204839386, 1685225.262696969555691 ], [ -481838.778185448958538, 1685317.619432146660984 ], [ -481874.299473912804388, 1685354.137220875360072 ], [ -481855.379351522191428, 1685367.630526962224394 ], [ -481805.430819989007432, 1685350.91952973883599 ], [ -481755.058493054239079, 1685320.238651546649635 ], [ -481710.118360609805677, 1685257.132689480669796 ], [ -481692.744711981911678, 1685194.370220176875591 ], [ -481685.921230065869167, 1685169.720128196990117 ], [ -481693.256894657504745, 1685059.821915275417268 ], [ -481705.970862191054039, 1684967.504604020388797 ], [ -481689.611036643851548, 1684762.820396105991676 ], [ -481642.022258951328695, 1684659.642327108420432 ], [ -481559.082534728746396, 1684539.067649891367182 ], [ -481509.384312680107541, 1684436.752497798763216 ], [ -481757.964577781269327, 1684187.209414718439803 ], [ -481795.062604661099613, 1684247.762598698260263 ], [ -481856.464240136556327, 1684333.648508249083534 ], [ -481884.055632219300605, 1684394.949800228932872 ], [ -481933.14839191979263, 1684478.749466818291694 ], [ -481997.593150397588033, 1684584.025796463014558 ], [ -481964.671919730782975, 1684628.790853181155398 ], [ -481944.061664426641073, 1684675.631919207284227 ], [ -481946.959201380144805, 1684770.488484368659556 ], [ -481994.12019459734438, 1684791.053474667016417 ], [ -482034.169408903922886, 1684778.954836739460006 ], [ -482075.106721141957678, 1684836.215233221417293 ], [ -482129.456903237733059, 1684851.706862463615835 ], [ -482183.083962989621796, 1684857.804317784262821 ], [ -482197.238037761126179, 1684825.422201483743265 ], [ -482188.116319516673684, 1684767.26137394993566 ], [ -482147.248301925254054, 1684672.262439912185073 ], [ -482172.91090062999865, 1684670.309235255466774 ], [ -482225.114674819167703, 1684735.7705101093743 ], [ -482255.751004630816169, 1684816.452194762416184 ], [ -482277.328203232435044, 1684801.223265836481005 ], [ -482266.198314167675562, 1684717.555396331707016 ], [ -482207.830219790746924, 1684651.059625238878652 ], [ -482202.787467844435014, 1684606.163046345347539 ], [ -482244.836509863554966, 1684619.570025481283665 ], [ -482283.773899854568299, 1684651.32485267217271 ], [ -482339.166667758428957, 1684660.701187467202544 ], [ -482380.173066101036966, 1684680.223111072788015 ], [ -482441.046989809372462, 1684684.949053060030565 ], [ -482517.665724520222284, 1684690.897226604167372 ], [ -482625.408748983696569, 1684690.258730849716812 ], [ -482721.817923598864581, 1684719.14797909045592 ], [ -482742.290083980304189, 1684747.783649219200015 ], [ -482816.579354735848028, 1684824.143229850335047 ], [ -482900.191489368851762, 1684918.197755672270432 ], [ -482989.944877176429145, 1685043.727772449376062 ], [ -483046.870763919898309, 1685137.067834260873497 ], [ -483106.17099200253142, 1685284.087971346220002 ], [ -483141.929107934702188, 1685411.899392585037276 ], [ -483202.530040798999835, 1685528.691812664270401 ], [ -483284.926706561236642, 1685607.323270231485367 ], [ -483400.244411721942015, 1685672.486778852762654 ], [ -483519.954751446901355, 1685711.766415434656665 ], [ -483641.551774078805465, 1685739.949362529907376 ], [ -483796.068074347393122, 1685754.673979406012222 ], [ -483890.429853994748555, 1685740.20264730672352 ], [ -484026.375941292673815, 1685728.954234156524763 ], [ -484142.452046203019563, 1685721.960426660021767 ], [ -484246.688353362376802, 1685739.590482063824311 ], [ -484339.75218011479592, 1685755.335611833259463 ], [ -484436.588999583094846, 1685748.887421070365235 ], [ -484485.024200171174016, 1685734.247977819759399 ], [ -484549.652686652902048, 1685691.910359358647838 ], [ -484582.032484579889569, 1685636.503164361929521 ], [ -484548.566638329823036, 1685608.011682270327583 ], [ -484651.593997784715611, 1685495.368862869683653 ], [ -484675.826766124228016, 1685410.918944528559223 ], [ -484630.795621446042787, 1685320.918983499985188 ], [ -484616.669331517303362, 1685292.685895586619154 ], [ -484527.018546780338511, 1685179.136757032945752 ], [ -484464.619872501585633, 1685080.030688748694956 ], [ -484422.979323887266219, 1685033.631080744788051 ], [ -484355.237929567578249, 1684984.364287578267977 ], [ -484246.697878648643382, 1684905.425311079015955 ], [ -484179.319140327163041, 1684894.029611957259476 ], [ -484038.18023600539891, 1684834.913084646454081 ], [ -483952.224969863076694, 1684707.119797802297398 ], [ -484048.029847458004951, 1684734.079407301498577 ], [ -484195.547323074599262, 1684798.385149478679523 ], [ -484363.724565454642288, 1684881.154156509786844 ], [ -484378.320336163917091, 1684888.337517460342497 ], [ -484522.594950255821459, 1684971.779784655431286 ], [ -484629.877900292747654, 1685098.148158948402852 ], [ -484773.922413918189704, 1685299.609165656380355 ], [ -484802.923306746815797, 1685346.474299191962928 ], [ -484828.324521826463751, 1685387.522276932606474 ], [ -484847.35506483190693, 1685508.803038810845464 ] ], [ [ -484847.089995461225044, 1671718.082465078681707 ], [ -484823.961790238216054, 1671842.225917955162004 ], [ -484772.962012370408047, 1671966.776401456678286 ], [ -484697.100626147701405, 1672075.536979268770665 ], [ -484667.90865438291803, 1672142.702153695747256 ], [ -484646.438046402239706, 1672228.067702299216762 ], [ -484588.023518001835328, 1672273.049430347513407 ], [ -484581.988465878006537, 1672305.430123877944425 ], [ -484536.670845004729927, 1672369.605352316051722 ], [ -484503.797778864623979, 1672486.359120751032606 ], [ -484465.177701728825923, 1672484.759776834631339 ], [ -484411.746223510301206, 1672413.401645366568118 ], [ -484350.927612330473494, 1672351.84369513229467 ], [ -484294.486289652180858, 1672296.682142779696733 ], [ -484274.302823224046733, 1672225.910152738913894 ], [ -484234.638369486725423, 1672140.362871021265164 ], [ -484218.14135147666093, 1672020.022565739462152 ], [ -484235.579357816663105, 1671956.252933874027804 ], [ -484280.235792658582795, 1671925.46175975096412 ], [ -484330.23810617311392, 1671806.314963441342115 ], [ -484388.624733093369287, 1671671.974339406471699 ], [ -484386.297211897093803, 1671744.134498680476099 ], [ -484351.421594649378676, 1671871.674277320504189 ], [ -484338.350971153529827, 1671941.84904823359102 ], [ -484375.304381890746299, 1671982.224196131108329 ], [ -484419.653471227036789, 1672012.800592926098034 ], [ -484494.575377027387731, 1672088.150502761593089 ], [ -484545.303435318521224, 1672114.337924842024222 ], [ -484623.559384595893789, 1672112.126144009642303 ], [ -484667.871742595161777, 1672053.342480842256919 ], [ -484719.567935703962576, 1671984.777979445876554 ], [ -484760.171972321113572, 1671886.214881000109017 ], [ -484775.252002177992836, 1671805.256203573197126 ], [ -484788.322167130885646, 1671735.081176169682294 ], [ -484783.914755794627126, 1671639.335624822881073 ], [ -484724.772674455365632, 1671538.99279757286422 ], [ -484688.81799885397777, 1671493.214423558674753 ], [ -484568.226155732292682, 1671454.056651457911357 ], [ -484458.385680685867555, 1671416.885186309693381 ], [ -484500.340601982316002, 1671340.912183699663728 ], [ -484584.313238843227737, 1671367.695739571470767 ], [ -484712.636055510374717, 1671425.045426089782268 ], [ -484774.450554393057246, 1671481.210271199000999 ], [ -484834.959402808512095, 1671604.146342180902138 ], [ -484847.089995461225044, 1671718.082465078681707 ] ], [ [ -484611.245865813863929, 1675151.271410138113424 ], [ -484600.09717610880034, 1675316.025630305055529 ], [ -484586.847479306103196, 1675387.171384439570829 ], [ -484557.200466558046173, 1675437.312361884862185 ], [ -484531.577335964480881, 1675474.481480341404676 ], [ -484507.787986285111401, 1675485.922671974636614 ], [ -484485.571364324947353, 1675486.446475432720035 ], [ -484460.541492412041407, 1675468.011457483982667 ], [ -484453.864094517368358, 1675437.354853885481134 ], [ -484436.322449728962965, 1675418.136782899033278 ], [ -484405.578453337657265, 1675413.729141005082056 ], [ -484368.362105595646426, 1675428.812502805842087 ], [ -484311.2492502204841, 1675441.054513419279829 ], [ -484278.424111152242403, 1675451.192637705244124 ], [ -484232.439550231036264, 1675450.173540772404522 ], [ -484126.62154376989929, 1675377.465418341103941 ], [ -484052.606742215924896, 1675275.899754812940955 ], [ -484021.509320487384684, 1675158.208723830059171 ], [ -484015.041889289044775, 1675099.349653074285015 ], [ -484041.58276453538565, 1675035.588528755120933 ], [ -484070.769985512190033, 1674957.599415641045198 ], [ -484193.221583844395354, 1674877.310097854817286 ], [ -484310.675818766758312, 1674850.069955141982064 ], [ -484390.016894440283068, 1674878.73398484964855 ], [ -484488.172352194960695, 1674889.084971761098132 ], [ -484540.313583463022951, 1674924.407092143781483 ], [ -484598.509095358895138, 1675036.052164807217196 ], [ -484611.245865813863929, 1675151.271410138113424 ] ], [ [ -484414.418776240141597, 1671503.651630947366357 ], [ -484376.834017468150705, 1671586.009587976615876 ], [ -484346.289461170963477, 1671630.594518243800849 ], [ -484127.714894234726671, 1671450.715048392070457 ], [ -484068.099191793007776, 1671417.617277803365141 ], [ -484001.769046749279369, 1671367.593923826003447 ], [ -483940.786182049196213, 1671331.435598503565416 ], [ -483880.862802119925618, 1671315.018268713960424 ], [ -483810.521210718201473, 1671344.097363335546106 ], [ -483753.081932035041973, 1671393.67689816490747 ], [ -483740.991822304262314, 1671441.764145373832434 ], [ -483727.56861787365051, 1671480.160362663678825 ], [ -483703.936550182523206, 1671522.952142000198364 ], [ -483649.661966006504372, 1671578.92743106209673 ], [ -483626.393069545447361, 1671602.916740336688235 ], [ -483571.374230660672765, 1671696.50352571066469 ], [ -483490.259051796572749, 1671829.281788589665666 ], [ -483403.65436995215714, 1671974.745508587453514 ], [ -483453.989155243325513, 1671790.715273001929745 ], [ -483497.409793167666066, 1671723.654945093439892 ], [ -483540.513916465104558, 1671643.583653210196644 ], [ -483584.011378979019355, 1671595.043992617866024 ], [ -483619.527103241474833, 1671536.032739098416641 ], [ -483659.354923443694133, 1671502.584638747153804 ], [ -483675.821636527311057, 1671414.867278555640951 ], [ -483696.072766525903717, 1671355.110567108495161 ], [ -483727.325164088222664, 1671313.38425060804002 ], [ -483783.353270814463031, 1671289.300739586120471 ], [ -483840.595118166529574, 1671270.088423690758646 ], [ -483913.609947592427488, 1671276.637619568267837 ], [ -483979.710146585828625, 1671303.670039784628898 ], [ -484069.35156663111411, 1671357.696332057006657 ], [ -484224.937428301083855, 1671399.581327682361007 ], [ -484414.418776240141597, 1671503.651630947366357 ] ], [ [ -484357.902632806333713, 1668715.028253114316612 ], [ -484354.218330482835881, 1668924.937420085538179 ], [ -484302.968750075262506, 1669011.073719578795135 ], [ -484228.733412253553979, 1669077.573887955863029 ], [ -484130.107312185748015, 1669149.996595983626321 ], [ -484042.139049162971787, 1669234.172038769582286 ], [ -484039.099061496846844, 1669236.268414844060317 ], [ -483971.970245565404184, 1669282.561189393047243 ], [ -483864.525308157841209, 1669351.940601523499936 ], [ -483752.049361632787623, 1669448.309677669312805 ], [ -483705.725111207924783, 1669517.888929611304775 ], [ -483700.033976517501287, 1669578.253750382689759 ], [ -483719.863104865187779, 1669621.033635137369856 ], [ -483805.192233173467685, 1669670.400587791344151 ], [ -483845.161832219746429, 1669694.581099140224978 ], [ -483890.196237418509554, 1669781.13399046799168 ], [ -483894.599052022385877, 1669876.891279529314488 ], [ -483883.884060503798537, 1669964.256827788893133 ], [ -483841.930000762746204, 1670040.22092025517486 ], [ -483766.059606490773149, 1670148.981913856463507 ], [ -483667.7015676801675, 1670259.144153236411512 ], [ -483590.480795461277012, 1670345.313599131302908 ], [ -483548.52453636447899, 1670421.286900010192767 ], [ -483429.673977917118464, 1670522.053117045434192 ], [ -483401.47743166051805, 1670583.825800625607371 ], [ -483403.524962153285742, 1670662.383053275058046 ], [ -483383.410170563205611, 1670770.341367902001366 ], [ -483394.187047111976426, 1670861.687530498718843 ], [ -483439.22235694079427, 1670948.239480333635584 ], [ -483478.53742533311015, 1671005.815520085394382 ], [ -483516.159593566262629, 1671012.808603463461623 ], [ -483545.037508310342673, 1671007.000040324172005 ], [ -483600.443314752134029, 1670978.205327226547524 ], [ -483670.965560858661775, 1670957.812239522812888 ], [ -483715.629991455061827, 1670927.022128836251795 ], [ -483667.294840631249826, 1671007.383408117108047 ], [ -483628.012315234926064, 1671039.178031933028251 ], [ -483561.857112146855798, 1671065.976115668658167 ], [ -483510.819942073663697, 1671101.165844604605809 ], [ -483497.053571450698655, 1671115.354773591971025 ], [ -483472.192810887063388, 1671099.564751013182104 ], [ -483462.105313853535336, 1671064.183873927686363 ], [ -483405.004499012196902, 1671042.405243621207774 ], [ -483367.037790152709931, 1671007.429731072625145 ], [ -483328.727824495115783, 1670944.461759111378342 ], [ -483314.271811952523421, 1670902.685585339786485 ], [ -483331.36796859378228, 1670810.923007879871875 ], [ -483348.462354378949385, 1670719.17025375040248 ], [ -483335.675469714740757, 1670638.607734369346872 ], [ -483331.617729116464034, 1670570.834367711097002 ], [ -483361.818231039738748, 1670498.266696013743058 ], [ -483420.24080594512634, 1670453.286156083690003 ], [ -483458.516316476685461, 1670426.893218843266368 ], [ -483494.092102652706672, 1670355.318762407638133 ], [ -483513.895950051781256, 1670308.738457272527739 ], [ -483586.429347236757167, 1670277.551043193321675 ], [ -483620.337689139356371, 1670244.752854977035895 ], [ -483699.562244601722341, 1670147.788115924689919 ], [ -483766.695559049432632, 1670026.236702204914764 ], [ -483811.315465139341541, 1669906.092614152934402 ], [ -483826.054299038485624, 1669797.139292251551524 ], [ -483795.131008449476212, 1669724.380005586659536 ], [ -483746.417705437866971, 1669687.397843475686386 ], [ -483677.219605572521687, 1669641.031896397238597 ], [ -483651.009884564438835, 1669602.650729038286954 ], [ -483649.315484676975757, 1669552.076575318817049 ], [ -483661.380643217649776, 1669487.301865997957066 ], [ -483695.949162799341138, 1669421.128045126330107 ], [ -483830.928381095291115, 1669323.360022159293294 ], [ -483945.760522086347919, 1669244.179845840902999 ], [ -483979.636326399748214, 1669215.4569425820373 ], [ -484064.608111281879246, 1669143.409978074487299 ], [ -484190.850616669631563, 1669032.840135653270409 ], [ -484293.727033286297228, 1668909.531044381204993 ], [ -484292.419431896938477, 1668604.03802610328421 ], [ -484357.902632806333713, 1668715.028253114316612 ] ], [ [ -484187.80556876573246, 1683793.532003417843953 ], [ -484078.571889015845954, 1683853.759926001774147 ], [ -484019.199423528916668, 1683853.55816147569567 ], [ -483897.431038500391878, 1683754.248230542056262 ], [ -483824.891435302211903, 1683618.519238059874624 ], [ -483822.275767792772967, 1683613.62502761092037 ], [ -483783.995326501608361, 1683489.090269821928814 ], [ -483742.584304805204738, 1683324.655734565807506 ], [ -483768.548606972093694, 1683171.626861691940576 ], [ -483829.876628360943869, 1682985.228008020902053 ], [ -483808.556935039930977, 1683227.595556397922337 ], [ -483833.967928985075559, 1683369.633318008854985 ], [ -483854.907471325655933, 1683416.156697248807177 ], [ -483891.490755641367286, 1683497.437301503727213 ], [ -483968.276031292567495, 1683628.493352711200714 ], [ -484056.410041781899054, 1683692.596722167450935 ], [ -484187.80556876573246, 1683793.532003417843953 ] ], [ [ -484038.124600873386953, 1672281.346960340160877 ], [ -483850.716694112517871, 1672638.27051697880961 ], [ -483815.803242363617755, 1672664.597758519696072 ], [ -483764.019843858550303, 1672672.843488835729659 ], [ -483643.075005834747571, 1672647.678518871078268 ], [ -483546.667517561581917, 1672614.282024966087192 ], [ -483491.107637262437493, 1672594.568495524348691 ], [ -483411.008859119261615, 1672583.096050860825926 ], [ -483296.628861350298394, 1672539.286311149131507 ], [ -483230.770246404747013, 1672482.858135680900887 ], [ -483167.527628287207335, 1672394.155562224797904 ], [ -483235.905288507754449, 1672311.284595764009282 ], [ -483246.176583980268333, 1672375.411251643672585 ], [ -483266.814416623208672, 1672421.450607601320371 ], [ -483297.293400664813817, 1672453.231114382389933 ], [ -483353.914031782886013, 1672492.67563182185404 ], [ -483435.617030234192498, 1672520.043501482112333 ], [ -483544.572780485963449, 1672547.408093204721808 ], [ -483628.481720742362086, 1672559.438528236234561 ], [ -483702.594754592631944, 1672558.308461472857744 ], [ -483807.817412597301882, 1672530.304103848524392 ], [ -483872.108538463478908, 1672469.638128372374922 ], [ -484038.124600873386953, 1672281.346960340160877 ] ], [ [ -483981.417255768319592, 1675027.461569615174085 ], [ -483966.419103209453169, 1675133.187232671305537 ], [ -483938.06619856558973, 1675184.529411672381684 ], [ -483909.418196675833315, 1675212.221413859631866 ], [ -483863.746256349317264, 1675255.624870285857469 ], [ -483798.480356883897912, 1675252.932707416359335 ], [ -483732.069664619280957, 1675231.155709219397977 ], [ -483682.682773437350988, 1675193.667282263981178 ], [ -483631.013089499436319, 1675118.020603497046977 ], [ -483601.483147304796148, 1675074.792936088750139 ], [ -483600.355275903770234, 1675071.198827616171911 ], [ -483577.90236260095844, 1674999.648659997154027 ], [ -483560.559590127842966, 1674916.22629612009041 ], [ -483575.853694456163794, 1674834.150853794999421 ], [ -483551.128528294619173, 1674739.921488149324432 ], [ -483509.381486304686405, 1674661.393511542351916 ], [ -483395.843075532931834, 1674564.812023517442867 ], [ -483289.687544875021558, 1674479.037180906627327 ], [ -483176.438336101185996, 1674406.094342214753851 ], [ -483110.878633715794422, 1674379.751346403732896 ], [ -482987.11728033592226, 1674262.398031835677102 ], [ -482848.328294223640114, 1674175.265375468414277 ], [ -482792.40921391377924, 1674122.413665822474286 ], [ -482762.001919160480611, 1674008.255351077066734 ], [ -482758.287765147571918, 1673927.372497556032613 ], [ -482792.297075430920813, 1673820.462600785307586 ], [ -482824.053189937840216, 1673750.889363703550771 ], [ -482856.949814921536017, 1673714.912130434298888 ], [ -482912.548548712162301, 1673654.106713899411261 ], [ -482986.308431585668586, 1673611.205546526471153 ], [ -483069.738991810241714, 1673617.281580215319991 ], [ -483115.138662722834852, 1673625.711770962458104 ], [ -483188.048622954578605, 1673587.375832452904433 ], [ -483273.995620140631218, 1673504.278778201434761 ], [ -483378.663869823387358, 1673396.348568146815524 ], [ -483424.705456911877263, 1673503.177211610134691 ], [ -483540.644734925415833, 1673686.663143399404362 ], [ -483469.029665636830032, 1673743.389355522347614 ], [ -483361.224215894937515, 1673817.704573503695428 ], [ -483305.336407698807307, 1673840.338860612595454 ], [ -483225.603912918537389, 1673839.672897107899189 ], [ -483197.804059856571257, 1673862.809600706910715 ], [ -483153.27658654586412, 1673925.298391187563539 ], [ -483109.597040726221167, 1673983.231623416068032 ], [ -483080.395422432688065, 1674039.129669329384342 ], [ -483083.524131186539307, 1674072.742700616596267 ], [ -483118.442744747793768, 1674112.248521538451314 ], [ -483182.304308648745064, 1674147.71235397644341 ], [ -483260.339280417596456, 1674157.499488587724045 ], [ -483352.844194403616711, 1674165.250028203474358 ], [ -483420.94933061482152, 1674177.916196131845936 ], [ -483459.823693702055607, 1674170.985086005646735 ], [ -483489.321273241308518, 1674138.727315438678488 ], [ -483517.68263620667858, 1674087.3860771919135 ], [ -483527.027599756605923, 1674037.226785154780373 ], [ -483539.767923004634213, 1673968.825481495354325 ], [ -483548.707757415657397, 1673941.505176479695365 ], [ -483561.594953510444611, 1673902.121398926014081 ], [ -483581.717707272793632, 1673844.526990649523214 ], [ -483608.189437596418429, 1673771.813936208141968 ], [ -483718.77885060373228, 1673865.283415575977415 ], [ -483975.94025230279658, 1674073.489318630425259 ], [ -483945.298333610291593, 1674086.662374066188931 ], [ -483893.950428792333696, 1674110.140068977372721 ], [ -483850.832988035632297, 1674139.869131280807778 ], [ -483831.349273749627173, 1674154.71489765914157 ], [ -483796.081548087531701, 1674181.58729167538695 ], [ -483727.415014555735979, 1674197.126228029374033 ], [ -483688.837336417578626, 1674227.698081617010757 ], [ -483671.557062971405685, 1674295.256078824633732 ], [ -483647.447655531810597, 1674323.801357557764277 ], [ -483565.160635963315144, 1674336.810772536089644 ], [ -483499.89580986823421, 1674334.118635337101296 ], [ -483490.255980884074233, 1674360.627139406278729 ], [ -483511.001779547252227, 1674425.809506454039365 ], [ -483588.772438765678089, 1674487.441254385281354 ], [ -483642.995088972209487, 1674549.413287136005238 ], [ -483658.046663968649227, 1674594.676074033603072 ], [ -483674.389246739505325, 1674605.393470580456778 ], [ -483728.960787410265766, 1674593.496506700990722 ], [ -483819.251593149208929, 1674662.372965714894235 ], [ -483864.097774279885925, 1674699.018435036297888 ], [ -483876.900731117057148, 1674781.598058461910114 ], [ -483929.131230509083252, 1674829.040568563388661 ], [ -483964.633283661678433, 1674915.844709102530032 ], [ -483981.417255768319592, 1675027.461569615174085 ] ], [ [ -483813.987103696272243, 1684551.613162982976064 ], [ -483723.877166690421291, 1684448.291982444003224 ], [ -483597.941488459997345, 1684294.868736999342218 ], [ -483513.996743623167276, 1684192.581371392589062 ], [ -483413.724639409396332, 1684037.203428914304823 ], [ -483402.384645766753238, 1684020.282655820017681 ], [ -483332.882407177530695, 1683916.575991977239028 ], [ -483282.824564208567608, 1683801.143928797915578 ], [ -483489.36399377026828, 1684000.051186498487368 ], [ -483495.242456361069344, 1684006.748579016653821 ], [ -483580.632590711349621, 1684104.034306391840801 ], [ -483686.180385288782418, 1684298.990804815199226 ], [ -483723.50773008808028, 1684344.474040047964081 ], [ -483751.819049908779562, 1684378.971033516107127 ], [ -483813.987103696272243, 1684551.613162982976064 ] ], [ [ -483788.901648907340132, 1673967.953489589504898 ], [ -483764.20740434108302, 1673949.219076663022861 ], [ -483738.113460858236067, 1673963.236386857694015 ], [ -483686.757451168436091, 1673986.712593170814216 ], [ -483667.48466424603248, 1674039.741444387938827 ], [ -483658.1398506333353, 1674089.900690756971017 ], [ -483672.054654967156239, 1674116.080039115156978 ], [ -483699.294819172238931, 1674121.138063678517938 ], [ -483740.714756536821369, 1674100.530113834654912 ], [ -483765.672202130255755, 1674067.429243367630988 ], [ -483775.864999272569548, 1674012.714289080584422 ], [ -483788.901648907340132, 1673967.953489589504898 ] ], [ [ -483569.025599000917282, 1689164.101693576201797 ], [ -483466.800560929230414, 1689146.809040860505775 ], [ -483313.471199678373523, 1689120.871215967927128 ], [ -483211.972537938097958, 1689099.348024104256183 ], [ -483150.959372848737985, 1689071.612183353863657 ], [ -483082.908806032501161, 1689007.869409466395155 ], [ -482992.17612246691715, 1688922.872503345366567 ], [ -482921.351932477438822, 1688823.827971404418349 ], [ -482883.505846373969689, 1688782.087713006418198 ], [ -482832.774465720518492, 1688726.136081823613495 ], [ -482720.029039929388091, 1688641.766452194191515 ], [ -482670.353612018108834, 1688624.656483194790781 ], [ -482580.91125681088306, 1688609.527405338129029 ], [ -482506.357233831600752, 1688609.972452172078192 ], [ -482480.345583389746025, 1688599.642903086496517 ], [ -482441.756492234475445, 1688561.659073552349582 ], [ -482440.464462972187903, 1688533.524574045091867 ], [ -482406.435866710613482, 1688501.651990373851731 ], [ -482351.357643342227675, 1688463.356588589260355 ], [ -482331.97176199418027, 1688449.877706837141886 ], [ -482286.664327395614237, 1688381.265935402130708 ], [ -482273.979135073837824, 1688326.892866143025458 ], [ -482284.655623605416622, 1688315.638376889983192 ], [ -482310.872611799102742, 1688341.838096446124837 ], [ -482367.052541775221471, 1688375.972221256233752 ], [ -482390.31480977247702, 1688390.106003420893103 ], [ -482498.130745608941652, 1688451.86903061112389 ], [ -482574.749685585382394, 1688490.948611677158624 ], [ -482696.774357577145565, 1688546.421783264959231 ], [ -482731.309695864678361, 1688569.517500302987173 ], [ -482818.759432816528715, 1688627.999896138440818 ], [ -482908.7731147314189, 1688717.228919404791668 ], [ -483051.327750117343385, 1688806.640132189495489 ], [ -483187.426775746687781, 1688934.135604109382257 ], [ -483265.433769652096089, 1688990.865021096309647 ], [ -483393.15821927349316, 1689038.588617041008547 ], [ -483452.784218917833641, 1689048.673531090375036 ], [ -483541.410734831530135, 1689120.260307091521099 ], [ -483569.025599000917282, 1689164.101693576201797 ] ], [ [ -483428.304148455557879, 1674873.639233658323064 ], [ -483311.328078164369799, 1674690.631481510121375 ], [ -483148.957661115331575, 1674528.354963302612305 ], [ -483113.752013199788053, 1674465.200577941257507 ], [ -483167.94277556205634, 1674451.687847116263583 ], [ -483269.854563326342031, 1674560.260160278063267 ], [ -483374.046031271631364, 1674707.010483932681382 ], [ -483423.4654062812333, 1674819.974283218383789 ], [ -483428.304148455557879, 1674873.639233658323064 ] ], [ [ -483352.055428456165828, 1686257.738995575346053 ], [ -483335.732638103014324, 1686276.436648805392906 ], [ -483314.881345813628286, 1686292.72061522025615 ], [ -483295.354179183777887, 1686310.880401788046584 ], [ -483271.558640283183195, 1686325.026932325446978 ], [ -483227.217080014233943, 1686324.181338565889746 ], [ -483168.997937812586315, 1686307.818730310536921 ], [ -483140.983058098354377, 1686278.384988182922825 ], [ -483113.799699290364515, 1686224.357395803323016 ], [ -483105.58009795343969, 1686175.16520078969188 ], [ -483108.831729919183999, 1686136.145646306686103 ], [ -483118.737999151460826, 1686116.371499677887186 ], [ -483143.573994692589622, 1686125.479278405196965 ], [ -483157.699693589354865, 1686149.28558085183613 ], [ -483177.691946530889254, 1686187.264642621390522 ], [ -483194.492052459565457, 1686214.81682807742618 ], [ -483227.325144008267671, 1686235.167857435997576 ], [ -483247.884695817541797, 1686240.260766874998808 ], [ -483278.333250643161591, 1686245.369579182006419 ], [ -483309.049848018737976, 1686248.880034591304138 ], [ -483335.768045364122372, 1686246.768658343935385 ], [ -483352.055428456165828, 1686257.738995575346053 ] ], [ [ -483160.028410034137778, 1688398.442243117606267 ], [ -483125.902170977962669, 1688418.788078409153968 ], [ -483039.285161523846909, 1688412.8375961673446 ], [ -482891.654208884865511, 1688379.160509403562173 ], [ -482851.672615376126487, 1688367.390387265011668 ], [ -482787.325415374187287, 1688348.447308371774852 ], [ -482716.355053806619253, 1688327.733942047692835 ], [ -482637.162799596902914, 1688322.085236869752407 ], [ -482469.375680112221744, 1688259.825998341897503 ], [ -482438.178770564962178, 1688237.142654279479757 ], [ -482372.955073712044396, 1688182.576783280819654 ], [ -482363.764847825281322, 1688159.254311742493883 ], [ -482391.474839322909247, 1688150.888234625803307 ], [ -482442.586506423016544, 1688159.535458480473608 ], [ -482482.353167917462997, 1688157.554757595062256 ], [ -482543.414854041358922, 1688159.177392263198271 ], [ -482643.543553677154705, 1688211.534974360605702 ], [ -482771.20067366794683, 1688273.739283166592941 ], [ -482805.894698040734511, 1688290.644781652605161 ], [ -482959.228397389699239, 1688316.595178616000339 ], [ -483096.958683338889387, 1688331.182570304023102 ], [ -483148.01288341457257, 1688365.94177670776844 ], [ -483160.028410034137778, 1688398.442243117606267 ] ], [ [ -483102.94647783995606, 1675302.550613151164725 ], [ -483093.836014278989751, 1675351.459661067230627 ], [ -483051.035181498562451, 1675400.863737912382931 ], [ -482977.583969676459674, 1675434.440053849946707 ], [ -482896.39806487649912, 1675419.355235642753541 ], [ -482868.136965655954555, 1675401.645626771263778 ], [ -482839.28115324099781, 1675355.00016009202227 ], [ -482846.225604539911728, 1675291.949012156575918 ], [ -482906.66261637059506, 1675201.966237753629684 ], [ -482968.952466838643886, 1675156.187773374607787 ], [ -483014.40896469092695, 1675164.63754460029304 ], [ -483053.799884106672835, 1675205.694862911244854 ], [ -483091.970845034811646, 1675253.274387444835156 ], [ -483102.94647783995606, 1675302.550613151164725 ] ], [ [ -483082.274398750101682, 1673751.707525730133057 ], [ -483075.157770801684819, 1673689.055023168213665 ], [ -483034.852999785507564, 1673653.251848527230322 ], [ -482996.828895191894844, 1673655.617328519700095 ], [ -482941.780787356197834, 1673673.694378954125568 ], [ -482893.569304186967202, 1673730.785963810747489 ], [ -482862.661432600114495, 1673795.803748953156173 ], [ -482830.351954165380448, 1673893.583082854514942 ], [ -482816.754184349440038, 1673966.538096674252301 ], [ -482839.748729583225213, 1673994.403825337532908 ], [ -482889.695367415260989, 1674003.688438346376643 ], [ -482944.735607895767316, 1673985.610230900347233 ], [ -482987.853648478747346, 1673955.881869973614812 ], [ -483053.943485457624774, 1673878.534599779406562 ], [ -483076.620731976116076, 1673807.265312926378101 ], [ -483082.274398750101682, 1673751.707525730133057 ] ], [ [ -483013.475672770291567, 1671293.523114072624594 ], [ -482932.863867051433772, 1671278.544268128927797 ], [ -482863.001572962326463, 1671265.562182229012251 ], [ -482781.041656383604277, 1671227.982932778075337 ], [ -482726.959906481904909, 1671190.008449364686385 ], [ -482698.735796974506229, 1671162.431100747780874 ], [ -482667.494487170188222, 1671151.039084934862331 ], [ -482613.757221150852274, 1671141.046959328697994 ], [ -482579.496889061236288, 1671145.850294757401571 ], [ -482547.258519667026121, 1671139.851406960049644 ], [ -482547.912859733391088, 1671106.465981709538028 ], [ -482555.961404819099698, 1671063.291636806447059 ], [ -482585.157713316788431, 1670996.117175588849932 ], [ -482599.235973883769475, 1670920.550468153320253 ], [ -482585.785762279760092, 1670873.382517452118918 ], [ -482539.746641762612853, 1670792.222058162791654 ], [ -482472.559756481437944, 1670735.061642272397876 ], [ -482419.477450333652087, 1670691.683814852731302 ], [ -482428.180603227752727, 1670615.12352455384098 ], [ -482543.738328486972023, 1670681.274336474249139 ], [ -482600.182348774222191, 1670736.449070520699024 ], [ -482633.461817582370713, 1670826.396591071970761 ], [ -482661.365795305813663, 1670915.35064008180052 ], [ -482658.381430557696149, 1671020.896390481153503 ], [ -482642.953492760600056, 1671073.872333796462044 ], [ -482687.953369515947998, 1671071.074327077716589 ], [ -482755.803425488702487, 1671094.8501243845094 ], [ -482842.139730911760125, 1671138.825995980063453 ], [ -482903.952130816818681, 1671194.992498776642606 ], [ -482954.335751999926288, 1671193.188919007778168 ], [ -483013.475672770291567, 1671293.523114072624594 ] ], [ [ -482969.71570091182366, 1688022.365560825681314 ], [ -482901.570825557166245, 1688010.830376403406262 ], [ -482827.065707577567082, 1687985.171885987510905 ], [ -482760.405507088289596, 1687939.069193426053971 ], [ -482738.490104528260417, 1687887.478992126183584 ], [ -482721.554476134944707, 1687832.37202637293376 ], [ -482711.890092608111445, 1687682.739759660558775 ], [ -482709.840223065693863, 1687661.568431168328971 ], [ -482700.749182808562182, 1687567.675870405044407 ], [ -482705.20677251170855, 1687463.953634154750034 ], [ -482681.757188695133664, 1687473.044738431693986 ], [ -482663.847962450177874, 1687552.729387589264661 ], [ -482654.420334221678786, 1687659.95938062411733 ], [ -482654.949709923297632, 1687672.973845709348097 ], [ -482657.807821879221592, 1687743.237477331887931 ], [ -482668.336349492485169, 1687810.315341040259227 ], [ -482681.682088253495749, 1687886.570058287354186 ], [ -482701.442514768103138, 1687950.854973930167034 ], [ -482734.752721611585002, 1687986.959087736206129 ], [ -482773.032909710251261, 1688019.555262239184231 ], [ -482840.459654779871926, 1688035.322143943514675 ], [ -482919.282551101816352, 1688035.592855555005372 ], [ -482969.71570091182366, 1688022.365560825681314 ] ], [ [ -482919.172163517447188, 1667472.909979017218575 ], [ -482915.865002625854686, 1667639.839979655109346 ], [ -482911.872049298079219, 1667750.792405640473589 ], [ -482892.763659091840964, 1667853.342861967394128 ], [ -482860.892637819400989, 1667964.70046093990095 ], [ -482833.709047159529291, 1668021.084220129298046 ], [ -482743.38532661285717, 1668088.059797408524901 ], [ -482658.099246551748365, 1668128.056109054014087 ], [ -482567.431325496989302, 1668167.047785156406462 ], [ -482470.39078086783411, 1668210.439117838395759 ], [ -482288.718727641389705, 1668260.43939413363114 ], [ -482406.563057451567147, 1668165.063654239755124 ], [ -482590.910139659245033, 1668070.883506289916113 ], [ -482733.618797079951037, 1667991.308693303493783 ], [ -482799.077199900639243, 1667908.531141300220042 ], [ -482821.204784745583311, 1667789.784842889755964 ], [ -482860.119243585504591, 1667640.642546548973769 ], [ -482860.05538712546695, 1667461.923735094955191 ], [ -482835.516304087417666, 1667384.763595748692751 ], [ -482873.081852743634954, 1667213.028724252711982 ], [ -482909.71862615068676, 1667314.777266770601273 ], [ -482919.172163517447188, 1667472.909979017218575 ] ], [ [ -482708.937545530905481, 1669555.997472156072035 ], [ -482678.770082944713067, 1669717.91736300336197 ], [ -482581.154487562598661, 1670062.765188112622127 ], [ -482493.591258392611053, 1670353.641060224268585 ], [ -482464.394741705560591, 1670420.81628378899768 ], [ -482438.83978816337185, 1670349.049361989833415 ], [ -482428.895808367000427, 1670186.061522105941549 ], [ -482451.193061607307754, 1670084.53688846854493 ], [ -482508.242611834371928, 1669976.617105593672022 ], [ -482520.971981314476579, 1669878.458681457210332 ], [ -482525.65903960482683, 1669823.486457508755848 ], [ -482513.560609140433371, 1669798.898869562195614 ], [ -482465.532811043492984, 1669817.90134901390411 ], [ -482400.737245465570595, 1669867.281118927057832 ], [ -482333.577230441384017, 1669899.470387917710468 ], [ -482418.808892436441965, 1669680.764334339648485 ], [ -482506.770521090656985, 1669596.600950916064903 ], [ -482593.073673551261891, 1669551.205688146874309 ], [ -482661.582674034696538, 1669541.606881466927007 ], [ -482708.937545530905481, 1669555.997472156072035 ] ], [ [ -482672.142410465690773, 1674837.8535719034262 ], [ -482671.341486942605115, 1674878.193427314981818 ], [ -482665.081503298308235, 1674947.873759799171239 ], [ -482652.923824799014255, 1675013.094395412830636 ], [ -482630.842992413032334, 1675113.58258465747349 ], [ -482616.198378973116633, 1675029.882513559656218 ], [ -482622.88556162128225, 1674994.021062767831609 ], [ -482626.715339518268593, 1674937.376802147831768 ], [ -482612.497919251909479, 1674887.495359629159793 ], [ -482604.158709747483954, 1674842.090749649563804 ], [ -482572.083496708131861, 1674815.877272472484037 ], [ -482544.682720905577298, 1674800.665743993362412 ], [ -482510.994197737018112, 1674801.150914851110429 ], [ -482465.136740742949769, 1674812.875585543690249 ], [ -482425.560325681813993, 1674808.892248088261113 ], [ -482391.053311859373935, 1674795.724787182407454 ], [ -482368.115050338557921, 1674774.59575924789533 ], [ -482338.059571623511147, 1674701.52991728624329 ], [ -482406.060575208859518, 1674751.285461520310491 ], [ -482446.449035121069755, 1674768.909952064976096 ], [ -482479.532235127931926, 1674771.681813121773303 ], [ -482512.400371764262673, 1674757.55401519103907 ], [ -482566.575949040357955, 1674737.261503322515637 ], [ -482612.031937033578288, 1674745.711603130446747 ], [ -482649.177922313625459, 1674762.731037601595744 ], [ -482666.440397069614846, 1674796.31086815870367 ], [ -482672.142410465690773, 1674837.8535719034262 ] ], [ [ -482637.882228672329802, 1671966.439835508819669 ], [ -482633.548721795377787, 1672049.394019751809537 ], [ -482618.962062319798861, 1672123.159193406114355 ], [ -482550.654905122879427, 1672216.959348413161933 ], [ -482406.829884791513905, 1672012.837711823405698 ], [ -482433.007536525430623, 1671961.85934528382495 ], [ -482462.54694234818453, 1671922.677742744330317 ], [ -482530.05346447910415, 1671918.471784590510651 ], [ -482583.799614796589594, 1671928.465529868844897 ], [ -482637.882228672329802, 1671966.439835508819669 ] ], [ [ -482534.593840715999249, 1693635.074919572798535 ], [ -482485.167621266504284, 1693658.623573116958141 ], [ -482352.444850815983955, 1693663.66251398390159 ], [ -482228.594426425988786, 1693642.882861208170652 ], [ -482071.590782683459111, 1693602.886967424768955 ], [ -482028.845119559322484, 1693586.615983083611354 ], [ -481949.998176524648443, 1693541.535211592912674 ], [ -481911.706949606072158, 1693498.71468149474822 ], [ -481984.705266303382814, 1693497.309343002038077 ], [ -482090.864767785882577, 1693515.121283052954823 ], [ -482219.872973761928733, 1693532.222185739781708 ], [ -482404.90275506360922, 1693567.810961423441768 ], [ -482499.242078113311436, 1693601.846924364101142 ], [ -482534.593840715999249, 1693635.074919572798535 ] ], [ [ -482507.482589104329236, 1675198.616392466472462 ], [ -482498.976743166393135, 1675244.268387764692307 ], [ -482470.988227330090012, 1675286.305761715164408 ], [ -482433.050617390719708, 1675309.617318498436362 ], [ -482381.911651219648775, 1675313.606525926617905 ], [ -482345.372019160306081, 1675293.320296198362485 ], [ -482286.714079273107927, 1675265.547584641957656 ], [ -482246.513075793685857, 1675210.838987768627703 ], [ -482231.281270513311028, 1675184.38800242356956 ], [ -482209.349304614355788, 1675139.827439380809665 ], [ -482198.979758124682121, 1675087.294262270210311 ], [ -482209.312795073608868, 1675031.853271993342787 ], [ -482234.662315354100429, 1674985.963774980278686 ], [ -482281.321152644406538, 1674933.89973207633011 ], [ -482333.466466260200832, 1674906.478689820040017 ], [ -482376.285268784849904, 1674911.067114893812686 ], [ -482418.704520064056851, 1674935.820385542931035 ], [ -482459.51863176189363, 1674987.273606793954968 ], [ -482500.745266697369516, 1675072.532698555849493 ], [ -482506.652629838557914, 1675130.983315684366971 ], [ -482507.482589104329236, 1675198.616392466472462 ] ], [ [ -482503.702035370515659, 1686936.579630461521447 ], [ -482503.001067796256393, 1686913.595663975691423 ], [ -482466.501716460566968, 1686884.543992526130751 ], [ -482426.228646881354507, 1686877.735584480455145 ], [ -482338.942369417054579, 1686876.683255531825125 ], [ -482232.303642569459043, 1686854.071969092357904 ], [ -482096.600594039773569, 1686812.816959721734747 ], [ -482035.694696581864264, 1686772.198604058707133 ], [ -482013.893534647824708, 1686757.659291142132133 ], [ -481943.857382288842928, 1686709.213127107126638 ], [ -481855.21566562296357, 1686634.757773693650961 ], [ -481785.999076981155667, 1686594.534301809035242 ], [ -481731.537343352567405, 1686549.796956333797425 ], [ -481706.24396827572491, 1686508.929407940944657 ], [ -481669.697508137964178, 1686507.321221704827622 ], [ -481611.413260717410594, 1686552.343215435510501 ], [ -481598.043863228231203, 1686522.637417472666129 ], [ -481619.819546544924378, 1686448.571753585478291 ], [ -481672.378836492134724, 1686406.373107452178374 ], [ -481666.93456157046603, 1686387.939335967646912 ], [ -481634.961564554658253, 1686332.2145973702427 ], [ -481621.592126947653014, 1686302.508797734044492 ], [ -481582.829181841341779, 1686286.802592302206904 ], [ -481551.500741465308238, 1686281.50481831189245 ], [ -481521.635904734837823, 1686294.743708873400465 ], [ -481447.727749790588859, 1686323.397408519173041 ], [ -481391.760622510453686, 1686327.650158471427858 ], [ -481350.785986893984955, 1686320.718293379526585 ], [ -481324.640788438322488, 1686316.295208263909444 ], [ -481230.665566804236732, 1686300.392600543331355 ], [ -481189.639781754347496, 1686298.022374830208719 ], [ -481185.11252931097988, 1686324.704491034150124 ], [ -481213.368716322118416, 1686375.22017648210749 ], [ -481359.367819517035969, 1686491.400456005008891 ], [ -481415.872881630319171, 1686592.430025650188327 ], [ -481472.384509468800388, 1686693.470634011318907 ], [ -481473.746062042540871, 1686700.8378268298693 ], [ -481491.580456721712835, 1686797.33888913388364 ], [ -481466.841259244014509, 1686861.756169761065394 ], [ -481436.86780731799081, 1686929.860217727022246 ], [ -481415.899340202799067, 1686972.053938301280141 ], [ -481438.221351300540846, 1687003.271971072070301 ], [ -481482.265037569508422, 1686987.85747423931025 ], [ -481522.59226733451942, 1686967.233878852799535 ], [ -481576.287379177461844, 1686976.32565218070522 ], [ -481604.544452862115577, 1687026.84069517115131 ], [ -481626.866577433422208, 1687058.058652619365603 ], [ -481722.99763465882279, 1687115.48961486807093 ], [ -481775.346994764287956, 1687051.170896967640147 ], [ -481835.13288131612353, 1686997.250573807163164 ], [ -481838.5381259713904, 1686996.938905545510352 ], [ -481905.26926451921463, 1686990.830324516398832 ], [ -481986.576673193252645, 1687000.010294349165633 ], [ -482058.222495957743376, 1686984.692351114470512 ], [ -482195.487613127974328, 1686989.627414918970317 ], [ -482288.001789934525732, 1686986.981920696329325 ], [ -482403.645394333056174, 1686983.682568778749555 ], [ -482452.17000313103199, 1686969.019272457575426 ], [ -482501.439523556327913, 1686949.91581867961213 ], [ -482503.702035370515659, 1686936.579630461521447 ] ], [ [ -482496.645692047954071, 1693292.026317231357098 ], [ -482429.498170541308355, 1693339.908974229125306 ], [ -482318.14308124280069, 1693353.067220079479739 ], [ -482189.876805755426176, 1693331.546489101368934 ], [ -482101.416138262487948, 1693316.704251382499933 ], [ -481975.397831254696939, 1693254.619846795219928 ], [ -481952.578974118106999, 1693228.038559556938708 ], [ -481996.097442892321851, 1693212.58787704934366 ], [ -482065.412241110228933, 1693206.019822075497359 ], [ -482164.948413808713667, 1693209.076963688712567 ], [ -482293.214425075449981, 1693230.59774515312165 ], [ -482433.269789334677625, 1693263.195346542401239 ], [ -482496.645692047954071, 1693292.026317231357098 ] ], [ [ -482447.893485231907107, 1690032.576102140825242 ], [ -482427.573730041680392, 1690125.182542312657461 ], [ -482410.324302429100499, 1690172.57343513588421 ], [ -482369.94414588669315, 1690220.617966443533078 ], [ -482289.297039407421835, 1690261.855240400647745 ], [ -482219.902238010137808, 1690263.835175495129079 ], [ -482166.202514064323623, 1690254.753913620254025 ], [ -482104.30625606229296, 1690239.701768825994805 ], [ -482079.773015591898002, 1690194.389349989593029 ], [ -482083.543212637596298, 1690172.166920474264771 ], [ -482097.821090110228397, 1690115.127143705030903 ], [ -482107.635426186490804, 1690057.328316887840629 ], [ -482117.493490688735619, 1689972.106518578715622 ], [ -482109.348696602799464, 1689938.714171586092561 ], [ -482112.419287517957855, 1689893.498725994955748 ], [ -482160.289875948394183, 1689828.4207967761904 ], [ -482214.848920889664441, 1689778.200553588336334 ], [ -482273.073219947109465, 1689760.610885805217549 ], [ -482323.054014069959521, 1689764.493072289740667 ], [ -482384.89818655786803, 1689806.966611489187926 ], [ -482407.168784785317257, 1689865.61474339524284 ], [ -482439.145480393315665, 1689921.336528580170125 ], [ -482447.893485231907107, 1690032.576102140825242 ] ], [ [ -482370.309028681891505, 1690028.596800185041502 ], [ -482365.934203358774539, 1689972.981963485945016 ], [ -482355.58014773495961, 1689925.493826659861952 ], [ -482292.273224398959428, 1689864.474504905520007 ], [ -482244.556414571939968, 1689847.246926285326481 ], [ -482207.200172470125835, 1689877.518679081927985 ], [ -482175.771346895257011, 1689927.085457337554544 ], [ -482169.683524461521301, 1689990.084834062959999 ], [ -482167.36776380968513, 1690030.851729914080352 ], [ -482150.774089200480375, 1690128.658423975575715 ], [ -482149.213113413541578, 1690164.976748822489753 ], [ -482179.025857702479698, 1690179.169826161349192 ], [ -482241.676822097040713, 1690189.773416870972142 ], [ -482308.099477126204874, 1690178.144606694346294 ], [ -482345.517348685883917, 1690120.442735316930339 ], [ -482370.309028681891505, 1690028.596800185041502 ] ], [ [ -482369.022778862854466, 1671469.710865856846794 ], [ -482351.264377040090039, 1671594.845971822040156 ], [ -482293.818856869533192, 1671545.084233922418207 ], [ -482208.49549579678569, 1671495.717348282923922 ], [ -482129.889162241946906, 1671469.932893963996321 ], [ -482063.732546140498016, 1671496.728859531227499 ], [ -482035.198172208445612, 1671530.518597959773615 ], [ -482036.891943055612501, 1671581.091134441550821 ], [ -482085.950635065091774, 1671646.056002650177106 ], [ -482161.221566790249199, 1671749.391602418851107 ], [ -482255.625574160425458, 1671839.540784214390442 ], [ -482187.146490413695574, 1671938.497178215766326 ], [ -482131.362001881934702, 1671849.948821131605655 ], [ -482061.81085007468937, 1671775.588695243466645 ], [ -481967.407254606485367, 1671685.439342573052272 ], [ -481936.484175882942509, 1671612.681248945882544 ], [ -481943.175549026578665, 1671546.915677984943613 ], [ -481978.753520874481183, 1671475.343846708768979 ], [ -482048.934694287599996, 1671426.960850465344265 ], [ -482122.821497434750199, 1671418.357000436866656 ], [ -482257.177436576515902, 1671443.340634572785348 ], [ -482369.022778862854466, 1671469.710865856846794 ] ], [ [ -482308.777890654280782, 1695047.071984387701377 ], [ -482296.499767418717965, 1695109.991591197205707 ], [ -482269.18454370542895, 1695195.747203616658226 ], [ -482248.684115381562151, 1695231.908134890720248 ], [ -482217.628795764700044, 1695236.17179779917933 ], [ -482214.568279452505521, 1695216.629073006799445 ], [ -482223.923832844244316, 1695189.675145979505032 ], [ -482246.557785982033238, 1695122.153263084590435 ], [ -482265.543163141293917, 1695066.708794655511156 ], [ -482294.061528254242148, 1695030.310559584060684 ], [ -482308.777890654280782, 1695047.071984387701377 ] ], [ [ -482157.817980966006871, 1670603.955750895664096 ], [ -482152.818461101967841, 1670720.30515590752475 ], [ -482121.634789653413463, 1670887.622216656571254 ], [ -482071.890455454064067, 1670766.682144819060341 ], [ -482023.814725352625828, 1670606.965885749086738 ], [ -481971.706849997863173, 1670468.835291001480073 ], [ -481961.253309181134682, 1670316.112265660427511 ], [ -481936.68140479066642, 1670149.59376596682705 ], [ -481904.079287559143268, 1670024.294540393864736 ], [ -481908.715574405679945, 1669881.926504220347852 ], [ -481876.101640169043094, 1669758.593386848922819 ], [ -481851.555006556212902, 1669681.423992233816534 ], [ -481825.696607022022363, 1669671.036318898433819 ], [ -481814.627995497139636, 1669730.406892087077722 ], [ -481835.174366591731086, 1669918.513597134035081 ], [ -481824.380059092480224, 1670049.061657464597374 ], [ -481794.738235753553454, 1670201.45861334563233 ], [ -481766.779729271656834, 1670314.93969450192526 ], [ -481735.914211936469655, 1670391.504517343360931 ], [ -481685.563781169825234, 1670482.657785645220429 ], [ -481649.641726738598663, 1670526.247974986676127 ], [ -481622.769399480544962, 1670521.250896238256246 ], [ -481592.198736641847063, 1670476.475153509294614 ], [ -481557.934685968619306, 1670481.276738120475784 ], [ -481533.768257887393702, 1670521.451525294221938 ], [ -481459.24358639161801, 1670652.797460190951824 ], [ -481420.930388880427927, 1670589.826849003089592 ], [ -481398.390009531693067, 1670501.872996176825836 ], [ -481381.896611561824102, 1670381.529735103948042 ], [ -481410.433803125808481, 1670347.740511389449239 ], [ -481420.144980567216408, 1670265.778335622278973 ], [ -481435.238785559020471, 1670184.821277410024777 ], [ -481455.037833918468095, 1670138.240972303552553 ], [ -481493.318388434185181, 1670111.850716858170927 ], [ -481539.682533818879165, 1670131.637322788359597 ], [ -481590.75018294720212, 1670185.810853194212541 ], [ -481636.107310620893259, 1670210.999170547584072 ], [ -481677.746095921553206, 1670196.404841430252418 ], [ -481702.583168555574957, 1670122.836205936037004 ], [ -481714.6507696142653, 1670058.062925686594099 ], [ -481714.620013283099979, 1669968.701936434255913 ], [ -481690.397960249218158, 1669830.176359395496547 ], [ -481639.640772225393448, 1669714.633427208289504 ], [ -481622.476778349082451, 1669627.672368136001751 ], [ -481640.581865439016838, 1669530.517426845617592 ], [ -481705.050671544217039, 1669453.149246716173366 ], [ -481785.97813576326007, 1669406.762772494694218 ], [ -481905.212930864247028, 1669423.344477210426703 ], [ -481996.249747736670543, 1669501.698519125813618 ], [ -482044.994444006937556, 1669628.033582891337574 ], [ -482057.148477924813051, 1669831.332928866147995 ], [ -482103.241823838558048, 1670091.205475623020902 ], [ -482118.072039643942844, 1670250.325600282754749 ], [ -482133.907843161839992, 1670404.053563202731311 ], [ -482157.817980966006871, 1670603.955750895664096 ] ], [ [ -482108.604740515700541, 1672091.430222747847438 ], [ -482034.534109596337657, 1672211.395314770052209 ], [ -481993.9476311802282, 1672307.726289928890765 ], [ -481935.981141237018164, 1672308.530259895604104 ], [ -481876.388011163217016, 1672256.419487676117569 ], [ -481696.897176989528816, 1672271.773350092349574 ], [ -481621.341034426470287, 1672319.151441167341545 ], [ -481492.0445206364966, 1672356.546007406665012 ], [ -481597.427936915541068, 1672119.263718368951231 ], [ -481685.084732594841626, 1672096.462584234075621 ], [ -481755.953413219365757, 1672104.054391988087445 ], [ -481786.500394420174416, 1672059.471661689225584 ], [ -481793.543965957884211, 1672021.689944438869134 ], [ -481781.100714568106923, 1671969.120806452352554 ], [ -481749.482848278363235, 1671840.387691509677097 ], [ -481821.987319602863863, 1671719.844944482203573 ], [ -481874.065276416833512, 1671768.61479448643513 ], [ -481922.118727146706078, 1671838.971359502756968 ], [ -482077.682703485479578, 1672018.662612776271999 ], [ -482108.604740515700541, 1672091.430222747847438 ] ], [ [ -482073.300794213253539, 1695371.87950195511803 ], [ -482020.945149274542928, 1695426.441496641607955 ], [ -481943.503501052211504, 1695478.346321245189756 ], [ -481833.196191908034962, 1695535.783180978149176 ], [ -481765.888850762916263, 1695565.611882741097361 ], [ -481807.932071723858826, 1695506.672471823403612 ], [ -482022.491655200836249, 1695346.638257663464174 ], [ -482060.136265486245975, 1695355.38871989864856 ], [ -482073.300794213253539, 1695371.87950195511803 ] ], [ [ -482072.586736625235062, 1690046.831757606938481 ], [ -482059.002058182668407, 1690126.853015973931178 ], [ -482023.10146961157443, 1690175.658945318544284 ], [ -481966.979106159938965, 1690262.206935299793258 ], [ -481897.151637663133442, 1690109.27154131163843 ], [ -481851.74977489002049, 1689979.414342602714896 ], [ -481819.0992407684098, 1689808.745192591566592 ], [ -481793.296319318935275, 1689659.016391626792029 ], [ -481695.176869416085538, 1689504.314509487943724 ], [ -481607.426948304579128, 1689418.790230426937342 ], [ -481550.787617240392137, 1689363.587179180700332 ], [ -481453.067646811134182, 1689240.997394731966779 ], [ -481254.37694923375966, 1689023.472765396349132 ], [ -481066.630503707972821, 1688791.065419683698565 ], [ -480905.989088622212876, 1688646.846884479047731 ], [ -480865.822260668093804, 1688591.808022529818118 ], [ -480670.816321080783382, 1688411.027303218143061 ], [ -480567.298370841715951, 1688315.059980635996908 ], [ -480362.76692112814635, 1688132.227890645852312 ], [ -480581.807271608442534, 1688143.535378648899496 ], [ -480801.883685110136867, 1688148.76688694441691 ], [ -480963.73833814781392, 1688171.576837090309709 ], [ -481150.222841059556231, 1688184.844811829738319 ], [ -481330.38340432633413, 1688214.022858420852572 ], [ -481453.664731973665766, 1688295.639154721284285 ], [ -481553.522788280621171, 1688358.279884856427088 ], [ -481773.381302337103989, 1688508.041608751984313 ], [ -481816.902379857725464, 1688556.035019514383748 ], [ -481867.420639048097655, 1688611.744469252415001 ], [ -481936.513516026490834, 1688659.797719676978886 ], [ -482034.382723008980975, 1688766.293213131371886 ], [ -482028.066839742590673, 1688816.696435012156144 ], [ -481988.736261919722892, 1688872.292935151373968 ], [ -482007.579275658703409, 1688910.747398183681071 ], [ -482018.685659710608888, 1688953.797517280559987 ], [ -482008.880738238571212, 1689011.588859225157648 ], [ -482002.846152556769084, 1689047.157255042577162 ], [ -482016.97151951782871, 1689072.413337812526152 ], [ -482015.557607758266386, 1689097.301825330592692 ], [ -482014.655461356393062, 1689113.18076227651909 ], [ -481995.896087525703479, 1689169.469428118783981 ], [ -481936.865631255030166, 1689218.929514025337994 ], [ -481882.96048594743479, 1689319.576128238579258 ], [ -481872.993086795904674, 1689459.671737203374505 ], [ -481883.948818289034534, 1689585.007962757255882 ], [ -481904.764611346414313, 1689625.112002778565511 ], [ -481939.003211252507754, 1689667.49845175165683 ], [ -481981.190667881804984, 1689731.368384334724396 ], [ -481986.61440677777864, 1689739.579585435334593 ], [ -482034.93361489038216, 1689834.654866255121306 ], [ -482051.169581771129742, 1689928.871003780979663 ], [ -482072.586736625235062, 1690046.831757606938481 ] ], [ [ -482043.545019847224467, 1685001.54970825696364 ], [ -482041.750108717300463, 1684966.998692299239337 ], [ -482016.991286710952409, 1684932.367991129867733 ], [ -481958.676060023659375, 1684914.892275787889957 ], [ -481920.825052058848087, 1684912.294183768099174 ], [ -481876.063339746149722, 1684950.384999940404668 ], [ -481857.410418400831986, 1684970.061100372811779 ], [ -481857.361157156294212, 1684992.87928088195622 ], [ -481869.74868718610378, 1685010.195962228812277 ], [ -481898.902333903883118, 1685018.933240544516593 ], [ -481939.21844044077443, 1685029.563965602777898 ], [ -481976.448578215029556, 1685035.862258589128032 ], [ -482019.280718464055099, 1685031.697422885801643 ], [ -482043.545019847224467, 1685001.54970825696364 ] ], [ [ -481757.11709814221831, 1673703.52682743454352 ], [ -481696.232706996088382, 1673728.628948360914364 ], [ -481584.42687931121327, 1673751.698776907753199 ], [ -481459.026743060909212, 1673775.622033928520977 ], [ -481358.781302316347137, 1673790.728722003521398 ], [ -481266.035876470035873, 1673783.614517648238689 ], [ -481198.660068205732387, 1673784.583669636165723 ], [ -481162.94186644628644, 1673777.939316582167521 ], [ -481130.874575730995275, 1673751.736381159164011 ], [ -481188.89723571727518, 1673641.288332141004503 ], [ -481167.753996561281383, 1673589.89828117354773 ], [ -481151.918047053564806, 1673566.7036280434113 ], [ -481119.439848286972847, 1673560.674035370117053 ], [ -481075.611261525133159, 1673579.516106969211251 ], [ -481007.454171374207363, 1673674.8086016937159 ], [ -480945.371990993269719, 1673737.494514715857804 ], [ -480904.999206200242043, 1673773.851215708535165 ], [ -480865.61536406801315, 1673732.792955530108884 ], [ -480920.802095630380791, 1673689.070444565266371 ], [ -480987.740845656371675, 1673600.290710223373026 ], [ -481113.730309523001779, 1673465.138857803074643 ], [ -481175.666183859284502, 1673397.831401695730165 ], [ -481218.713500360958278, 1673584.530145105673 ], [ -481257.654780535667669, 1673524.757786188973114 ], [ -481260.891105588001665, 1673576.845879073720425 ], [ -481283.434700912388507, 1673618.151685490272939 ], [ -481325.45995107589988, 1673663.072377937380224 ], [ -481355.495360567467287, 1673682.156377634964883 ], [ -481420.440382716711611, 1673694.223328323569149 ], [ -481489.24118935019942, 1673703.639812799170613 ], [ -481559.040916721336544, 1673689.62273688102141 ], [ -481624.171506046433933, 1673664.624667921569198 ], [ -481704.595641601656098, 1673632.432171166175976 ], [ -481757.11709814221831, 1673703.52682743454352 ] ], [ [ -481366.162857699266169, 1691934.760406788205728 ], [ -481361.098803270608187, 1692048.223534841090441 ], [ -481311.304974446713459, 1691913.483848400879651 ], [ -481253.771899796905927, 1691717.27089024009183 ], [ -481166.676332887087483, 1691588.25128668663092 ], [ -481106.964270137541462, 1691511.980493334122002 ], [ -481202.034133307286538, 1691463.944633368868381 ], [ -481259.295596830255818, 1691473.634463464375585 ], [ -481317.837385086284485, 1691525.3326949714683 ], [ -481342.09344239695929, 1691679.900279135676101 ], [ -481366.162857699266169, 1691934.760406788205728 ] ], [ [ -481017.17308224219596, 1693662.678144373930991 ], [ -481002.252481046016328, 1693750.605838338145986 ], [ -480942.984729616553523, 1693876.261737275170162 ], [ -480937.923862174793612, 1693950.780177249573171 ], [ -480972.231792436272372, 1694016.892021580133587 ], [ -480984.415025652269833, 1694079.251012817490846 ], [ -480919.104075763607398, 1694151.115158790489659 ], [ -480844.010198350006249, 1694191.170218478189781 ], [ -480885.69417182757752, 1694258.53006209526211 ], [ -480867.129020701104309, 1694323.225357562070712 ], [ -480815.406384146132041, 1694359.705756137613207 ], [ -480745.289076606568415, 1694370.448778262827545 ], [ -480689.921187827188987, 1694383.697070239344612 ], [ -480440.952376182016451, 1694017.441763115581125 ], [ -480426.095152985188179, 1693869.178165456978604 ], [ -480415.597319674678147, 1693764.412349541438743 ], [ -480467.40454311715439, 1693682.725475289626047 ], [ -480589.244112303829752, 1693635.502331391908228 ], [ -480666.66033614432672, 1693671.215217389166355 ], [ -480728.072799156594556, 1693711.748898080550134 ], [ -480816.593666629167274, 1693726.734990573721007 ], [ -480850.277170550019946, 1693711.803053859388456 ], [ -480890.442698534228839, 1693693.997644113609567 ], [ -480975.396266902273055, 1693640.533542691497132 ], [ -481017.17308224219596, 1693662.678144373930991 ] ], [ [ -480828.901148755860049, 1691955.520402641734108 ], [ -480784.129112134105526, 1692080.558810844318941 ], [ -480754.702657532528974, 1692161.388226959854364 ], [ -480754.440291720326059, 1692301.74675984820351 ], [ -480604.520925371383782, 1692167.175999520812184 ], [ -480351.507536767632701, 1692038.553950594505295 ], [ -480431.970383828447666, 1691888.352857133606449 ], [ -480433.523231344704982, 1691740.409178912639618 ], [ -480401.965058651927393, 1691602.459391758078709 ], [ -480325.810241637344006, 1691495.958102312404662 ], [ -480258.578993890259881, 1691383.173845403827727 ], [ -480168.624546521052253, 1691172.935255535179749 ], [ -480031.67026108095888, 1690915.73287559999153 ], [ -479869.064803401241079, 1690763.406138547696173 ], [ -479710.060996467946097, 1690728.696860634023324 ], [ -479505.161080747726373, 1690733.028634601272643 ], [ -479354.982236083771568, 1690738.81399534875527 ], [ -479209.859654811909422, 1690761.05970526766032 ], [ -479110.625379284028895, 1690744.262332888552919 ], [ -478972.033341304399073, 1690681.803803546819836 ], [ -478893.311143854691181, 1690590.470172367990017 ], [ -478838.952489915187471, 1690401.854201290057972 ], [ -478821.65050331299426, 1690133.697609326569363 ], [ -478878.199395079398528, 1689846.832720088073984 ], [ -478951.29858826630516, 1689554.974066169001162 ], [ -478937.773885847534984, 1689310.851039342582226 ], [ -478870.726487910142168, 1689104.479038221761584 ], [ -478740.035156667523552, 1688902.945352651178837 ], [ -478653.757781851512846, 1688752.062627598410472 ], [ -478785.967281563673168, 1688510.737858216278255 ], [ -478978.882485630863812, 1688737.415898286970332 ], [ -479056.745370369462762, 1688856.373329660622403 ], [ -479084.714217805012595, 1689000.280589192872867 ], [ -479099.6213704799884, 1689190.029179365606979 ], [ -479121.710322837170679, 1689615.013975007459521 ], [ -479190.976843761862256, 1689993.378326458623633 ], [ -479289.663582861830946, 1690290.91847811662592 ], [ -479387.516858225222677, 1690362.080426270375028 ], [ -479457.11405003129039, 1690391.239686108427122 ], [ -479565.565144101798069, 1690423.420333872316405 ], [ -479677.484221145510674, 1690457.957922583213076 ], [ -479905.197365057480056, 1690504.290183114819229 ], [ -480050.227392599335872, 1690528.832810347899795 ], [ -480154.509775346552487, 1690562.087960079545155 ], [ -480245.934943626984023, 1690671.163658516248688 ], [ -480271.052428286289796, 1690847.039092682301998 ], [ -480336.645810348563828, 1691154.560822143685073 ], [ -480413.907016404729802, 1691347.0572618865408 ], [ -480450.695686319028027, 1691407.887401422020048 ], [ -480535.860134593909606, 1691461.294955275952816 ], [ -480629.856933536648285, 1691555.208614177070558 ], [ -480721.366170624445658, 1691617.501524759456515 ], [ -480794.86210795637453, 1691785.951928720111027 ], [ -480828.901148755860049, 1691955.520402641734108 ] ], [ [ -480776.777276685344987, 1693280.5954924155958 ], [ -480769.227713144326117, 1693369.823465484194458 ], [ -480768.968956076656468, 1693372.881958754733205 ], [ -480747.1783416600083, 1693455.001109696924686 ], [ -480664.319422988162842, 1693526.781294270884246 ], [ -480615.944040953705553, 1693534.193689751671627 ], [ -480554.874220538767986, 1693523.864519004011527 ], [ -480409.927525711013004, 1693452.534752959385514 ], [ -480281.533970439690165, 1693376.202205880079418 ], [ -480252.239046920149121, 1693356.510808893712237 ], [ -480204.002268500044011, 1693324.08705980470404 ], [ -480121.316394724417478, 1693302.288745987229049 ], [ -480033.58028074062895, 1693264.041683427290991 ], [ -480023.5475750748883, 1693184.342047639191151 ], [ -480051.768276385439094, 1693064.308975310996175 ], [ -480144.924961096839979, 1692931.862409426597878 ], [ -480227.957677206431981, 1692766.503757517552003 ], [ -480235.858125996950548, 1692627.427937641274184 ], [ -480224.718386909982655, 1692461.734351871302351 ], [ -480240.254585866525304, 1692323.949521509232 ], [ -480346.945211596670561, 1692435.614377710735425 ], [ -480481.684441921010148, 1692520.813411670038477 ], [ -480596.184931871830486, 1692540.1902433661744 ], [ -480701.851222759229131, 1692519.070774399675429 ], [ -480709.305502038449049, 1692613.939825606765226 ], [ -480655.609970816469286, 1692745.259897136827931 ], [ -480640.165431544126477, 1692836.255555039737374 ], [ -480639.992420336173382, 1692929.834069022675976 ], [ -480719.921301455935463, 1693060.357430066913366 ], [ -480769.404767460888252, 1693138.937549471156672 ], [ -480776.777276685344987, 1693280.5954924155958 ] ], [ [ -480523.074542645132169, 1693300.426875956123695 ], [ -480517.365913793328218, 1693258.94450048240833 ], [ -480483.11411917762598, 1693235.414510517381132 ], [ -480455.076617637474556, 1693205.350017619784921 ], [ -480447.786886514746584, 1693128.139367037918419 ], [ -480435.115353509550914, 1693052.551435151603073 ], [ -480398.866963100619614, 1692995.769449429120868 ], [ -480358.875059592421167, 1692945.946964741451666 ], [ -480341.141128717747051, 1692930.281071948353201 ], [ -480310.569346242875326, 1692930.171857787529007 ], [ -480281.602324287930969, 1692950.599470624001697 ], [ -480272.764900532027241, 1692990.70626084972173 ], [ -480286.663625893590506, 1693053.597297625383362 ], [ -480287.08038823294919, 1693113.607108224416152 ], [ -480304.34673050645506, 1693162.111254217801616 ], [ -480353.042825950833503, 1693190.611334700835869 ], [ -480400.912963033013511, 1693224.034471937688068 ], [ -480423.997102497902233, 1693253.26775036402978 ], [ -480432.598554453637917, 1693292.709856199333444 ], [ -480446.159832677920349, 1693332.994293176103383 ], [ -480470.436826767981984, 1693385.220805769553408 ], [ -480492.742142421484459, 1693388.994400983676314 ], [ -480518.357296560308896, 1693369.454918224131688 ], [ -480523.074542645132169, 1693300.426875956123695 ] ], [ [ -480034.702655875997152, 1686409.249639798188582 ], [ -480018.964027036970947, 1686501.939614234725013 ], [ -479940.943065457860939, 1686631.77566885901615 ], [ -479796.781770042260177, 1686774.259777211584151 ], [ -479612.530360226577614, 1686870.226434460142627 ], [ -479586.031946760136634, 1686898.162904188036919 ], [ -479554.074270750163123, 1686931.854775871150196 ], [ -479371.224311622267123, 1686972.431723756249994 ], [ -479254.595627226284705, 1686952.693700024625286 ], [ -479333.753938945243135, 1686910.457665973342955 ], [ -479436.327665313379839, 1686824.511568408925086 ], [ -479548.076114043418784, 1686684.49101092107594 ], [ -479659.637835402565543, 1686639.800439923070371 ], [ -479701.684737154573668, 1686617.652961681829765 ], [ -479773.826600683503784, 1686579.653456750325859 ], [ -479855.600144883734174, 1686521.978637512540445 ], [ -479929.602033573726658, 1686462.979092641966417 ], [ -480007.62296739948215, 1686333.1426077040378 ], [ -480034.702655875997152, 1686409.249639798188582 ] ], [ [ -479819.250183096330147, 1696932.902744053397328 ], [ -479754.057824686227832, 1697085.674677027622238 ], [ -479697.96193647198379, 1697138.581146698677912 ], [ -479591.079486392904073, 1697120.5026021564845 ], [ -479491.924617801443674, 1697056.919952281285077 ], [ -479358.375203947827686, 1697010.914843963459134 ], [ -479269.433907377941068, 1696933.465676977997646 ], [ -479153.896951732458547, 1696781.320853642420843 ], [ -479028.24724971014075, 1696596.247125131776556 ], [ -479003.121765868505463, 1696420.395142371300608 ], [ -479125.528518530656584, 1696300.706308658700436 ], [ -479384.166309590567835, 1696030.239975374657661 ], [ -479497.894138941250276, 1695911.309534914093092 ], [ -479633.074737412389368, 1695762.581367406062782 ], [ -479649.013387621496804, 1696085.088376617990434 ], [ -479676.627113868191373, 1696292.569750342983752 ], [ -479700.464903188636526, 1696476.005890799453482 ], [ -479781.606214097177144, 1696645.738397434586659 ], [ -479801.586796013813, 1696851.916555100586265 ], [ -479819.250183096330147, 1696932.902744053397328 ] ], [ [ -479750.407201999565586, 1688467.173840729054064 ], [ -479746.410566431004554, 1688655.769812461454421 ], [ -479698.431639419868588, 1688575.285367222269997 ], [ -479651.010442098719068, 1688442.00042253988795 ], [ -479595.820609974383842, 1688338.017583263805136 ], [ -479594.582813420624007, 1688337.06678922357969 ], [ -479521.460407403123099, 1688280.900990317342803 ], [ -479606.944015045417473, 1688269.425906895427033 ], [ -479613.208980033174157, 1688268.584937259322032 ], [ -479701.15335015830351, 1688344.709852579748258 ], [ -479750.407201999565586, 1688467.173840729054064 ] ], [ [ -479464.69044691574527, 1686156.271361070685089 ], [ -479250.30357322038617, 1686355.476556467125192 ], [ -478922.497000274946913, 1686557.904321363195777 ], [ -478751.924446268647444, 1686659.038698797579855 ], [ -478471.66177777480334, 1686306.700690999859944 ], [ -478632.354760766844265, 1686206.038812794955447 ], [ -478840.930319703475107, 1686174.059042035834864 ], [ -479031.011848118097987, 1686251.075524208834395 ], [ -479272.507040705590043, 1686224.671768136322498 ], [ -479464.69044691574527, 1686156.271361070685089 ] ], [ [ -479403.53629529918544, 1688648.59038183814846 ], [ -479393.154513792076614, 1688756.043520306004211 ], [ -479305.417711502872407, 1688717.792562721297145 ], [ -479164.61489550274564, 1688483.336016921792179 ], [ -479075.079445292300079, 1688381.295896920841187 ], [ -478927.697111227957066, 1688213.328665677458048 ], [ -479078.270714654587209, 1688205.855304772267118 ], [ -479204.655500200111419, 1688194.281036832602695 ], [ -479323.891013568500057, 1688377.672704227035865 ], [ -479337.925786413485184, 1688425.41307244473137 ], [ -479403.53629529918544, 1688648.59038183814846 ] ], [ [ -478846.370353082194924, 1672243.973582830047235 ], [ -478793.441734305466525, 1672321.204228803981096 ], [ -478731.796305780706462, 1672445.179052371531725 ], [ -478693.999676884268411, 1672544.573922785464674 ], [ -478599.745754833915271, 1672585.095096849370748 ], [ -478578.728436815494206, 1672631.134085002355278 ], [ -478567.17660156841157, 1672656.438795189606026 ], [ -478542.775337891827803, 1672787.345694152172655 ], [ -478588.785875057394151, 1672902.322126835118979 ], [ -478614.428516623331234, 1673023.183416902786121 ], [ -478614.63342336891219, 1673031.062939358642325 ], [ -478617.967074711516034, 1673159.27762153162621 ], [ -478602.872788016567938, 1673291.918567673536018 ], [ -478608.156208276108373, 1673418.665542954811826 ], [ -478607.605885298340581, 1673524.981786262243986 ], [ -478556.034912436152808, 1673484.858861105050892 ], [ -478490.360295323422179, 1673291.39466662472114 ], [ -478448.559255782165565, 1673175.74556678137742 ], [ -478440.009009285131469, 1673098.139826005557552 ], [ -478424.886405243072659, 1672960.880410478916019 ], [ -478402.155267879250459, 1672847.975699752336368 ], [ -478426.959422178100795, 1672736.78093566163443 ], [ -478439.434545722964685, 1672712.902646175120026 ], [ -478500.615501768479589, 1672595.797896451782435 ], [ -478574.095157141098753, 1672464.231602875515819 ], [ -478667.759319467295427, 1672375.23099048063159 ], [ -478846.370353082194924, 1672243.973582830047235 ] ], [ [ -478736.323350615391973, 1672059.047844876069576 ], [ -478651.72408150380943, 1672112.28091198974289 ], [ -478570.994403511285782, 1672159.446164315100759 ], [ -478490.792242273455486, 1672187.532350138062611 ], [ -478279.023693590832409, 1672341.643592672189698 ], [ -478191.184550920268521, 1672451.07332422840409 ], [ -478180.729331363225356, 1672507.175489154877141 ], [ -478149.308569780143443, 1672520.681808800203726 ], [ -478096.930539352644701, 1672491.593865002505481 ], [ -478004.964431055355817, 1672416.448599896160886 ], [ -477918.217896304966416, 1672313.250490749021992 ], [ -477859.419105134555139, 1672215.24189106724225 ], [ -477753.46252597856801, 1672060.092096515698358 ], [ -477657.012024321651552, 1671773.825331616448238 ], [ -477613.13065715203993, 1671591.299373815534636 ], [ -477551.90027897618711, 1671339.710876992670819 ], [ -477560.984454887511674, 1671086.462945408187807 ], [ -477591.619835567136761, 1671008.613637281581759 ], [ -477603.21806534769712, 1671280.494395045796409 ], [ -477635.14626014692476, 1671437.807965897955 ], [ -477677.415829147619661, 1671604.437437831889838 ], [ -477841.847002955328207, 1671844.332289506448433 ], [ -477962.3458117460832, 1671973.167587278410792 ], [ -478068.845782273216173, 1672021.997436977224424 ], [ -478232.967579833406489, 1672071.866543418727815 ], [ -478351.67757278541103, 1672055.23820523917675 ], [ -478442.448280444019474, 1672033.42158753843978 ], [ -478465.701180025818758, 1671960.350943229161203 ], [ -478503.746742711577099, 1671922.670391415245831 ], [ -478541.336821887409315, 1671931.974842608440667 ], [ -478591.359669524885248, 1672017.469964316580445 ], [ -478736.323350615391973, 1672059.047844876069576 ] ], [ [ -478338.449139917676803, 1689665.996971576474607 ], [ -478290.44895365886623, 1689747.363145400537178 ], [ -478198.765909524692688, 1689778.649446214549243 ], [ -478084.268333589076065, 1689759.279933415818959 ], [ -478015.568168392579537, 1689747.647866134298965 ], [ -477943.10031549242558, 1689711.980184404412284 ], [ -477844.05232721491484, 1689601.611782176420093 ], [ -477727.249812339141499, 1689457.02837012684904 ], [ -477685.502781624905765, 1689332.944903023308143 ], [ -477641.35564935952425, 1689130.447775974404067 ], [ -477616.828521480376367, 1688996.837099687196314 ], [ -477870.678131496359129, 1689113.966187386540696 ], [ -478074.973366827412974, 1689132.055115111637861 ], [ -478197.672183984832373, 1689096.925644492497668 ], [ -478322.448045639961492, 1689427.820078862365335 ], [ -478338.449139917676803, 1689665.996971576474607 ] ], [ [ -478255.636183044698555, 1672783.884786546928808 ], [ -478207.660919602320064, 1672792.663587924558669 ], [ -478044.424137592024636, 1672600.86752466019243 ], [ -477878.915057272126433, 1672479.23011106508784 ], [ -477893.870217160321772, 1672598.957757961936295 ], [ -477930.564974449225701, 1672712.198733605677262 ], [ -477894.514091473713052, 1672802.236315541435033 ], [ -477827.135267840174492, 1672867.329056779854 ], [ -477766.101663528941572, 1672858.573043939191848 ], [ -477814.198290324420668, 1672767.950291499262676 ], [ -477820.573191079893149, 1672682.072170356288552 ], [ -477803.64230539923301, 1672514.454377530841157 ], [ -477818.736172232369427, 1672381.82194176944904 ], [ -477863.543971792445518, 1672399.827030403306708 ], [ -478050.965769068745431, 1672531.424821150721982 ], [ -478116.941051756497473, 1672583.850464765215293 ], [ -478189.964699994714465, 1672590.408391454489902 ], [ -478228.061760275042616, 1672623.287956653628498 ], [ -478255.636183044698555, 1672783.884786546928808 ] ], [ [ -478156.023950669332407, 1672311.413588863564655 ], [ -478144.144663158804178, 1672231.379096471006051 ], [ -478110.403708592464682, 1672195.212304769316688 ], [ -478062.43520132539561, 1672204.002300453837961 ], [ -478053.116806133009959, 1672241.828104838496074 ], [ -478081.351677504659165, 1672316.369508855976164 ], [ -478111.272389021003619, 1672351.986064727418125 ], [ -478143.436840114474762, 1672344.854996309382841 ], [ -478156.023950669332407, 1672311.413588863564655 ] ], [ [ -478065.821232615679037, 1685022.443315712036565 ], [ -478030.425693094264716, 1685145.768161890096962 ], [ -477982.947622321720701, 1685311.190056689316407 ], [ -477898.347530407423619, 1685543.564051053021103 ], [ -477929.705370062845759, 1685736.996479566441849 ], [ -477771.365846346539911, 1685594.826927414396778 ], [ -477516.272272563888691, 1685436.273645069682971 ], [ -477215.722403749881778, 1685154.64807677664794 ], [ -477047.446956070198212, 1684985.209727789275348 ], [ -477038.634697768022306, 1684976.336564018158242 ], [ -476779.65817048388999, 1684742.956154412124306 ], [ -476684.66081902111182, 1684520.849509357940406 ], [ -476527.78524225752335, 1684321.224466619547457 ], [ -476365.368573956598993, 1684203.077593389200047 ], [ -476291.742150307516567, 1684038.123150732601061 ], [ -476372.502944647101685, 1683894.795729813165963 ], [ -476502.306488851434551, 1683927.980081593617797 ], [ -476554.635496586910449, 1684026.590807486791164 ], [ -476604.215456005476881, 1684159.710432789055631 ], [ -476667.125988529005554, 1684249.333029491361231 ], [ -476729.959414977172855, 1684264.101552456850186 ], [ -476910.923096772690769, 1684317.111998620675877 ], [ -476953.287140620115679, 1684329.521806543925777 ], [ -477328.004619455256034, 1684449.024524366017431 ], [ -477574.207539223018102, 1684490.697922244202346 ], [ -477668.100365975406021, 1684506.590336684836075 ], [ -477889.915590129035991, 1684642.200922162504867 ], [ -477964.99312108400045, 1684762.716595493489876 ], [ -478035.023432356480043, 1684871.458639713935554 ], [ -478065.821232615679037, 1685022.443315712036565 ] ], [ [ -477727.539737248560414, 1694430.899113553809002 ], [ -477722.294144311919808, 1694482.583132851868868 ], [ -477695.396185781864915, 1694495.556220892816782 ], [ -477657.133774726826232, 1694471.555520178051665 ], [ -477616.632047621533275, 1694419.141916177002713 ], [ -477537.414828223176301, 1694201.329869407927617 ], [ -477526.20834620622918, 1694162.018948365235701 ], [ -477544.558611432672478, 1694137.09203758998774 ], [ -477598.663932339171879, 1694132.469074796419591 ], [ -477634.303539337532129, 1694148.776983006158844 ], [ -477665.090536985662766, 1694196.040506608551368 ], [ -477696.37550520937657, 1694281.943425415083766 ], [ -477727.539737248560414, 1694430.899113553809002 ] ], [ [ -477198.469871693465393, 1689865.507396566681564 ], [ -477052.968656288692728, 1689918.698255417635664 ], [ -476891.341232489270624, 1690062.377453127643093 ], [ -476880.560563982813619, 1690097.155604456784204 ], [ -476843.672796185128391, 1690216.153671409003437 ], [ -476839.61581766459858, 1690229.241430603899062 ], [ -476832.305394303519279, 1690235.35045460681431 ], [ -476773.434950200899038, 1690284.546634398167953 ], [ -476681.970187972823624, 1690264.455909002106637 ], [ -476619.884173788537737, 1690148.807629215298221 ], [ -476685.220041553722695, 1690032.778989596059546 ], [ -476695.320795593375806, 1689942.01952148322016 ], [ -476651.223339244257659, 1689929.484117159852758 ], [ -476631.610691767360549, 1689969.852912420872599 ], [ -476569.445985592610668, 1690095.533733448246494 ], [ -476508.313936024380382, 1690141.136249012080953 ], [ -476459.637788660707884, 1690046.2824538317509 ], [ -476527.617233750876039, 1689931.843811654020101 ], [ -476532.686561231210362, 1689871.057959401980042 ], [ -476459.789230595168192, 1689923.034508416661993 ], [ -476409.784161016053986, 1689976.276995584135875 ], [ -476350.686700342863332, 1689976.632666230900213 ], [ -476287.843038184859324, 1689981.589895841898397 ], [ -476257.03458370215958, 1689984.020119569962844 ], [ -476146.691998077556491, 1690029.710181084927171 ], [ -476028.460397575516254, 1690061.222887398209423 ], [ -475955.145167001173832, 1690115.684805209515616 ], [ -475928.860544143768493, 1690165.209373338613659 ], [ -475898.383954916207585, 1690239.705103937769309 ], [ -475860.900807650468778, 1690264.230859621893615 ], [ -475768.103762666054536, 1690251.229251928627491 ], [ -475702.820440933399368, 1690212.017757096095011 ], [ -475689.574220886046533, 1690153.290646490640938 ], [ -475740.222597777494229, 1690011.34784210473299 ], [ -475740.299159097135998, 1690011.133415106683969 ], [ -475748.090077735658269, 1689957.652037879917771 ], [ -475638.360536742955446, 1689846.765458193141967 ], [ -475611.15256140078418, 1689641.674989311257377 ], [ -475674.6161599647603, 1689424.426203328184783 ], [ -475677.607734127494041, 1689414.185498489299789 ], [ -475580.258107604924589, 1689061.403263674350455 ], [ -475656.373408865940291, 1688976.561586420051754 ], [ -475759.218558383639902, 1688769.70586746931076 ], [ -475813.740315337665379, 1688725.620640741661191 ], [ -475878.180822825059295, 1688733.781022772425786 ], [ -475931.058785656583495, 1688821.226978069636971 ], [ -475896.027503112447448, 1688961.060961421811953 ], [ -475862.842682707472704, 1689089.995176234282553 ], [ -475877.384710183599964, 1689137.315327749820426 ], [ -475984.829586751409806, 1689078.095817847410217 ], [ -476001.904760167002678, 1689068.684562999522313 ], [ -476264.035368950280827, 1688787.884450274752453 ], [ -476583.395213262469042, 1689167.121528200572357 ], [ -476963.035963225818705, 1689590.183260184479877 ], [ -477198.469871693465393, 1689865.507396566681564 ] ], [ [ -477072.682441198441666, 1681343.887775877257809 ], [ -477039.135970030038152, 1681424.053526317700744 ], [ -476989.524209571070969, 1681542.610218163346872 ], [ -476849.27789904322708, 1681701.710284466156736 ], [ -476826.298611652106047, 1681727.778697818983346 ], [ -476685.937892514280975, 1681826.793796040117741 ], [ -476592.26024989731377, 1681941.883856690488756 ], [ -476581.307266812829766, 1681952.216893546283245 ], [ -476445.146768123260699, 1682080.671065278118476 ], [ -476350.123723307275213, 1682203.721749685937539 ], [ -476301.587820342858322, 1682441.043307021493092 ], [ -476290.710021246457472, 1682466.725818543694913 ], [ -476246.597517171292566, 1682570.875002124579623 ], [ -476180.141822782927193, 1682428.669103486696258 ], [ -476162.423987651302014, 1682389.29959586285986 ], [ -476084.45337469043443, 1682216.045616836985573 ], [ -476073.943789357086644, 1682132.417171735316515 ], [ -476167.614210312371142, 1682017.327039782889187 ], [ -476235.917065764253493, 1681906.114493913482875 ], [ -476248.030964974954259, 1681834.797592353075743 ], [ -476248.079887018597219, 1681834.509797370061278 ], [ -476145.638849666051101, 1681661.668091191211715 ], [ -476083.232618663576432, 1681495.59789521060884 ], [ -476086.446881118172314, 1681403.357916333479807 ], [ -476087.485921066429, 1681373.539826007559896 ], [ -476142.474675927835051, 1681243.715885408222675 ], [ -476232.09662774077151, 1681152.48683790396899 ], [ -476338.482372702506837, 1681066.090869796229526 ], [ -476583.520473991986364, 1680974.625170599669218 ], [ -476770.576126274710987, 1680891.706809699069709 ], [ -476781.194452952127904, 1680886.277754975715652 ], [ -477023.121898613753729, 1680762.580525982426479 ], [ -477063.91864444053499, 1681055.943970971973613 ], [ -477072.682441198441666, 1681343.887775877257809 ] ], [ [ -476643.178033344564028, 1688072.187425057403743 ], [ -476548.547225383634213, 1688305.797482367837802 ], [ -476167.273385280102957, 1688693.010788321495056 ], [ -476046.717674209969118, 1688605.331876378506422 ], [ -475753.383470343134832, 1688442.438457246171311 ], [ -475956.708434420579579, 1688270.841283293673769 ], [ -476059.197003255598247, 1688106.895103744231164 ], [ -476152.266259192139842, 1687949.594548463122919 ], [ -476217.351576171233319, 1687663.9526272052899 ], [ -476317.080032597703394, 1687587.921668113442138 ], [ -476477.279578276269604, 1687661.845358637627214 ], [ -476611.821003002172802, 1687840.648104043211788 ], [ -476643.178033344564028, 1688072.187425057403743 ] ], [ [ -476619.410199078905862, 1670494.722026273841038 ], [ -476511.8058612527675, 1670658.530769070843235 ], [ -476328.562484532652888, 1670866.318680114578456 ], [ -476255.403213698707987, 1670907.031504255486652 ], [ -476337.357556729810312, 1670769.966636138502508 ], [ -476619.410199078905862, 1670494.722026273841038 ] ], [ [ -476129.21465181291569, 1683359.207015100866556 ], [ -476092.410248730506282, 1683576.001462467480451 ], [ -476063.104725996614434, 1683670.028275263262913 ], [ -476031.011158223962411, 1683676.165328113827854 ], [ -476001.487596357997973, 1683655.737145563354716 ], [ -475956.236187029397115, 1683636.503442545654252 ], [ -475893.619521329936106, 1683650.978538414463401 ], [ -475888.321425849106163, 1683625.010004634270445 ], [ -475897.213654285005759, 1683584.095609422074631 ], [ -475920.261834207165521, 1683539.795289361849427 ], [ -475955.220386786619201, 1683516.790914519224316 ], [ -475988.285779550438747, 1683493.458525526570156 ], [ -476031.767794405459426, 1683454.546742243459448 ], [ -476077.4790650633513, 1683402.505947768222541 ], [ -476129.21465181291569, 1683359.207015100866556 ] ], [ [ -475868.285348321194761, 1681914.42740248539485 ], [ -475863.999844837351702, 1681939.954471383010969 ], [ -475813.637711630610283, 1681979.60903596249409 ], [ -475763.202423775161151, 1682071.744306512642652 ], [ -475729.81216129346285, 1682140.494692890904844 ], [ -475735.422117848298512, 1682185.173842018004507 ], [ -475761.567409863113426, 1682237.673341881250963 ], [ -475846.445430510910228, 1682356.899152043508366 ], [ -475864.092909296683501, 1682407.971757602412254 ], [ -475844.954692248080391, 1682417.876817875076085 ], [ -475774.182724911021069, 1682344.766743230400607 ], [ -475698.492471155594103, 1682248.957131618168205 ], [ -475637.585461894166656, 1682221.230096038198099 ], [ -475644.012957658793312, 1682182.944727616617456 ], [ -475693.051212372432929, 1682073.084351976169273 ], [ -475746.301802612375468, 1681990.177433002740145 ], [ -475818.667940101993736, 1681923.597963051404804 ], [ -475868.285348321194761, 1681914.42740248539485 ] ], [ [ -475405.261982900381554, 1682147.231627410277724 ], [ -475401.690334587765392, 1682168.505704401759431 ], [ -475315.280932355031837, 1682136.496568776201457 ], [ -475229.616667905880604, 1682074.003227260662243 ], [ -475117.062848218833096, 1681989.493857904803008 ], [ -475061.835744770360179, 1681953.984730462543666 ], [ -475033.738219327467959, 1681943.838789365487173 ], [ -475016.5138254504418, 1681937.619177025277168 ], [ -474976.822217412409373, 1681939.710400479845703 ], [ -474923.675319068308454, 1681943.90473222406581 ], [ -474881.168518071994185, 1681936.767481078160927 ], [ -474852.127084859122988, 1681927.518426113761961 ], [ -474811.795258377853315, 1681881.381638910621405 ], [ -474775.790152006375138, 1681783.478178990771994 ], [ -474751.065826043544803, 1681722.471029198495671 ], [ -474744.606673709931783, 1681714.50093828747049 ], [ -474689.517683578655124, 1681646.524992364225909 ], [ -474590.838096538092941, 1681590.093285378301516 ], [ -474543.363855763862375, 1681470.215857587289065 ], [ -474614.576889218878932, 1681520.219482582528144 ], [ -474647.116183482401539, 1681560.675511724082753 ], [ -474690.336686732189264, 1681563.560035283910111 ], [ -474719.977466569980606, 1681581.615283464314416 ], [ -474789.46499524457613, 1681623.942471796879545 ], [ -474849.585136129579041, 1681708.394164992962033 ], [ -474908.309923161170445, 1681775.11037557432428 ], [ -474980.531257267517503, 1681813.483337071258575 ], [ -475032.007200550637208, 1681822.126511073671281 ], [ -475048.548501778801437, 1681824.903903061058372 ], [ -475092.442406459245831, 1681849.775171473855153 ], [ -475118.627790162048768, 1681876.035339301452041 ], [ -475161.101924230228178, 1681909.41352989571169 ], [ -475243.900123540137429, 1681988.926872470183298 ], [ -475303.380355758708902, 1682025.149931916734204 ], [ -475328.103752155380789, 1682086.166693470207974 ], [ -475357.104672056506388, 1682121.655203864444047 ], [ -475405.261982900381554, 1682147.231627410277724 ] ], [ [ -475272.368878774926998, 1678093.333640489028767 ], [ -475271.965847431507427, 1678133.129802944138646 ], [ -475263.507740284956526, 1678178.472733746515587 ], [ -475243.752947909059003, 1678184.185600054450333 ], [ -475227.753245948813856, 1678111.76523221260868 ], [ -475187.779500851640478, 1678054.79967710794881 ], [ -475161.719219320919365, 1678035.224891563877463 ], [ -475100.325194076052867, 1677988.613254602067173 ], [ -475043.727722199226264, 1677966.366148179629818 ], [ -475012.116618149797432, 1677960.479734290856868 ], [ -474978.963650702789892, 1677975.428094090428203 ], [ -474965.705529253697023, 1677996.426120298914611 ], [ -474921.823299014475197, 1678018.75511713558808 ], [ -474888.258725365449209, 1678073.498322149505839 ], [ -474880.232662789290771, 1678154.110436896095052 ], [ -474867.115905766957439, 1678149.320598038611934 ], [ -474845.933694526844192, 1678112.545476443367079 ], [ -474849.44425857817987, 1678068.634361262433231 ], [ -474860.729904072359204, 1678033.191928927786648 ], [ -474887.100879485020414, 1677979.46281030215323 ], [ -474909.944583693344612, 1677932.101611376041546 ], [ -474950.155766545329243, 1677904.397652595303953 ], [ -474989.233814011560753, 1677895.243328977143392 ], [ -475043.427130359516013, 1677905.31740531604737 ], [ -475100.022907396371011, 1677927.574405567720532 ], [ -475153.512894707149826, 1677953.936509166145697 ], [ -475195.293383082549553, 1677980.473117797868326 ], [ -475241.872277693357319, 1678031.364531738683581 ], [ -475272.368878774926998, 1678093.333640489028767 ] ], [ [ -475262.842594006739091, 1678307.367891556117684 ], [ -475249.01438326673815, 1678318.864818240748718 ], [ -475219.95559202786535, 1678336.915451475884765 ], [ -475184.390241370652802, 1678339.68934676097706 ], [ -475176.342656932014506, 1678307.697189837926999 ], [ -475147.528027539607137, 1678236.655985190998763 ], [ -475183.233675336523447, 1678245.64447404188104 ], [ -475222.902309774246532, 1678283.514456395758316 ], [ -475262.842594006739091, 1678307.367891556117684 ] ], [ [ -475256.598864203377161, 1696886.11245679622516 ], [ -475250.503119324799627, 1696966.163850827375427 ], [ -475225.472062937915325, 1697016.978427863679826 ], [ -475193.338329940102994, 1697044.590095417108387 ], [ -475150.537386148120277, 1697037.404965243302286 ], [ -475064.090719856380019, 1696995.384409231832251 ], [ -475035.161130941298325, 1696963.030200882349163 ], [ -475017.787550984648988, 1696943.599909011973068 ], [ -474962.648529797268566, 1696859.76036951970309 ], [ -474881.340259204094764, 1696783.597794850124046 ], [ -474824.035536424489692, 1696797.296691969968379 ], [ -474726.089993588859215, 1696772.911480799084529 ], [ -474668.878718024818227, 1696739.825188627466559 ], [ -474644.960830068681389, 1696603.176747138146311 ], [ -474636.69457377929939, 1696575.368118005339056 ], [ -474611.728063335816842, 1696491.377097237855196 ], [ -474615.22439176827902, 1696423.476763360202312 ], [ -474644.829353439621627, 1696309.902230908628553 ], [ -474905.6919363187626, 1696038.907998182810843 ], [ -474862.992028497217689, 1696312.283816753653809 ], [ -474889.113016881630756, 1696432.322867112467065 ], [ -474901.512174242699984, 1696469.682719065574929 ], [ -474921.986112019512802, 1696531.372733587399125 ], [ -474963.758442537218798, 1696642.921841595554724 ], [ -475099.20840107020922, 1696720.687850342132151 ], [ -475144.22014911682345, 1696767.997447815490887 ], [ -475256.598864203377161, 1696886.11245679622516 ] ], [ [ -475129.413304064772092, 1681759.752060538390651 ], [ -475101.053043789579533, 1681772.491457178955898 ], [ -475028.077024277998134, 1681764.610974499257281 ], [ -474980.603202596947085, 1681761.01252522575669 ], [ -474925.378161940257996, 1681725.493157136254013 ], [ -474902.091465699428227, 1681655.971745322225615 ], [ -474897.910326079116203, 1681602.786677989875898 ], [ -474972.923752603644971, 1681676.620639709988609 ], [ -474997.938708654488437, 1681716.624616893706843 ], [ -475070.616311836056411, 1681745.507063956465572 ], [ -475129.413304064772092, 1681759.752060538390651 ] ], [ [ -474943.308762649132404, 1682808.561479944968596 ], [ -474924.366200195101555, 1682871.285414968151599 ], [ -474789.257120904861949, 1682866.029435506789014 ], [ -474747.099333101126831, 1682791.818715804954991 ], [ -474769.441824558773078, 1682704.961618505883962 ], [ -474801.263401535863522, 1682667.673617138061672 ], [ -474871.696649151912425, 1682679.499919369118288 ], [ -474919.314468585653231, 1682713.071802043356001 ], [ -474943.308762649132404, 1682808.561479944968596 ] ], [ [ -474886.608139954856597, 1684265.897492416203022 ], [ -474708.455352335702628, 1684291.539648192003369 ], [ -474600.311810621176846, 1684368.644672096939757 ], [ -474505.538829648401588, 1684462.380263599799946 ], [ -474469.849668343376834, 1684578.626369458157569 ], [ -474430.972808287595399, 1684467.837013682117686 ], [ -474432.524041236320045, 1684394.4031940062996 ], [ -474514.479367422463838, 1684302.10684788855724 ], [ -474648.305601516913157, 1684189.768267345381901 ], [ -474724.306034853681922, 1684197.132018835283816 ], [ -474886.608139954856597, 1684265.897492416203022 ] ], [ [ -474883.026045326376334, 1688266.663410228909925 ], [ -474874.463079274864867, 1688306.85892500076443 ], [ -474850.968868448282592, 1688328.255400953814387 ], [ -474817.525238484726287, 1688333.505119897192344 ], [ -474796.708678980532568, 1688328.194347592769191 ], [ -474782.925469341222197, 1688324.074489751830697 ], [ -474752.159561519394629, 1688302.616755921393633 ], [ -474717.010945138521492, 1688264.131114720599726 ], [ -474681.583336986019276, 1688216.54965984961018 ], [ -474660.839215943939053, 1688188.742561244638637 ], [ -474647.617674369830638, 1688171.019319106359035 ], [ -474599.886221289169043, 1688110.507041733944789 ], [ -474573.22368396044476, 1688086.126687965355814 ], [ -474540.989616279897746, 1688062.606615519151092 ], [ -474497.885226683400106, 1688049.94194099586457 ], [ -474437.773174561851192, 1688041.654697203077376 ], [ -474372.09399329853477, 1688023.393843101104721 ], [ -474336.354372424597386, 1687988.430171757237986 ], [ -474317.213891706545837, 1687939.271446968661621 ], [ -474303.327351107262075, 1687894.180417174706236 ], [ -474303.385985191736836, 1687850.75109428120777 ], [ -474306.089117435796652, 1687802.328116881661117 ], [ -474309.957566488767043, 1687757.722555245738477 ], [ -474326.738837778335437, 1687711.663304451154545 ], [ -474352.302142550994176, 1687677.943640644429252 ], [ -474385.770734362304211, 1687650.978495505172759 ], [ -474413.360336068843026, 1687637.512890877667814 ], [ -474448.56863843195606, 1687632.559518263209611 ], [ -474481.697922611434478, 1687639.938005313044414 ], [ -474482.255758006649558, 1687640.624138688435778 ], [ -474519.186414710420649, 1687686.050143102649599 ], [ -474542.874366098258179, 1687738.904236209578812 ], [ -474565.676010042836424, 1687797.036870593205094 ], [ -474588.493662801629398, 1687844.317435241537169 ], [ -474618.496622203092556, 1687878.236679289722815 ], [ -474686.321466192603111, 1687951.252860100241378 ], [ -474770.959582644223701, 1688050.536021017935127 ], [ -474836.560386548750103, 1688133.962170048151165 ], [ -474843.635529727733228, 1688147.813970995135605 ], [ -474865.082267998834141, 1688189.802331529790536 ], [ -474871.954950695100706, 1688203.257685113465413 ], [ -474883.026045326376334, 1688266.663410228909925 ] ], [ [ -474853.866597683401778, 1682011.531437599798664 ], [ -474811.329306067025755, 1681998.798878852743655 ], [ -474762.469283662620001, 1681973.824237626511604 ], [ -474732.882992923958227, 1681939.931347714969888 ], [ -474697.906810479995329, 1681860.452638689661399 ], [ -474667.466049843060318, 1681783.591994214337319 ], [ -474707.902159466291778, 1681816.557186917634681 ], [ -474755.754777497029863, 1681914.015025633852929 ], [ -474789.19575305772014, 1681964.341387657448649 ], [ -474853.866597683401778, 1682011.531437599798664 ] ], [ [ -474841.530832305259537, 1688221.502243000781164 ], [ -474804.524272080743685, 1688143.729217167012393 ], [ -474700.792396898497827, 1688021.630448754411191 ], [ -474691.06213114556158, 1688010.177247900515795 ], [ -474609.093839388457127, 1687904.05854395008646 ], [ -474568.333938192634378, 1687867.917189938481897 ], [ -474541.729844971618149, 1687813.356277344981208 ], [ -474507.061195509915706, 1687721.660980043932796 ], [ -474463.077529090165626, 1687664.18173537007533 ], [ -474416.691051738976967, 1687663.54534181416966 ], [ -474374.318083537742496, 1687702.953946291469038 ], [ -474348.717274324852042, 1687770.21578751411289 ], [ -474351.55635488970438, 1687817.205565690761432 ], [ -474395.668114301282912, 1687912.870222432771698 ], [ -474415.716820935893338, 1687967.527654562378302 ], [ -474449.300599559210241, 1688001.784331439295784 ], [ -474496.822553323581815, 1688016.925349809695035 ], [ -474510.724885045608971, 1688021.578916914528236 ], [ -474561.157599358120933, 1688038.460304206470028 ], [ -474597.662046284764074, 1688055.322427520295605 ], [ -474638.758278539811727, 1688108.73536108341068 ], [ -474700.104736430104822, 1688190.605301265371963 ], [ -474751.051059445715509, 1688249.252939270809293 ], [ -474795.652831862447783, 1688281.78825349942781 ], [ -474816.521767193742562, 1688285.292072765994817 ], [ -474840.897582233417779, 1688267.90879385266453 ], [ -474841.530832305259537, 1688221.502243000781164 ] ], [ [ -474834.471328376384918, 1677690.298357635503635 ], [ -474815.335230256081559, 1677632.326384728308767 ], [ -474761.212831275304779, 1677626.860105122905225 ], [ -474631.096676708257291, 1677672.634419180685654 ], [ -474570.545319963770453, 1677680.059749384410679 ], [ -474512.518982582783792, 1677717.758790229447186 ], [ -474500.290115240670275, 1677755.133209204534069 ], [ -474514.316357201780193, 1677800.863303699530661 ], [ -474494.720340993313584, 1677841.779147587483749 ], [ -474489.199179070245009, 1677896.219247203087434 ], [ -474530.154516611131839, 1677929.709984173299745 ], [ -474584.277152914612088, 1677935.176429383922368 ], [ -474660.86907674226677, 1677911.644040280487388 ], [ -474707.687524362292606, 1677872.326661454280838 ], [ -474747.535636368906125, 1677785.988320715492591 ], [ -474786.656430148344953, 1677752.480377421248704 ], [ -474834.471328376384918, 1677690.298357635503635 ] ], [ [ -474738.613926400023047, 1690142.038189164595678 ], [ -474709.284179446753114, 1690132.691093164263293 ], [ -474632.066453347855713, 1690093.290702943457291 ], [ -474573.470142027421389, 1690048.272281998069957 ], [ -474567.424910345464014, 1690028.600181276677176 ], [ -474559.247604421281721, 1690001.990050473948941 ], [ -474563.585245715396013, 1689976.404083540663123 ], [ -474600.210140226001386, 1689916.798111903714016 ], [ -474628.241594517894555, 1689855.728763460414484 ], [ -474633.312753159087151, 1689825.873387881787494 ], [ -474608.382050296990201, 1689764.625989943277091 ], [ -474569.804882894852199, 1689731.763441015500575 ], [ -474524.750917164201383, 1689710.980991177726537 ], [ -474502.642714452929795, 1689703.125960416160524 ], [ -474453.94774403818883, 1689685.824508658377454 ], [ -474373.152001869864762, 1689641.440531900618225 ], [ -474293.762182523845695, 1689614.831993376370519 ], [ -474192.957647025119513, 1689558.282793341204524 ], [ -474107.877876940823626, 1689513.168839740334079 ], [ -473986.386239939369261, 1689422.398178366944194 ], [ -473914.28481023007771, 1689326.83404032792896 ], [ -473847.933668567449786, 1689223.47042869636789 ], [ -473770.144320881401654, 1689109.390745025826618 ], [ -473692.31004798138747, 1689021.628106321208179 ], [ -473622.903764603019226, 1688986.213835808681324 ], [ -473615.085937838128302, 1688982.224852069048211 ], [ -473552.19889374752529, 1688936.474014204693958 ], [ -473483.560167437710334, 1688898.532458698377013 ], [ -473427.703741905803327, 1688840.094641022616997 ], [ -473386.433627596765291, 1688794.341826922027394 ], [ -473385.204463020956609, 1688741.303044093772769 ], [ -473403.664028236758895, 1688677.134612814057618 ], [ -473389.07614992064191, 1688638.164995866827667 ], [ -473370.114392140472773, 1688613.839846653398126 ], [ -473361.979930236528162, 1688496.248379264725372 ], [ -473391.643880424730014, 1688402.604495319537818 ], [ -473476.814695374341682, 1688340.193230082048103 ], [ -473529.827869718195871, 1688314.066081757191569 ], [ -473552.795019459212199, 1688282.863116753753275 ], [ -473542.86822950176429, 1688237.300747864414006 ], [ -473489.284306717570871, 1688188.739279976580292 ], [ -473440.805301331100054, 1688140.801771487807855 ], [ -473408.553052058094181, 1688102.152381695574149 ], [ -473386.606691952212714, 1688068.0131083750166 ], [ -473362.882739782333374, 1688028.026275391457602 ], [ -473339.601355292659719, 1687985.354423468699679 ], [ -473328.432774908433203, 1687953.014735009055585 ], [ -473319.041687219112646, 1687926.522760379360989 ], [ -473324.899700328474864, 1687908.119975957088172 ], [ -473343.73538603016641, 1687911.282880923012272 ], [ -473381.853448193869554, 1687931.531041872454807 ], [ -473436.525836291781161, 1687985.013070521410555 ], [ -473475.066516320977826, 1688019.179460793733597 ], [ -473511.267862117965706, 1688052.537181921070442 ], [ -473555.767810274788644, 1688065.954256893135607 ], [ -473627.0862097236095, 1688086.238121739355847 ], [ -473667.457706546934787, 1688093.017120351316407 ], [ -473698.450960889051203, 1688101.31548840389587 ], [ -473711.278118600486778, 1688129.804641578812152 ], [ -473715.570557520433795, 1688193.804931419203058 ], [ -473717.529153472394682, 1688223.007457075174898 ], [ -473708.836800843244419, 1688274.177870998624712 ], [ -473680.804674233892001, 1688335.247973835095763 ], [ -473611.283386853116099, 1688380.505482332082465 ], [ -473526.768305776931811, 1688410.077539577381685 ], [ -473487.421182739140932, 1688452.874186615459621 ], [ -473477.497463612700813, 1688486.277409182162955 ], [ -473467.718985540384892, 1688512.989441011566669 ], [ -473483.260815214773174, 1688534.822922037448734 ], [ -473524.679232966387644, 1688539.850415100809187 ], [ -473599.428955703799147, 1688529.343621647683904 ], [ -473676.037739208783023, 1688530.673056428553537 ], [ -473707.783826215018053, 1688547.537964624352753 ], [ -473703.075665896816645, 1688575.577972986502573 ], [ -473641.035111916426104, 1688624.739219339098781 ], [ -473628.547814577701502, 1688653.390265414025635 ], [ -473649.393376865482423, 1688666.497362394351512 ], [ -473711.052231269539334, 1688665.326696624979377 ], [ -473756.517011118587106, 1688669.116056541912258 ], [ -473776.742924088204745, 1688685.963820575503632 ], [ -473803.446613474749029, 1688744.264039667323232 ], [ -473797.450232769537251, 1688802.835642766207457 ], [ -473777.467651551647577, 1688841.762549883686006 ], [ -473740.361148979398422, 1688879.731209845049307 ], [ -473727.8657832427416, 1688908.380909722298384 ], [ -473744.32439897680888, 1688947.664614143781364 ], [ -473833.299304763495456, 1689023.562402136158198 ], [ -473904.622925963718444, 1689149.703596405219287 ], [ -473997.403206971241161, 1689279.487789454171434 ], [ -474109.532264811219648, 1689399.373214650433511 ], [ -474231.747612051316537, 1689485.882807836169377 ], [ -474405.48447654757183, 1689581.103316980181262 ], [ -474582.835594956413843, 1689654.998023554915562 ], [ -474668.647787254769355, 1689695.851948733674362 ], [ -474678.969132671307307, 1689709.216362099628896 ], [ -474719.327550417452585, 1689761.473355665104464 ], [ -474728.305301856307779, 1689809.309694526949897 ], [ -474704.915519332687836, 1689845.969999456778169 ], [ -474682.801916926749982, 1689905.162036850815639 ], [ -474645.158133258693852, 1689990.211452824063599 ], [ -474656.482493854186032, 1690053.556629518745467 ], [ -474683.157730623788666, 1690083.282374199712649 ], [ -474693.620605778123718, 1690094.941723875002936 ], [ -474738.613926400023047, 1690142.038189164595678 ] ], [ [ -474681.431916801840998, 1682690.051883910316974 ], [ -474610.825075679749716, 1682785.534706813981757 ], [ -474598.398929714690894, 1682827.124149196781218 ], [ -474607.307417707634158, 1682895.03163373703137 ], [ -474589.91339463746408, 1682927.812615290284157 ], [ -474549.868625058967154, 1682953.817634713836014 ], [ -474510.036258516891394, 1682994.193776266183704 ], [ -474529.510833631560672, 1683039.658356931526214 ], [ -474551.628566963190679, 1683085.018854459747672 ], [ -474556.848546784953214, 1683142.425213215174153 ], [ -474515.842798134195618, 1683222.708681408781558 ], [ -474454.413259453955106, 1683262.532064675819129 ], [ -474401.004432496964, 1683286.008823975687847 ], [ -474387.937873489339836, 1683310.395445779897273 ], [ -474413.881443701917306, 1683350.250175876775756 ], [ -474464.38733330409741, 1683403.126681045396253 ], [ -474483.578377464669757, 1683447.741841030307114 ], [ -474459.891701308952179, 1683482.144309287890792 ], [ -474400.173725371598266, 1683516.0053677984979 ], [ -474355.15111388952937, 1683556.016710832249373 ], [ -474340.588778513774741, 1683606.742863807361573 ], [ -474340.496662447636481, 1683649.44090552860871 ], [ -474340.474087952869013, 1683659.915228820871562 ], [ -474353.851336462481413, 1683721.277995751239359 ], [ -474282.414394360210281, 1683916.367318684468046 ], [ -474245.856161989562679, 1683971.901506201596931 ], [ -474205.318028436915483, 1684000.491171318339184 ], [ -474161.467814157891553, 1683996.019424657570198 ], [ -474065.15670750051504, 1683950.162394772050902 ], [ -474002.082212609937415, 1683918.803751418134198 ], [ -473961.085478514141869, 1683932.544753042049706 ], [ -473834.697105519182514, 1683964.178180951857939 ], [ -473793.2132129217498, 1684013.538389623397961 ], [ -473752.584649298340082, 1684074.536664882907644 ], [ -473655.536245627619792, 1684155.623580198734999 ], [ -473613.582591210550163, 1684174.591025683563203 ], [ -473555.675740210630465, 1684200.770800238009542 ], [ -473504.791088094818406, 1684246.208379925694317 ], [ -473434.630311905522831, 1684378.751645392971113 ], [ -473432.491298106964678, 1684420.42382464883849 ], [ -473384.718971748428885, 1684457.030114424647763 ], [ -473312.380301810509991, 1684480.583506111986935 ], [ -473232.954039119591471, 1684417.220329424133524 ], [ -473186.729271393094677, 1684361.298998412908986 ], [ -473165.515618536272086, 1684309.009477577870712 ], [ -473183.054620867536869, 1684206.850904801627621 ], [ -473162.564709268510342, 1684121.518309098435566 ], [ -473136.934119605808519, 1684029.153975271852687 ], [ -473176.560374150692951, 1683950.578527757897973 ], [ -473231.1800272265682, 1683919.504491612780839 ], [ -473313.701844840019476, 1683853.032154933782294 ], [ -473277.291512747644447, 1683680.302838637726381 ], [ -473311.350564965920057, 1683527.766253224108368 ], [ -473303.140523030073382, 1683455.553297242149711 ], [ -473337.866807311424054, 1683358.450571578927338 ], [ -473364.675151620584074, 1683332.902030440280214 ], [ -473513.787371433980297, 1683235.416498684324324 ], [ -473614.347555064363405, 1683209.560626255348325 ], [ -473679.530599463614635, 1683156.651603430509567 ], [ -473699.676830570737366, 1683103.697639652295038 ], [ -473693.695059034100268, 1683027.577006223145872 ], [ -473682.452494074008428, 1682955.710041301324964 ], [ -473675.591551341407467, 1682911.852204677881673 ], [ -473692.09457586548524, 1682858.286232765298337 ], [ -473726.818022864696104, 1682830.312714925501496 ], [ -473763.353761348524131, 1682813.904926766641438 ], [ -473810.83367306139553, 1682799.345051202457398 ], [ -473875.957520080555696, 1682791.501841621939093 ], [ -473967.917069542279933, 1682735.5810909839347 ], [ -474013.624549446860328, 1682686.908814360154793 ], [ -474041.792355906916782, 1682598.229838030412793 ], [ -474081.040804700984154, 1682464.772772054187953 ], [ -474094.351226141443476, 1682384.951541927875951 ], [ -474176.063943911693059, 1682255.946329693542793 ], [ -474197.437606469145976, 1682195.679594486951828 ], [ -474213.465618654154241, 1682124.572598927188665 ], [ -474450.853052205929998, 1682387.279568671248853 ], [ -474552.840267138089985, 1682470.481943464837968 ], [ -474681.431916801840998, 1682690.051883910316974 ] ], [ [ -474623.105983553978149, 1683953.840854140231386 ], [ -474618.536767421348486, 1683969.10302753560245 ], [ -474574.670588863722514, 1684003.820022522704676 ], [ -474520.75675824744394, 1684026.815960579086095 ], [ -474445.431838862190489, 1684034.205061170039698 ], [ -474415.872819537355099, 1684043.272502680541947 ], [ -474395.698903397889808, 1684079.958559779450297 ], [ -474375.51369666174287, 1684128.664853018242866 ], [ -474344.308106234471779, 1684159.491208490682766 ], [ -474324.788624154520221, 1684192.27978251921013 ], [ -474308.226298552413937, 1684195.504650149028748 ], [ -474297.540180369222071, 1684175.68236406869255 ], [ -474293.349309968296438, 1684152.933077149093151 ], [ -474338.266437553451397, 1684064.298874958883971 ], [ -474361.712158731766976, 1684008.125342985847965 ], [ -474404.276066810532939, 1683981.214876576559618 ], [ -474463.364904886577278, 1683975.107098485575989 ], [ -474529.927897706045769, 1683960.241035426966846 ], [ -474582.20825190411415, 1683946.97375794686377 ], [ -474623.105983553978149, 1683953.840854140231386 ] ], [ [ -474377.900123674888164, 1679440.105119231157005 ], [ -474232.825955039123073, 1679566.988694275496528 ], [ -474195.83860964467749, 1679599.342180176638067 ], [ -474087.984615155786742, 1679693.667938137659803 ], [ -473896.116459830838721, 1679878.915359183680266 ], [ -473793.174097644689027, 1679861.172396696871147 ], [ -473697.782745002419688, 1679799.406205713283271 ], [ -473729.685567402048036, 1679525.356550019932911 ], [ -473720.844673730898649, 1679387.762057433836162 ], [ -473719.376525017782114, 1679364.913166136480868 ], [ -473571.670121896720957, 1679211.022695761173964 ], [ -473533.209344796370715, 1679038.180512662278488 ], [ -473427.098470165452454, 1678906.564199059037492 ], [ -473122.656917966029141, 1678695.445968296611682 ], [ -473061.930711300112307, 1678564.094521821476519 ], [ -473053.004231318132952, 1678491.035668052500114 ], [ -473072.505954732536338, 1678315.213184088235721 ], [ -473072.948125511175022, 1678307.053208203054965 ], [ -473076.684321067528799, 1678238.104898306541145 ], [ -473013.545517494494561, 1678142.73106535943225 ], [ -472896.484783497697208, 1678093.414840104291216 ], [ -472805.697329736605752, 1678125.935491689946502 ], [ -472679.640954542614054, 1678285.172027160413563 ], [ -472618.057312173012178, 1678512.562091161962599 ], [ -472593.233378937118687, 1678604.220841073663905 ], [ -472617.419584804039914, 1678948.386484831338748 ], [ -472573.537330504215788, 1679027.815339257474989 ], [ -472512.575912635715213, 1678809.43257729546167 ], [ -472502.46933683520183, 1678603.689043839462101 ], [ -472517.607201923034154, 1678553.65204892330803 ], [ -472604.710299448983278, 1678265.739260368980467 ], [ -472741.910559830837883, 1678084.906423969659954 ], [ -472842.676186889351811, 1678038.375805194722489 ], [ -472935.560007977648638, 1678074.774409827077761 ], [ -473013.099661030631978, 1678112.674623941071332 ], [ -473084.589463475043885, 1678149.558815652737394 ], [ -473127.063089446513914, 1678214.838723466498777 ], [ -473120.734767169866245, 1678275.489132137270644 ], [ -473111.094754823949188, 1678367.878468175418675 ], [ -473134.361989774275571, 1678519.248099294491112 ], [ -473225.172887971450109, 1678625.59948400571011 ], [ -473406.043475576734636, 1678771.8813601071015 ], [ -473548.487500439805444, 1678853.979123489232734 ], [ -473677.454329772037454, 1678966.645796748111024 ], [ -473719.312607408384793, 1679154.759954418987036 ], [ -473826.791460573847871, 1679296.609117871383205 ], [ -473823.599253811407834, 1679411.178415773902088 ], [ -473879.396742093784269, 1679470.121028362307698 ], [ -473971.309110287285876, 1679510.625602510292083 ], [ -474060.714926990563981, 1679517.806058423826471 ], [ -474185.086781184771098, 1679465.234226877335459 ], [ -474269.461398705316242, 1679447.544579230481759 ], [ -474377.900123674888164, 1679440.105119231157005 ] ], [ [ -474325.03284162847558, 1688083.004332141019404 ], [ -474305.378821742604487, 1688108.322136935312301 ], [ -474268.972797894501127, 1688128.625744942575693 ], [ -474214.028764113667421, 1688141.403875278076157 ], [ -474170.163277731044218, 1688140.64276130660437 ], [ -474067.8208570885472, 1688121.257342523895204 ], [ -473994.002015197416767, 1688115.466568179661408 ], [ -473913.416751705284696, 1688097.532694875029847 ], [ -473826.774168376752641, 1688076.380180540727451 ], [ -473778.912948962417431, 1688063.236104416660964 ], [ -473723.72920282476116, 1688048.080931818578392 ], [ -473650.649152257945389, 1688024.792689352994785 ], [ -473595.757509175862651, 1687997.96453516324982 ], [ -473548.379259136680048, 1687952.585433513158932 ], [ -473493.504163624427747, 1687912.561767023988068 ], [ -473381.361911243118811, 1687851.093165536643937 ], [ -473327.086499619414099, 1687803.165924843167886 ], [ -473290.761163105256855, 1687757.451323834946379 ], [ -473244.479871207033284, 1687692.443745770258829 ], [ -473216.031663792848121, 1687642.746225438080728 ], [ -473127.473652454442345, 1687504.323340912582353 ], [ -473060.276602127240039, 1687457.25914470711723 ], [ -473013.982977049599867, 1687392.2285394994542 ], [ -473002.412729269708507, 1687363.177935785148293 ], [ -472971.219261492020451, 1687284.85858209989965 ], [ -472951.602695388603024, 1687210.003680591704324 ], [ -472915.275458428426646, 1687064.352876757038757 ], [ -472874.790092676877975, 1686985.993390511255711 ], [ -472781.082283962750807, 1686819.972863661358133 ], [ -472700.889728716923855, 1686743.541877832263708 ], [ -472676.270767734327819, 1686720.077634284505621 ], [ -472601.509782524197362, 1686696.789845061954111 ], [ -472526.83712097076932, 1686664.761720063630491 ], [ -472263.06881502980832, 1686582.696679649408907 ], [ -472096.820980197109748, 1686502.064089080318809 ], [ -472043.840421288565267, 1686476.367626192746684 ], [ -471846.059543212060817, 1686387.929925102274865 ], [ -471762.903401375806425, 1686350.746390935499221 ], [ -471673.838414514262695, 1686279.78872282942757 ], [ -471580.692606966942549, 1686131.754856406943873 ], [ -471558.238624018500559, 1685888.159938895376399 ], [ -471551.546111672534607, 1685815.553866715403274 ], [ -471539.617315223033074, 1685631.053460576804355 ], [ -471541.54124980798224, 1685491.832916523329914 ], [ -471301.518613455584273, 1685432.468184305354953 ], [ -471215.646125595434569, 1685405.997376714134589 ], [ -471091.029961141524836, 1685367.58333233371377 ], [ -470937.137926107039675, 1685220.685890178428963 ], [ -470954.759480809327215, 1685065.180563829140738 ], [ -470982.212173431704286, 1684932.541325618512928 ], [ -471063.956651692686137, 1684537.585538507672027 ], [ -471100.382221933396067, 1684136.833163534523919 ], [ -471146.530559122154955, 1683954.017299624159932 ], [ -471227.453706162050366, 1683842.660703811096027 ], [ -471468.484244347200729, 1684059.598646866157651 ], [ -471353.950407003343571, 1684220.62139053712599 ], [ -471286.89432572881924, 1684435.970716630108654 ], [ -471152.628507685381919, 1684990.258394534932449 ], [ -471155.019991973531432, 1685024.205795147456229 ], [ -471163.276185780647211, 1685141.401801404776052 ], [ -471241.56318241491681, 1685257.552723450353369 ], [ -471341.546758657088503, 1685367.050299691967666 ], [ -471367.213313456741162, 1685369.676269449293613 ], [ -471498.40814969985513, 1685383.09851827356033 ], [ -471550.073132032004651, 1685364.457032744772732 ], [ -471586.069629084784538, 1685351.468895907280967 ], [ -471579.525422923150472, 1685238.074960911413655 ], [ -471529.661570093245246, 1685105.089136631926522 ], [ -471553.216455784102436, 1684964.83374498039484 ], [ -471559.503223773499485, 1684942.290923756081611 ], [ -471643.772549738991074, 1684640.122295001987368 ], [ -471749.349361227767076, 1684317.93178392550908 ], [ -471814.388419114635326, 1684359.757023764075711 ], [ -471982.767455591005273, 1684491.039202637737617 ], [ -471851.536663196457084, 1684793.814772746991366 ], [ -471832.159137132926844, 1684918.750759434653446 ], [ -471806.889051308156922, 1685081.67913256934844 ], [ -471819.25079491379438, 1685227.753499708371237 ], [ -471854.388293197320309, 1685348.100366527680308 ], [ -472004.199712143745273, 1685598.478404302615672 ], [ -472072.707491143606603, 1685708.894439000636339 ], [ -472160.429774434946012, 1685850.278239562176168 ], [ -472197.289088013174478, 1685909.688516071299091 ], [ -472231.454625785467215, 1685940.474005683790892 ], [ -472424.379381325677969, 1686048.016345476964489 ], [ -472452.734520290279761, 1686092.140280143124983 ], [ -472470.038712815206964, 1686159.44587338808924 ], [ -472489.704431158490479, 1686191.377174454042688 ], [ -472607.861379792448133, 1686297.045132443541661 ], [ -472869.010654011566658, 1686530.597940845647827 ], [ -472977.407944453065284, 1686641.656101438915357 ], [ -473095.624593940738123, 1686762.762626588344574 ], [ -473190.486853532318491, 1686851.034825949929655 ], [ -473239.586444639600813, 1686900.548757367301732 ], [ -473310.840442294604145, 1686944.713464305270463 ], [ -473337.879690762085374, 1686951.0699681523256 ], [ -473417.486166032555047, 1686969.783959468826652 ], [ -473530.469582814374007, 1687020.955521831987426 ], [ -473594.185685339209158, 1687067.435207772767171 ], [ -473777.820802582311444, 1687187.726752085611224 ], [ -474039.196452609961852, 1687262.810130656464025 ], [ -474149.867930196458474, 1687314.606744640273973 ], [ -474180.561672419018578, 1687344.807760516647249 ], [ -474173.516546653874684, 1687408.033458034042269 ], [ -474140.352772828831803, 1687499.072634513024241 ], [ -474120.511127933394164, 1687595.929779334692284 ], [ -474112.393605620309245, 1687663.00262085814029 ], [ -474114.950841082027182, 1687723.173613803926855 ], [ -474123.057639402104542, 1687804.180366781540215 ], [ -474189.764127335685771, 1687934.853959388565272 ], [ -474257.369199826440308, 1688001.20923711033538 ], [ -474312.586310176411644, 1688052.296478293370456 ], [ -474325.03284162847558, 1688083.004332141019404 ] ], [ [ -474133.747521117387805, 1681666.030622933292761 ], [ -474066.224643079156522, 1681819.435771062038839 ], [ -473986.764564591285307, 1681896.631392574869096 ], [ -473829.482686844537966, 1681696.863069402985275 ], [ -473728.388991898158565, 1681745.52899982733652 ], [ -473653.026337163290009, 1681771.173432512907311 ], [ -473623.134566095890477, 1681591.102405736222863 ], [ -473674.022547349333763, 1681525.473438400775194 ], [ -473696.694221093552187, 1681393.390382815152407 ], [ -473803.625785822747275, 1681343.817444950575009 ], [ -473859.939277531870175, 1681368.623956335708499 ], [ -473974.268762878491543, 1681432.990726166404784 ], [ -474113.839465527620632, 1681539.043486217968166 ], [ -474133.747521117387805, 1681666.030622933292761 ] ], [ [ -473989.480578692106064, 1680658.082879835972562 ], [ -473694.759630629618187, 1681007.734514515614137 ], [ -473639.711570555053186, 1680975.591890535783023 ], [ -473556.711559464456514, 1680885.734021078562364 ], [ -473500.612653534568381, 1680815.632159788394347 ], [ -473519.507177555118687, 1680705.548667695838958 ], [ -473547.224374253244605, 1680544.117753286845982 ], [ -473542.59985819918802, 1680482.87250357773155 ], [ -473534.186123818333726, 1680443.646456553600729 ], [ -473490.068290617782623, 1680436.04515070351772 ], [ -473352.255996532563586, 1680533.190299067646265 ], [ -473252.886222338362131, 1680538.732385581592098 ], [ -473132.709711932868231, 1680533.140445828437805 ], [ -473108.339531071425881, 1680498.712122143711895 ], [ -473169.887256385933142, 1680448.873645241605118 ], [ -472929.741083481232636, 1680392.392627645982429 ], [ -472780.569562925957143, 1680291.136306829284877 ], [ -472677.625115577073302, 1680273.401482876157388 ], [ -472535.593870022508781, 1680218.705275481101125 ], [ -472474.865054608439095, 1680087.355443297652528 ], [ -472515.82334773481125, 1679981.078011167934164 ], [ -472516.443894867261406, 1679845.187785853398964 ], [ -472524.823266515799332, 1679619.977494779508561 ], [ -472532.591764481505379, 1679530.649060507537797 ], [ -472480.06172510702163, 1679483.820423364406452 ], [ -472319.551494761893991, 1679448.604562451364473 ], [ -472226.477455005457159, 1679417.459781425073743 ], [ -472165.344175766396802, 1679376.704078156733885 ], [ -472271.928232173784636, 1679269.495684390421957 ], [ -472170.511435824562795, 1679053.774929207749665 ], [ -472163.352526208211202, 1678959.037082394119352 ], [ -472178.946596046385821, 1678868.221982006449252 ], [ -472124.660707471193746, 1678706.93510803906247 ], [ -472231.570925922249444, 1678561.732962475623935 ], [ -472255.481959667813499, 1678506.881760192569345 ], [ -472259.715063540788833, 1678479.616479845717549 ], [ -472282.595341635227669, 1678332.246543675195426 ], [ -472329.653909184213262, 1678129.609292885521427 ], [ -472514.875002236163709, 1677940.699197455076501 ], [ -472746.930540979257785, 1677856.972469137515873 ], [ -472770.853213153779507, 1677848.340971560450271 ], [ -472981.057403037964832, 1677849.958213361212984 ], [ -473164.789690136385616, 1677971.865320802200586 ], [ -473286.992506226582918, 1678138.633064091671258 ], [ -473304.898429611581378, 1678374.704996775602922 ], [ -473239.834604415518697, 1678442.349235381931067 ], [ -473197.915346614609007, 1678210.311094493605196 ], [ -473162.860054857213981, 1678134.862550162710249 ], [ -473120.299846201145556, 1678076.782209579367191 ], [ -473034.229094935639296, 1677959.324165855301544 ], [ -472871.508498042821884, 1677902.887496864655986 ], [ -472582.729918390454259, 1678005.697248820681125 ], [ -472413.367927301907912, 1678142.644307204056531 ], [ -472379.81980800331803, 1678308.498514552367851 ], [ -472376.817415486904792, 1678325.68762108287774 ], [ -472333.347832269500941, 1678574.554858585353941 ], [ -472250.581734857696574, 1678703.845003613270819 ], [ -472297.866224732948467, 1678825.319986820686609 ], [ -472263.847713022085372, 1679023.459353485610336 ], [ -472338.498384290200192, 1679224.700985170900822 ], [ -472512.993649166484829, 1679092.290982551407069 ], [ -472586.76948249124689, 1679215.099536838475615 ], [ -472593.295928454084788, 1679397.55360476882197 ], [ -472705.909298377519008, 1679447.177940579596907 ], [ -472839.120425509288907, 1679553.242938164388761 ], [ -472867.908481525722891, 1679694.204581029945984 ], [ -472951.751346561126411, 1679867.310914606554434 ], [ -473119.212468462064862, 1679994.385831618215889 ], [ -473232.877959096920677, 1680081.96836031973362 ], [ -473424.711687446164433, 1680243.460791403194889 ], [ -473577.526997105800547, 1680121.692154963267967 ], [ -473705.371742679679301, 1680019.820246355608106 ], [ -473727.86811704270076, 1680197.466579344822094 ], [ -473779.163442472694442, 1680516.073883296456188 ], [ -473862.16323991905665, 1680605.931806655135006 ], [ -473989.480578692106064, 1680658.082879835972562 ] ], [ [ -473855.307485926372465, 1673825.537520783720538 ], [ -473728.183564250299241, 1673891.297841543331742 ], [ -473570.940818548842799, 1674201.23257124889642 ], [ -473609.962337607168593, 1674401.719017825089395 ], [ -473686.742723294591997, 1674605.633886199211702 ], [ -473722.869785101443995, 1674712.08145341835916 ], [ -473766.403873406990897, 1674777.359827272826806 ], [ -473809.175102589302696, 1674830.253084906144068 ], [ -473720.28540380630875, 1674893.565364562906325 ], [ -473651.561124156112783, 1674937.018149026669562 ], [ -473641.492101145093329, 1675052.093526858836412 ], [ -473643.915592785284389, 1675197.382843884639442 ], [ -473654.177376141597051, 1675248.945938743650913 ], [ -473642.757657722104341, 1675269.949051974108443 ], [ -473611.907267313217744, 1675265.011528085917234 ], [ -473499.33600060059689, 1675055.503846564795822 ], [ -473492.234232994378544, 1675012.47868734668009 ], [ -473479.807569423981477, 1674937.19274454866536 ], [ -473541.22887919069035, 1674786.471775411628187 ], [ -473506.63783847168088, 1674665.60020110802725 ], [ -473418.422688877617475, 1674480.788667306303978 ], [ -473329.129382067243569, 1674202.476618370972574 ], [ -473386.683156803366728, 1674032.566616577096283 ], [ -473567.827427796262782, 1673819.680952416034415 ], [ -473690.337632189271972, 1673683.214727451093495 ], [ -473789.276619780051988, 1673698.613203103886917 ], [ -473855.307485926372465, 1673825.537520783720538 ] ], [ [ -473700.526138371089473, 1675861.620928661199287 ], [ -473663.539196796831675, 1675899.647829515393823 ], [ -473614.297104701923672, 1675929.944671310251579 ], [ -473546.632545088476036, 1675944.677807017229497 ], [ -473456.421624858281575, 1675964.319815177703276 ], [ -473418.347957553633023, 1675984.022288718959317 ], [ -473399.284468376135919, 1676006.927363489754498 ], [ -473366.4541080382769, 1676060.130980975925922 ], [ -473370.539461071137339, 1676165.203022939153016 ], [ -473329.564879674289841, 1676240.963845667196438 ], [ -473250.219065595185384, 1676299.413630987517536 ], [ -473094.007973631843925, 1676401.489695593249053 ], [ -472970.260557391913608, 1676465.540448903338984 ], [ -472855.023994101095013, 1676491.855448286980391 ], [ -472751.564499705447815, 1676480.902250459417701 ], [ -472576.798879309382755, 1676387.273153200745583 ], [ -472438.078166022663936, 1676381.862561662914231 ], [ -472343.229257868428249, 1676335.371441380819306 ], [ -472275.755257346318103, 1676244.268086845288053 ], [ -472411.43251137441257, 1676324.504546218086034 ], [ -472516.475090438500047, 1676334.942983750719577 ], [ -472653.469348773302045, 1676268.785407100571319 ], [ -472681.111651267739944, 1676262.942738790763542 ], [ -472891.400232476880774, 1676218.493962615961209 ], [ -472991.068613488809206, 1676199.345319632673636 ], [ -473090.034148773062043, 1676218.137411208590493 ], [ -473179.187993051018566, 1676204.842519656987861 ], [ -473254.643056882312521, 1676156.616191122913733 ], [ -473289.275049890391529, 1676079.790131126530468 ], [ -473136.721139835193753, 1675826.667009162716568 ], [ -473022.587865625857376, 1675624.568643396953121 ], [ -473098.800609772733878, 1675535.335516260005534 ], [ -473197.733524587762076, 1675550.733362360624596 ], [ -473380.285163434105925, 1675680.238434543600306 ], [ -473530.873890353483148, 1675758.259488845011219 ], [ -473688.442289959755726, 1675832.358562652720138 ], [ -473700.526138371089473, 1675861.620928661199287 ] ], [ [ -473699.377388667955529, 1693986.030492983292788 ], [ -473633.070208024641033, 1694052.810797209851444 ], [ -473522.428123729943763, 1694010.679938333807513 ], [ -473378.680916762154084, 1693978.540540520101786 ], [ -473233.643608329060953, 1693953.984577383380383 ], [ -473320.087859715626109, 1693999.822922586230561 ], [ -473428.159430010884535, 1694057.113381789065897 ], [ -473452.070173495681956, 1694193.776558779412881 ], [ -473328.823444269655738, 1694087.105070844991133 ], [ -473146.913527134689502, 1694048.506582658737898 ], [ -473028.7330154828378, 1693958.285872503183782 ], [ -472961.412946293887217, 1693892.287245454499498 ], [ -472866.408921269408893, 1693665.589302025735378 ], [ -472818.030450859921984, 1693673.005934852873906 ], [ -472807.728596546687186, 1693733.659827251220122 ], [ -472834.305400810553692, 1693808.367611111141741 ], [ -472886.266332894156221, 1693918.569965719711035 ], [ -472799.814199351181742, 1693872.72954661725089 ], [ -472726.34031762520317, 1693704.28070762148127 ], [ -472758.435924553894438, 1693561.500907588284463 ], [ -472854.09047159779584, 1693460.697141070384532 ], [ -473015.497147770773154, 1693573.828746166313067 ], [ -473108.008249531150796, 1693768.906218690099195 ], [ -473221.134697735949885, 1693842.657072566216812 ], [ -473339.316835358564276, 1693932.867701597744599 ], [ -473476.718331451236736, 1693956.131175966234878 ], [ -473532.817832236585673, 1693903.22780118486844 ], [ -473699.377388667955529, 1693986.030492983292788 ] ], [ [ -473526.961759198573418, 1681935.981929185800254 ], [ -473464.951918185397517, 1682081.480762527091429 ], [ -473444.988499886996578, 1682128.322451913962141 ], [ -473195.286683705868199, 1682445.610938624478877 ], [ -473126.567733622796368, 1682542.78528614086099 ], [ -473175.502095120376907, 1682594.71181662240997 ], [ -473164.444244966434781, 1682643.126978207845241 ], [ -473165.893641167611349, 1682689.968213137704879 ], [ -473133.339066339249257, 1682759.049617589684203 ], [ -473120.63243960874388, 1682792.443211661884561 ], [ -473091.67226900375681, 1682868.551973894005641 ], [ -473061.743681088148151, 1682949.731274885358289 ], [ -473096.227347304753494, 1682942.262077812571079 ], [ -473119.938514937239233, 1682957.515430042520165 ], [ -473114.389362156041898, 1683012.920643051154912 ], [ -473089.38355462369509, 1683050.04342619352974 ], [ -473044.969285328872502, 1683046.338685803115368 ], [ -473022.017326341592707, 1683019.941392529755831 ], [ -472986.490476166363806, 1683051.24938389309682 ], [ -472932.494004094623961, 1683067.80881953984499 ], [ -472917.975035167241003, 1683195.849669299088418 ], [ -472898.261509164760355, 1683257.773486962541938 ], [ -472867.645525709842332, 1683287.572473945096135 ], [ -472804.586941691348329, 1683340.817051511490718 ], [ -472734.493065850168932, 1683400.154230986023322 ], [ -472637.42643955902895, 1683553.051545518450439 ], [ -472593.277492834837176, 1683622.593790184007958 ], [ -472525.780940881406423, 1683731.591283821500838 ], [ -472450.457828239246737, 1683724.420008371584117 ], [ -472297.157181639631744, 1683662.395326628815383 ], [ -472224.067814507347066, 1683556.926356655079871 ], [ -472175.888354339811485, 1683455.640413385583088 ], [ -472185.401225236128084, 1683398.993971677264199 ], [ -472239.076405017462093, 1683342.77428762242198 ], [ -472273.082357013539877, 1683320.524890654720366 ], [ -471988.664961349102668, 1683170.250219493405893 ], [ -471857.050171700946521, 1683080.577904023230076 ], [ -471716.069584732933436, 1682935.744431603467092 ], [ -471677.174263704975601, 1682813.788189639803022 ], [ -471736.312464673130307, 1682759.743861025199294 ], [ -471965.215696199098602, 1682644.424743795301765 ], [ -472092.062016397074331, 1682686.720480201998726 ], [ -472148.20824945071945, 1682705.441808009753004 ], [ -472303.764733234245796, 1682711.397499175975099 ], [ -472386.47733913816046, 1682645.282020852901042 ], [ -472493.81399217271246, 1682546.808478098828346 ], [ -472547.78759836620884, 1682544.225834080949426 ], [ -472617.886505148431752, 1682578.815148460911587 ], [ -472641.298156398814172, 1682619.307775486726314 ], [ -472700.25659396185074, 1682721.281798458658159 ], [ -472846.052182854677085, 1682813.49652966321446 ], [ -472915.636941921315156, 1682682.893163362285122 ], [ -472991.11937331937952, 1682596.093423362122849 ], [ -473036.333387513295747, 1682547.927182406885549 ], [ -473049.918817375728395, 1682484.750292401062325 ], [ -472954.563644234091043, 1682415.179277431452647 ], [ -472869.538600896601565, 1682248.400387384695932 ], [ -472856.202767593204044, 1682222.241802831180394 ], [ -472848.055445855949074, 1682040.26380292698741 ], [ -472995.603077425854281, 1681915.357893623644486 ], [ -473072.290711798879784, 1681850.437761229928583 ], [ -473249.904114543925971, 1681807.236982420086861 ], [ -473296.205545515927952, 1681842.273458690848202 ], [ -473341.039392259321176, 1681891.327911414206028 ], [ -473526.961759198573418, 1681935.981929185800254 ] ], [ [ -473328.662360859161709, 1688883.813005507458001 ], [ -473315.582869027275592, 1688915.590636471752077 ], [ -473285.846371084451675, 1688865.94134786282666 ], [ -473272.882888817752246, 1688793.443207926116884 ], [ -473258.310690844838973, 1688749.7488567114342 ], [ -473245.299811155418865, 1688658.21141066076234 ], [ -473276.289563134778291, 1688669.968523529591039 ], [ -473292.110094818635844, 1688688.39986042259261 ], [ -473302.803488373698201, 1688718.589894708711654 ], [ -473323.144666173437145, 1688804.023570022545755 ], [ -473328.662360859161709, 1688883.813005507458001 ] ], [ [ -473075.141520640463568, 1680515.660456067183986 ], [ -472889.845168152474798, 1680661.991239713737741 ], [ -472982.161641092796344, 1680806.456509642768651 ], [ -472905.470615109661594, 1681098.241382678737864 ], [ -472851.753306988161057, 1681234.891269065905362 ], [ -472594.903570220689289, 1681497.54467670340091 ], [ -472389.257542185427155, 1681572.539551614085212 ], [ -472209.764868735452183, 1681457.090710792224854 ], [ -472147.505136183404829, 1681510.612387209897861 ], [ -472077.725998979760334, 1681587.747870872961357 ], [ -471875.78119570662966, 1681750.979415580863133 ], [ -471658.569071963429451, 1681899.014643942704424 ], [ -471164.552901282906532, 1682194.299707947764546 ], [ -471023.404041395464446, 1682278.666101848473772 ], [ -470892.7913242886425, 1682245.973477185703814 ], [ -470739.171389668073971, 1682137.931301480857655 ], [ -470646.864715037343558, 1681993.467395510757342 ], [ -470689.182832318125293, 1681798.373370108893141 ], [ -470703.06879687163746, 1681734.356528226053342 ], [ -470979.932768281316385, 1681349.65470257285051 ], [ -471030.291741231572814, 1681124.591965169180185 ], [ -471000.386147223354783, 1681025.944890620186925 ], [ -470886.641560925461818, 1681006.342443246394396 ], [ -470709.524812906456646, 1681151.127384972991422 ], [ -470543.793961505871266, 1681297.864378019236028 ], [ -470331.24696034489898, 1681307.989396557444707 ], [ -470160.947510867437813, 1681208.515850539086387 ], [ -470141.582115100638475, 1681197.929178464924917 ], [ -469899.605381387460511, 1681065.644642420811579 ], [ -469856.444928665063344, 1680989.120004283264279 ], [ -469854.349001382885035, 1680880.929883223259822 ], [ -469901.251121728157159, 1680743.025845244294032 ], [ -470073.806297947943676, 1680625.73630022443831 ], [ -470299.019888070935849, 1680472.651856872020289 ], [ -470795.90571256011026, 1680102.490093512460589 ], [ -470982.753287947271019, 1679900.947788103483617 ], [ -470766.636501576576848, 1679863.702970318030566 ], [ -470464.483102792641148, 1679728.87050091731362 ], [ -470324.512972907454241, 1679544.678686114959419 ], [ -470291.150733084359672, 1679290.896434809546918 ], [ -470462.733731594169512, 1679110.094280093209818 ], [ -470661.948150466138031, 1679109.365910201799124 ], [ -471014.879386984277517, 1679100.062192736659199 ], [ -471336.853061754547525, 1679160.129281087778509 ], [ -471584.21574307337869, 1679414.182726292172447 ], [ -471688.504078787984326, 1679594.976390527561307 ], [ -471796.162384186987765, 1679771.1407837534789 ], [ -471923.917078392987605, 1679876.13852724712342 ], [ -472208.279135570861399, 1679925.13530867965892 ], [ -472106.86516789754387, 1679697.292783548124135 ], [ -471955.992298190190922, 1679542.502363238483667 ], [ -472079.210293556563556, 1679437.41876896773465 ], [ -472230.903082802076824, 1679523.994196083396673 ], [ -472349.810849083238281, 1679536.933425645809621 ], [ -472419.357441346568521, 1679616.91555917984806 ], [ -472420.210304218984675, 1679700.163492436520755 ], [ -472426.528413086314686, 1679927.923042539041489 ], [ -472402.389582797943149, 1680112.641781768063083 ], [ -472463.118228072300553, 1680243.991498299175873 ], [ -472557.243955967482179, 1680313.09500979911536 ], [ -472719.013565323955845, 1680340.973117504036054 ], [ -472820.295740949863102, 1680456.639658102300018 ], [ -472928.070776511158329, 1680490.323037395020947 ], [ -473075.141520640463568, 1680515.660456067183986 ] ], [ [ -473019.805721679527778, 1675783.674379603471607 ], [ -473010.598114126827568, 1675862.051396097289398 ], [ -473000.333528872346506, 1675890.015978348441422 ], [ -472973.647157083498314, 1675871.085571499308571 ], [ -472955.066015315649565, 1675761.772431163582951 ], [ -472939.826413636852521, 1675650.03723200946115 ], [ -472945.650434593204409, 1675612.519816972082481 ], [ -472947.891115180565976, 1675598.082225410733372 ], [ -472965.246247845876496, 1675600.783978375140578 ], [ -472990.757067324128002, 1675684.565862689167261 ], [ -473014.386015244119335, 1675727.973614952061325 ], [ -473019.805721679527778, 1675783.674379603471607 ] ], [ [ -472500.131199107214343, 1680962.994677653536201 ], [ -472492.294528798374813, 1680891.20671788114123 ], [ -472452.686046171293128, 1680798.844024946214631 ], [ -472356.550839571340475, 1680735.927079918794334 ], [ -472320.31924460438313, 1680630.130249912152067 ], [ -472265.884743705915753, 1680565.409977900097147 ], [ -472188.377701640652958, 1680547.015485683921725 ], [ -472142.625913360447157, 1680549.193216821644455 ], [ -472082.885758380871266, 1680574.122091349214315 ], [ -471999.63998818694381, 1680559.775574411964044 ], [ -471840.560371919651516, 1680517.270987328607589 ], [ -471767.943760395224672, 1680499.727878774283454 ], [ -471663.704294003662653, 1680431.451034063706174 ], [ -471591.228241247823462, 1680383.747766179265454 ], [ -471493.291613969544414, 1680366.862059492152184 ], [ -471414.664317237853538, 1680413.688093645032495 ], [ -471342.477987834601663, 1680481.755475488025695 ], [ -471291.551504403701983, 1680543.420252368086949 ], [ -471279.809943328611553, 1680611.838861393043771 ], [ -471299.120650279801339, 1680675.540625839261338 ], [ -471353.412419135391247, 1680770.431143614230677 ], [ -471439.603339408291504, 1680855.714507996570319 ], [ -471488.43905950471526, 1680894.323409922188148 ], [ -471511.946120302192867, 1680933.588711773511022 ], [ -471545.112162848294247, 1681004.710202602203935 ], [ -471585.821966865973081, 1681031.859328460646793 ], [ -471641.366854020394385, 1681031.367450630525127 ], [ -471679.839246021409053, 1681012.840510627487674 ], [ -471747.133195812464692, 1680943.931296383729205 ], [ -471799.734177236910909, 1680872.493502292549238 ], [ -471847.434632616583258, 1680800.21212290530093 ], [ -471892.490187056013383, 1680772.756472604814917 ], [ -471951.252209697908256, 1680782.879287541145459 ], [ -472005.113862577592954, 1680792.158830189378932 ], [ -472095.639680210093502, 1680822.855038192356005 ], [ -472144.467379550973419, 1680861.462318411562592 ], [ -472203.802490340603981, 1680927.025657090125605 ], [ -472299.088860429183114, 1680988.724847395904362 ], [ -472359.522716342122294, 1681026.186513021588326 ], [ -472440.259220152976923, 1681018.084681281121448 ], [ -472478.731487246579491, 1680999.557206984842196 ], [ -472500.131199107214343, 1680962.994677653536201 ] ], [ [ -472368.618396877835039, 1675017.29990033339709 ], [ -472301.519891670206562, 1675349.023168024607003 ], [ -472270.618236633134075, 1675442.91334887011908 ], [ -472132.53466805088101, 1675657.898715880699456 ], [ -472114.328472748107743, 1675686.244278847239912 ], [ -472097.745417088677641, 1675784.984178201761097 ], [ -472139.049557398422621, 1675851.440707011381164 ], [ -472177.923270150786266, 1676036.516252639703453 ], [ -472163.579953460488468, 1676237.42030748934485 ], [ -472155.661557501007337, 1676276.964146910235286 ], [ -472128.847359833074734, 1676410.872562405420467 ], [ -472134.532600629085209, 1676575.061581147601828 ], [ -472032.168612395238597, 1676481.365303096361458 ], [ -471756.470244103053119, 1676399.57641342189163 ], [ -471623.659220227331389, 1676301.130494725424796 ], [ -471555.872623878996819, 1676272.568070217268541 ], [ -471477.34441935113864, 1676239.479462652932853 ], [ -471369.186977592529729, 1676082.661820128560066 ], [ -471330.169964036089368, 1675882.169647426111624 ], [ -471374.97822117654141, 1675738.991809134371579 ], [ -471376.583354988542851, 1675733.862988852197304 ], [ -471448.184948018111754, 1675573.927967089926824 ], [ -471587.500558655185159, 1675487.178857138147578 ], [ -471627.696289231244009, 1675313.911574630532414 ], [ -471753.034548873023596, 1675216.991002540336922 ], [ -471909.418757534818724, 1675163.567681547487155 ], [ -472082.853652928315569, 1675050.586227604420856 ], [ -472208.796704203472473, 1674992.424428943544626 ], [ -472284.907539882755373, 1675004.264607955003157 ], [ -472368.618396877835039, 1675017.29990033339709 ] ], [ [ -471748.860957239638083, 1675050.678148436592892 ], [ -471740.887587624019943, 1675077.343464558012784 ], [ -471709.063671934534796, 1675121.015956416958943 ], [ -471707.896445599908475, 1675148.824262953130528 ], [ -471681.766667266900185, 1675179.451015928061679 ], [ -471645.425239009666257, 1675208.352138288784772 ], [ -471615.356490088568535, 1675220.814313457114622 ], [ -471595.518087056698278, 1675213.981557576684281 ], [ -471566.071698935935274, 1675181.020812519127503 ], [ -471552.556637481378857, 1675115.730520971817896 ], [ -471561.133604399394244, 1675064.66292555234395 ], [ -471569.140443744021468, 1675016.989864306524396 ], [ -471612.876744418928865, 1674964.816538386745378 ], [ -471670.765312255476601, 1674932.523289987817407 ], [ -471745.639719113882165, 1674924.096705625997856 ], [ -471742.747281236050185, 1674962.127037133090198 ], [ -471714.332140072772745, 1675006.362027778290212 ], [ -471715.418546952016186, 1675041.560353118693456 ], [ -471748.860957239638083, 1675050.678148436592892 ] ], [ [ -471617.749980833032168, 1674727.566045213723555 ], [ -471571.146483785763849, 1674796.760653262026608 ], [ -471521.177491699461825, 1674844.376304948003963 ], [ -471464.972479312506039, 1674887.454149421537295 ], [ -471401.454953514388762, 1674890.787095088278875 ], [ -471375.382383212679997, 1674879.406347443116829 ], [ -471387.93029197055148, 1674825.505010420689359 ], [ -471405.627786957949866, 1674740.94309910829179 ], [ -471424.443473076622467, 1674670.581388835562393 ], [ -471444.94262830587104, 1674611.004115962423384 ], [ -471479.053910414630082, 1674553.71328324242495 ], [ -471531.85000520106405, 1674510.072958596050739 ], [ -471577.70505573390983, 1674570.284136753063649 ], [ -471611.604660946526565, 1674660.012721964158118 ], [ -471617.749980833032168, 1674727.566045213723555 ] ], [ [ -470868.377787486126181, 1662355.331782958703116 ], [ -470812.238277413591277, 1662429.959751648362726 ], [ -470701.257832497358322, 1662534.963139544706792 ], [ -470563.286435820336919, 1662652.44314805790782 ], [ -470532.918953199347015, 1662686.626336867921054 ], [ -470553.06889805541141, 1662628.623322047991678 ], [ -470586.807114058290608, 1662572.730510054854676 ], [ -470678.744660095951986, 1662464.759369407081977 ], [ -470781.338734213437419, 1662377.912148560397327 ], [ -470837.626808047352824, 1662356.10190150490962 ], [ -470868.377787486126181, 1662355.331782958703116 ] ], [ [ -470601.011925973987672, 1661674.514705993933603 ], [ -470585.07793589332141, 1661705.378922435222194 ], [ -470541.586613081512041, 1661698.610504180891439 ], [ -470484.541095628286712, 1661653.598339229356498 ], [ -470435.836445097986143, 1661626.560079712187871 ], [ -470365.430176150402986, 1661560.020681224530563 ], [ -470331.247139492537826, 1661457.429472113260999 ], [ -470335.463139390514698, 1661430.289971737423912 ], [ -470402.010892408201471, 1661396.186683167004958 ], [ -470441.944977291685063, 1661407.959648255957291 ], [ -470520.272343567514326, 1661482.081291196634993 ], [ -470551.397643062635325, 1661527.833748863078654 ], [ -470593.743484547943808, 1661631.694418068276718 ], [ -470601.011925973987672, 1661674.514705993933603 ] ], [ [ -469758.82371326640714, 1703610.814028918743134 ], [ -469753.401796785590705, 1703707.835493513382971 ], [ -469717.270874363137409, 1703777.934233768144622 ], [ -469646.128778019046877, 1703830.540042449487373 ], [ -469579.886244314373471, 1703849.891423559049144 ], [ -469491.438826044322923, 1703841.040570488432422 ], [ -469437.283556973270606, 1703798.536977846408263 ], [ -469400.823056747962255, 1703772.3928590756841 ], [ -469352.746373744565062, 1703734.236673407489434 ], [ -469357.246689494641032, 1703664.069130584830418 ], [ -469391.190574967651628, 1703642.548785921186209 ], [ -469431.622361690795515, 1703601.823841990670189 ], [ -469488.108877863793168, 1703559.981878604041412 ], [ -469566.917158187890891, 1703508.095500383293256 ], [ -469623.616677820042241, 1703487.344123193528503 ], [ -469690.422614383453038, 1703497.205355006735772 ], [ -469733.072687943873461, 1703539.135542658623308 ], [ -469758.82371326640714, 1703610.814028918743134 ] ], [ [ -469484.238473513454664, 1659164.995953056728467 ], [ -469479.272360477363691, 1659257.156648362986743 ], [ -469241.560305998369586, 1659071.10102349310182 ], [ -469284.531341977417469, 1659027.220936221536249 ], [ -469344.078480824828148, 1658999.705250749364495 ], [ -469402.205145032552537, 1659005.07722006435506 ], [ -469445.641206713800784, 1659033.911547263618559 ], [ -469463.568035397329368, 1659084.532607306959108 ], [ -469484.238473513454664, 1659164.995953056728467 ] ], [ [ -469279.820033047464676, 1708873.809374009026214 ], [ -469260.316856309655122, 1708931.65503925550729 ], [ -469204.933699817105662, 1708981.446449685841799 ], [ -469134.701377266959753, 1708999.070633925963193 ], [ -469108.663714703696314, 1709005.748473191633821 ], [ -469055.204839814978186, 1709019.458943529520184 ], [ -468995.812113403750118, 1709027.230906439712271 ], [ -468981.843675675569102, 1709114.127420104574412 ], [ -468923.8664679286303, 1709132.197204048978165 ], [ -468841.867458572727628, 1709149.801877140533179 ], [ -468680.499971547513269, 1709175.027666301233694 ], [ -468602.833136371569708, 1709136.761626857100055 ], [ -468631.584196353273001, 1709040.695866514230147 ], [ -468603.116966608213261, 1708943.193321785889566 ], [ -468567.693020499660634, 1708820.872747979825363 ], [ -468531.062953294080216, 1708770.372690494405106 ], [ -468477.647316807124298, 1708717.16470886929892 ], [ -468396.861619440081995, 1708662.959670983022079 ], [ -468317.81461125932401, 1708619.319580530747771 ], [ -468262.525826547527686, 1708534.936700643971562 ], [ -468328.330569060635753, 1708540.482967186020687 ], [ -468394.991374865930993, 1708546.061270058620721 ], [ -468452.559680472535547, 1708551.937911244574934 ], [ -468560.994637034717016, 1708647.508494320092723 ], [ -468621.599943368986715, 1708672.555000835563987 ], [ -468666.564682547468692, 1708667.957983940374106 ], [ -468697.003352684318088, 1708637.292054370045662 ], [ -468716.967951652244665, 1708608.324981102719903 ], [ -468721.743172126007266, 1708578.60168514563702 ], [ -468710.54460016003577, 1708510.711045271484181 ], [ -468688.732936444226652, 1708466.512944809859619 ], [ -468656.57032518874621, 1708402.0173855132889 ], [ -468810.86716110544512, 1708477.290604561334476 ], [ -468894.480206467153039, 1708568.448363299015909 ], [ -468989.464580967149232, 1708631.051392099587247 ], [ -469044.284930560737848, 1708690.539097818545997 ], [ -469051.428427421778906, 1708603.935759575804695 ], [ -469064.248432297259569, 1708545.241075932746753 ], [ -469116.76053114887327, 1708638.689715126994997 ], [ -469174.196032071020454, 1708709.700943677453324 ], [ -469187.279009724385105, 1708721.003576593240723 ], [ -469237.669479021686129, 1708764.536794430343434 ], [ -469275.517896959732752, 1708828.952116067288443 ], [ -469279.820033047464676, 1708873.809374009026214 ] ], [ [ -469183.062551433220506, 1707784.686608373885974 ], [ -469161.384057389106601, 1707919.5774171797093 ], [ -469076.582884323084727, 1707814.731467518024147 ], [ -468981.736824931402225, 1707688.016683419235051 ], [ -468875.273964288819116, 1707549.289963201154023 ], [ -468773.298742074461188, 1707424.784509246470407 ], [ -468683.7614310667268, 1707329.516484590712935 ], [ -468583.868513161432929, 1707211.891157306963578 ], [ -468534.739414411655162, 1707095.926238772459328 ], [ -468526.556443152891006, 1707020.346120161237195 ], [ -468542.542684510815889, 1706941.90899661812 ], [ -468606.624463958258275, 1706901.63001382839866 ], [ -468716.147678481414914, 1706923.575262683210894 ], [ -468824.255576324299909, 1706963.010024010902271 ], [ -468882.180000683350954, 1707000.171961839310825 ], [ -468942.421889388468117, 1707047.042977782897651 ], [ -468995.121386822429486, 1707119.694714469602332 ], [ -469035.141727008973248, 1707271.318261964246631 ], [ -468956.676370396453422, 1707211.376974988495931 ], [ -468809.515942418714985, 1707072.821639721281826 ], [ -468719.029542843985837, 1707024.440386371454224 ], [ -468666.192929720331449, 1707015.900507419370115 ], [ -468645.580840361653827, 1707059.82984511135146 ], [ -468648.212415327609051, 1707127.773839881643653 ], [ -468657.325594208261464, 1707176.503180380212143 ], [ -468706.332239385519642, 1707272.184763205703348 ], [ -468818.084948776406236, 1707378.019401359604672 ], [ -469000.638387331913691, 1707549.292192600434646 ], [ -469109.747618825174868, 1707671.567414234858006 ], [ -469183.062551433220506, 1707784.686608373885974 ] ], [ [ -468946.321424560679588, 1708906.33078046888113 ], [ -468936.642956942843739, 1708860.712464762153104 ], [ -468915.359940723225009, 1708813.216079061618075 ], [ -468857.014160890073981, 1708752.95387806231156 ], [ -468794.156031270162202, 1708738.380469446303323 ], [ -468713.244079215743113, 1708758.530694966437295 ], [ -468709.593145043589175, 1708791.819574992870912 ], [ -468739.298827070742846, 1708818.653194075915962 ], [ -468779.085696984548122, 1708867.4421236817725 ], [ -468796.850501086446457, 1708926.222963329637423 ], [ -468823.306640104972757, 1708962.692420719424263 ], [ -468837.832951671094634, 1708988.761282067745924 ], [ -468881.728619789064396, 1708990.779321296839043 ], [ -468921.124074787716381, 1708978.502737856004387 ], [ -468941.348978185851593, 1708947.886031867470592 ], [ -468946.321424560679588, 1708906.33078046888113 ] ], [ [ -468786.520177614293061, 1687845.14375332230702 ], [ -468774.039397941029165, 1687935.869639326585457 ], [ -468759.239047329348978, 1687985.942362271016464 ], [ -468737.023211015213747, 1688006.88175477925688 ], [ -468692.242466913885437, 1688014.646751275053248 ], [ -468604.761391011415981, 1688018.139678809791803 ], [ -468566.614458207215648, 1688005.380815203534439 ], [ -468453.205743071681354, 1687961.058553221868351 ], [ -468416.733662218321115, 1687947.637417272198945 ], [ -468372.834194366703741, 1687972.806102439295501 ], [ -468341.091970898094587, 1688028.848016883712262 ], [ -468305.380427037947811, 1688091.892179697751999 ], [ -468273.638033870491199, 1688147.933921645861119 ], [ -468247.588496131531429, 1688182.583485497161746 ], [ -468210.734959241119213, 1688216.483245322713628 ], [ -468246.377323269553017, 1688117.363878759788349 ], [ -468306.729619476420339, 1688000.828197565628216 ], [ -468350.216738689225167, 1687946.4044673233293 ], [ -468407.131190609477926, 1687922.164282277692109 ], [ -468466.970733086403925, 1687917.000229622935876 ], [ -468565.835898033110425, 1687955.704052666667849 ], [ -468634.116702842875384, 1687973.667277816915885 ], [ -468712.560385442455299, 1687968.615505031542853 ], [ -468728.232989717100281, 1687949.640490175224841 ], [ -468738.047116216737777, 1687892.511595332995057 ], [ -468764.561140592151787, 1687810.392185576492921 ], [ -468781.349783270386979, 1687766.851770378882065 ], [ -468786.520177614293061, 1687845.14375332230702 ] ], [ [ -468259.228538760798983, 1693272.116512042237446 ], [ -468175.32102340873098, 1693152.1911753017921 ], [ -468125.957259175309446, 1693056.337662005797029 ], [ -468093.132898179581389, 1692997.154298324370757 ], [ -468045.70245460618753, 1692911.635561370057985 ], [ -468003.472133582574315, 1692810.508213624591008 ], [ -467965.630390599137172, 1692722.686145610408857 ], [ -467912.0617341187899, 1692569.27943411655724 ], [ -467849.122294912871439, 1692440.73150473437272 ], [ -467848.625146939593833, 1692439.716075233882293 ], [ -467794.874467897112481, 1692330.556047055870295 ], [ -467704.751715208985843, 1692209.706049619242549 ], [ -467630.534236045961734, 1692110.172317564254627 ], [ -467560.704953849839512, 1692023.943915623938665 ], [ -467410.061209089879412, 1691944.953371602809057 ], [ -467251.300167133100331, 1691768.231187130557373 ], [ -467437.057041308202315, 1691902.441354026086628 ], [ -467576.127996464027092, 1691970.469766334164888 ], [ -467580.441341521218419, 1691976.2561935109552 ], [ -467635.283087577321567, 1692034.961849119281396 ], [ -467732.528573509480339, 1692150.547274408629164 ], [ -467801.452507010078989, 1692242.963080005254596 ], [ -467881.705614723381586, 1692387.666720208944753 ], [ -467921.83958115632413, 1692482.825274616247043 ], [ -467945.43663502833806, 1692538.774171732133254 ], [ -468017.443122316850349, 1692710.666569738648832 ], [ -468075.490553696115967, 1692795.847663769032806 ], [ -468094.684441672754474, 1692880.922394570428878 ], [ -468102.313656194775831, 1692891.151645664824173 ], [ -468163.609918148198631, 1692973.337094634771347 ], [ -468199.622841185948346, 1693073.541276350850239 ], [ -468242.767508836695924, 1693168.481956713367254 ], [ -468259.228538760798983, 1693272.116512042237446 ] ], [ [ -468237.851807619736064, 1685518.010731777409092 ], [ -468192.561408963811118, 1685547.633560116402805 ], [ -468143.773250970698427, 1685488.418081236770377 ], [ -468100.104728362348396, 1685352.535078591201454 ], [ -467995.454384283046238, 1685205.036804469535127 ], [ -468028.771692727110349, 1685190.486475283978507 ], [ -468109.916133538587019, 1685201.796130611328408 ], [ -468208.539735581493005, 1685282.978659952059388 ], [ -468237.851807619736064, 1685518.010731777409092 ] ], [ [ -468140.664709553297143, 1693525.713585932739079 ], [ -468100.571538714691997, 1693492.858201546128839 ], [ -468074.445834360609297, 1693456.823903711279854 ], [ -468054.135442593891639, 1693428.810566783417016 ], [ -468005.929668838216458, 1693375.795815031742677 ], [ -467956.261312113201711, 1693284.841495545115322 ], [ -467904.960049987537786, 1693227.5534712318331 ], [ -467864.131875117658637, 1693175.72734624822624 ], [ -467817.247397700673901, 1693137.997826014412567 ], [ -467798.533298866765108, 1693089.744573828531429 ], [ -467844.680649018031545, 1693108.513449145946652 ], [ -467912.49473076016875, 1693157.164043089607731 ], [ -467963.787952466867864, 1693214.450667856959626 ], [ -468045.452771747834049, 1693318.10409422381781 ], [ -468089.451699426281266, 1693390.803969356929883 ], [ -468111.19522696651984, 1693426.730960371205583 ], [ -468138.014349893550389, 1693495.141533501679078 ], [ -468140.664709553297143, 1693525.713585932739079 ] ], [ [ -468034.129452983674128, 1697585.994914938462898 ], [ -467931.680443038989324, 1698245.331984126241878 ], [ -467857.404394775105175, 1698012.965390270575881 ], [ -467798.161384577862918, 1697818.86730003496632 ], [ -467754.553299366612919, 1697694.004342084983364 ], [ -467723.296001855982468, 1697555.514470397960395 ], [ -467681.602009583381005, 1697312.521696103038266 ], [ -467614.327986872987822, 1696979.744523857021704 ], [ -467582.308566072839312, 1696829.318455936620012 ], [ -467517.725778399326373, 1696706.498451804043725 ], [ -467391.97149109171005, 1696507.713861560216174 ], [ -467293.009872328839265, 1696302.586698360042647 ], [ -467248.511051822220907, 1696218.782915803138167 ], [ -467198.954507251735777, 1696134.220591546036303 ], [ -467332.427633955841884, 1696210.586172194452956 ], [ -467449.38581403484568, 1696258.758038585772738 ], [ -467544.620256430411246, 1696314.021741778356954 ], [ -467580.603385125054047, 1696348.563854934647679 ], [ -467671.405123083968647, 1696435.728972514625639 ], [ -467762.150391146016773, 1696557.396290387259796 ], [ -467815.127478439419065, 1696692.446886110352352 ], [ -467818.031750626978464, 1696699.354944198159501 ], [ -467872.189958903705701, 1696828.1733323270455 ], [ -467897.926127732847817, 1696950.238458616891876 ], [ -467934.624646099749953, 1697032.091473951935768 ], [ -467982.899400272639468, 1697197.429565054364502 ], [ -468004.50074228469748, 1697401.4146016263403 ], [ -468034.129452983674128, 1697585.994914938462898 ] ], [ [ -467550.518792776798364, 1688365.891464564250782 ], [ -467523.829856677039061, 1688395.533351561287418 ], [ -467454.639542691991664, 1688383.908600757597014 ], [ -467454.46378734568134, 1688383.879071774426848 ], [ -467364.540069164766464, 1688328.436325794784352 ], [ -467271.647780480387155, 1688235.264419722836465 ], [ -467169.230666347604711, 1688124.970697068842128 ], [ -467119.556767172296531, 1688051.456298304023221 ], [ -467094.060504872119054, 1687944.783733676653355 ], [ -467075.540380337683018, 1687888.920420066453516 ], [ -467083.16967275144998, 1687825.043880774872378 ], [ -467127.424503592599649, 1687820.062687039142475 ], [ -467218.784609121154062, 1687922.30069479602389 ], [ -467397.995120818377472, 1688114.469554256182164 ], [ -467528.545457920234185, 1688267.612466735532507 ], [ -467541.876436819147784, 1688319.174772740108892 ], [ -467550.518792776798364, 1688365.891464564250782 ] ], [ [ -467099.541553426824976, 1694075.434935430297628 ], [ -467092.666879232274368, 1694149.656848817598075 ], [ -467074.193644998187665, 1694198.183894364628941 ], [ -466996.135736385418568, 1694075.600098548457026 ], [ -466916.719488745264243, 1693906.695137620670721 ], [ -466995.398791025683749, 1693888.935500651132315 ], [ -467052.82385536871152, 1693915.797276361146942 ], [ -467093.454921086435206, 1693981.141993523808196 ], [ -467099.541553426824976, 1694075.434935430297628 ] ], [ [ -466728.784575973346364, 1697177.601405196357518 ], [ -466675.2858287129784, 1697236.470340421656147 ], [ -466656.255404319788795, 1697270.538751643616706 ], [ -466637.762271747458726, 1697301.309516389388591 ], [ -466619.025371663563419, 1697467.439016497693956 ], [ -466602.879399795318022, 1697349.683762169675902 ], [ -466594.697530259552877, 1697233.012927263742313 ], [ -466610.970615317404736, 1697149.348199343774468 ], [ -466638.719967026088852, 1697105.648156258044764 ], [ -466616.94017716642702, 1696895.931478700833395 ], [ -466617.839196121436544, 1696809.98752635740675 ], [ -466652.209834354696795, 1696869.845393481198698 ], [ -466708.532367554085795, 1697073.782256491249427 ], [ -466728.784575973346364, 1697177.601405196357518 ] ], [ [ -466697.092520933423657, 1694272.312258382560685 ], [ -466685.875429424282629, 1694342.112060632556677 ], [ -466673.474025983945467, 1694419.259555121650919 ], [ -466658.36038889241172, 1694469.982229902409017 ], [ -466648.832693431002554, 1694501.958077435614541 ], [ -466611.510573724692222, 1694616.526987084653229 ], [ -466582.474465873849113, 1694585.457799920812249 ], [ -466595.49675480480073, 1694491.424533686134964 ], [ -466620.878365510317963, 1694379.778997702756897 ], [ -466624.257917970942799, 1694359.734863627469167 ], [ -466635.187977413937915, 1694294.908376979874447 ], [ -466640.41563605814008, 1694235.320923062739894 ], [ -466633.334297860914376, 1694198.770748318638653 ], [ -466609.784572302596644, 1694165.113683410920203 ], [ -466580.950741967884824, 1694143.096089821774513 ], [ -466540.887042310845573, 1694124.750193924177438 ], [ -466494.051078533637337, 1694116.049268526490778 ], [ -466458.906146119348705, 1694112.629357150988653 ], [ -466427.44253128732089, 1694138.270647687837481 ], [ -466401.216614818724338, 1694066.186278210952878 ], [ -466428.895849701075349, 1694074.468391429400072 ], [ -466455.567135331628378, 1694074.861766931600869 ], [ -466512.920695097651333, 1694072.681001196382567 ], [ -466535.90372408227995, 1694061.874892360763624 ], [ -466591.972931840806268, 1694068.384374490939081 ], [ -466603.571823498699814, 1694072.308046530932188 ], [ -466647.438609302625991, 1694087.147150127915666 ], [ -466670.259857704222668, 1694129.66912100976333 ], [ -466682.830759515927639, 1694165.254965922096744 ], [ -466685.456174475082662, 1694195.822427224600688 ], [ -466697.092520933423657, 1694272.312258382560685 ] ], [ [ -466617.067966197500937, 1683380.359825162217021 ], [ -466593.678625180502422, 1683412.12067546392791 ], [ -466532.792365958797745, 1683383.730147930094972 ], [ -466470.404182996891905, 1683259.620611805934459 ], [ -466472.565313584287651, 1683212.270551446825266 ], [ -466508.39388566580601, 1683212.477678659139201 ], [ -466538.263298802019563, 1683247.455541374860331 ], [ -466586.37166357919341, 1683315.416245260508731 ], [ -466617.067966197500937, 1683380.359825162217021 ] ], [ [ -466539.828100198996253, 1699280.757389161968604 ], [ -466446.061162410711404, 1699147.438713780604303 ], [ -466344.750223247334361, 1698980.070806951029226 ], [ -466346.208754397172015, 1698890.298407803522423 ], [ -466364.622046216914896, 1698789.914970741840079 ], [ -466371.512399575905874, 1698662.73526433785446 ], [ -466383.161780745082069, 1698505.936473457841203 ], [ -466501.71308048593346, 1698906.606717127142474 ], [ -466518.591519190056715, 1699054.504918953171 ], [ -466539.828100198996253, 1699280.757389161968604 ] ], [ [ -466489.025707105291076, 1682924.445679038064554 ], [ -466309.908872202271596, 1682747.190827984828502 ], [ -466165.296437017444987, 1682425.500899762846529 ], [ -466327.53492628945969, 1682591.926196818007156 ], [ -466489.025707105291076, 1682924.445679038064554 ] ], [ [ -466404.718834475730546, 1683903.221819808939472 ], [ -466257.301137740490958, 1683846.432972808135673 ], [ -465926.397509351954795, 1683454.800985024543479 ], [ -465798.748123619996477, 1683160.941644117236137 ], [ -465798.062859079858754, 1683021.051924668485299 ], [ -465797.876765182823874, 1682983.050272637046874 ], [ -465753.677539463038556, 1682630.378762122476473 ], [ -465690.759877230855636, 1682385.263934902148321 ], [ -465646.968278004729655, 1682214.657953724265099 ], [ -465495.189086495607626, 1682000.28553356626071 ], [ -465391.972581065376289, 1681564.247872275300324 ], [ -465198.037203031999525, 1681290.31595423235558 ], [ -465431.218515231506899, 1681518.735973914153874 ], [ -465493.445486204640474, 1681644.476092519704252 ], [ -465542.869491138088051, 1681966.681608577258885 ], [ -465601.898351391835604, 1682050.053812922909856 ], [ -465731.574079251557123, 1682271.070117278723046 ], [ -465791.845508768979926, 1682480.349471159046516 ], [ -465823.462368958396837, 1682590.131102077662945 ], [ -465845.848081703763455, 1682886.757186354836449 ], [ -465861.729277912760153, 1683127.415344986831769 ], [ -465863.296489215397742, 1683151.163102412596345 ], [ -465989.496298129146453, 1683392.49052890855819 ], [ -466181.696037236426491, 1683676.570162915159017 ], [ -466404.718834475730546, 1683903.221819808939472 ] ], [ [ -466130.984334190492518, 1686999.618550050770864 ], [ -466108.079671604500618, 1687048.045343618374318 ], [ -466055.647429195523728, 1687149.578313514590263 ], [ -466015.58959351410158, 1687229.969303188379854 ], [ -465952.144596246187575, 1687361.606827634153888 ], [ -465896.632324141450226, 1687413.136264075990766 ], [ -465862.154365271213464, 1687410.102154910797253 ], [ -465857.225861789775081, 1687455.807217502035201 ], [ -465828.338494893803727, 1687573.032977085793391 ], [ -465801.63072335353354, 1687626.622730111470446 ], [ -465737.69615039578639, 1687659.247377815889195 ], [ -465564.598310690664221, 1687699.244601869955659 ], [ -465548.168160541681573, 1687676.042355409357697 ], [ -465595.504911585652735, 1687655.105129253352061 ], [ -465734.05125846597366, 1687629.530207575531676 ], [ -465785.682813768624328, 1687600.600302119972184 ], [ -465796.364494539622683, 1687538.423442729515955 ], [ -465804.939317066164222, 1687420.604680723510683 ], [ -465831.162995308462996, 1687369.8449123557657 ], [ -465898.25011300155893, 1687369.766164644621313 ], [ -465931.025321265275124, 1687331.773419066332281 ], [ -465959.182770820101723, 1687269.70265777874738 ], [ -465985.486311014275998, 1687201.497068718541414 ], [ -466008.786837026651483, 1687167.684604834765196 ], [ -466094.40500157821225, 1687042.785203063394874 ], [ -466130.984334190492518, 1686999.618550050770864 ] ], [ [ -465519.178621441300493, 1703195.639575236942619 ], [ -465432.402861570881214, 1703124.223054727306589 ], [ -465286.051075095194392, 1703022.917422125348821 ], [ -465015.857074209081475, 1702873.570794226368889 ], [ -464953.260951160278637, 1702854.985948708141223 ], [ -464798.646469805913512, 1702809.080424649408087 ], [ -464448.137355522019789, 1702748.94470185553655 ], [ -464328.8698207178968, 1702772.037689422955737 ], [ -464301.527300021087285, 1702790.308897821931168 ], [ -464245.697394157061353, 1702827.616189405089244 ], [ -464165.464649957139045, 1702863.262158506782725 ], [ -464125.841094552946743, 1702927.527769157662988 ], [ -464054.245349887234624, 1702953.336766692344099 ], [ -463998.375534105638508, 1702935.54027787852101 ], [ -463927.058130225748755, 1702877.469683605479077 ], [ -463904.873088753141928, 1702846.874976923456416 ], [ -463884.257907404215075, 1702890.804865715792403 ], [ -463896.663827568758279, 1702940.070832129335031 ], [ -463903.124123663059436, 1703005.254805820528418 ], [ -463891.355688139796257, 1703057.36515478300862 ], [ -463855.564332883746829, 1703048.206359168980271 ], [ -463820.568342469865456, 1702991.908811121247709 ], [ -463760.186582101043314, 1702884.792684787884355 ], [ -463715.196943820628803, 1702762.189705041004345 ], [ -463686.290842806803994, 1702625.858880037907511 ], [ -463705.458988040219992, 1702527.678552490891889 ], [ -463742.600931237568147, 1702402.031023788964376 ], [ -463787.390344006649684, 1702355.25644703884609 ], [ -463893.735830772027839, 1702304.931311902590096 ], [ -463985.013071416760795, 1702306.19294680072926 ], [ -464067.706942614575382, 1702339.816063659265637 ], [ -464200.311291646619793, 1702442.273793497122824 ], [ -464286.830824444885366, 1702473.141888464102522 ], [ -464448.111122289847117, 1702518.195265481714159 ], [ -464605.056455625628587, 1702609.255172648699954 ], [ -464721.84141444315901, 1702651.005372009240091 ], [ -464799.270322960335761, 1702678.685742200817913 ], [ -465132.718226108816452, 1702815.020792483584955 ], [ -465185.172481994668487, 1702844.725601179525256 ], [ -465386.074177167320158, 1702958.495183084160089 ], [ -465516.804397769039497, 1703168.252462062519044 ], [ -465519.178621441300493, 1703195.639575236942619 ] ], [ [ -465168.000928768888116, 1699712.408798023825511 ], [ -465111.211559479590505, 1699875.261104938806966 ], [ -465041.640815321705304, 1699914.03056650958024 ], [ -464969.703167715051677, 1699907.652879252331331 ], [ -464900.062893313646782, 1699917.716983446618542 ], [ -464867.506122255057562, 1699953.628324192017317 ], [ -464851.031108187220525, 1700019.06896163825877 ], [ -464831.810634002671577, 1700056.947192611405626 ], [ -464777.477048094326165, 1700055.708223037421703 ], [ -464698.613271312438883, 1699989.754976146155968 ], [ -464682.248940063116606, 1699982.368259720969945 ], [ -464609.162093940773048, 1699949.377222099108621 ], [ -464508.329291102301795, 1699893.759229891002178 ], [ -464455.170923866971862, 1699838.39338714373298 ], [ -464459.183113793551456, 1699768.129966471344233 ], [ -464463.956435635045636, 1699654.117054381174967 ], [ -464476.396634050121065, 1699534.59699231130071 ], [ -464459.247537261690013, 1699430.541717548388988 ], [ -464418.850092541310005, 1699302.476754435105249 ], [ -464391.150037990300916, 1699240.43235425837338 ], [ -464344.119535820325837, 1699135.089686484308913 ], [ -464267.252058002050035, 1699018.645142631139606 ], [ -464138.697363455139566, 1698833.063382321270183 ], [ -464053.224227666971274, 1698605.28466927818954 ], [ -464034.891201339487452, 1698487.528833903837949 ], [ -464044.686505245103035, 1698384.449935635784641 ], [ -464078.255639302777126, 1698302.10194233013317 ], [ -464135.852336692390963, 1698281.027909247437492 ], [ -464250.535513160808478, 1698292.632366195321083 ], [ -464360.883857010572683, 1698336.401360133895651 ], [ -464544.530714372231159, 1698494.159878994105384 ], [ -464609.854759232897777, 1698605.632385165197775 ], [ -464645.237528876343276, 1698673.997073725797236 ], [ -464454.695464318385348, 1698548.755010272143409 ], [ -464316.791146129136905, 1698467.289804041618481 ], [ -464238.720721037418116, 1698442.171116887591779 ], [ -464199.086933351471089, 1698456.689096102723852 ], [ -464190.088168557616882, 1698512.625836682738736 ], [ -464202.883289434132166, 1698622.726367462426424 ], [ -464243.676587617665064, 1698727.226615878054872 ], [ -464302.889159555255901, 1698838.534223031252623 ], [ -464428.640351360139903, 1699010.655298281926662 ], [ -464447.956712039653212, 1699037.09420400718227 ], [ -464574.064590229536407, 1699243.167886588722467 ], [ -464609.441402157186531, 1699360.297206270508468 ], [ -464624.785963508067653, 1699431.899905956117436 ], [ -464632.67478807689622, 1699468.7118229563348 ], [ -464656.176433457236271, 1699533.27383462083526 ], [ -464676.23989879450528, 1699577.033500783145428 ], [ -464683.227102339500561, 1699638.931904161116108 ], [ -464695.640157637826633, 1699688.201525289332494 ], [ -464733.6787431705161, 1699704.482457046862692 ], [ -464777.409361082827672, 1699664.292297854553908 ], [ -464826.015281210362446, 1699596.085559529718012 ], [ -464886.311219661438372, 1699362.346277339849621 ], [ -464730.718595908547286, 1699012.434136094525456 ], [ -464738.419005980016664, 1698866.566466488642618 ], [ -465168.000928768888116, 1699712.408798023825511 ] ], [ [ -465016.265507906326093, 1704174.337828059913591 ], [ -465012.663061070197728, 1704386.429280621698126 ], [ -464985.414619614952244, 1704511.45414278563112 ], [ -464924.266176255652681, 1704659.150861002737656 ], [ -464900.688426742679439, 1704716.099973051343113 ], [ -464802.814229014562443, 1704871.305074356263503 ], [ -464693.151668101665564, 1704982.916959792142734 ], [ -464684.167852984857745, 1704984.902603453956544 ], [ -464542.895227521192282, 1705016.126443064538762 ], [ -464476.195650611422025, 1705006.267595778917894 ], [ -464458.148013957717922, 1704990.020031155319884 ], [ -464468.735718785028439, 1704964.446759301936254 ], [ -464559.3700898035313, 1704950.691048348555341 ], [ -464638.866783322184347, 1704920.135034254519269 ], [ -464775.723527713562362, 1704731.562240060186014 ], [ -464871.640263128909282, 1704589.648302946705371 ], [ -464911.446760809223633, 1704412.291971869766712 ], [ -464907.313730280147865, 1704255.594320506323129 ], [ -464871.625170809275005, 1704083.442114075878635 ], [ -464762.277192600711714, 1703920.606111391214654 ], [ -464702.588643968862016, 1703786.052900872193277 ], [ -464803.896411031542812, 1703894.191552176838741 ], [ -464865.693134510307573, 1703937.252876820508391 ], [ -464952.99736718472559, 1704038.382908034371212 ], [ -465016.265507906326093, 1704174.337828059913591 ] ], [ [ -465009.209675331541803, 1686278.933070820290595 ], [ -464788.910387788549997, 1685771.061085600173101 ], [ -464652.823499668738805, 1685012.686784871621057 ], [ -464616.475008952082135, 1684904.157338530290872 ], [ -464500.45305053179618, 1684557.734092039987445 ], [ -464380.164612448250409, 1684334.085888837464154 ], [ -464246.325524615240283, 1684085.240178428823128 ], [ -463872.113877682422753, 1683518.834769471781328 ], [ -463714.304654158186167, 1683346.56587685411796 ], [ -463597.635884064075071, 1683127.583243302302435 ], [ -463788.666166834416799, 1683211.684843737399206 ], [ -464050.351932831690647, 1683518.203664946835488 ], [ -464266.681212211900856, 1683722.798325651790947 ], [ -464508.015745046897791, 1684025.801617842167616 ], [ -464690.03886616427917, 1684308.121895859250799 ], [ -464690.942439299367834, 1684311.631048147333786 ], [ -464771.745433926931582, 1684625.422741434769705 ], [ -464786.563574783678632, 1684705.949895714176819 ], [ -464831.356441698095296, 1684949.366946909110993 ], [ -465009.209675331541803, 1686278.933070820290595 ] ], [ [ -464159.655013811716344, 1696215.298607654636726 ], [ -464152.498800652974751, 1696301.925973669858649 ], [ -464111.017972640809603, 1696349.241354074794799 ], [ -464070.991455207869876, 1696366.402020141948014 ], [ -464004.55237864801893, 1696379.286110885906965 ], [ -463911.966527673706878, 1696344.058758372906595 ], [ -463861.120221101795323, 1696302.081746936077252 ], [ -463806.596427064097952, 1696198.728793821996078 ], [ -463806.612523747549858, 1696114.329932105494663 ], [ -463844.414631578838453, 1696005.648370925337076 ], [ -463917.855831577908248, 1695970.256806818302721 ], [ -464016.914288661326282, 1695986.275311222998425 ], [ -464098.793739186774474, 1696067.041746314847842 ], [ -464116.086823971534614, 1696106.970718467142433 ], [ -464159.655013811716344, 1696215.298607654636726 ] ], [ [ -463859.088784494670108, 1693248.120895368978381 ], [ -463831.498505510156974, 1693349.191151221748441 ], [ -463778.547521503467578, 1693419.777665415545925 ], [ -463724.23626600910211, 1693447.998797823674977 ], [ -463673.584019259084016, 1693471.813771369401366 ], [ -463603.263091797532979, 1693469.246293922420591 ], [ -463546.730110662931111, 1693453.060362135060132 ], [ -463481.462384549318813, 1693409.428475975058973 ], [ -463446.410161045845598, 1693366.323781273793429 ], [ -463421.469658424961381, 1693335.653674012282863 ], [ -463388.606649883207865, 1693281.339365395484492 ], [ -463352.054265730723273, 1693226.435463105328381 ], [ -463336.746235006197821, 1693133.502755736932158 ], [ -463336.910362836846616, 1693061.915886103874072 ], [ -463349.810293521382846, 1692981.677007566671818 ], [ -463356.989135904470459, 1692937.023387937806547 ], [ -463380.594704499759246, 1692884.297535957768559 ], [ -463421.439641428587493, 1692841.904447232605889 ], [ -463471.87668792513432, 1692815.983899034326896 ], [ -463524.564769187476486, 1692831.605076100211591 ], [ -463600.128970729419962, 1692859.500214491738006 ], [ -463646.418127787066624, 1692900.906311700353399 ], [ -463694.332687627058476, 1692908.654816100839525 ], [ -463754.74721202487126, 1693050.331605454906821 ], [ -463859.088784494670108, 1693248.120895368978381 ] ], [ [ -463614.227867173205595, 1685266.574275297112763 ], [ -463502.081893976777792, 1685238.676001847255975 ], [ -463368.57629243604606, 1685012.527048257412389 ], [ -463348.069384369882755, 1684860.649868331151083 ], [ -463389.611220139195211, 1684965.185773076955229 ], [ -463424.351205761369783, 1685040.040674030780792 ], [ -463476.776494842837565, 1685119.724572748411447 ], [ -463527.37796204071492, 1685188.4192041864153 ], [ -463614.227867173205595, 1685266.574275297112763 ] ], [ [ -463363.131508729769848, 1684689.885361770400777 ], [ -463349.399317926261574, 1684742.136854738229886 ], [ -463331.431021138618235, 1684791.282092600362375 ], [ -463186.98358744563302, 1684423.129021421307698 ], [ -463223.851501712983008, 1684461.637708301888779 ], [ -463313.277584537514485, 1684550.676349236862734 ], [ -463353.364191583299544, 1684635.956398805370554 ], [ -463363.131508729769848, 1684689.885361770400777 ] ], [ [ -463317.044631193741225, 1693514.757554737385362 ], [ -463301.601174609211739, 1693581.998079202603549 ], [ -463280.535128653806169, 1693673.718867737101391 ], [ -463175.390264857909642, 1693554.651791848707944 ], [ -463174.843006299866829, 1693554.032030320260674 ], [ -463099.467186957015656, 1693424.346643255092204 ], [ -463020.308906105579808, 1693267.012405305402353 ], [ -463012.960961105418392, 1693171.603695683414117 ], [ -463037.151278709818143, 1693115.202944656834006 ], [ -463099.082977592537645, 1693106.379684186074883 ], [ -463213.030742624192499, 1693173.80510629224591 ], [ -463286.563683282292914, 1693351.525826229946688 ], [ -463316.616293061466422, 1693446.845151901710778 ], [ -463317.044631193741225, 1693514.757554737385362 ] ], [ [ -463211.674134592991322, 1694083.488785428460687 ], [ -463143.936352584918495, 1694167.108217190485448 ], [ -463028.039641562791076, 1694217.852548667928204 ], [ -462874.763529134157579, 1694196.218964981148019 ], [ -462763.703465925820637, 1694133.84394292649813 ], [ -462529.93376183998771, 1693847.282701913267374 ], [ -462529.788799113885034, 1693846.640868630260229 ], [ -462485.749686702212784, 1693651.692783613689244 ], [ -462499.80390435969457, 1693446.668939511058852 ], [ -462519.787618411181029, 1693403.250703255878761 ], [ -462557.928696776099969, 1693320.382268789922819 ], [ -462634.905078290612437, 1693264.993001762777567 ], [ -462779.055045235785656, 1693242.439343065489084 ], [ -462835.266411216754932, 1693290.552018807269633 ], [ -462904.847211650572717, 1693350.107551135355607 ], [ -462975.958178927539848, 1693470.332847524201497 ], [ -463049.134221351123415, 1693558.120770541252568 ], [ -463083.14438755356241, 1693605.0311983700376 ], [ -463160.56727991317166, 1693711.820503744995221 ], [ -463184.26362370501738, 1693870.188512514112517 ], [ -463211.674134592991322, 1694083.488785428460687 ] ], [ [ -462987.642962506099138, 1691440.030323977116495 ], [ -462961.928747506521177, 1691489.876925181364641 ], [ -462892.321344532887451, 1691546.466315042693168 ], [ -462834.21980528725544, 1691578.534034807002172 ], [ -462773.48075663758209, 1691580.020914552500471 ], [ -462689.085092606721446, 1691573.433365007396787 ], [ -462616.172768528049346, 1691547.037321589421481 ], [ -462561.648374564305414, 1691462.838046330260113 ], [ -462514.942679419822525, 1691353.517607690300792 ], [ -462477.999612665560562, 1691285.277674615848809 ], [ -462445.360900956438854, 1691211.946831088745967 ], [ -462443.458594343974255, 1691207.672730488469824 ], [ -462394.961312393948901, 1691127.671262112911791 ], [ -462312.329944728000555, 1690884.162541308673099 ], [ -462277.392090403765906, 1690725.287570026470348 ], [ -462278.058166374976281, 1690582.115044235484675 ], [ -462299.448233998438809, 1690485.507549267495051 ], [ -462329.999258967058267, 1690419.127192673040554 ], [ -462396.162068068922963, 1690368.450668665813282 ], [ -462883.260331150842831, 1691267.800676589133218 ], [ -462987.642962506099138, 1691440.030323977116495 ] ], [ [ -462790.373167125042528, 1706453.687965477351099 ], [ -462619.123400453769136, 1706598.033718864666298 ], [ -462509.056796664663125, 1706466.396188824204728 ], [ -462454.312049346743152, 1706329.360820266185328 ], [ -462376.806595147179905, 1706161.817223002901301 ], [ -462284.790703289792873, 1706046.41657819529064 ], [ -462160.023713167291135, 1706014.392501159571111 ], [ -462119.811687855923083, 1706055.95877779321745 ], [ -462136.144850568496622, 1706237.977159923641011 ], [ -462057.888692440581508, 1706317.914030840853229 ], [ -461996.146698583092075, 1706359.370389043819159 ], [ -461943.135567496414296, 1706367.944640744710341 ], [ -461870.931829570559785, 1706345.981761679518968 ], [ -461838.737399803241715, 1706289.335368318948895 ], [ -461823.99651564238593, 1706166.923164125066251 ], [ -461829.11193339159945, 1706092.298919197870418 ], [ -461853.704756133432966, 1705931.458568929927424 ], [ -461858.969059303693939, 1705894.241178999654949 ], [ -461878.444389795826282, 1705756.555646132910624 ], [ -461930.001419630483724, 1705562.346834841417149 ], [ -461949.785506314248778, 1705734.328525183256716 ], [ -462002.077144799986854, 1705830.558884040918201 ], [ -462070.624200836231466, 1705888.90401672734879 ], [ -462121.226386887487024, 1705890.329977609217167 ], [ -462166.54619914869545, 1705840.271402318961918 ], [ -462184.867167439719196, 1705813.902576659340411 ], [ -462215.041778804559726, 1705770.473278860095888 ], [ -462290.856135370617267, 1705728.349112153984606 ], [ -462378.543819650891237, 1705734.527240666793659 ], [ -462476.33208395371912, 1705789.105280742514879 ], [ -462522.954801182379015, 1705857.40566409449093 ], [ -462574.192219346703496, 1705960.212573726428673 ], [ -462600.981323054700624, 1706109.689584041014314 ], [ -462616.744882186700124, 1706244.788343988126144 ], [ -462662.479159367270768, 1706347.095731201115996 ], [ -462712.522697590757161, 1706399.774250109679997 ], [ -462790.373167125042528, 1706453.687965477351099 ] ], [ [ -462547.277642626140732, 1691716.809834399959072 ], [ -462536.648108989582397, 1691782.936439222190529 ], [ -462485.522876948642079, 1691809.670660340227187 ], [ -462454.073210937029216, 1691826.116159859113395 ], [ -462391.864882608002517, 1691789.671213953290135 ], [ -462240.481221701717004, 1691606.954308873275295 ], [ -462193.969614110537805, 1691529.691560480277985 ], [ -462124.27607135346625, 1691413.919566446915269 ], [ -462066.916092531988397, 1691247.137836355948821 ], [ -462065.897407565440517, 1691182.897377675166354 ], [ -462125.459421086357906, 1691188.760504645528272 ], [ -462243.208413427113555, 1691248.023436824791133 ], [ -462268.900157654134091, 1691260.953990588430315 ], [ -462506.927637629909441, 1691544.44860956328921 ], [ -462515.003936495690141, 1691578.947924172505736 ], [ -462547.277642626140732, 1691716.809834399959072 ] ], [ [ -462341.269305121561047, 1657295.6039850381203 ], [ -462315.192760896985419, 1657347.059984638588503 ], [ -462234.280765965697356, 1657424.186811081366614 ], [ -462204.329929024912417, 1657426.132401661248878 ], [ -462162.449710645305458, 1657409.386142829665914 ], [ -462076.46225275559118, 1657357.514170282520354 ], [ -462057.24621555878548, 1657297.182327077025548 ], [ -462061.124137398961466, 1657231.041854111012071 ], [ -462090.326563025300857, 1657171.383267933968455 ], [ -462153.06995091564022, 1657150.533590325154364 ], [ -462191.776454926235601, 1657148.314908492378891 ], [ -462234.410898884409107, 1657164.203554027946666 ], [ -462300.764178001671098, 1657184.091273175086826 ], [ -462331.490995936270338, 1657229.399583252379671 ], [ -462341.269305121561047, 1657295.6039850381203 ] ], [ [ -462270.25959597248584, 1691847.429759285179898 ], [ -462246.897413949074689, 1691914.149160266853869 ], [ -462212.23004025418777, 1692013.154182652477175 ], [ -462147.494146584940609, 1692062.993633605539799 ], [ -462024.966124229307752, 1692095.936804407043383 ], [ -461947.112411103851628, 1692109.731205258751288 ], [ -461876.043212255171966, 1692128.388705041958019 ], [ -461818.083415183762554, 1692183.089569688076153 ], [ -461726.66109807434259, 1692305.464388261549175 ], [ -461671.044065493275411, 1692341.549243537243456 ], [ -461536.425853841297794, 1692380.888303958810866 ], [ -461441.763094854482915, 1692108.854654023656622 ], [ -461508.201685658190399, 1692087.745576971210539 ], [ -461583.994683858938515, 1692039.694355815183371 ], [ -461663.475036036456004, 1691992.242747209267691 ], [ -461693.722321312234271, 1691921.755712021142244 ], [ -461720.874318771762773, 1691846.994954796042293 ], [ -461758.482181799539831, 1691777.694190138019621 ], [ -461812.334450549213216, 1691654.490739947417751 ], [ -461848.22878111951286, 1691638.187155924970284 ], [ -461995.90984781406587, 1691571.108402946265414 ], [ -462091.879524078627583, 1691609.242407251149416 ], [ -462170.434884395275731, 1691708.63958293851465 ], [ -462255.615962844982278, 1691787.127899669343606 ], [ -462270.25959597248584, 1691847.429759285179898 ] ], [ [ -461500.491438679455314, 1688671.213615918066353 ], [ -461426.097185582388192, 1688658.383012643549591 ], [ -461306.793234275421128, 1688628.253691588062793 ], [ -461238.64068401575787, 1688606.946524674072862 ], [ -461158.932874324847944, 1688569.312043086858466 ], [ -461080.151697755791247, 1688498.407532927580178 ], [ -461033.927294517983682, 1688433.118144958512858 ], [ -460975.473264416505117, 1688327.507949475431815 ], [ -460942.661002674372867, 1688211.986121443100274 ], [ -460929.247372576384805, 1688095.038499725284055 ], [ -460946.261295877862722, 1687940.355909604812041 ], [ -460979.212209388439078, 1687860.05311158276163 ], [ -461039.263505092880223, 1687789.216285637812689 ], [ -461173.032861189392861, 1688041.557293525896966 ], [ -461334.441643036378082, 1688355.981026906752959 ], [ -461500.491438679455314, 1688671.213615918066353 ] ], [ [ -461480.62380016897805, 1681408.928998155985028 ], [ -461342.954737770429347, 1681130.01540471916087 ], [ -461208.115661499032285, 1680891.823518732795492 ], [ -461049.511858865036629, 1680737.951998368836939 ], [ -460957.118477887299377, 1680677.117277249693871 ], [ -461018.18284392968053, 1680686.116339893313125 ], [ -461128.167941591178533, 1680752.028987515717745 ], [ -461262.874150491959881, 1680846.913758690701798 ], [ -461367.214985919825267, 1681003.257578367600217 ], [ -461429.373891972878482, 1681174.565529546234757 ], [ -461480.62380016897805, 1681408.928998155985028 ] ], [ [ -460441.225538547500037, 1689625.294925398891792 ], [ -460415.044914393161889, 1689749.734372894279659 ], [ -460378.907088556676172, 1689848.589684769976884 ], [ -460329.053160860319622, 1689912.434199616778642 ], [ -459834.6677016330068, 1688932.523715243209153 ], [ -459874.383328621508554, 1688940.023129347944632 ], [ -459967.239362074935343, 1688984.69884136528708 ], [ -460090.123282078537159, 1689077.53626471478492 ], [ -460218.320881992171053, 1689195.176673802314326 ], [ -460326.32305818668101, 1689318.885829656152055 ], [ -460407.221860260877293, 1689433.148047191323712 ], [ -460434.720306819770485, 1689523.86510846298188 ], [ -460441.225538547500037, 1689625.294925398891792 ] ], [ [ -459107.100698910420761, 1694685.734953476348892 ], [ -459077.733924942207523, 1694794.139297879999503 ], [ -459022.4465178004466, 1695008.65625001094304 ], [ -458959.642237746797036, 1695082.194541558157653 ], [ -458873.071492696937639, 1695097.074081543833017 ], [ -458637.680223349714652, 1695107.835322511382401 ], [ -458553.929322882147972, 1695165.181867774343118 ], [ -458517.454400344926398, 1695223.438287348020822 ], [ -458484.790816835535225, 1695363.329535071738064 ], [ -458448.551896172924899, 1695440.095410333015025 ], [ -458397.428789398458321, 1695548.390556856058538 ], [ -458263.836094383441377, 1695725.971359682036564 ], [ -458141.221458644606173, 1695877.006544732954353 ], [ -458053.000785708078183, 1695913.471333942841738 ], [ -458021.542733226204291, 1695926.474061630666256 ], [ -457835.268650923040695, 1695919.118851662380621 ], [ -457752.891704135923646, 1695859.013338376767933 ], [ -457701.234755196841434, 1695766.229505699360743 ], [ -457695.270751793810632, 1695651.693553801625967 ], [ -457805.248221999325324, 1695547.737398371566087 ], [ -457848.51047166029457, 1695506.843482428463176 ], [ -457996.341464589640964, 1695409.222938296385109 ], [ -458118.938050742901396, 1695321.011407084297389 ], [ -458239.699218597146682, 1695202.131848792312667 ], [ -458333.666131512261927, 1695018.129970649490133 ], [ -458516.986034114903305, 1694647.664259885670617 ], [ -458526.835118905059062, 1694604.052962815389037 ], [ -458540.525407932640519, 1694543.432972108013928 ], [ -458702.266125166090205, 1694296.118169080233201 ], [ -458786.024076474481262, 1694238.771710680564865 ], [ -459107.100698910420761, 1694685.734953476348892 ] ], [ [ -458700.389732709911186, 1710042.807367697125301 ], [ -458695.277359845698811, 1710115.702788588358089 ], [ -458684.221705127973109, 1710193.245244455058128 ], [ -458682.027162227779627, 1710208.63757493137382 ], [ -458652.191029676643666, 1710301.156469580018893 ], [ -458602.236008614534512, 1710402.776226489804685 ], [ -458578.451005062146578, 1710343.479222155874595 ], [ -458570.944511910842266, 1710299.960003466112539 ], [ -458564.287718162522651, 1710246.959995060227811 ], [ -458559.748223596194293, 1710199.974622014444321 ], [ -458568.720331869495567, 1710132.484330632258207 ], [ -458573.816774706705473, 1710073.864574535517022 ], [ -458549.644318521721289, 1709977.021193015389144 ], [ -458534.287222528131679, 1709926.857911109691486 ], [ -458488.432446664432064, 1709888.218596647260711 ], [ -458432.899019037606195, 1709878.88183494633995 ], [ -458390.077532808645628, 1709878.821399323176593 ], [ -458364.582441415986978, 1709903.081743667367846 ], [ -458357.579544333857484, 1709944.729595001786947 ], [ -458387.213672145153396, 1709994.910074247978628 ], [ -458436.467091603029985, 1710084.085275314282626 ], [ -458447.56854641623795, 1710145.428228831849992 ], [ -458426.663786899647675, 1710199.006854698061943 ], [ -458391.885952677461319, 1710235.984740430722013 ], [ -458315.400280882138759, 1710308.764985455432907 ], [ -458206.580028280965053, 1710333.293855887139216 ], [ -458182.291030289779883, 1710322.070918895537034 ], [ -458157.698476338002365, 1710256.086744464468211 ], [ -458143.135535955836531, 1710187.022794750519097 ], [ -458150.114180309406947, 1710159.649441716494039 ], [ -458176.776866212370805, 1710128.446426893118769 ], [ -458211.530424652912188, 1710105.743016439722851 ], [ -458218.533398513915017, 1710064.095312743447721 ], [ -458231.698152714874595, 1710028.239762782584876 ], [ -458257.2177996802493, 1709989.705148097360507 ], [ -458265.386515958467498, 1709941.124388464959338 ], [ -458302.140276661782991, 1709864.036455465713516 ], [ -458343.484098017215729, 1709816.267103659221902 ], [ -458414.874267777660862, 1709802.096050523687154 ], [ -458549.094804307911545, 1709824.662337306654081 ], [ -458562.52844894991722, 1709834.671755447983742 ], [ -458631.562116412853356, 1709886.108695450471714 ], [ -458676.225303493556567, 1709945.96532392827794 ], [ -458700.389732709911186, 1710042.807367697125301 ] ], [ [ -458693.250068228691816, 1694116.513517376501113 ], [ -458566.987460619187914, 1694242.464092209702358 ], [ -458422.743439108366147, 1694433.219673280371353 ], [ -458343.590010273153894, 1694589.985662175808102 ], [ -458295.859107796859462, 1694684.517799960914999 ], [ -458188.438702810381074, 1694825.82702499255538 ], [ -458125.119732854422182, 1694987.768470650771633 ], [ -458054.293982161325403, 1695091.096717925975099 ], [ -457984.247091895085759, 1695150.161370690912008 ], [ -457983.738437955151312, 1695150.590311319334432 ], [ -457813.996780991787091, 1695200.160092583857477 ], [ -457657.546702072839253, 1695235.937978986185044 ], [ -457541.583275957265869, 1695264.607441867468879 ], [ -457508.480129934148863, 1695266.252481730654836 ], [ -457594.368372755940072, 1695174.221975310239941 ], [ -457683.657290086150169, 1695148.156812609406188 ], [ -457838.462294371041935, 1695127.083720282884315 ], [ -457913.627053044911008, 1695102.102031319169328 ], [ -457982.587129693420138, 1695052.493553783977404 ], [ -458049.581263458123431, 1694951.908897805958986 ], [ -458051.471952426305506, 1694941.81960679218173 ], [ -458073.529545166355092, 1694824.113108800025657 ], [ -458111.587036130309571, 1694755.99965708819218 ], [ -458175.721790622163098, 1694664.508764078607783 ], [ -458252.712892515526619, 1694584.643267467152327 ], [ -458254.731796970358118, 1694579.691353793721646 ], [ -458303.072097514814232, 1694461.125506609445438 ], [ -458397.27805217349669, 1694251.772478574886918 ], [ -458606.868916338251438, 1694005.280673103872687 ], [ -458693.250068228691816, 1694116.513517376501113 ] ], [ [ -457954.241820947325323, 1705389.82693860004656 ], [ -457946.905527746130247, 1705423.861718997359276 ], [ -457938.996387603750918, 1705460.553898744517937 ], [ -457914.946051126345992, 1705572.12830639607273 ], [ -457805.688270295388065, 1705817.591358021134511 ], [ -457681.459291898354422, 1706125.168038435280323 ], [ -457554.143317257461604, 1706327.979048544308171 ], [ -457481.993290561484173, 1706435.435581273166463 ], [ -457430.105675728991628, 1706493.979066669940948 ], [ -457411.833840262901504, 1706402.614497945876792 ], [ -457370.296218638832215, 1706448.061348905786872 ], [ -457322.983308165625203, 1706486.015935455448925 ], [ -457258.266797218762804, 1706540.75907906354405 ], [ -457252.658688812982291, 1706649.121000109240413 ], [ -457251.876038560876623, 1706757.289952549850568 ], [ -457331.584605945332441, 1706689.156261436175555 ], [ -457354.618069102754816, 1706842.839070299407467 ], [ -457413.124689230986405, 1706925.756482075899839 ], [ -457442.639906346390489, 1706990.107755332021043 ], [ -457444.670531481562648, 1707067.970134257338941 ], [ -457514.498081833240576, 1707101.029044040245935 ], [ -457543.241514041321352, 1707170.219744856702164 ], [ -457533.298976851860061, 1707232.027724880026653 ], [ -457529.230302369513083, 1707257.320828136289492 ], [ -457509.766370991419535, 1707378.289812918519601 ], [ -457549.589948425185867, 1707409.548713870812207 ], [ -457647.703086830326356, 1707450.253872114699334 ], [ -457717.633503050368745, 1707511.208240096922964 ], [ -457782.519637265242636, 1707541.569867424899712 ], [ -457839.81045666715363, 1707650.131711400579661 ], [ -457828.133543875825126, 1707722.707059778971598 ], [ -457814.122885447693989, 1707809.807555986568332 ], [ -457823.43679681426147, 1707875.851998025784269 ], [ -457798.930701682693325, 1707966.21761998697184 ], [ -457745.097676976816729, 1708022.049559879582375 ], [ -457654.554257673036773, 1708027.259418454719707 ], [ -457539.349859891866799, 1707968.894618356833234 ], [ -457530.101959606225137, 1707914.199359914753586 ], [ -457495.402596966829151, 1707918.678327455185354 ], [ -457407.243645832466427, 1707840.562468408141285 ], [ -457392.84600700205192, 1707820.707844013115391 ], [ -457362.276891175191849, 1707778.552417272701859 ], [ -457341.809293224650901, 1707694.122417442267761 ], [ -457333.417102749401238, 1707559.525278345216066 ], [ -457323.804047011770308, 1707448.504069166490808 ], [ -457322.300144428270869, 1707442.850380868650973 ], [ -457312.395596753922291, 1707405.614592344965786 ], [ -457272.060958738089539, 1707371.724192533642054 ], [ -457207.271695993607864, 1707347.554425774607807 ], [ -457129.630231439834461, 1707334.990645254263654 ], [ -457122.488833602925297, 1707333.834995952667668 ], [ -457051.636814270634204, 1707290.451844903407618 ], [ -456980.243142174324021, 1707278.892545311246067 ], [ -456899.415646186971571, 1707224.542263449402526 ], [ -456762.889496608055197, 1707093.212662990437821 ], [ -456995.155991297506262, 1706930.112512598745525 ], [ -456899.127845614391845, 1706900.891867537749931 ], [ -456855.598391560604796, 1706829.995106309419498 ], [ -456838.702958273293916, 1706785.513264507288113 ], [ -456763.150678770267405, 1706709.74842979782261 ], [ -456762.647345358040184, 1706587.743073237594217 ], [ -456853.376169164432213, 1706376.596349668456241 ], [ -456856.438335624639876, 1706369.469980510417372 ], [ -456996.763392450171523, 1706237.101037133485079 ], [ -457066.363374691980425, 1706184.288735771318898 ], [ -457194.931063916592393, 1706086.731232522288337 ], [ -457368.893377126427367, 1705930.616625891067088 ], [ -457319.129497255489696, 1705394.361211208859459 ], [ -457297.795516010606661, 1705164.456662959419191 ], [ -457357.259457925567403, 1705104.579524424625561 ], [ -457410.311203878372908, 1705053.583262053085491 ], [ -457498.833302767656278, 1705040.071951211895794 ], [ -457500.256923969311174, 1705040.236580878729001 ], [ -457648.89995121472748, 1705057.426261371700093 ], [ -457780.228168017813005, 1705108.464057278586552 ], [ -457872.104333419643808, 1705187.876826089574024 ], [ -457930.171873602550477, 1705291.603731333743781 ], [ -457954.241820947325323, 1705389.82693860004656 ] ], [ [ -457147.198817215044983, 1705700.4432798482012 ], [ -457132.410885699326172, 1705593.142806408926845 ], [ -457110.279139966471121, 1705555.452801465522498 ], [ -457082.099848884856328, 1705507.463921175105497 ], [ -457016.428785540629178, 1705460.346607153071091 ], [ -457059.781542782846373, 1705552.624509965069592 ], [ -457074.4063383404864, 1705583.753745354712009 ], [ -457092.051164826552849, 1705673.269685874925926 ], [ -457101.323625800199807, 1705729.502444986719638 ], [ -457083.812356142909266, 1705781.403607430867851 ], [ -457032.758776784292422, 1705814.196014720015228 ], [ -456927.065831533807795, 1705901.996470853919163 ], [ -457024.173075215658173, 1705867.537164339097217 ], [ -457070.772021515294909, 1705834.026128709781915 ], [ -457109.158928886870854, 1705794.631175562739372 ], [ -457140.04918622574769, 1705744.898687221109867 ], [ -457147.198817215044983, 1705700.4432798482012 ] ], [ [ -457120.367843167914543, 1708656.151243214029819 ], [ -457113.389199692988768, 1708727.994054313516244 ], [ -457107.667438494390808, 1708763.560161555185914 ], [ -457063.931902475422248, 1708779.286911800503731 ], [ -456977.548783643345814, 1708747.064587056869641 ], [ -456876.817581923969556, 1708708.981436199741438 ], [ -456787.627392775437329, 1708639.332356388214976 ], [ -456770.041272697388195, 1708543.887752622133121 ], [ -456862.818693658802658, 1708492.22307303105481 ], [ -456899.689796282211319, 1708447.971024002647027 ], [ -457021.710520836175419, 1708444.070099633187056 ], [ -457075.550741788407322, 1708452.322577366838232 ], [ -457107.726957737409975, 1708535.526298040756956 ], [ -457120.367843167914543, 1708656.151243214029819 ] ], [ [ -457061.242299544508569, 1702590.641087104799226 ], [ -457058.568974809430074, 1702691.490889429813251 ], [ -457005.307999547105283, 1702790.892153643770143 ], [ -456946.90474542719312, 1702859.093622667016461 ], [ -456924.058656298555434, 1702811.508917395491153 ], [ -457006.514470211230218, 1702720.201952748466283 ], [ -457011.964128801773768, 1702623.186271542683244 ], [ -456989.926919976714998, 1702528.465226478641853 ], [ -456921.789112540369388, 1702446.549267754890025 ], [ -456836.738845223910175, 1702385.521622285945341 ], [ -456806.511267261288594, 1702299.615494179539382 ], [ -456959.978197022981476, 1702398.721298658987507 ], [ -456975.86221198993735, 1702418.571196532808244 ], [ -457022.040175641654059, 1702476.278669382911175 ], [ -457061.242299544508569, 1702590.641087104799226 ] ], [ [ -457003.206228767463472, 1709640.567259990377352 ], [ -456935.354144363722298, 1709720.801266268827021 ], [ -456669.152512682252564, 1709924.013306990498677 ], [ -456473.124169103335589, 1710061.04055849974975 ], [ -456351.723626377875917, 1710132.613068545004353 ], [ -456181.230305116099771, 1710196.243708219379187 ], [ -456350.491733544622548, 1710054.878766319481656 ], [ -456693.813554706808645, 1709827.663616016041487 ], [ -457003.206228767463472, 1709640.567259990377352 ] ], [ [ -456501.924246382783167, 1711538.234791546361521 ], [ -456410.477172601851635, 1711606.932787949452177 ], [ -456333.436779015930369, 1711614.988751774420962 ], [ -456221.591355566866696, 1711539.047548721777275 ], [ -456037.741021198278759, 1711486.489281949121505 ], [ -455858.35260187741369, 1711434.660518984310329 ], [ -455860.868700545455795, 1711362.101281684357673 ], [ -455887.299506384762935, 1711311.644425034988672 ], [ -456107.796905204537325, 1711164.905380732379854 ], [ -456212.232111383345909, 1711113.389606359880418 ], [ -456308.09658978972584, 1711115.222794390516356 ], [ -456413.934659140533768, 1711168.828082835301757 ], [ -456471.035782045626547, 1711269.281212517991662 ], [ -456498.054627110948786, 1711386.244541113497689 ], [ -456501.924246382783167, 1711538.234791546361521 ] ], [ [ -456487.742632478184532, 1691134.278902070131153 ], [ -456422.220842419890687, 1691190.705719747813419 ], [ -456240.540394229115918, 1691414.536956181516871 ], [ -456236.485437135677785, 1691418.49075397872366 ], [ -456172.236719832755625, 1691481.136124218348414 ], [ -456095.490773594239727, 1691515.9852304472588 ], [ -455948.601110494229943, 1691586.752850396325812 ], [ -455894.029974023462273, 1691652.202171383425593 ], [ -455887.913448912848253, 1691661.489389276364818 ], [ -455835.750585518835578, 1691740.693151396466419 ], [ -455787.008100046194158, 1691769.945644541410729 ], [ -455760.590182919811923, 1691765.664525745436549 ], [ -455728.513714178116061, 1691733.469419662375003 ], [ -455718.763576525205281, 1691667.730742159765214 ], [ -455725.112451191409491, 1691628.24373673601076 ], [ -455837.560162273293827, 1691497.880831793881953 ], [ -455909.699216545675881, 1691428.518753145355731 ], [ -456073.499935465632007, 1691336.858693026937544 ], [ -456113.923340024426579, 1691301.050616304622963 ], [ -456195.96485653979471, 1691228.375823583221063 ], [ -456281.346433341619559, 1691076.741570654092357 ], [ -456342.917711928021163, 1690920.686369063099846 ], [ -456487.742632478184532, 1691134.278902070131153 ] ], [ [ -456144.422147479141131, 1700949.594752293312922 ], [ -456136.600988992431667, 1700901.157967451727018 ], [ -456124.954842635837849, 1700844.481333288829774 ], [ -456096.691849441383965, 1700802.657473824219778 ], [ -456035.128986337629613, 1700832.903440513415262 ], [ -455977.739365427172743, 1700904.380114733241498 ], [ -455861.057601505133789, 1701040.440939811291173 ], [ -455812.03599077364197, 1701151.926176252309233 ], [ -455797.382181632274296, 1701183.927668692078441 ], [ -455747.137848218204454, 1701293.652702473336831 ], [ -455707.162121832778212, 1701476.37685189419426 ], [ -455621.808985109848436, 1701608.526015598094091 ], [ -455529.851069686526898, 1701753.28645386826247 ], [ -455448.236061870993581, 1701890.607191784307361 ], [ -455418.950201374944299, 1701958.847266444936395 ], [ -455500.346267056534998, 1701908.165067304857075 ], [ -455544.288721526158042, 1701805.797017080942169 ], [ -455620.134420498041436, 1701682.485477697104216 ], [ -455706.032617479737382, 1701538.044486582512036 ], [ -455747.433460207714234, 1701446.110490685096011 ], [ -455775.748372594360262, 1701316.304973935708404 ], [ -455822.136260042665526, 1701209.18568383413367 ], [ -455828.756617228325922, 1701193.89780342229642 ], [ -455887.560639331815764, 1701065.974062753841281 ], [ -456038.162347566976678, 1700909.308913920074701 ], [ -456083.427966825780459, 1700871.027739699929953 ], [ -456094.981650876114145, 1700924.477360849967226 ], [ -456096.773599622538313, 1700932.767427683109418 ], [ -456094.085090855835006, 1700977.945601393701509 ], [ -456075.144836468971334, 1701038.738076498033479 ], [ -456025.404159190831706, 1701162.111200127517805 ], [ -455975.490603643236682, 1701259.804932674625888 ], [ -455934.747532851353753, 1701297.993645205628127 ], [ -455863.194804879138246, 1701365.060033611254767 ], [ -455838.945197685505264, 1701412.859315468696877 ], [ -455829.901521798863541, 1701485.92445344501175 ], [ -455804.86670240748208, 1701702.206427542958409 ], [ -455847.493172648944892, 1701670.47006017761305 ], [ -455855.682681467791554, 1701467.562202786561102 ], [ -455870.254987748805434, 1701390.568716996815056 ], [ -455925.002573160454631, 1701339.504228164441884 ], [ -456017.785695873433724, 1701252.962617377983406 ], [ -456069.780907118576579, 1701117.72712756274268 ], [ -456114.178905398759525, 1701053.721054720459506 ], [ -456138.698972394689918, 1700985.164963455405086 ], [ -456144.422147479141131, 1700949.594752293312922 ] ], [ [ -455877.821696734521538, 1710033.121072123292834 ], [ -455871.377519378089346, 1710073.128206002525985 ], [ -455817.456718216708396, 1710123.688468426000327 ], [ -455736.588018708280288, 1710142.528820223174989 ], [ -455688.217733528872486, 1710130.145056649576873 ], [ -455639.849158627621364, 1710117.751194432610646 ], [ -455615.766611877596006, 1710068.24954729503952 ], [ -455638.378117339394521, 1710022.544473090674728 ], [ -455675.21608675114112, 1710003.519389095250517 ], [ -455837.485750119085424, 1709999.23092852672562 ], [ -455877.821696734521538, 1710033.121072123292834 ] ], [ [ -455784.339238971529994, 1708508.373806068906561 ], [ -455768.573664204101078, 1708720.187142050359398 ], [ -455751.033928853343241, 1708886.096801843028516 ], [ -455688.498764503048733, 1709104.017397216055542 ], [ -455621.875671250221785, 1709261.985537051456049 ], [ -455500.27250024973182, 1709368.732814035145566 ], [ -455313.867372229520697, 1709577.003686796408147 ], [ -455072.441298741905484, 1709916.471183154499158 ], [ -454882.778381536249071, 1710241.52063437923789 ], [ -454855.972716837888584, 1710351.19794758874923 ], [ -454850.589655482501257, 1710441.539657624671236 ], [ -454902.509990445745643, 1710545.717786208493635 ], [ -454977.996695856854785, 1710617.22042475012131 ], [ -455069.183577009302098, 1710704.952073357766494 ], [ -455081.652294251252897, 1710798.184303565183654 ], [ -455086.08839948347304, 1710912.912679253146052 ], [ -454675.012436361983418, 1711193.78685046103783 ], [ -454712.828560389752965, 1710920.885590656660497 ], [ -454743.74049643415492, 1710821.026627500075847 ], [ -454650.948073651641607, 1710714.791408725082874 ], [ -454536.929549400287215, 1710541.281152342213318 ], [ -454500.917650887102354, 1710366.703922685002908 ], [ -454476.121678712719586, 1710321.645510450471193 ], [ -454502.07578290667152, 1710263.685360010946169 ], [ -454590.370173040078953, 1710247.951523498632014 ], [ -454621.679416007478721, 1710207.340359295951203 ], [ -454633.15387413353892, 1710157.277990629663691 ], [ -454575.160354472638573, 1710138.346251068403944 ], [ -454597.215689696022309, 1710081.281686858506873 ], [ -454720.224198646959849, 1710028.2165555015672 ], [ -454786.811692576215137, 1709984.270063519012183 ], [ -454890.915043574408628, 1709877.97949617751874 ], [ -454933.614237899077125, 1709792.579936493886635 ], [ -454958.423878439236432, 1709742.959819665178657 ], [ -455000.216837704065256, 1709653.9440257770475 ], [ -455031.315806361904833, 1709517.59658272517845 ], [ -454942.038602968037594, 1709617.163680167868733 ], [ -454866.271418657095637, 1709700.024737403960899 ], [ -454847.582431825459935, 1709720.463436766294762 ], [ -454755.985026457812637, 1709805.969721503090113 ], [ -454668.679387261450756, 1709864.817116499179974 ], [ -454558.177068348566536, 1709897.097730023786426 ], [ -454502.103653403697535, 1709960.995098053710535 ], [ -454436.737310333177447, 1710082.673764960141852 ], [ -454428.116919342777692, 1710099.785434855846688 ], [ -454396.371257523191161, 1710162.801579573890194 ], [ -454353.525796294445172, 1710201.47223755181767 ], [ -454279.292386875255033, 1710093.682142562000081 ], [ -454339.48183736455394, 1709975.726818918250501 ], [ -454388.435073326574638, 1709842.261962741846219 ], [ -454464.362760199815966, 1709626.51726546511054 ], [ -454474.477941146760713, 1709613.097212451277301 ], [ -454522.579446702729911, 1709549.279567081481218 ], [ -454682.540949177811854, 1709465.709006058517843 ], [ -454797.327918064722326, 1709406.757803878048435 ], [ -454919.451331464864779, 1709330.745758732082322 ], [ -455048.717240799742285, 1709210.279646847397089 ], [ -455119.606844688300043, 1709139.654692879179493 ], [ -455169.503922790347133, 1709010.412450677249581 ], [ -455217.421093526703771, 1708875.533192284870893 ], [ -455253.026808255002834, 1708763.813968898029998 ], [ -455271.635375755198766, 1708628.213373269187286 ], [ -455269.917137806012761, 1708461.619811619631946 ], [ -455218.066264686989598, 1708129.405622966354713 ], [ -455707.783602484094445, 1707789.051862577907741 ], [ -455761.609633556974586, 1708080.538074668729678 ], [ -455784.339238971529994, 1708508.373806068906561 ] ], [ [ -453742.684639313083608, 1702389.980262860888615 ], [ -453534.161577021412086, 1702547.804100025910884 ], [ -453443.115588254237082, 1702601.484223239356652 ], [ -453373.666780389612541, 1702663.21942613250576 ], [ -453300.469411012134515, 1702719.790229827864096 ], [ -453229.962191867642105, 1702731.184499297756702 ], [ -453177.683729774493258, 1702686.233464150689542 ], [ -453158.952810714079533, 1702660.394610119750723 ], [ -453086.849454890005291, 1702653.284938659751788 ], [ -453058.814742793270852, 1702685.232077567605302 ], [ -453027.920098758477252, 1702734.973874123068526 ], [ -453001.147386731870938, 1702730.632031710352749 ], [ -452963.137534868670627, 1702710.799435309600085 ], [ -452835.258596268191468, 1702452.91532796388492 ], [ -452868.388609363872092, 1702645.28515714709647 ], [ -452899.152163603110239, 1702742.858684928622097 ], [ -452919.914516022137832, 1702808.710672209737822 ], [ -452936.114685936307069, 1702907.115613230969757 ], [ -452967.101543610915542, 1703112.825253043789417 ], [ -452979.013712039741222, 1703237.911969612119719 ], [ -453005.956128309015185, 1703269.635151713388041 ], [ -453040.049974893801846, 1703256.912467008456588 ], [ -453070.228952082048636, 1703211.624567240010947 ], [ -453087.029731144255493, 1703164.167343263281509 ], [ -453121.160943829978351, 1703037.414600130869076 ], [ -453124.565374099649489, 1702987.794743086444214 ], [ -453125.659483568510041, 1702924.114731822395697 ], [ -453143.888398554583546, 1702867.769722121302038 ], [ -453169.058370663376991, 1702853.596309894695878 ], [ -453213.848076522466727, 1702888.220386262517422 ], [ -453235.605372839549091, 1702923.665624743327498 ], [ -453278.798802527540829, 1702939.78599409898743 ], [ -453315.918671975494362, 1702936.669585085473955 ], [ -453370.013469249184709, 1702913.497955449158326 ], [ -453432.857310114428401, 1702864.374094662955031 ], [ -453513.921753169852309, 1702758.903362761251628 ], [ -453742.684639313083608, 1702389.980262860888615 ] ], [ [ -453226.091943450039253, 1708472.888924953760579 ], [ -453214.645482287975028, 1708544.00984538695775 ], [ -453201.94433276768541, 1708622.916645132703707 ], [ -453198.904835312801879, 1708641.799406618345529 ], [ -453186.028622406825889, 1708721.81662284093909 ], [ -453199.040093223797157, 1708783.209076036000624 ], [ -453206.158506042964291, 1708852.777552025625482 ], [ -453199.000035957898945, 1708897.218237936031073 ], [ -453177.744340319826733, 1708943.952374493936077 ], [ -453149.169349353003781, 1709007.739385650493205 ], [ -453138.437074003391899, 1709074.416295395232737 ], [ -453107.880476569232997, 1709178.920543439220637 ], [ -453009.476605026458856, 1708766.207049797521904 ], [ -452902.150527969701216, 1708352.040424811188132 ], [ -452856.850140119204298, 1708235.250144135672599 ], [ -452759.644398679665755, 1708014.278901183977723 ], [ -452690.771403093764093, 1707930.152325527276844 ], [ -452612.425289361912291, 1707876.42736769025214 ], [ -452457.676771263417322, 1707842.249922463204712 ], [ -452521.350936806004029, 1707446.643112460151315 ], [ -452579.365071801585145, 1707456.037949823541567 ], [ -452667.342420659726486, 1707506.759172602323815 ], [ -452740.5092873138492, 1707564.21711764507927 ], [ -452778.866139060060959, 1707638.83946101157926 ], [ -452799.196072791877668, 1707683.179534352617338 ], [ -452825.593964101804886, 1707746.743791530607268 ], [ -452902.678823206108063, 1707836.754564639413729 ], [ -452941.74211718904553, 1707906.931960018351674 ], [ -452969.73722394061042, 1707988.998615503311157 ], [ -452973.453242600313388, 1708108.174217494670302 ], [ -452987.246341831225436, 1708123.578656816156581 ], [ -453035.544762516045012, 1708177.519546580733731 ], [ -453082.281745728338137, 1708285.424358765129 ], [ -453119.917597121908329, 1708364.487865950213745 ], [ -453226.091943450039253, 1708472.888924953760579 ] ] ] } }
]
}
