{
"type": "FeatureCollection",
"name": "reaches",
"crs": { "type": "name", "properties": { "name": "urn:ogc:def:crs:EPSG::3338" } },
"features": [
{ "type": "Feature", "properties": { "ardf_num": "BN099", "site": "Ophir Creek", "coarseness_rank": null, "reach_head_dch_m": 729.4 }, "geometry": { "type": "LineString", "coordinates": [ [ -454045.0, 1704415.0 ], [ -454055.0, 1704405.0 ], [ -454065.0, 1704395.0 ], [ -454075.0, 1704385.0 ], [ -454085.0, 1704385.0 ], [ -454095.0, 1704375.0 ], [ -454105.0, 1704375.0 ], [ -454115.0, 1704365.0 ], [ -454125.0, 1704355.0 ], [ -454135.0, 1704355.0 ], [ -454145.0, 1704345.0 ], [ -454155.0, 1704335.0 ], [ -454165.0, 1704325.0 ], [ -454175.0, 1704315.0 ], [ -454185.0, 1704305.0 ], [ -454195.0, 1704295.0 ], [ -454205.0, 1704295.0 ], [ -454215.0, 1704295.0 ], [ -454225.0, 1704295.0 ], [ -454235.0, 1704295.0 ], [ -454245.0, 1704295.0 ], [ -454255.0, 1704285.0 ], [ -454265.0, 1704275.0 ], [ -454265.0, 1704265.0 ], [ -454275.0, 1704255.0 ], [ -454285.0, 1704245.0 ], [ -454295.0, 1704235.0 ], [ -454295.0, 1704225.0 ], [ -454305.0, 1704215.0 ], [ -454305.0, 1704205.0 ], [ -454315.0, 1704195.0 ], [ -454315.0, 1704185.0 ], [ -454325.0, 1704175.0 ], [ -454335.0, 1704165.0 ], [ -454345.0, 1704155.0 ], [ -454355.0, 1704145.0 ], [ -454355.0, 1704135.0 ], [ -454365.0, 1704125.0 ], [ -454375.0, 1704115.0 ], [ -454375.0, 1704105.0 ], [ -454385.0, 1704095.0 ], [ -454385.0, 1704085.0 ], [ -454395.0, 1704075.0 ], [ -454395.0, 1704065.0 ], [ -454395.0, 1704055.0 ], [ -454395.0, 1704045.0 ], [ -454405.0, 1704035.0 ], [ -454405.0, 1704025.0 ], [ -454405.0, 1704015.0 ], [ -454415.0, 1704005.0 ], [ -454415.0, 1703995.0 ], [ -454425.0, 1703985.0 ], [ -454435.0, 1703985.0 ], [ -454445.0, 1703985.0 ], [ -454455.0, 1703975.0 ], [ -454465.0, 1703965.0 ], [ -454465.0, 1703955.0 ], [ -454475.0, 1703945.0 ], [ -454475.0, 1703935.0 ], [ -454485.0, 1703925.0 ], [ -454485.0, 1703915.0 ], [ -454485.0, 1703905.0 ], [ -454485.0, 1703895.0 ] ] } },
{ "type": "Feature", "properties": { "ardf_num": "BN101", "site": "Balm Of Gilead Gulch", "coarseness_rank": null, "reach_head_dch_m": null }, "geometry": { "type": "LineString", "coordinates": [ [ -456765.0, 1706285.0 ], [ -456755.0, 1706275.0 ], [ -456745.0, 1706275.0 ], [ -456735.0, 1706275.0 ], [ -456725.0, 1706275.0 ], [ -456715.0, 1706275.0 ], [ -456705.0, 1706275.0 ], [ -456695.0, 1706275.0 ], [ -456685.0, 1706275.0 ], [ -456675.0, 1706275.0 ], [ -456665.0, 1706275.0 ], [ -456655.0, 1706275.0 ], [ -456645.0, 1706275.0 ], [ -456635.0, 1706275.0 ], [ -456625.0, 1706275.0 ], [ -456615.0, 1706275.0 ], [ -456605.0, 1706275.0 ], [ -456595.0, 1706275.0 ], [ -456585.0, 1706275.0 ], [ -456575.0, 1706275.0 ], [ -456565.0, 1706275.0 ], [ -456555.0, 1706275.0 ], [ -456545.0, 1706275.0 ], [ -456535.0, 1706275.0 ], [ -456525.0, 1706275.0 ], [ -456515.0, 1706275.0 ], [ -456505.0, 1706275.0 ], [ -456495.0, 1706275.0 ], [ -456485.0, 1706275.0 ], [ -456475.0, 1706275.0 ], [ -456465.0, 1706275.0 ], [ -456455.0, 1706265.0 ], [ -456445.0, 1706265.0 ], [ -456435.0, 1706265.0 ], [ -456425.0, 1706265.0 ], [ -456415.0, 1706255.0 ], [ -456405.0, 1706255.0 ], [ -456395.0, 1706255.0 ], [ -456385.0, 1706255.0 ], [ -456375.0, 1706255.0 ], [ -456365.0, 1706245.0 ], [ -456355.0, 1706245.0 ], [ -456345.0, 1706245.0 ], [ -456335.0, 1706245.0 ], [ -456325.0, 1706245.0 ], [ -456315.0, 1706245.0 ], [ -456305.0, 1706245.0 ], [ -456295.0, 1706245.0 ], [ -456285.0, 1706245.0 ], [ -456275.0, 1706255.0 ], [ -456265.0, 1706255.0 ], [ -456255.0, 1706255.0 ], [ -456245.0, 1706255.0 ], [ -456235.0, 1706255.0 ], [ -456225.0, 1706265.0 ], [ -456215.0, 1706265.0 ], [ -456205.0, 1706275.0 ], [ -456195.0, 1706275.0 ], [ -456185.0, 1706275.0 ], [ -456175.0, 1706275.0 ], [ -456165.0, 1706275.0 ], [ -456155.0, 1706285.0 ], [ -456145.0, 1706285.0 ], [ -456135.0, 1706285.0 ], [ -456125.0, 1706285.0 ], [ -456115.0, 1706295.0 ], [ -456105.0, 1706295.0 ], [ -456095.0, 1706295.0 ], [ -456085.0, 1706305.0 ], [ -456075.0, 1706305.0 ], [ -456065.0, 1706305.0 ], [ -456055.0, 1706315.0 ], [ -456045.0, 1706315.0 ], [ -456035.0, 1706325.0 ], [ -456025.0, 1706325.0 ], [ -456015.0, 1706325.0 ], [ -456005.0, 1706325.0 ], [ -455995.0, 1706335.0 ], [ -455985.0, 1706335.0 ], [ -455975.0, 1706345.0 ], [ -455965.0, 1706345.0 ], [ -455955.0, 1706355.0 ], [ -455945.0, 1706355.0 ], [ -455935.0, 1706355.0 ], [ -455925.0, 1706355.0 ], [ -455915.0, 1706365.0 ], [ -455905.0, 1706365.0 ], [ -455895.0, 1706365.0 ], [ -455885.0, 1706375.0 ], [ -455875.0, 1706375.0 ], [ -455865.0, 1706385.0 ], [ -455855.0, 1706385.0 ], [ -455845.0, 1706395.0 ], [ -455835.0, 1706395.0 ], [ -455825.0, 1706405.0 ], [ -455815.0, 1706415.0 ], [ -455805.0, 1706415.0 ], [ -455795.0, 1706425.0 ], [ -455785.0, 1706435.0 ], [ -455775.0, 1706435.0 ], [ -455765.0, 1706435.0 ], [ -455755.0, 1706435.0 ], [ -455745.0, 1706445.0 ], [ -455735.0, 1706455.0 ], [ -455725.0, 1706455.0 ], [ -455715.0, 1706455.0 ], [ -455705.0, 1706465.0 ], [ -455695.0, 1706465.0 ], [ -455685.0, 1706475.0 ], [ -455675.0, 1706485.0 ], [ -455665.0, 1706485.0 ], [ -455655.0, 1706495.0 ] ] } },
{ "type": "Feature", "properties": { "ardf_num": "BN102", "site": "Crooked Creek", "coarseness_rank": 3.0, "reach_head_dch_m": null }, "geometry": { "type": "LineString", "coordinates": [ [ -455155.0, 1707425.0 ], [ -455165.0, 1707425.0 ], [ -455175.0, 1707425.0 ], [ -455185.0, 1707425.0 ], [ -455195.0, 1707425.0 ], [ -455205.0, 1707425.0 ], [ -455215.0, 1707425.0 ], [ -455225.0, 1707425.0 ], [ -455235.0, 1707425.0 ], [ -455245.0, 1707425.0 ], [ -455255.0, 1707425.0 ], [ -455265.0, 1707425.0 ], [ -455275.0, 1707425.0 ], [ -455285.0, 1707425.0 ] ] } },
{ "type": "Feature", "properties": { "ardf_num": "BN103", "site": "Albion Creek", "coarseness_rank": null, "reach_head_dch_m": 0.0 }, "geometry": { "type": "LineString", "coordinates": [ [ -457115.0, 1707325.0 ], [ -457105.0, 1707325.0 ], [ -457095.0, 1707325.0 ], [ -457085.0, 1707315.0 ], [ -457075.0, 1707305.0 ], [ -457065.0, 1707305.0 ], [ -457055.0, 1707305.0 ], [ -457045.0, 1707305.0 ], [ -457035.0, 1707305.0 ], [ -457025.0, 1707305.0 ], [ -457015.0, 1707305.0 ], [ -457005.0, 1707295.0 ], [ -456995.0, 1707295.0 ], [ -456985.0, 1707295.0 ], [ -456975.0, 1707295.0 ], [ -456965.0, 1707285.0 ], [ -456955.0, 1707285.0 ], [ -456945.0, 1707285.0 ], [ -456935.0, 1707285.0 ], [ -456925.0, 1707275.0 ], [ -456915.0, 1707275.0 ], [ -456905.0, 1707265.0 ], [ -456895.0, 1707255.0 ], [ -456885.0, 1707255.0 ], [ -456875.0, 1707245.0 ], [ -456865.0, 1707235.0 ], [ -456855.0, 1707225.0 ], [ -456845.0, 1707215.0 ], [ -456835.0, 1707205.0 ], [ -456825.0, 1707195.0 ], [ -456815.0, 1707185.0 ], [ -456815.0, 1707175.0 ], [ -456805.0, 1707165.0 ], [ -456805.0, 1707155.0 ], [ -456795.0, 1707145.0 ], [ -456785.0, 1707135.0 ], [ -456775.0, 1707125.0 ], [ -456765.0, 1707115.0 ], [ -456755.0, 1707105.0 ], [ -456745.0, 1707105.0 ], [ -456735.0, 1707105.0 ], [ -456725.0, 1707105.0 ], [ -456715.0, 1707105.0 ], [ -456705.0, 1707105.0 ], [ -456695.0, 1707105.0 ], [ -456685.0, 1707105.0 ], [ -456675.0, 1707105.0 ], [ -456665.0, 1707105.0 ], [ -456655.0, 1707105.0 ], [ -456645.0, 1707105.0 ], [ -456635.0, 1707105.0 ], [ -456625.0, 1707095.0 ], [ -456615.0, 1707095.0 ], [ -456605.0, 1707095.0 ], [ -456595.0, 1707095.0 ], [ -456585.0, 1707095.0 ], [ -456575.0, 1707095.0 ], [ -456565.0, 1707085.0 ], [ -456555.0, 1707085.0 ], [ -456545.0, 1707085.0 ], [ -456535.0, 1707085.0 ], [ -456525.0, 1707085.0 ], [ -456515.0, 1707085.0 ], [ -456505.0, 1707085.0 ], [ -456495.0, 1707085.0 ], [ -456485.0, 1707085.0 ], [ -456475.0, 1707085.0 ], [ -456465.0, 1707085.0 ], [ -456455.0, 1707085.0 ], [ -456445.0, 1707075.0 ], [ -456435.0, 1707075.0 ], [ -456425.0, 1707075.0 ], [ -456415.0, 1707075.0 ], [ -456405.0, 1707075.0 ], [ -456395.0, 1707075.0 ], [ -456385.0, 1707065.0 ], [ -456375.0, 1707065.0 ], [ -456365.0, 1707065.0 ], [ -456355.0, 1707065.0 ], [ -456345.0, 1707065.0 ], [ -456335.0, 1707065.0 ], [ -456325.0, 1707065.0 ], [ -456315.0, 1707075.0 ], [ -456305.0, 1707075.0 ], [ -456295.0, 1707075.0 ], [ -456285.0, 1707075.0 ], [ -456275.0, 1707075.0 ], [ -456265.0, 1707075.0 ], [ -456255.0, 1707075.0 ], [ -456245.0, 1707085.0 ], [ -456235.0, 1707085.0 ], [ -456225.0, 1707085.0 ], [ -456215.0, 1707085.0 ], [ -456205.0, 1707085.0 ], [ -456195.0, 1707085.0 ], [ -456185.0, 1707085.0 ], [ -456175.0, 1707075.0 ], [ -456165.0, 1707075.0 ], [ -456155.0, 1707075.0 ], [ -456145.0, 1707075.0 ], [ -456135.0, 1707075.0 ], [ -456125.0, 1707075.0 ], [ -456115.0, 1707085.0 ], [ -456105.0, 1707085.0 ], [ -456095.0, 1707085.0 ], [ -456085.0, 1707085.0 ], [ -456075.0, 1707095.0 ], [ -456065.0, 1707105.0 ], [ -456055.0, 1707115.0 ], [ -456045.0, 1707115.0 ], [ -456035.0, 1707125.0 ], [ -456025.0, 1707125.0 ], [ -456015.0, 1707125.0 ], [ -456005.0, 1707125.0 ], [ -455995.0, 1707125.0 ], [ -455985.0, 1707115.0 ], [ -455975.0, 1707115.0 ], [ -455965.0, 1707115.0 ], [ -455955.0, 1707125.0 ], [ -455945.0, 1707125.0 ], [ -455935.0, 1707125.0 ], [ -455925.0, 1707135.0 ], [ -455915.0, 1707135.0 ], [ -455905.0, 1707135.0 ], [ -455895.0, 1707135.0 ], [ -455885.0, 1707145.0 ], [ -455875.0, 1707155.0 ], [ -455865.0, 1707155.0 ] ] } },
{ "type": "Feature", "properties": { "ardf_num": "BN105", "site": "Goldbottom Creek", "coarseness_rank": 3.0, "reach_head_dch_m": null }, "geometry": { "type": "LineString", "coordinates": [ [ -462305.0, 1706875.0 ], [ -462315.0, 1706875.0 ], [ -462325.0, 1706885.0 ], [ -462335.0, 1706895.0 ], [ -462345.0, 1706895.0 ], [ -462355.0, 1706895.0 ], [ -462365.0, 1706895.0 ], [ -462375.0, 1706895.0 ], [ -462385.0, 1706895.0 ], [ -462395.0, 1706895.0 ], [ -462405.0, 1706905.0 ], [ -462415.0, 1706915.0 ], [ -462425.0, 1706915.0 ], [ -462435.0, 1706915.0 ], [ -462445.0, 1706915.0 ], [ -462455.0, 1706925.0 ], [ -462465.0, 1706925.0 ], [ -462475.0, 1706925.0 ], [ -462485.0, 1706925.0 ], [ -462495.0, 1706925.0 ], [ -462505.0, 1706925.0 ], [ -462515.0, 1706925.0 ], [ -462525.0, 1706925.0 ], [ -462535.0, 1706935.0 ], [ -462545.0, 1706945.0 ], [ -462555.0, 1706945.0 ], [ -462565.0, 1706945.0 ], [ -462575.0, 1706945.0 ], [ -462585.0, 1706935.0 ], [ -462585.0, 1706925.0 ], [ -462595.0, 1706915.0 ], [ -462605.0, 1706905.0 ], [ -462605.0, 1706895.0 ], [ -462605.0, 1706885.0 ], [ -462615.0, 1706875.0 ], [ -462625.0, 1706865.0 ], [ -462635.0, 1706855.0 ], [ -462645.0, 1706845.0 ], [ -462645.0, 1706835.0 ], [ -462655.0, 1706825.0 ], [ -462665.0, 1706815.0 ], [ -462675.0, 1706805.0 ], [ -462675.0, 1706795.0 ], [ -462675.0, 1706785.0 ], [ -462685.0, 1706775.0 ], [ -462695.0, 1706765.0 ], [ -462695.0, 1706755.0 ], [ -462705.0, 1706745.0 ], [ -462715.0, 1706735.0 ], [ -462725.0, 1706735.0 ], [ -462735.0, 1706725.0 ], [ -462735.0, 1706715.0 ], [ -462745.0, 1706705.0 ], [ -462745.0, 1706695.0 ], [ -462755.0, 1706685.0 ], [ -462755.0, 1706675.0 ], [ -462765.0, 1706665.0 ], [ -462775.0, 1706655.0 ], [ -462785.0, 1706645.0 ], [ -462795.0, 1706635.0 ], [ -462805.0, 1706625.0 ], [ -462815.0, 1706615.0 ], [ -462825.0, 1706605.0 ], [ -462835.0, 1706595.0 ], [ -462845.0, 1706585.0 ], [ -462855.0, 1706585.0 ], [ -462865.0, 1706575.0 ], [ -462875.0, 1706565.0 ], [ -462885.0, 1706565.0 ], [ -462895.0, 1706565.0 ], [ -462905.0, 1706555.0 ], [ -462915.0, 1706555.0 ], [ -462925.0, 1706545.0 ], [ -462935.0, 1706545.0 ], [ -462945.0, 1706535.0 ], [ -462955.0, 1706525.0 ], [ -462955.0, 1706515.0 ], [ -462965.0, 1706505.0 ], [ -462965.0, 1706495.0 ], [ -462965.0, 1706485.0 ], [ -462955.0, 1706475.0 ], [ -462945.0, 1706485.0 ], [ -462935.0, 1706475.0 ], [ -462935.0, 1706465.0 ], [ -462935.0, 1706455.0 ], [ -462945.0, 1706445.0 ], [ -462955.0, 1706435.0 ], [ -462955.0, 1706425.0 ], [ -462965.0, 1706415.0 ], [ -462975.0, 1706405.0 ], [ -462985.0, 1706405.0 ], [ -462995.0, 1706395.0 ], [ -463005.0, 1706385.0 ], [ -463015.0, 1706375.0 ], [ -463025.0, 1706375.0 ], [ -463035.0, 1706365.0 ], [ -463045.0, 1706355.0 ], [ -463055.0, 1706345.0 ], [ -463065.0, 1706345.0 ], [ -463075.0, 1706335.0 ], [ -463085.0, 1706335.0 ], [ -463095.0, 1706335.0 ], [ -463105.0, 1706335.0 ], [ -463115.0, 1706325.0 ], [ -463115.0, 1706315.0 ], [ -463105.0, 1706305.0 ], [ -463105.0, 1706295.0 ], [ -463115.0, 1706285.0 ], [ -463125.0, 1706275.0 ], [ -463135.0, 1706265.0 ], [ -463145.0, 1706255.0 ], [ -463155.0, 1706245.0 ], [ -463165.0, 1706245.0 ], [ -463175.0, 1706235.0 ], [ -463185.0, 1706225.0 ], [ -463195.0, 1706225.0 ], [ -463205.0, 1706215.0 ], [ -463215.0, 1706205.0 ], [ -463225.0, 1706205.0 ], [ -463235.0, 1706195.0 ], [ -463245.0, 1706195.0 ], [ -463255.0, 1706185.0 ], [ -463265.0, 1706175.0 ], [ -463265.0, 1706165.0 ], [ -463265.0, 1706155.0 ], [ -463265.0, 1706145.0 ], [ -463265.0, 1706135.0 ], [ -463275.0, 1706125.0 ], [ -463285.0, 1706125.0 ], [ -463295.0, 1706115.0 ], [ -463305.0, 1706115.0 ], [ -463315.0, 1706105.0 ], [ -463325.0, 1706105.0 ], [ -463335.0, 1706105.0 ], [ -463345.0, 1706105.0 ], [ -463355.0, 1706095.0 ], [ -463365.0, 1706095.0 ], [ -463375.0, 1706085.0 ], [ -463385.0, 1706085.0 ], [ -463395.0, 1706085.0 ], [ -463405.0, 1706085.0 ], [ -463415.0, 1706075.0 ], [ -463425.0, 1706065.0 ], [ -463425.0, 1706055.0 ], [ -463425.0, 1706045.0 ], [ -463435.0, 1706035.0 ], [ -463445.0, 1706035.0 ], [ -463455.0, 1706025.0 ], [ -463465.0, 1706015.0 ], [ -463475.0, 1706005.0 ], [ -463485.0, 1706005.0 ], [ -463495.0, 1705995.0 ], [ -463505.0, 1705995.0 ], [ -463515.0, 1705995.0 ], [ -463525.0, 1705985.0 ] ] } },
{ "type": "Feature", "properties": { "ardf_num": "BN106", "site": "Upper Ophir Creek", "coarseness_rank": null, "reach_head_dch_m": null }, "geometry": { "type": "LineString", "coordinates": [ [ -454565.0, 1710495.0 ], [ -454575.0, 1710495.0 ] ] } },
{ "type": "Feature", "properties": { "ardf_num": "BN107", "site": "Oxide Creek", "coarseness_rank": null, "reach_head_dch_m": 2598.4 }, "geometry": { "type": "LineString", "coordinates": [ [ -456605.0, 1711645.0 ], [ -456595.0, 1711635.0 ], [ -456585.0, 1711625.0 ], [ -456575.0, 1711615.0 ], [ -456565.0, 1711625.0 ], [ -456555.0, 1711635.0 ], [ -456545.0, 1711645.0 ], [ -456535.0, 1711645.0 ], [ -456525.0, 1711635.0 ], [ -456515.0, 1711625.0 ], [ -456505.0, 1711615.0 ], [ -456495.0, 1711615.0 ], [ -456485.0, 1711615.0 ], [ -456475.0, 1711605.0 ], [ -456475.0, 1711595.0 ], [ -456475.0, 1711585.0 ], [ -456475.0, 1711575.0 ], [ -456465.0, 1711565.0 ], [ -456455.0, 1711565.0 ], [ -456445.0, 1711565.0 ], [ -456435.0, 1711565.0 ], [ -456425.0, 1711565.0 ], [ -456415.0, 1711565.0 ], [ -456405.0, 1711575.0 ], [ -456395.0, 1711575.0 ], [ -456385.0, 1711575.0 ], [ -456375.0, 1711585.0 ], [ -456365.0, 1711595.0 ], [ -456355.0, 1711605.0 ], [ -456345.0, 1711605.0 ], [ -456335.0, 1711615.0 ], [ -456325.0, 1711605.0 ], [ -456315.0, 1711595.0 ], [ -456315.0, 1711585.0 ], [ -456315.0, 1711575.0 ], [ -456305.0, 1711565.0 ], [ -456295.0, 1711555.0 ], [ -456285.0, 1711555.0 ], [ -456275.0, 1711555.0 ], [ -456265.0, 1711555.0 ], [ -456255.0, 1711555.0 ], [ -456245.0, 1711555.0 ], [ -456235.0, 1711555.0 ], [ -456225.0, 1711555.0 ], [ -456215.0, 1711545.0 ], [ -456205.0, 1711545.0 ], [ -456195.0, 1711545.0 ], [ -456185.0, 1711545.0 ], [ -456175.0, 1711545.0 ], [ -456165.0, 1711545.0 ], [ -456155.0, 1711545.0 ], [ -456145.0, 1711545.0 ], [ -456145.0, 1711535.0 ], [ -456135.0, 1711535.0 ], [ -456125.0, 1711525.0 ], [ -456115.0, 1711535.0 ], [ -456105.0, 1711535.0 ], [ -456095.0, 1711535.0 ], [ -456085.0, 1711535.0 ], [ -456075.0, 1711545.0 ], [ -456065.0, 1711545.0 ], [ -456055.0, 1711545.0 ], [ -456045.0, 1711555.0 ], [ -456035.0, 1711555.0 ], [ -456025.0, 1711555.0 ], [ -456015.0, 1711555.0 ], [ -456005.0, 1711555.0 ], [ -455995.0, 1711555.0 ], [ -455985.0, 1711545.0 ], [ -455975.0, 1711535.0 ], [ -455975.0, 1711525.0 ], [ -455965.0, 1711515.0 ], [ -455955.0, 1711505.0 ], [ -455945.0, 1711505.0 ], [ -455935.0, 1711515.0 ], [ -455935.0, 1711525.0 ], [ -455925.0, 1711535.0 ], [ -455915.0, 1711525.0 ], [ -455905.0, 1711515.0 ], [ -455895.0, 1711515.0 ], [ -455885.0, 1711515.0 ], [ -455875.0, 1711515.0 ], [ -455865.0, 1711515.0 ], [ -455855.0, 1711515.0 ], [ -455845.0, 1711505.0 ], [ -455845.0, 1711495.0 ], [ -455835.0, 1711485.0 ], [ -455825.0, 1711475.0 ], [ -455815.0, 1711465.0 ], [ -455805.0, 1711465.0 ], [ -455795.0, 1711465.0 ], [ -455785.0, 1711465.0 ], [ -455775.0, 1711465.0 ], [ -455765.0, 1711465.0 ], [ -455755.0, 1711465.0 ], [ -455745.0, 1711465.0 ], [ -455735.0, 1711465.0 ], [ -455725.0, 1711465.0 ], [ -455725.0, 1711475.0 ], [ -455715.0, 1711485.0 ], [ -455705.0, 1711495.0 ], [ -455705.0, 1711505.0 ], [ -455695.0, 1711515.0 ], [ -455685.0, 1711505.0 ], [ -455675.0, 1711495.0 ], [ -455675.0, 1711485.0 ], [ -455665.0, 1711485.0 ], [ -455655.0, 1711485.0 ], [ -455645.0, 1711495.0 ], [ -455635.0, 1711495.0 ], [ -455625.0, 1711495.0 ], [ -455615.0, 1711495.0 ], [ -455605.0, 1711495.0 ], [ -455605.0, 1711485.0 ], [ -455595.0, 1711475.0 ], [ -455585.0, 1711475.0 ], [ -455575.0, 1711465.0 ], [ -455565.0, 1711455.0 ], [ -455555.0, 1711455.0 ], [ -455545.0, 1711455.0 ], [ -455535.0, 1711445.0 ], [ -455525.0, 1711435.0 ], [ -455515.0, 1711425.0 ], [ -455505.0, 1711425.0 ], [ -455495.0, 1711435.0 ], [ -455485.0, 1711435.0 ], [ -455475.0, 1711435.0 ], [ -455465.0, 1711435.0 ], [ -455455.0, 1711435.0 ], [ -455445.0, 1711435.0 ], [ -455435.0, 1711445.0 ], [ -455425.0, 1711435.0 ], [ -455415.0, 1711435.0 ], [ -455405.0, 1711435.0 ], [ -455405.0, 1711425.0 ], [ -455395.0, 1711415.0 ], [ -455395.0, 1711405.0 ], [ -455385.0, 1711405.0 ], [ -455375.0, 1711405.0 ], [ -455365.0, 1711405.0 ], [ -455355.0, 1711405.0 ], [ -455345.0, 1711405.0 ], [ -455335.0, 1711405.0 ] ] } },
{ "type": "Feature", "properties": { "ardf_num": "SO004", "site": "Koyana Creek", "coarseness_rank": null, "reach_head_dch_m": 691.5 }, "geometry": { "type": "LineString", "coordinates": [ [ -461665.0, 1656895.0 ], [ -461665.0, 1656885.0 ], [ -461665.0, 1656875.0 ], [ -461655.0, 1656865.0 ], [ -461645.0, 1656855.0 ], [ -461635.0, 1656845.0 ], [ -461635.0, 1656835.0 ], [ -461635.0, 1656825.0 ], [ -461625.0, 1656815.0 ], [ -461615.0, 1656805.0 ], [ -461615.0, 1656795.0 ], [ -461605.0, 1656785.0 ], [ -461595.0, 1656775.0 ], [ -461595.0, 1656765.0 ], [ -461595.0, 1656755.0 ], [ -461595.0, 1656745.0 ], [ -461595.0, 1656735.0 ], [ -461595.0, 1656725.0 ], [ -461585.0, 1656715.0 ], [ -461585.0, 1656705.0 ], [ -461585.0, 1656695.0 ], [ -461585.0, 1656685.0 ], [ -461585.0, 1656675.0 ], [ -461585.0, 1656665.0 ], [ -461585.0, 1656655.0 ], [ -461585.0, 1656645.0 ], [ -461585.0, 1656635.0 ], [ -461585.0, 1656625.0 ], [ -461585.0, 1656615.0 ], [ -461585.0, 1656605.0 ], [ -461575.0, 1656595.0 ], [ -461575.0, 1656585.0 ], [ -461575.0, 1656575.0 ], [ -461575.0, 1656565.0 ], [ -461575.0, 1656555.0 ], [ -461575.0, 1656545.0 ], [ -461575.0, 1656535.0 ], [ -461575.0, 1656525.0 ], [ -461575.0, 1656515.0 ], [ -461575.0, 1656505.0 ], [ -461575.0, 1656495.0 ], [ -461575.0, 1656485.0 ], [ -461575.0, 1656475.0 ], [ -461575.0, 1656465.0 ], [ -461575.0, 1656455.0 ], [ -461585.0, 1656445.0 ], [ -461595.0, 1656435.0 ], [ -461605.0, 1656425.0 ], [ -461615.0, 1656415.0 ], [ -461625.0, 1656405.0 ], [ -461635.0, 1656405.0 ], [ -461645.0, 1656405.0 ], [ -461655.0, 1656395.0 ], [ -461665.0, 1656385.0 ], [ -461675.0, 1656375.0 ], [ -461685.0, 1656365.0 ], [ -461695.0, 1656355.0 ], [ -461705.0, 1656355.0 ], [ -461715.0, 1656355.0 ], [ -461725.0, 1656355.0 ], [ -461735.0, 1656355.0 ], [ -461745.0, 1656355.0 ], [ -461755.0, 1656355.0 ], [ -461765.0, 1656355.0 ], [ -461775.0, 1656355.0 ], [ -461785.0, 1656355.0 ], [ -461795.0, 1656355.0 ], [ -461805.0, 1656355.0 ], [ -461815.0, 1656355.0 ], [ -461825.0, 1656355.0 ], [ -461835.0, 1656355.0 ], [ -461845.0, 1656355.0 ], [ -461855.0, 1656355.0 ], [ -461865.0, 1656355.0 ], [ -461875.0, 1656355.0 ], [ -461885.0, 1656355.0 ], [ -461895.0, 1656355.0 ], [ -461905.0, 1656355.0 ], [ -461915.0, 1656355.0 ], [ -461925.0, 1656355.0 ], [ -461935.0, 1656355.0 ], [ -461945.0, 1656355.0 ], [ -461955.0, 1656355.0 ], [ -461965.0, 1656355.0 ], [ -461975.0, 1656355.0 ], [ -461985.0, 1656355.0 ], [ -461995.0, 1656355.0 ], [ -462005.0, 1656355.0 ], [ -462015.0, 1656345.0 ], [ -462025.0, 1656345.0 ], [ -462035.0, 1656345.0 ], [ -462045.0, 1656335.0 ], [ -462055.0, 1656325.0 ], [ -462065.0, 1656325.0 ], [ -462075.0, 1656315.0 ], [ -462085.0, 1656315.0 ], [ -462095.0, 1656315.0 ], [ -462105.0, 1656315.0 ], [ -462115.0, 1656315.0 ], [ -462125.0, 1656315.0 ], [ -462135.0, 1656315.0 ], [ -462145.0, 1656315.0 ], [ -462155.0, 1656315.0 ], [ -462165.0, 1656315.0 ], [ -462175.0, 1656315.0 ], [ -462185.0, 1656315.0 ], [ -462195.0, 1656315.0 ], [ -462205.0, 1656315.0 ], [ -462215.0, 1656315.0 ], [ -462225.0, 1656315.0 ], [ -462235.0, 1656315.0 ], [ -462245.0, 1656315.0 ], [ -462255.0, 1656315.0 ], [ -462265.0, 1656315.0 ], [ -462275.0, 1656315.0 ], [ -462285.0, 1656315.0 ], [ -462295.0, 1656315.0 ], [ -462305.0, 1656315.0 ], [ -462315.0, 1656315.0 ], [ -462325.0, 1656315.0 ], [ -462335.0, 1656315.0 ], [ -462345.0, 1656315.0 ], [ -462355.0, 1656315.0 ], [ -462365.0, 1656315.0 ], [ -462375.0, 1656315.0 ], [ -462385.0, 1656315.0 ], [ -462395.0, 1656315.0 ], [ -462405.0, 1656315.0 ], [ -462415.0, 1656315.0 ], [ -462425.0, 1656315.0 ], [ -462435.0, 1656315.0 ], [ -462445.0, 1656315.0 ], [ -462455.0, 1656315.0 ], [ -462465.0, 1656315.0 ], [ -462475.0, 1656315.0 ], [ -462485.0, 1656315.0 ], [ -462495.0, 1656315.0 ], [ -462505.0, 1656315.0 ], [ -462515.0, 1656315.0 ], [ -462525.0, 1656315.0 ], [ -462535.0, 1656315.0 ], [ -462545.0, 1656315.0 ], [ -462555.0, 1656315.0 ], [ -462565.0, 1656315.0 ], [ -462575.0, 1656315.0 ], [ -462585.0, 1656315.0 ], [ -462595.0, 1656315.0 ], [ -462605.0, 1656315.0 ], [ -462615.0, 1656315.0 ], [ -462625.0, 1656315.0 ], [ -462635.0, 1656315.0 ], [ -462645.0, 1656315.0 ], [ -462655.0, 1656315.0 ], [ -462665.0, 1656315.0 ] ] } },
{ "type": "Feature", "properties": { "ardf_num": "SO005", "site": "Swede Creek", "coarseness_rank": null, "reach_head_dch_m": 266.6 }, "geometry": { "type": "LineString", "coordinates": [ [ -462925.0, 1656965.0 ], [ -462925.0, 1656955.0 ], [ -462935.0, 1656945.0 ], [ -462945.0, 1656935.0 ], [ -462945.0, 1656925.0 ], [ -462945.0, 1656915.0 ], [ -462945.0, 1656905.0 ], [ -462955.0, 1656895.0 ], [ -462955.0, 1656885.0 ], [ -462955.0, 1656875.0 ], [ -462955.0, 1656865.0 ], [ -462965.0, 1656855.0 ], [ -462975.0, 1656845.0 ], [ -462975.0, 1656835.0 ], [ -462975.0, 1656825.0 ], [ -462975.0, 1656815.0 ], [ -462985.0, 1656805.0 ], [ -462985.0, 1656795.0 ], [ -462985.0, 1656785.0 ], [ -462985.0, 1656775.0 ], [ -462985.0, 1656765.0 ], [ -462985.0, 1656755.0 ], [ -462985.0, 1656745.0 ], [ -462995.0, 1656735.0 ], [ -462995.0, 1656725.0 ], [ -463005.0, 1656715.0 ], [ -463005.0, 1656705.0 ], [ -463005.0, 1656695.0 ], [ -463005.0, 1656685.0 ], [ -463005.0, 1656675.0 ], [ -463005.0, 1656665.0 ], [ -463005.0, 1656655.0 ], [ -463005.0, 1656645.0 ], [ -463005.0, 1656635.0 ], [ -463015.0, 1656625.0 ], [ -463015.0, 1656615.0 ], [ -463025.0, 1656605.0 ], [ -463035.0, 1656605.0 ], [ -463045.0, 1656605.0 ], [ -463055.0, 1656605.0 ], [ -463065.0, 1656605.0 ], [ -463075.0, 1656605.0 ], [ -463085.0, 1656605.0 ], [ -463095.0, 1656605.0 ], [ -463105.0, 1656605.0 ], [ -463115.0, 1656595.0 ], [ -463125.0, 1656595.0 ], [ -463135.0, 1656595.0 ], [ -463145.0, 1656595.0 ], [ -463155.0, 1656595.0 ], [ -463165.0, 1656595.0 ], [ -463175.0, 1656585.0 ], [ -463185.0, 1656585.0 ], [ -463195.0, 1656585.0 ], [ -463205.0, 1656585.0 ], [ -463215.0, 1656585.0 ], [ -463225.0, 1656585.0 ], [ -463235.0, 1656585.0 ], [ -463245.0, 1656585.0 ], [ -463255.0, 1656585.0 ], [ -463265.0, 1656575.0 ], [ -463275.0, 1656575.0 ], [ -463285.0, 1656575.0 ], [ -463295.0, 1656575.0 ], [ -463305.0, 1656565.0 ], [ -463315.0, 1656555.0 ], [ -463325.0, 1656555.0 ], [ -463335.0, 1656555.0 ], [ -463345.0, 1656555.0 ], [ -463355.0, 1656555.0 ], [ -463365.0, 1656555.0 ], [ -463375.0, 1656555.0 ], [ -463385.0, 1656555.0 ], [ -463395.0, 1656555.0 ], [ -463405.0, 1656555.0 ], [ -463415.0, 1656555.0 ], [ -463425.0, 1656555.0 ], [ -463435.0, 1656555.0 ], [ -463445.0, 1656555.0 ], [ -463455.0, 1656555.0 ], [ -463465.0, 1656555.0 ], [ -463475.0, 1656555.0 ], [ -463485.0, 1656555.0 ], [ -463495.0, 1656555.0 ], [ -463505.0, 1656555.0 ], [ -463515.0, 1656555.0 ], [ -463525.0, 1656555.0 ], [ -463535.0, 1656555.0 ], [ -463545.0, 1656555.0 ], [ -463555.0, 1656555.0 ], [ -463565.0, 1656555.0 ], [ -463575.0, 1656555.0 ], [ -463585.0, 1656555.0 ], [ -463595.0, 1656555.0 ], [ -463605.0, 1656555.0 ], [ -463615.0, 1656555.0 ], [ -463625.0, 1656555.0 ], [ -463635.0, 1656555.0 ], [ -463645.0, 1656555.0 ], [ -463655.0, 1656555.0 ], [ -463665.0, 1656555.0 ], [ -463675.0, 1656555.0 ], [ -463685.0, 1656555.0 ], [ -463695.0, 1656555.0 ], [ -463705.0, 1656555.0 ], [ -463715.0, 1656555.0 ], [ -463725.0, 1656555.0 ], [ -463735.0, 1656555.0 ], [ -463745.0, 1656555.0 ], [ -463755.0, 1656555.0 ], [ -463765.0, 1656555.0 ], [ -463775.0, 1656555.0 ], [ -463785.0, 1656555.0 ], [ -463795.0, 1656555.0 ], [ -463805.0, 1656555.0 ], [ -463815.0, 1656555.0 ], [ -463825.0, 1656555.0 ], [ -463835.0, 1656555.0 ], [ -463845.0, 1656555.0 ], [ -463855.0, 1656555.0 ], [ -463865.0, 1656555.0 ], [ -463875.0, 1656555.0 ], [ -463885.0, 1656555.0 ], [ -463895.0, 1656555.0 ], [ -463905.0, 1656555.0 ], [ -463915.0, 1656555.0 ], [ -463925.0, 1656555.0 ], [ -463935.0, 1656555.0 ], [ -463945.0, 1656555.0 ], [ -463955.0, 1656555.0 ], [ -463965.0, 1656555.0 ], [ -463975.0, 1656555.0 ], [ -463985.0, 1656555.0 ], [ -463995.0, 1656555.0 ], [ -464005.0, 1656555.0 ], [ -464015.0, 1656555.0 ], [ -464025.0, 1656555.0 ], [ -464035.0, 1656555.0 ], [ -464045.0, 1656555.0 ], [ -464055.0, 1656555.0 ], [ -464065.0, 1656555.0 ], [ -464075.0, 1656555.0 ], [ -464085.0, 1656555.0 ], [ -464095.0, 1656555.0 ], [ -464105.0, 1656555.0 ], [ -464115.0, 1656555.0 ], [ -464125.0, 1656555.0 ], [ -464135.0, 1656555.0 ], [ -464145.0, 1656555.0 ], [ -464155.0, 1656555.0 ], [ -464165.0, 1656555.0 ], [ -464175.0, 1656555.0 ], [ -464185.0, 1656555.0 ], [ -464195.0, 1656555.0 ], [ -464205.0, 1656555.0 ], [ -464215.0, 1656555.0 ], [ -464225.0, 1656555.0 ], [ -464235.0, 1656555.0 ], [ -464245.0, 1656555.0 ], [ -464255.0, 1656555.0 ], [ -464265.0, 1656555.0 ], [ -464275.0, 1656555.0 ], [ -464285.0, 1656555.0 ], [ -464295.0, 1656555.0 ], [ -464305.0, 1656555.0 ], [ -464315.0, 1656555.0 ], [ -464325.0, 1656555.0 ], [ -464335.0, 1656555.0 ], [ -464345.0, 1656555.0 ], [ -464355.0, 1656555.0 ], [ -464365.0, 1656555.0 ], [ -464375.0, 1656555.0 ], [ -464385.0, 1656555.0 ], [ -464395.0, 1656555.0 ], [ -464405.0, 1656555.0 ], [ -464415.0, 1656555.0 ], [ -464425.0, 1656555.0 ], [ -464435.0, 1656555.0 ], [ -464445.0, 1656555.0 ], [ -464455.0, 1656555.0 ], [ -464465.0, 1656555.0 ], [ -464475.0, 1656555.0 ], [ -464485.0, 1656555.0 ], [ -464495.0, 1656555.0 ], [ -464505.0, 1656555.0 ], [ -464515.0, 1656555.0 ], [ -464525.0, 1656555.0 ], [ -464535.0, 1656555.0 ], [ -464545.0, 1656555.0 ], [ -464555.0, 1656555.0 ], [ -464565.0, 1656555.0 ], [ -464575.0, 1656555.0 ], [ -464585.0, 1656555.0 ] ] } },
{ "type": "Feature", "properties": { "ardf_num": "SO009", "site": "Silverbow Creek (Little Anvil Creek)", "coarseness_rank": null, "reach_head_dch_m": null }, "geometry": { "type": "LineString", "coordinates": [ [ -470085.0, 1660585.0 ], [ -470085.0, 1660575.0 ], [ -470075.0, 1660565.0 ], [ -470075.0, 1660555.0 ], [ -470065.0, 1660545.0 ], [ -470055.0, 1660535.0 ], [ -470045.0, 1660525.0 ], [ -470035.0, 1660515.0 ], [ -470035.0, 1660505.0 ], [ -470025.0, 1660495.0 ], [ -470025.0, 1660485.0 ], [ -470025.0, 1660475.0 ], [ -470015.0, 1660465.0 ], [ -470015.0, 1660455.0 ], [ -470005.0, 1660445.0 ], [ -469995.0, 1660435.0 ], [ -469985.0, 1660425.0 ], [ -469985.0, 1660415.0 ], [ -469975.0, 1660405.0 ], [ -469965.0, 1660395.0 ], [ -469965.0, 1660385.0 ], [ -469955.0, 1660375.0 ], [ -469945.0, 1660365.0 ], [ -469935.0, 1660355.0 ], [ -469925.0, 1660345.0 ], [ -469925.0, 1660335.0 ], [ -469915.0, 1660325.0 ], [ -469905.0, 1660315.0 ], [ -469895.0, 1660305.0 ], [ -469885.0, 1660295.0 ], [ -469875.0, 1660285.0 ], [ -469865.0, 1660275.0 ], [ -469855.0, 1660265.0 ], [ -469845.0, 1660255.0 ], [ -469835.0, 1660245.0 ], [ -469825.0, 1660235.0 ], [ -469815.0, 1660225.0 ], [ -469805.0, 1660215.0 ], [ -469795.0, 1660205.0 ], [ -469785.0, 1660195.0 ] ] } },
{ "type": "Feature", "properties": { "ardf_num": "SO016", "site": "Mystery Creek", "coarseness_rank": 2.0, "reach_head_dch_m": null }, "geometry": { "type": "LineString", "coordinates": [ [ -497475.0, 1670615.0 ], [ -497465.0, 1670625.0 ], [ -497455.0, 1670625.0 ], [ -497445.0, 1670625.0 ], [ -497435.0, 1670625.0 ], [ -497425.0, 1670625.0 ], [ -497415.0, 1670625.0 ], [ -497405.0, 1670625.0 ], [ -497395.0, 1670625.0 ], [ -497385.0, 1670625.0 ], [ -497375.0, 1670635.0 ], [ -497365.0, 1670635.0 ], [ -497355.0, 1670635.0 ], [ -497345.0, 1670645.0 ], [ -497335.0, 1670645.0 ], [ -497325.0, 1670645.0 ], [ -497315.0, 1670645.0 ], [ -497305.0, 1670645.0 ], [ -497295.0, 1670645.0 ], [ -497285.0, 1670635.0 ], [ -497275.0, 1670635.0 ], [ -497265.0, 1670635.0 ], [ -497255.0, 1670635.0 ], [ -497245.0, 1670645.0 ], [ -497235.0, 1670645.0 ], [ -497225.0, 1670645.0 ], [ -497215.0, 1670645.0 ], [ -497205.0, 1670645.0 ], [ -497195.0, 1670645.0 ], [ -497185.0, 1670645.0 ], [ -497175.0, 1670645.0 ], [ -497165.0, 1670645.0 ], [ -497155.0, 1670645.0 ], [ -497145.0, 1670655.0 ], [ -497135.0, 1670665.0 ], [ -497125.0, 1670675.0 ], [ -497115.0, 1670685.0 ], [ -497105.0, 1670695.0 ], [ -497095.0, 1670695.0 ], [ -497085.0, 1670705.0 ], [ -497075.0, 1670705.0 ], [ -497075.0, 1670715.0 ], [ -497065.0, 1670725.0 ] ] } },
{ "type": "Feature", "properties": { "ardf_num": "SO018", "site": "Penny Creek", "coarseness_rank": 3.0, "reach_head_dch_m": 240.7 }, "geometry": { "type": "LineString", "coordinates": [ [ -493375.0, 1670465.0 ], [ -493375.0, 1670455.0 ], [ -493385.0, 1670445.0 ], [ -493385.0, 1670435.0 ], [ -493395.0, 1670425.0 ], [ -493395.0, 1670415.0 ], [ -493395.0, 1670405.0 ], [ -493395.0, 1670395.0 ], [ -493395.0, 1670385.0 ], [ -493395.0, 1670375.0 ], [ -493395.0, 1670365.0 ], [ -493385.0, 1670355.0 ], [ -493385.0, 1670345.0 ] ] } },
{ "type": "Feature", "properties": { "ardf_num": "SO022", "site": "Big Hurrah Creek", "coarseness_rank": 3.0, "reach_head_dch_m": 215.6 }, "geometry": { "type": "LineString", "coordinates": [ [ -487115.0, 1669945.0 ], [ -487125.0, 1669955.0 ], [ -487135.0, 1669965.0 ], [ -487145.0, 1669975.0 ], [ -487155.0, 1669985.0 ], [ -487165.0, 1669995.0 ], [ -487175.0, 1670005.0 ], [ -487185.0, 1670015.0 ], [ -487195.0, 1670025.0 ], [ -487205.0, 1670025.0 ], [ -487215.0, 1670035.0 ], [ -487225.0, 1670035.0 ], [ -487235.0, 1670035.0 ], [ -487245.0, 1670045.0 ], [ -487255.0, 1670055.0 ], [ -487265.0, 1670065.0 ], [ -487275.0, 1670075.0 ], [ -487285.0, 1670085.0 ], [ -487295.0, 1670095.0 ], [ -487305.0, 1670095.0 ], [ -487315.0, 1670095.0 ], [ -487325.0, 1670095.0 ], [ -487335.0, 1670095.0 ], [ -487345.0, 1670095.0 ], [ -487355.0, 1670105.0 ], [ -487365.0, 1670105.0 ], [ -487375.0, 1670105.0 ], [ -487385.0, 1670115.0 ], [ -487395.0, 1670115.0 ], [ -487405.0, 1670115.0 ], [ -487415.0, 1670115.0 ], [ -487425.0, 1670115.0 ], [ -487435.0, 1670105.0 ], [ -487445.0, 1670105.0 ], [ -487455.0, 1670105.0 ], [ -487465.0, 1670095.0 ], [ -487475.0, 1670085.0 ], [ -487485.0, 1670075.0 ], [ -487485.0, 1670065.0 ], [ -487495.0, 1670055.0 ], [ -487505.0, 1670045.0 ], [ -487515.0, 1670045.0 ], [ -487525.0, 1670035.0 ], [ -487535.0, 1670025.0 ], [ -487545.0, 1670025.0 ], [ -487555.0, 1670025.0 ], [ -487565.0, 1670015.0 ], [ -487575.0, 1670015.0 ], [ -487585.0, 1670025.0 ], [ -487595.0, 1670025.0 ], [ -487605.0, 1670025.0 ], [ -487615.0, 1670025.0 ], [ -487625.0, 1670035.0 ], [ -487635.0, 1670035.0 ], [ -487645.0, 1670045.0 ], [ -487655.0, 1670045.0 ], [ -487665.0, 1670055.0 ], [ -487675.0, 1670055.0 ], [ -487685.0, 1670055.0 ], [ -487695.0, 1670055.0 ], [ -487705.0, 1670055.0 ], [ -487715.0, 1670055.0 ], [ -487725.0, 1670055.0 ], [ -487735.0, 1670045.0 ], [ -487745.0, 1670055.0 ], [ -487755.0, 1670055.0 ], [ -487765.0, 1670065.0 ], [ -487775.0, 1670075.0 ], [ -487785.0, 1670085.0 ], [ -487795.0, 1670095.0 ], [ -487805.0, 1670105.0 ], [ -487815.0, 1670115.0 ], [ -487815.0, 1670125.0 ], [ -487825.0, 1670135.0 ], [ -487835.0, 1670145.0 ], [ -487845.0, 1670155.0 ], [ -487855.0, 1670155.0 ], [ -487865.0, 1670155.0 ], [ -487875.0, 1670155.0 ], [ -487885.0, 1670165.0 ], [ -487895.0, 1670165.0 ], [ -487905.0, 1670165.0 ], [ -487915.0, 1670165.0 ], [ -487925.0, 1670165.0 ], [ -487935.0, 1670175.0 ], [ -487945.0, 1670175.0 ], [ -487955.0, 1670175.0 ], [ -487965.0, 1670175.0 ], [ -487975.0, 1670175.0 ], [ -487985.0, 1670165.0 ], [ -487995.0, 1670165.0 ], [ -488005.0, 1670165.0 ], [ -488015.0, 1670165.0 ], [ -488025.0, 1670155.0 ], [ -488035.0, 1670155.0 ], [ -488045.0, 1670145.0 ], [ -488055.0, 1670145.0 ], [ -488065.0, 1670145.0 ], [ -488075.0, 1670145.0 ], [ -488085.0, 1670145.0 ], [ -488095.0, 1670145.0 ], [ -488105.0, 1670135.0 ], [ -488115.0, 1670135.0 ], [ -488125.0, 1670135.0 ], [ -488135.0, 1670135.0 ], [ -488145.0, 1670135.0 ], [ -488155.0, 1670135.0 ], [ -488165.0, 1670135.0 ], [ -488175.0, 1670135.0 ], [ -488185.0, 1670135.0 ], [ -488195.0, 1670145.0 ], [ -488205.0, 1670145.0 ], [ -488215.0, 1670145.0 ], [ -488225.0, 1670145.0 ], [ -488235.0, 1670145.0 ], [ -488245.0, 1670145.0 ], [ -488255.0, 1670145.0 ], [ -488265.0, 1670145.0 ], [ -488275.0, 1670145.0 ], [ -488285.0, 1670145.0 ], [ -488295.0, 1670145.0 ], [ -488305.0, 1670145.0 ], [ -488315.0, 1670145.0 ], [ -488325.0, 1670145.0 ], [ -488335.0, 1670145.0 ], [ -488345.0, 1670145.0 ], [ -488355.0, 1670145.0 ], [ -488365.0, 1670145.0 ], [ -488375.0, 1670145.0 ], [ -488385.0, 1670145.0 ], [ -488395.0, 1670145.0 ], [ -488405.0, 1670155.0 ], [ -488415.0, 1670155.0 ], [ -488425.0, 1670155.0 ], [ -488435.0, 1670165.0 ], [ -488445.0, 1670165.0 ], [ -488455.0, 1670165.0 ], [ -488465.0, 1670165.0 ], [ -488475.0, 1670165.0 ], [ -488485.0, 1670165.0 ], [ -488495.0, 1670165.0 ], [ -488505.0, 1670165.0 ], [ -488515.0, 1670175.0 ], [ -488525.0, 1670185.0 ], [ -488535.0, 1670195.0 ], [ -488545.0, 1670205.0 ], [ -488555.0, 1670215.0 ], [ -488555.0, 1670225.0 ], [ -488565.0, 1670235.0 ], [ -488575.0, 1670245.0 ], [ -488585.0, 1670255.0 ], [ -488595.0, 1670255.0 ], [ -488605.0, 1670265.0 ], [ -488615.0, 1670275.0 ], [ -488625.0, 1670275.0 ], [ -488635.0, 1670285.0 ], [ -488645.0, 1670295.0 ], [ -488645.0, 1670305.0 ], [ -488655.0, 1670315.0 ], [ -488665.0, 1670325.0 ], [ -488675.0, 1670325.0 ], [ -488685.0, 1670325.0 ], [ -488695.0, 1670325.0 ], [ -488705.0, 1670325.0 ], [ -488715.0, 1670325.0 ], [ -488725.0, 1670325.0 ], [ -488735.0, 1670325.0 ], [ -488745.0, 1670325.0 ], [ -488755.0, 1670315.0 ], [ -488765.0, 1670315.0 ], [ -488775.0, 1670305.0 ], [ -488785.0, 1670305.0 ], [ -488795.0, 1670305.0 ], [ -488805.0, 1670295.0 ], [ -488815.0, 1670295.0 ], [ -488825.0, 1670285.0 ], [ -488835.0, 1670275.0 ], [ -488845.0, 1670275.0 ], [ -488855.0, 1670265.0 ], [ -488865.0, 1670265.0 ] ] } },
{ "type": "Feature", "properties": { "ardf_num": "SO024", "site": "Solomon River", "coarseness_rank": null, "reach_head_dch_m": null }, "geometry": { "type": "LineString", "coordinates": [ [ -489415.0, 1673385.0 ], [ -489415.0, 1673375.0 ], [ -489415.0, 1673365.0 ], [ -489415.0, 1673355.0 ], [ -489415.0, 1673345.0 ], [ -489425.0, 1673335.0 ], [ -489425.0, 1673325.0 ], [ -489435.0, 1673315.0 ], [ -489435.0, 1673305.0 ], [ -489445.0, 1673295.0 ], [ -489455.0, 1673285.0 ], [ -489465.0, 1673275.0 ], [ -489465.0, 1673265.0 ], [ -489465.0, 1673255.0 ], [ -489465.0, 1673245.0 ], [ -489465.0, 1673235.0 ], [ -489465.0, 1673225.0 ], [ -489465.0, 1673215.0 ], [ -489465.0, 1673205.0 ], [ -489455.0, 1673195.0 ], [ -489445.0, 1673185.0 ], [ -489455.0, 1673175.0 ], [ -489455.0, 1673165.0 ], [ -489465.0, 1673155.0 ], [ -489475.0, 1673145.0 ] ] } },
{ "type": "Feature", "properties": { "ardf_num": "SO025", "site": "Sapphire Gulch", "coarseness_rank": null, "reach_head_dch_m": null }, "geometry": { "type": "LineString", "coordinates": [ [ -493045.0, 1674225.0 ], [ -493045.0, 1674215.0 ], [ -493035.0, 1674205.0 ], [ -493025.0, 1674195.0 ], [ -493015.0, 1674185.0 ], [ -493005.0, 1674175.0 ], [ -492995.0, 1674165.0 ], [ -492985.0, 1674155.0 ], [ -492975.0, 1674145.0 ], [ -492965.0, 1674135.0 ], [ -492955.0, 1674125.0 ], [ -492945.0, 1674115.0 ], [ -492945.0, 1674105.0 ], [ -492945.0, 1674095.0 ], [ -492945.0, 1674085.0 ], [ -492945.0, 1674075.0 ], [ -492945.0, 1674065.0 ], [ -492945.0, 1674055.0 ], [ -492945.0, 1674045.0 ], [ -492935.0, 1674035.0 ], [ -492925.0, 1674025.0 ], [ -492915.0, 1674015.0 ], [ -492905.0, 1674005.0 ], [ -492895.0, 1673995.0 ], [ -492895.0, 1673985.0 ], [ -492895.0, 1673975.0 ], [ -492885.0, 1673965.0 ], [ -492885.0, 1673955.0 ], [ -492885.0, 1673945.0 ], [ -492885.0, 1673935.0 ], [ -492885.0, 1673925.0 ], [ -492885.0, 1673915.0 ], [ -492875.0, 1673905.0 ], [ -492875.0, 1673895.0 ], [ -492875.0, 1673885.0 ], [ -492875.0, 1673875.0 ], [ -492875.0, 1673865.0 ], [ -492875.0, 1673855.0 ], [ -492875.0, 1673845.0 ], [ -492875.0, 1673835.0 ], [ -492875.0, 1673825.0 ], [ -492865.0, 1673815.0 ], [ -492865.0, 1673805.0 ], [ -492865.0, 1673795.0 ], [ -492865.0, 1673785.0 ], [ -492865.0, 1673775.0 ], [ -492865.0, 1673765.0 ], [ -492865.0, 1673755.0 ], [ -492865.0, 1673745.0 ], [ -492865.0, 1673735.0 ], [ -492865.0, 1673725.0 ], [ -492865.0, 1673715.0 ], [ -492855.0, 1673705.0 ], [ -492855.0, 1673695.0 ], [ -492855.0, 1673685.0 ], [ -492845.0, 1673675.0 ], [ -492835.0, 1673665.0 ], [ -492825.0, 1673655.0 ], [ -492815.0, 1673645.0 ], [ -492805.0, 1673635.0 ], [ -492795.0, 1673625.0 ], [ -492785.0, 1673615.0 ], [ -492775.0, 1673605.0 ], [ -492765.0, 1673595.0 ], [ -492755.0, 1673585.0 ], [ -492755.0, 1673575.0 ], [ -492745.0, 1673565.0 ], [ -492735.0, 1673555.0 ], [ -492725.0, 1673545.0 ], [ -492725.0, 1673535.0 ], [ -492715.0, 1673525.0 ], [ -492705.0, 1673515.0 ], [ -492695.0, 1673505.0 ], [ -492685.0, 1673495.0 ], [ -492685.0, 1673485.0 ], [ -492675.0, 1673475.0 ], [ -492675.0, 1673465.0 ], [ -492665.0, 1673455.0 ], [ -492655.0, 1673445.0 ], [ -492645.0, 1673435.0 ], [ -492635.0, 1673425.0 ], [ -492625.0, 1673415.0 ], [ -492625.0, 1673405.0 ], [ -492615.0, 1673395.0 ], [ -492605.0, 1673385.0 ], [ -492605.0, 1673375.0 ] ] } },
{ "type": "Feature", "properties": { "ardf_num": "SO026", "site": "Bear Gulch", "coarseness_rank": null, "reach_head_dch_m": 0.0 }, "geometry": { "type": "LineString", "coordinates": [ [ -491205.0, 1674725.0 ], [ -491215.0, 1674715.0 ], [ -491215.0, 1674705.0 ], [ -491225.0, 1674695.0 ], [ -491235.0, 1674685.0 ], [ -491245.0, 1674675.0 ], [ -491255.0, 1674665.0 ], [ -491265.0, 1674655.0 ], [ -491265.0, 1674645.0 ], [ -491265.0, 1674635.0 ], [ -491275.0, 1674625.0 ], [ -491285.0, 1674615.0 ], [ -491295.0, 1674605.0 ], [ -491295.0, 1674595.0 ], [ -491305.0, 1674585.0 ], [ -491305.0, 1674575.0 ], [ -491315.0, 1674565.0 ], [ -491325.0, 1674555.0 ], [ -491335.0, 1674545.0 ], [ -491335.0, 1674535.0 ], [ -491345.0, 1674525.0 ], [ -491355.0, 1674515.0 ], [ -491365.0, 1674505.0 ], [ -491375.0, 1674495.0 ], [ -491385.0, 1674485.0 ], [ -491385.0, 1674475.0 ], [ -491395.0, 1674465.0 ], [ -491395.0, 1674455.0 ], [ -491405.0, 1674445.0 ], [ -491405.0, 1674435.0 ], [ -491405.0, 1674425.0 ], [ -491415.0, 1674415.0 ], [ -491415.0, 1674405.0 ], [ -491415.0, 1674395.0 ], [ -491415.0, 1674385.0 ], [ -491425.0, 1674375.0 ], [ -491425.0, 1674365.0 ], [ -491425.0, 1674355.0 ], [ -491425.0, 1674345.0 ], [ -491425.0, 1674335.0 ], [ -491425.0, 1674325.0 ], [ -491435.0, 1674315.0 ], [ -491435.0, 1674305.0 ], [ -491435.0, 1674295.0 ], [ -491435.0, 1674285.0 ], [ -491435.0, 1674275.0 ], [ -491435.0, 1674265.0 ], [ -491435.0, 1674255.0 ], [ -491435.0, 1674245.0 ], [ -491445.0, 1674235.0 ], [ -491445.0, 1674225.0 ], [ -491445.0, 1674215.0 ], [ -491445.0, 1674205.0 ], [ -491455.0, 1674195.0 ], [ -491455.0, 1674185.0 ], [ -491465.0, 1674175.0 ], [ -491465.0, 1674165.0 ], [ -491465.0, 1674155.0 ], [ -491475.0, 1674145.0 ], [ -491475.0, 1674135.0 ], [ -491475.0, 1674125.0 ], [ -491475.0, 1674115.0 ], [ -491465.0, 1674105.0 ], [ -491465.0, 1674095.0 ], [ -491465.0, 1674085.0 ], [ -491465.0, 1674075.0 ], [ -491465.0, 1674065.0 ], [ -491475.0, 1674055.0 ], [ -491475.0, 1674045.0 ], [ -491485.0, 1674035.0 ], [ -491495.0, 1674025.0 ], [ -491505.0, 1674015.0 ], [ -491505.0, 1674005.0 ], [ -491505.0, 1673995.0 ], [ -491515.0, 1673985.0 ], [ -491525.0, 1673985.0 ], [ -491535.0, 1673985.0 ], [ -491545.0, 1673975.0 ], [ -491555.0, 1673965.0 ], [ -491565.0, 1673965.0 ], [ -491575.0, 1673955.0 ], [ -491575.0, 1673945.0 ], [ -491575.0, 1673935.0 ], [ -491585.0, 1673925.0 ], [ -491595.0, 1673915.0 ], [ -491605.0, 1673905.0 ], [ -491605.0, 1673895.0 ], [ -491615.0, 1673885.0 ], [ -491625.0, 1673875.0 ], [ -491635.0, 1673865.0 ], [ -491645.0, 1673855.0 ], [ -491645.0, 1673845.0 ], [ -491655.0, 1673835.0 ], [ -491655.0, 1673825.0 ], [ -491665.0, 1673815.0 ], [ -491675.0, 1673805.0 ], [ -491685.0, 1673805.0 ], [ -491695.0, 1673795.0 ], [ -491705.0, 1673785.0 ], [ -491715.0, 1673775.0 ], [ -491725.0, 1673765.0 ], [ -491735.0, 1673765.0 ], [ -491745.0, 1673755.0 ], [ -491755.0, 1673745.0 ], [ -491765.0, 1673735.0 ], [ -491775.0, 1673725.0 ], [ -491785.0, 1673715.0 ], [ -491795.0, 1673705.0 ], [ -491805.0, 1673695.0 ], [ -491815.0, 1673685.0 ], [ -491825.0, 1673675.0 ], [ -491835.0, 1673665.0 ], [ -491835.0, 1673655.0 ], [ -491835.0, 1673645.0 ], [ -491835.0, 1673635.0 ], [ -491845.0, 1673625.0 ], [ -491855.0, 1673625.0 ], [ -491865.0, 1673625.0 ], [ -491875.0, 1673615.0 ], [ -491885.0, 1673615.0 ], [ -491895.0, 1673615.0 ], [ -491905.0, 1673615.0 ], [ -491915.0, 1673605.0 ], [ -491925.0, 1673595.0 ], [ -491935.0, 1673595.0 ], [ -491935.0, 1673585.0 ], [ -491945.0, 1673585.0 ], [ -491955.0, 1673575.0 ], [ -491965.0, 1673575.0 ], [ -491975.0, 1673565.0 ], [ -491985.0, 1673555.0 ], [ -491995.0, 1673545.0 ], [ -492005.0, 1673545.0 ], [ -492015.0, 1673535.0 ], [ -492025.0, 1673535.0 ], [ -492035.0, 1673535.0 ], [ -492045.0, 1673525.0 ], [ -492055.0, 1673515.0 ], [ -492065.0, 1673505.0 ], [ -492075.0, 1673495.0 ], [ -492085.0, 1673495.0 ], [ -492095.0, 1673495.0 ], [ -492105.0, 1673485.0 ], [ -492115.0, 1673485.0 ], [ -492125.0, 1673485.0 ], [ -492135.0, 1673475.0 ], [ -492145.0, 1673465.0 ], [ -492155.0, 1673455.0 ], [ -492165.0, 1673455.0 ], [ -492175.0, 1673445.0 ], [ -492185.0, 1673435.0 ], [ -492195.0, 1673425.0 ], [ -492205.0, 1673415.0 ], [ -492215.0, 1673405.0 ], [ -492225.0, 1673405.0 ], [ -492235.0, 1673405.0 ], [ -492245.0, 1673395.0 ], [ -492255.0, 1673395.0 ], [ -492265.0, 1673385.0 ], [ -492275.0, 1673385.0 ], [ -492285.0, 1673375.0 ], [ -492295.0, 1673375.0 ], [ -492305.0, 1673375.0 ], [ -492315.0, 1673365.0 ], [ -492325.0, 1673355.0 ], [ -492335.0, 1673345.0 ], [ -492345.0, 1673335.0 ], [ -492355.0, 1673325.0 ], [ -492365.0, 1673325.0 ], [ -492375.0, 1673315.0 ], [ -492385.0, 1673315.0 ], [ -492395.0, 1673315.0 ], [ -492405.0, 1673305.0 ], [ -492415.0, 1673305.0 ], [ -492425.0, 1673295.0 ], [ -492435.0, 1673285.0 ], [ -492445.0, 1673275.0 ], [ -492455.0, 1673265.0 ], [ -492465.0, 1673255.0 ], [ -492465.0, 1673245.0 ], [ -492475.0, 1673235.0 ], [ -492475.0, 1673225.0 ], [ -492485.0, 1673215.0 ], [ -492495.0, 1673205.0 ], [ -492505.0, 1673205.0 ], [ -492515.0, 1673195.0 ], [ -492525.0, 1673195.0 ], [ -492535.0, 1673185.0 ], [ -492535.0, 1673175.0 ], [ -492545.0, 1673165.0 ], [ -492555.0, 1673165.0 ], [ -492565.0, 1673165.0 ], [ -492575.0, 1673155.0 ], [ -492585.0, 1673155.0 ], [ -492595.0, 1673145.0 ], [ -492605.0, 1673135.0 ], [ -492605.0, 1673125.0 ], [ -492615.0, 1673115.0 ], [ -492625.0, 1673105.0 ], [ -492635.0, 1673095.0 ], [ -492645.0, 1673085.0 ], [ -492655.0, 1673075.0 ], [ -492655.0, 1673065.0 ], [ -492665.0, 1673055.0 ], [ -492665.0, 1673045.0 ], [ -492665.0, 1673035.0 ], [ -492675.0, 1673025.0 ], [ -492685.0, 1673015.0 ], [ -492695.0, 1673005.0 ], [ -492705.0, 1672995.0 ], [ -492705.0, 1672985.0 ], [ -492715.0, 1672975.0 ], [ -492715.0, 1672965.0 ], [ -492715.0, 1672955.0 ], [ -492725.0, 1672945.0 ], [ -492735.0, 1672935.0 ], [ -492745.0, 1672935.0 ], [ -492755.0, 1672935.0 ], [ -492765.0, 1672935.0 ], [ -492775.0, 1672925.0 ], [ -492785.0, 1672915.0 ], [ -492785.0, 1672905.0 ], [ -492795.0, 1672895.0 ], [ -492805.0, 1672885.0 ], [ -492815.0, 1672875.0 ], [ -492825.0, 1672865.0 ], [ -492835.0, 1672855.0 ], [ -492845.0, 1672855.0 ], [ -492855.0, 1672845.0 ], [ -492855.0, 1672835.0 ], [ -492865.0, 1672825.0 ], [ -492865.0, 1672815.0 ], [ -492875.0, 1672805.0 ], [ -492875.0, 1672795.0 ], [ -492885.0, 1672785.0 ], [ -492895.0, 1672775.0 ], [ -492895.0, 1672765.0 ], [ -492905.0, 1672755.0 ], [ -492905.0, 1672745.0 ], [ -492915.0, 1672735.0 ], [ -492915.0, 1672725.0 ], [ -492925.0, 1672715.0 ], [ -492925.0, 1672705.0 ], [ -492935.0, 1672695.0 ], [ -492935.0, 1672685.0 ], [ -492945.0, 1672675.0 ] ] } },
{ "type": "Feature", "properties": { "ardf_num": "SO027", "site": "Meddler Gulch", "coarseness_rank": 2.0, "reach_head_dch_m": null }, "geometry": { "type": "LineString", "coordinates": [ [ -492545.0, 1674495.0 ], [ -492545.0, 1674485.0 ], [ -492535.0, 1674475.0 ], [ -492535.0, 1674465.0 ], [ -492525.0, 1674455.0 ], [ -492525.0, 1674445.0 ], [ -492525.0, 1674435.0 ], [ -492515.0, 1674425.0 ], [ -492515.0, 1674415.0 ], [ -492515.0, 1674405.0 ], [ -492515.0, 1674395.0 ], [ -492515.0, 1674385.0 ], [ -492515.0, 1674375.0 ], [ -492515.0, 1674365.0 ], [ -492515.0, 1674355.0 ], [ -492515.0, 1674345.0 ], [ -492515.0, 1674335.0 ], [ -492515.0, 1674325.0 ], [ -492515.0, 1674315.0 ], [ -492515.0, 1674305.0 ], [ -492515.0, 1674295.0 ], [ -492515.0, 1674285.0 ], [ -492515.0, 1674275.0 ], [ -492515.0, 1674265.0 ], [ -492515.0, 1674255.0 ], [ -492515.0, 1674245.0 ], [ -492505.0, 1674235.0 ], [ -492505.0, 1674225.0 ], [ -492495.0, 1674215.0 ], [ -492495.0, 1674205.0 ], [ -492485.0, 1674195.0 ], [ -492485.0, 1674185.0 ], [ -492485.0, 1674175.0 ], [ -492485.0, 1674165.0 ], [ -492485.0, 1674155.0 ], [ -492485.0, 1674145.0 ], [ -492485.0, 1674135.0 ], [ -492485.0, 1674125.0 ], [ -492485.0, 1674115.0 ], [ -492485.0, 1674105.0 ], [ -492485.0, 1674095.0 ], [ -492485.0, 1674085.0 ], [ -492475.0, 1674075.0 ], [ -492475.0, 1674065.0 ], [ -492475.0, 1674055.0 ], [ -492475.0, 1674045.0 ], [ -492465.0, 1674035.0 ], [ -492465.0, 1674025.0 ], [ -492465.0, 1674015.0 ], [ -492455.0, 1674005.0 ], [ -492455.0, 1673995.0 ], [ -492455.0, 1673985.0 ], [ -492445.0, 1673975.0 ], [ -492445.0, 1673965.0 ], [ -492435.0, 1673955.0 ], [ -492435.0, 1673945.0 ], [ -492435.0, 1673935.0 ], [ -492435.0, 1673925.0 ], [ -492435.0, 1673915.0 ], [ -492425.0, 1673905.0 ], [ -492425.0, 1673895.0 ], [ -492425.0, 1673885.0 ], [ -492415.0, 1673875.0 ], [ -492415.0, 1673865.0 ], [ -492415.0, 1673855.0 ], [ -492415.0, 1673845.0 ], [ -492415.0, 1673835.0 ], [ -492405.0, 1673825.0 ], [ -492405.0, 1673815.0 ], [ -492405.0, 1673805.0 ], [ -492405.0, 1673795.0 ], [ -492405.0, 1673785.0 ], [ -492405.0, 1673775.0 ], [ -492395.0, 1673765.0 ], [ -492385.0, 1673755.0 ], [ -492375.0, 1673745.0 ], [ -492375.0, 1673735.0 ], [ -492375.0, 1673725.0 ], [ -492375.0, 1673715.0 ], [ -492375.0, 1673705.0 ], [ -492375.0, 1673695.0 ], [ -492375.0, 1673685.0 ], [ -492365.0, 1673675.0 ], [ -492365.0, 1673665.0 ], [ -492355.0, 1673655.0 ], [ -492355.0, 1673645.0 ], [ -492355.0, 1673635.0 ], [ -492345.0, 1673625.0 ], [ -492345.0, 1673615.0 ], [ -492345.0, 1673605.0 ], [ -492345.0, 1673595.0 ], [ -492345.0, 1673585.0 ], [ -492345.0, 1673575.0 ], [ -492345.0, 1673565.0 ], [ -492345.0, 1673555.0 ] ] } },
{ "type": "Feature", "properties": { "ardf_num": "SO028", "site": "Kasson Creek", "coarseness_rank": 2.0, "reach_head_dch_m": null }, "geometry": { "type": "LineString", "coordinates": [ [ -493145.0, 1675565.0 ], [ -493155.0, 1675565.0 ], [ -493165.0, 1675555.0 ], [ -493175.0, 1675555.0 ], [ -493185.0, 1675555.0 ], [ -493195.0, 1675555.0 ], [ -493205.0, 1675555.0 ], [ -493215.0, 1675545.0 ], [ -493225.0, 1675535.0 ], [ -493235.0, 1675525.0 ], [ -493245.0, 1675525.0 ], [ -493255.0, 1675515.0 ], [ -493265.0, 1675515.0 ], [ -493275.0, 1675505.0 ], [ -493285.0, 1675495.0 ], [ -493295.0, 1675495.0 ], [ -493305.0, 1675495.0 ], [ -493315.0, 1675505.0 ], [ -493325.0, 1675515.0 ], [ -493335.0, 1675515.0 ], [ -493345.0, 1675515.0 ], [ -493355.0, 1675515.0 ], [ -493365.0, 1675525.0 ], [ -493375.0, 1675525.0 ], [ -493385.0, 1675525.0 ], [ -493395.0, 1675525.0 ], [ -493405.0, 1675525.0 ], [ -493415.0, 1675525.0 ], [ -493425.0, 1675515.0 ], [ -493435.0, 1675515.0 ], [ -493445.0, 1675515.0 ], [ -493455.0, 1675515.0 ], [ -493465.0, 1675515.0 ], [ -493475.0, 1675505.0 ], [ -493485.0, 1675505.0 ], [ -493495.0, 1675505.0 ], [ -493505.0, 1675505.0 ], [ -493515.0, 1675505.0 ], [ -493525.0, 1675505.0 ], [ -493535.0, 1675505.0 ], [ -493545.0, 1675495.0 ], [ -493555.0, 1675495.0 ], [ -493565.0, 1675495.0 ], [ -493575.0, 1675495.0 ], [ -493585.0, 1675495.0 ], [ -493595.0, 1675495.0 ], [ -493605.0, 1675495.0 ], [ -493615.0, 1675495.0 ], [ -493625.0, 1675495.0 ], [ -493635.0, 1675485.0 ], [ -493645.0, 1675485.0 ], [ -493655.0, 1675485.0 ], [ -493665.0, 1675475.0 ], [ -493675.0, 1675475.0 ], [ -493685.0, 1675475.0 ], [ -493695.0, 1675475.0 ], [ -493705.0, 1675485.0 ], [ -493715.0, 1675485.0 ], [ -493725.0, 1675485.0 ], [ -493735.0, 1675485.0 ], [ -493745.0, 1675475.0 ], [ -493755.0, 1675465.0 ], [ -493765.0, 1675465.0 ], [ -493775.0, 1675465.0 ], [ -493785.0, 1675465.0 ], [ -493795.0, 1675475.0 ], [ -493805.0, 1675485.0 ], [ -493815.0, 1675485.0 ], [ -493825.0, 1675485.0 ], [ -493835.0, 1675485.0 ], [ -493845.0, 1675495.0 ], [ -493855.0, 1675495.0 ], [ -493865.0, 1675495.0 ], [ -493875.0, 1675495.0 ], [ -493885.0, 1675505.0 ], [ -493895.0, 1675505.0 ], [ -493905.0, 1675515.0 ], [ -493915.0, 1675515.0 ], [ -493925.0, 1675515.0 ], [ -493935.0, 1675515.0 ], [ -493945.0, 1675515.0 ], [ -493955.0, 1675515.0 ], [ -493965.0, 1675505.0 ], [ -493975.0, 1675505.0 ], [ -493985.0, 1675505.0 ], [ -493995.0, 1675505.0 ], [ -494005.0, 1675505.0 ], [ -494015.0, 1675505.0 ], [ -494025.0, 1675505.0 ], [ -494035.0, 1675505.0 ], [ -494035.0, 1675495.0 ], [ -494045.0, 1675495.0 ], [ -494055.0, 1675495.0 ], [ -494065.0, 1675485.0 ], [ -494075.0, 1675475.0 ], [ -494085.0, 1675465.0 ], [ -494095.0, 1675465.0 ], [ -494105.0, 1675455.0 ], [ -494115.0, 1675455.0 ], [ -494125.0, 1675455.0 ], [ -494135.0, 1675455.0 ], [ -494145.0, 1675455.0 ], [ -494155.0, 1675455.0 ], [ -494165.0, 1675455.0 ], [ -494175.0, 1675455.0 ], [ -494185.0, 1675455.0 ], [ -494195.0, 1675455.0 ], [ -494205.0, 1675455.0 ], [ -494215.0, 1675445.0 ], [ -494225.0, 1675435.0 ], [ -494235.0, 1675435.0 ], [ -494245.0, 1675425.0 ], [ -494255.0, 1675425.0 ], [ -494265.0, 1675425.0 ], [ -494275.0, 1675425.0 ], [ -494285.0, 1675425.0 ], [ -494295.0, 1675425.0 ], [ -494305.0, 1675425.0 ], [ -494315.0, 1675425.0 ], [ -494325.0, 1675425.0 ], [ -494335.0, 1675425.0 ], [ -494345.0, 1675425.0 ], [ -494355.0, 1675425.0 ], [ -494365.0, 1675425.0 ], [ -494375.0, 1675435.0 ], [ -494385.0, 1675445.0 ], [ -494395.0, 1675445.0 ], [ -494405.0, 1675445.0 ], [ -494415.0, 1675455.0 ], [ -494425.0, 1675455.0 ], [ -494435.0, 1675465.0 ], [ -494445.0, 1675465.0 ], [ -494455.0, 1675465.0 ], [ -494465.0, 1675465.0 ], [ -494475.0, 1675465.0 ], [ -494485.0, 1675465.0 ], [ -494495.0, 1675465.0 ], [ -494505.0, 1675465.0 ], [ -494515.0, 1675465.0 ], [ -494525.0, 1675465.0 ], [ -494535.0, 1675465.0 ], [ -494545.0, 1675465.0 ], [ -494555.0, 1675465.0 ], [ -494565.0, 1675465.0 ], [ -494575.0, 1675465.0 ], [ -494585.0, 1675465.0 ], [ -494595.0, 1675465.0 ], [ -494605.0, 1675465.0 ], [ -494615.0, 1675465.0 ], [ -494625.0, 1675465.0 ], [ -494635.0, 1675455.0 ], [ -494645.0, 1675455.0 ], [ -494655.0, 1675455.0 ], [ -494665.0, 1675455.0 ], [ -494675.0, 1675445.0 ], [ -494685.0, 1675445.0 ], [ -494695.0, 1675445.0 ], [ -494705.0, 1675435.0 ], [ -494715.0, 1675435.0 ], [ -494725.0, 1675435.0 ], [ -494735.0, 1675435.0 ], [ -494745.0, 1675435.0 ], [ -494755.0, 1675435.0 ], [ -494765.0, 1675435.0 ], [ -494775.0, 1675435.0 ], [ -494785.0, 1675435.0 ], [ -494795.0, 1675435.0 ], [ -494805.0, 1675435.0 ], [ -494815.0, 1675435.0 ], [ -494825.0, 1675435.0 ], [ -494835.0, 1675435.0 ], [ -494845.0, 1675435.0 ], [ -494855.0, 1675435.0 ], [ -494865.0, 1675435.0 ], [ -494875.0, 1675435.0 ], [ -494885.0, 1675435.0 ], [ -494895.0, 1675435.0 ], [ -494905.0, 1675445.0 ], [ -494915.0, 1675445.0 ], [ -494925.0, 1675445.0 ], [ -494935.0, 1675435.0 ], [ -494945.0, 1675435.0 ], [ -494955.0, 1675435.0 ], [ -494965.0, 1675435.0 ], [ -494975.0, 1675435.0 ], [ -494985.0, 1675435.0 ], [ -494995.0, 1675435.0 ], [ -495005.0, 1675425.0 ], [ -495015.0, 1675425.0 ], [ -495025.0, 1675425.0 ], [ -495035.0, 1675425.0 ], [ -495045.0, 1675425.0 ], [ -495055.0, 1675425.0 ], [ -495065.0, 1675425.0 ], [ -495075.0, 1675435.0 ], [ -495085.0, 1675435.0 ], [ -495095.0, 1675445.0 ], [ -495105.0, 1675455.0 ], [ -495115.0, 1675465.0 ], [ -495125.0, 1675465.0 ], [ -495125.0, 1675475.0 ], [ -495135.0, 1675485.0 ], [ -495145.0, 1675495.0 ], [ -495145.0, 1675505.0 ], [ -495135.0, 1675515.0 ], [ -495125.0, 1675525.0 ], [ -495125.0, 1675535.0 ], [ -495125.0, 1675545.0 ], [ -495135.0, 1675555.0 ], [ -495145.0, 1675565.0 ], [ -495155.0, 1675575.0 ], [ -495165.0, 1675565.0 ], [ -495175.0, 1675565.0 ], [ -495185.0, 1675555.0 ], [ -495195.0, 1675555.0 ], [ -495205.0, 1675545.0 ], [ -495215.0, 1675545.0 ], [ -495225.0, 1675545.0 ], [ -495235.0, 1675535.0 ], [ -495245.0, 1675535.0 ], [ -495255.0, 1675535.0 ], [ -495265.0, 1675525.0 ], [ -495275.0, 1675525.0 ], [ -495285.0, 1675525.0 ], [ -495295.0, 1675525.0 ], [ -495305.0, 1675515.0 ], [ -495315.0, 1675515.0 ], [ -495325.0, 1675515.0 ], [ -495335.0, 1675505.0 ], [ -495345.0, 1675505.0 ], [ -495355.0, 1675495.0 ], [ -495365.0, 1675485.0 ], [ -495375.0, 1675475.0 ], [ -495385.0, 1675465.0 ], [ -495385.0, 1675455.0 ], [ -495395.0, 1675445.0 ], [ -495405.0, 1675435.0 ], [ -495415.0, 1675425.0 ], [ -495425.0, 1675415.0 ], [ -495435.0, 1675405.0 ], [ -495445.0, 1675395.0 ], [ -495445.0, 1675385.0 ], [ -495455.0, 1675375.0 ], [ -495465.0, 1675365.0 ], [ -495465.0, 1675355.0 ], [ -495475.0, 1675345.0 ], [ -495475.0, 1675335.0 ], [ -495475.0, 1675325.0 ], [ -495485.0, 1675315.0 ], [ -495485.0, 1675305.0 ], [ -495485.0, 1675295.0 ], [ -495485.0, 1675285.0 ], [ -495495.0, 1675275.0 ], [ -495495.0, 1675265.0 ], [ -495495.0, 1675255.0 ], [ -495505.0, 1675245.0 ], [ -495505.0, 1675235.0 ], [ -495505.0, 1675225.0 ], [ -495505.0, 1675215.0 ], [ -495515.0, 1675205.0 ], [ -495515.0, 1675195.0 ], [ -495515.0, 1675185.0 ], [ -495515.0, 1675175.0 ], [ -495515.0, 1675165.0 ], [ -495515.0, 1675155.0 ], [ -495515.0, 1675145.0 ], [ -495515.0, 1675135.0 ], [ -495505.0, 1675125.0 ], [ -495495.0, 1675125.0 ], [ -495495.0, 1675115.0 ] ] } },
{ "type": "Feature", "properties": { "ardf_num": "SO029", "site": "West Creek", "coarseness_rank": 3.0, "reach_head_dch_m": null }, "geometry": { "type": "LineString", "coordinates": [ [ -498115.0, 1674735.0 ], [ -498105.0, 1674735.0 ], [ -498095.0, 1674735.0 ], [ -498085.0, 1674725.0 ], [ -498075.0, 1674725.0 ], [ -498065.0, 1674725.0 ], [ -498055.0, 1674725.0 ], [ -498045.0, 1674715.0 ], [ -498035.0, 1674705.0 ], [ -498025.0, 1674695.0 ], [ -498015.0, 1674685.0 ], [ -498015.0, 1674675.0 ], [ -498005.0, 1674665.0 ], [ -498005.0, 1674655.0 ], [ -498005.0, 1674645.0 ], [ -498005.0, 1674635.0 ], [ -498005.0, 1674625.0 ], [ -498005.0, 1674615.0 ], [ -498005.0, 1674605.0 ], [ -498005.0, 1674595.0 ], [ -497995.0, 1674585.0 ], [ -497985.0, 1674575.0 ], [ -497975.0, 1674565.0 ], [ -497965.0, 1674555.0 ], [ -497955.0, 1674545.0 ], [ -497945.0, 1674535.0 ], [ -497935.0, 1674525.0 ], [ -497935.0, 1674515.0 ], [ -497925.0, 1674505.0 ], [ -497915.0, 1674495.0 ], [ -497905.0, 1674485.0 ], [ -497895.0, 1674475.0 ], [ -497885.0, 1674475.0 ], [ -497875.0, 1674465.0 ], [ -497875.0, 1674455.0 ], [ -497865.0, 1674445.0 ], [ -497865.0, 1674435.0 ], [ -497855.0, 1674425.0 ], [ -497855.0, 1674415.0 ], [ -497845.0, 1674405.0 ], [ -497835.0, 1674395.0 ], [ -497825.0, 1674395.0 ], [ -497815.0, 1674385.0 ], [ -497805.0, 1674375.0 ], [ -497795.0, 1674365.0 ], [ -497785.0, 1674365.0 ], [ -497775.0, 1674355.0 ], [ -497765.0, 1674345.0 ], [ -497755.0, 1674335.0 ], [ -497745.0, 1674325.0 ], [ -497735.0, 1674315.0 ], [ -497725.0, 1674305.0 ], [ -497715.0, 1674295.0 ], [ -497705.0, 1674295.0 ], [ -497695.0, 1674285.0 ], [ -497685.0, 1674285.0 ], [ -497675.0, 1674275.0 ], [ -497665.0, 1674265.0 ], [ -497655.0, 1674265.0 ], [ -497645.0, 1674255.0 ], [ -497635.0, 1674255.0 ], [ -497625.0, 1674255.0 ], [ -497615.0, 1674255.0 ], [ -497605.0, 1674255.0 ], [ -497595.0, 1674255.0 ], [ -497585.0, 1674255.0 ], [ -497575.0, 1674255.0 ], [ -497565.0, 1674255.0 ], [ -497555.0, 1674255.0 ], [ -497545.0, 1674255.0 ], [ -497535.0, 1674255.0 ], [ -497525.0, 1674255.0 ], [ -497515.0, 1674255.0 ], [ -497505.0, 1674255.0 ], [ -497495.0, 1674255.0 ], [ -497485.0, 1674255.0 ], [ -497475.0, 1674255.0 ], [ -497465.0, 1674255.0 ], [ -497455.0, 1674255.0 ], [ -497445.0, 1674265.0 ], [ -497435.0, 1674265.0 ], [ -497425.0, 1674275.0 ], [ -497415.0, 1674275.0 ], [ -497405.0, 1674275.0 ], [ -497395.0, 1674275.0 ], [ -497385.0, 1674265.0 ], [ -497375.0, 1674255.0 ], [ -497375.0, 1674245.0 ], [ -497365.0, 1674235.0 ], [ -497355.0, 1674225.0 ], [ -497345.0, 1674215.0 ], [ -497335.0, 1674205.0 ], [ -497335.0, 1674195.0 ], [ -497325.0, 1674185.0 ], [ -497315.0, 1674175.0 ], [ -497305.0, 1674165.0 ], [ -497295.0, 1674155.0 ], [ -497285.0, 1674155.0 ], [ -497275.0, 1674155.0 ], [ -497265.0, 1674145.0 ], [ -497255.0, 1674145.0 ], [ -497245.0, 1674145.0 ], [ -497235.0, 1674145.0 ], [ -497225.0, 1674145.0 ], [ -497215.0, 1674145.0 ], [ -497205.0, 1674155.0 ], [ -497195.0, 1674155.0 ], [ -497185.0, 1674155.0 ], [ -497175.0, 1674165.0 ], [ -497165.0, 1674175.0 ], [ -497155.0, 1674185.0 ], [ -497145.0, 1674195.0 ], [ -497135.0, 1674205.0 ], [ -497125.0, 1674205.0 ], [ -497115.0, 1674215.0 ], [ -497105.0, 1674215.0 ], [ -497095.0, 1674215.0 ], [ -497085.0, 1674225.0 ], [ -497075.0, 1674225.0 ], [ -497065.0, 1674215.0 ], [ -497055.0, 1674215.0 ], [ -497045.0, 1674205.0 ], [ -497045.0, 1674195.0 ], [ -497035.0, 1674185.0 ], [ -497035.0, 1674175.0 ], [ -497025.0, 1674165.0 ], [ -497025.0, 1674155.0 ], [ -497015.0, 1674145.0 ], [ -497005.0, 1674135.0 ], [ -496995.0, 1674125.0 ], [ -496985.0, 1674115.0 ], [ -496975.0, 1674115.0 ], [ -496965.0, 1674105.0 ], [ -496955.0, 1674095.0 ], [ -496945.0, 1674085.0 ], [ -496935.0, 1674075.0 ], [ -496925.0, 1674065.0 ], [ -496915.0, 1674055.0 ], [ -496905.0, 1674045.0 ], [ -496895.0, 1674035.0 ], [ -496885.0, 1674025.0 ], [ -496875.0, 1674025.0 ], [ -496865.0, 1674015.0 ], [ -496855.0, 1674015.0 ], [ -496845.0, 1674005.0 ], [ -496835.0, 1674005.0 ], [ -496825.0, 1674005.0 ], [ -496815.0, 1674005.0 ], [ -496805.0, 1674015.0 ], [ -496795.0, 1674015.0 ], [ -496785.0, 1674025.0 ], [ -496775.0, 1674025.0 ], [ -496765.0, 1674025.0 ], [ -496755.0, 1674035.0 ], [ -496745.0, 1674035.0 ], [ -496735.0, 1674035.0 ], [ -496725.0, 1674045.0 ] ] } },
{ "type": "Feature", "properties": { "ardf_num": "SO031", "site": "Adams Creek", "coarseness_rank": null, "reach_head_dch_m": null }, "geometry": { "type": "LineString", "coordinates": [ [ -496165.0, 1677225.0 ], [ -496165.0, 1677235.0 ], [ -496165.0, 1677245.0 ], [ -496165.0, 1677255.0 ], [ -496165.0, 1677265.0 ], [ -496165.0, 1677275.0 ], [ -496165.0, 1677285.0 ], [ -496165.0, 1677295.0 ], [ -496165.0, 1677305.0 ], [ -496165.0, 1677315.0 ], [ -496165.0, 1677325.0 ], [ -496165.0, 1677335.0 ], [ -496165.0, 1677345.0 ], [ -496175.0, 1677355.0 ], [ -496175.0, 1677365.0 ], [ -496175.0, 1677375.0 ], [ -496175.0, 1677385.0 ], [ -496175.0, 1677395.0 ], [ -496175.0, 1677405.0 ], [ -496175.0, 1677415.0 ], [ -496175.0, 1677425.0 ], [ -496175.0, 1677435.0 ], [ -496175.0, 1677445.0 ], [ -496175.0, 1677455.0 ], [ -496175.0, 1677465.0 ], [ -496175.0, 1677475.0 ], [ -496175.0, 1677485.0 ], [ -496165.0, 1677495.0 ], [ -496155.0, 1677505.0 ], [ -496145.0, 1677505.0 ], [ -496135.0, 1677495.0 ], [ -496125.0, 1677485.0 ], [ -496115.0, 1677485.0 ], [ -496105.0, 1677485.0 ], [ -496095.0, 1677485.0 ], [ -496085.0, 1677485.0 ], [ -496075.0, 1677485.0 ], [ -496065.0, 1677495.0 ], [ -496055.0, 1677495.0 ], [ -496045.0, 1677495.0 ], [ -496035.0, 1677505.0 ], [ -496025.0, 1677505.0 ], [ -496015.0, 1677505.0 ], [ -496005.0, 1677505.0 ], [ -495995.0, 1677505.0 ], [ -495985.0, 1677505.0 ], [ -495975.0, 1677505.0 ], [ -495965.0, 1677495.0 ], [ -495955.0, 1677495.0 ], [ -495945.0, 1677495.0 ], [ -495935.0, 1677495.0 ], [ -495925.0, 1677495.0 ], [ -495915.0, 1677495.0 ], [ -495905.0, 1677495.0 ], [ -495895.0, 1677495.0 ], [ -495885.0, 1677495.0 ], [ -495875.0, 1677505.0 ], [ -495865.0, 1677505.0 ], [ -495855.0, 1677515.0 ], [ -495845.0, 1677515.0 ], [ -495835.0, 1677515.0 ], [ -495825.0, 1677505.0 ], [ -495815.0, 1677495.0 ], [ -495815.0, 1677485.0 ], [ -495815.0, 1677475.0 ], [ -495815.0, 1677465.0 ], [ -495815.0, 1677455.0 ], [ -495815.0, 1677445.0 ], [ -495815.0, 1677435.0 ], [ -495805.0, 1677425.0 ], [ -495795.0, 1677415.0 ], [ -495785.0, 1677405.0 ], [ -495775.0, 1677395.0 ], [ -495765.0, 1677385.0 ], [ -495755.0, 1677375.0 ], [ -495745.0, 1677375.0 ], [ -495735.0, 1677365.0 ], [ -495735.0, 1677355.0 ], [ -495735.0, 1677345.0 ], [ -495725.0, 1677345.0 ], [ -495715.0, 1677335.0 ], [ -495705.0, 1677335.0 ], [ -495695.0, 1677325.0 ], [ -495695.0, 1677315.0 ], [ -495695.0, 1677305.0 ], [ -495705.0, 1677295.0 ], [ -495705.0, 1677285.0 ], [ -495695.0, 1677275.0 ], [ -495695.0, 1677265.0 ], [ -495695.0, 1677255.0 ], [ -495685.0, 1677245.0 ], [ -495685.0, 1677235.0 ], [ -495685.0, 1677225.0 ], [ -495675.0, 1677215.0 ], [ -495675.0, 1677205.0 ], [ -495665.0, 1677195.0 ], [ -495665.0, 1677185.0 ], [ -495655.0, 1677175.0 ], [ -495645.0, 1677165.0 ], [ -495635.0, 1677155.0 ], [ -495625.0, 1677145.0 ], [ -495615.0, 1677135.0 ], [ -495615.0, 1677125.0 ], [ -495615.0, 1677115.0 ], [ -495615.0, 1677105.0 ], [ -495605.0, 1677095.0 ], [ -495595.0, 1677085.0 ], [ -495595.0, 1677075.0 ], [ -495585.0, 1677065.0 ], [ -495585.0, 1677055.0 ], [ -495575.0, 1677045.0 ], [ -495575.0, 1677035.0 ], [ -495575.0, 1677025.0 ], [ -495585.0, 1677015.0 ], [ -495595.0, 1677005.0 ], [ -495595.0, 1676995.0 ], [ -495585.0, 1676985.0 ], [ -495575.0, 1676975.0 ], [ -495565.0, 1676965.0 ], [ -495565.0, 1676955.0 ], [ -495555.0, 1676945.0 ], [ -495545.0, 1676935.0 ], [ -495535.0, 1676925.0 ], [ -495525.0, 1676915.0 ], [ -495515.0, 1676905.0 ], [ -495505.0, 1676895.0 ], [ -495495.0, 1676885.0 ], [ -495485.0, 1676875.0 ], [ -495485.0, 1676865.0 ], [ -495475.0, 1676855.0 ], [ -495465.0, 1676845.0 ], [ -495455.0, 1676845.0 ], [ -495455.0, 1676835.0 ], [ -495445.0, 1676835.0 ], [ -495435.0, 1676825.0 ], [ -495425.0, 1676815.0 ], [ -495415.0, 1676805.0 ], [ -495405.0, 1676795.0 ], [ -495395.0, 1676795.0 ], [ -495385.0, 1676785.0 ], [ -495375.0, 1676775.0 ], [ -495365.0, 1676765.0 ], [ -495355.0, 1676755.0 ], [ -495345.0, 1676745.0 ], [ -495335.0, 1676735.0 ], [ -495325.0, 1676725.0 ] ] } },
{ "type": "Feature", "properties": { "ardf_num": "SO032", "site": "Butte Creek", "coarseness_rank": null, "reach_head_dch_m": null }, "geometry": { "type": "LineString", "coordinates": [ [ -491505.0, 1675775.0 ], [ -491495.0, 1675785.0 ], [ -491485.0, 1675795.0 ], [ -491475.0, 1675805.0 ], [ -491475.0, 1675815.0 ], [ -491465.0, 1675825.0 ], [ -491455.0, 1675835.0 ], [ -491455.0, 1675845.0 ], [ -491445.0, 1675845.0 ], [ -491435.0, 1675855.0 ], [ -491425.0, 1675855.0 ], [ -491415.0, 1675855.0 ], [ -491405.0, 1675855.0 ], [ -491395.0, 1675855.0 ], [ -491385.0, 1675865.0 ], [ -491375.0, 1675865.0 ], [ -491365.0, 1675865.0 ], [ -491355.0, 1675875.0 ], [ -491345.0, 1675875.0 ], [ -491335.0, 1675875.0 ], [ -491325.0, 1675885.0 ], [ -491315.0, 1675895.0 ], [ -491305.0, 1675905.0 ], [ -491295.0, 1675915.0 ], [ -491285.0, 1675925.0 ], [ -491275.0, 1675935.0 ], [ -491265.0, 1675935.0 ], [ -491255.0, 1675935.0 ], [ -491245.0, 1675935.0 ], [ -491235.0, 1675945.0 ], [ -491225.0, 1675945.0 ], [ -491215.0, 1675945.0 ], [ -491205.0, 1675955.0 ], [ -491195.0, 1675955.0 ], [ -491185.0, 1675955.0 ], [ -491175.0, 1675955.0 ], [ -491165.0, 1675965.0 ], [ -491155.0, 1675965.0 ], [ -491145.0, 1675975.0 ], [ -491135.0, 1675985.0 ], [ -491125.0, 1675985.0 ], [ -491115.0, 1675995.0 ], [ -491105.0, 1676005.0 ], [ -491095.0, 1676005.0 ], [ -491085.0, 1676005.0 ], [ -491075.0, 1676005.0 ], [ -491065.0, 1676005.0 ], [ -491055.0, 1676015.0 ], [ -491045.0, 1676025.0 ], [ -491035.0, 1676035.0 ], [ -491025.0, 1676045.0 ], [ -491015.0, 1676055.0 ], [ -491005.0, 1676065.0 ], [ -490995.0, 1676075.0 ], [ -490985.0, 1676075.0 ], [ -490975.0, 1676085.0 ], [ -490965.0, 1676095.0 ], [ -490955.0, 1676095.0 ], [ -490945.0, 1676105.0 ], [ -490935.0, 1676115.0 ], [ -490925.0, 1676125.0 ], [ -490915.0, 1676135.0 ], [ -490905.0, 1676145.0 ], [ -490905.0, 1676155.0 ], [ -490895.0, 1676165.0 ], [ -490885.0, 1676175.0 ], [ -490875.0, 1676185.0 ], [ -490865.0, 1676195.0 ], [ -490855.0, 1676205.0 ], [ -490855.0, 1676215.0 ], [ -490855.0, 1676225.0 ], [ -490855.0, 1676235.0 ], [ -490855.0, 1676245.0 ], [ -490855.0, 1676255.0 ], [ -490855.0, 1676265.0 ], [ -490855.0, 1676275.0 ], [ -490855.0, 1676285.0 ], [ -490855.0, 1676295.0 ], [ -490845.0, 1676305.0 ], [ -490845.0, 1676315.0 ], [ -490845.0, 1676325.0 ], [ -490835.0, 1676335.0 ], [ -490835.0, 1676345.0 ], [ -490825.0, 1676355.0 ], [ -490825.0, 1676365.0 ], [ -490815.0, 1676375.0 ], [ -490815.0, 1676385.0 ], [ -490805.0, 1676395.0 ], [ -490805.0, 1676405.0 ], [ -490805.0, 1676415.0 ], [ -490795.0, 1676425.0 ], [ -490785.0, 1676435.0 ], [ -490785.0, 1676445.0 ], [ -490775.0, 1676455.0 ], [ -490775.0, 1676465.0 ], [ -490765.0, 1676475.0 ], [ -490755.0, 1676485.0 ], [ -490745.0, 1676495.0 ], [ -490735.0, 1676505.0 ], [ -490735.0, 1676515.0 ], [ -490725.0, 1676525.0 ], [ -490715.0, 1676535.0 ], [ -490715.0, 1676545.0 ], [ -490705.0, 1676545.0 ], [ -490705.0, 1676555.0 ], [ -490705.0, 1676565.0 ], [ -490695.0, 1676575.0 ], [ -490695.0, 1676585.0 ], [ -490685.0, 1676595.0 ], [ -490675.0, 1676605.0 ], [ -490675.0, 1676615.0 ], [ -490665.0, 1676625.0 ], [ -490665.0, 1676635.0 ], [ -490655.0, 1676645.0 ], [ -490655.0, 1676655.0 ], [ -490645.0, 1676665.0 ], [ -490635.0, 1676675.0 ], [ -490625.0, 1676685.0 ], [ -490615.0, 1676695.0 ], [ -490615.0, 1676705.0 ], [ -490605.0, 1676715.0 ], [ -490605.0, 1676725.0 ], [ -490605.0, 1676735.0 ], [ -490605.0, 1676745.0 ], [ -490595.0, 1676755.0 ], [ -490585.0, 1676765.0 ], [ -490585.0, 1676775.0 ], [ -490575.0, 1676785.0 ], [ -490575.0, 1676795.0 ], [ -490575.0, 1676805.0 ], [ -490575.0, 1676815.0 ], [ -490575.0, 1676825.0 ], [ -490575.0, 1676835.0 ], [ -490575.0, 1676845.0 ], [ -490575.0, 1676855.0 ], [ -490575.0, 1676865.0 ], [ -490565.0, 1676875.0 ], [ -490565.0, 1676885.0 ], [ -490565.0, 1676895.0 ], [ -490565.0, 1676905.0 ], [ -490555.0, 1676915.0 ], [ -490555.0, 1676925.0 ], [ -490555.0, 1676935.0 ], [ -490545.0, 1676945.0 ], [ -490545.0, 1676955.0 ], [ -490545.0, 1676965.0 ], [ -490545.0, 1676975.0 ], [ -490545.0, 1676985.0 ], [ -490545.0, 1676995.0 ], [ -490545.0, 1677005.0 ], [ -490545.0, 1677015.0 ], [ -490535.0, 1677025.0 ], [ -490535.0, 1677035.0 ], [ -490535.0, 1677045.0 ], [ -490535.0, 1677055.0 ], [ -490535.0, 1677065.0 ], [ -490535.0, 1677075.0 ], [ -490535.0, 1677085.0 ], [ -490535.0, 1677095.0 ], [ -490535.0, 1677105.0 ], [ -490525.0, 1677115.0 ], [ -490515.0, 1677125.0 ], [ -490505.0, 1677135.0 ], [ -490495.0, 1677145.0 ], [ -490485.0, 1677155.0 ] ] } },
{ "type": "Feature", "properties": { "ardf_num": "SO033", "site": "Fox Creek", "coarseness_rank": null, "reach_head_dch_m": null }, "geometry": { "type": "LineString", "coordinates": [ [ -487875.0, 1678335.0 ], [ -487875.0, 1678345.0 ], [ -487885.0, 1678355.0 ], [ -487885.0, 1678365.0 ], [ -487895.0, 1678375.0 ], [ -487905.0, 1678385.0 ], [ -487915.0, 1678395.0 ], [ -487925.0, 1678405.0 ], [ -487935.0, 1678415.0 ], [ -487945.0, 1678425.0 ], [ -487955.0, 1678435.0 ], [ -487955.0, 1678445.0 ], [ -487955.0, 1678455.0 ], [ -487955.0, 1678465.0 ], [ -487955.0, 1678475.0 ], [ -487965.0, 1678485.0 ], [ -487965.0, 1678495.0 ], [ -487975.0, 1678505.0 ], [ -487975.0, 1678515.0 ], [ -487975.0, 1678525.0 ], [ -487975.0, 1678535.0 ], [ -487985.0, 1678545.0 ], [ -487995.0, 1678555.0 ], [ -488005.0, 1678565.0 ], [ -488015.0, 1678575.0 ], [ -488015.0, 1678585.0 ], [ -488025.0, 1678595.0 ], [ -488035.0, 1678595.0 ], [ -488035.0, 1678605.0 ], [ -488045.0, 1678615.0 ], [ -488055.0, 1678625.0 ], [ -488065.0, 1678635.0 ], [ -488075.0, 1678635.0 ], [ -488085.0, 1678645.0 ], [ -488095.0, 1678655.0 ], [ -488105.0, 1678665.0 ], [ -488115.0, 1678675.0 ], [ -488125.0, 1678685.0 ], [ -488135.0, 1678695.0 ], [ -488145.0, 1678695.0 ], [ -488155.0, 1678705.0 ], [ -488165.0, 1678715.0 ], [ -488175.0, 1678725.0 ], [ -488185.0, 1678735.0 ], [ -488195.0, 1678745.0 ], [ -488195.0, 1678755.0 ], [ -488195.0, 1678765.0 ], [ -488205.0, 1678775.0 ], [ -488205.0, 1678785.0 ], [ -488205.0, 1678795.0 ], [ -488215.0, 1678805.0 ], [ -488215.0, 1678815.0 ], [ -488215.0, 1678825.0 ], [ -488225.0, 1678835.0 ], [ -488225.0, 1678845.0 ], [ -488225.0, 1678855.0 ], [ -488235.0, 1678865.0 ], [ -488245.0, 1678875.0 ], [ -488245.0, 1678885.0 ], [ -488245.0, 1678895.0 ], [ -488255.0, 1678905.0 ], [ -488255.0, 1678915.0 ], [ -488255.0, 1678925.0 ], [ -488265.0, 1678935.0 ], [ -488265.0, 1678945.0 ], [ -488265.0, 1678955.0 ], [ -488265.0, 1678965.0 ], [ -488265.0, 1678975.0 ], [ -488265.0, 1678985.0 ], [ -488275.0, 1678995.0 ], [ -488275.0, 1679005.0 ], [ -488285.0, 1679015.0 ], [ -488285.0, 1679025.0 ], [ -488285.0, 1679035.0 ], [ -488285.0, 1679045.0 ], [ -488285.0, 1679055.0 ], [ -488295.0, 1679065.0 ], [ -488305.0, 1679075.0 ], [ -488305.0, 1679085.0 ], [ -488305.0, 1679095.0 ], [ -488315.0, 1679105.0 ], [ -488315.0, 1679115.0 ], [ -488315.0, 1679125.0 ], [ -488325.0, 1679135.0 ], [ -488325.0, 1679145.0 ], [ -488325.0, 1679155.0 ], [ -488335.0, 1679165.0 ], [ -488335.0, 1679175.0 ], [ -488335.0, 1679185.0 ], [ -488345.0, 1679195.0 ], [ -488345.0, 1679205.0 ], [ -488355.0, 1679215.0 ], [ -488355.0, 1679225.0 ], [ -488355.0, 1679235.0 ], [ -488355.0, 1679245.0 ], [ -488345.0, 1679255.0 ], [ -488345.0, 1679265.0 ], [ -488345.0, 1679275.0 ], [ -488345.0, 1679285.0 ], [ -488345.0, 1679295.0 ], [ -488345.0, 1679305.0 ], [ -488345.0, 1679315.0 ], [ -488345.0, 1679325.0 ], [ -488345.0, 1679335.0 ], [ -488345.0, 1679345.0 ], [ -488355.0, 1679355.0 ], [ -488355.0, 1679365.0 ], [ -488355.0, 1679375.0 ], [ -488365.0, 1679385.0 ], [ -488365.0, 1679395.0 ], [ -488365.0, 1679405.0 ], [ -488375.0, 1679415.0 ], [ -488375.0, 1679425.0 ], [ -488375.0, 1679435.0 ], [ -488375.0, 1679445.0 ], [ -488385.0, 1679455.0 ], [ -488385.0, 1679465.0 ], [ -488385.0, 1679475.0 ], [ -488385.0, 1679485.0 ], [ -488385.0, 1679495.0 ], [ -488395.0, 1679505.0 ], [ -488395.0, 1679515.0 ], [ -488395.0, 1679525.0 ], [ -488405.0, 1679535.0 ], [ -488405.0, 1679545.0 ], [ -488405.0, 1679555.0 ], [ -488405.0, 1679565.0 ], [ -488405.0, 1679575.0 ], [ -488415.0, 1679585.0 ], [ -488415.0, 1679595.0 ], [ -488415.0, 1679605.0 ], [ -488415.0, 1679615.0 ], [ -488425.0, 1679625.0 ], [ -488425.0, 1679635.0 ], [ -488425.0, 1679645.0 ], [ -488425.0, 1679655.0 ], [ -488425.0, 1679665.0 ], [ -488425.0, 1679675.0 ], [ -488425.0, 1679685.0 ], [ -488425.0, 1679695.0 ], [ -488425.0, 1679705.0 ], [ -488425.0, 1679715.0 ], [ -488425.0, 1679725.0 ], [ -488435.0, 1679735.0 ], [ -488435.0, 1679745.0 ], [ -488435.0, 1679755.0 ], [ -488425.0, 1679765.0 ], [ -488425.0, 1679775.0 ], [ -488425.0, 1679785.0 ], [ -488425.0, 1679795.0 ], [ -488425.0, 1679805.0 ], [ -488435.0, 1679815.0 ], [ -488435.0, 1679825.0 ], [ -488445.0, 1679835.0 ], [ -488445.0, 1679845.0 ], [ -488445.0, 1679855.0 ], [ -488455.0, 1679865.0 ], [ -488455.0, 1679875.0 ], [ -488465.0, 1679885.0 ], [ -488475.0, 1679895.0 ], [ -488475.0, 1679905.0 ], [ -488475.0, 1679915.0 ], [ -488485.0, 1679925.0 ], [ -488485.0, 1679935.0 ], [ -488485.0, 1679945.0 ], [ -488485.0, 1679955.0 ], [ -488495.0, 1679965.0 ], [ -488495.0, 1679975.0 ], [ -488495.0, 1679985.0 ], [ -488495.0, 1679995.0 ], [ -488495.0, 1680005.0 ], [ -488495.0, 1680015.0 ], [ -488495.0, 1680025.0 ], [ -488505.0, 1680035.0 ], [ -488505.0, 1680045.0 ], [ -488505.0, 1680055.0 ], [ -488505.0, 1680065.0 ], [ -488515.0, 1680075.0 ], [ -488515.0, 1680085.0 ], [ -488515.0, 1680095.0 ], [ -488515.0, 1680105.0 ], [ -488515.0, 1680115.0 ], [ -488515.0, 1680125.0 ], [ -488515.0, 1680135.0 ], [ -488515.0, 1680145.0 ], [ -488515.0, 1680155.0 ], [ -488515.0, 1680165.0 ], [ -488515.0, 1680175.0 ], [ -488515.0, 1680185.0 ], [ -488515.0, 1680195.0 ], [ -488515.0, 1680205.0 ], [ -488515.0, 1680215.0 ], [ -488525.0, 1680215.0 ], [ -488535.0, 1680215.0 ], [ -488545.0, 1680225.0 ], [ -488555.0, 1680225.0 ], [ -488565.0, 1680235.0 ], [ -488575.0, 1680235.0 ], [ -488585.0, 1680235.0 ], [ -488595.0, 1680235.0 ], [ -488605.0, 1680245.0 ], [ -488615.0, 1680255.0 ], [ -488625.0, 1680255.0 ], [ -488635.0, 1680265.0 ], [ -488645.0, 1680265.0 ], [ -488655.0, 1680265.0 ], [ -488665.0, 1680265.0 ], [ -488675.0, 1680275.0 ] ] } },
{ "type": "Feature", "properties": { "ardf_num": "SO048", "site": "Melsing Creek; Basin Creek; Benson Gulch", "coarseness_rank": null, "reach_head_dch_m": null }, "geometry": { "type": "LineString", "coordinates": [ [ -455325.0, 1693605.0 ], [ -455325.0, 1693595.0 ], [ -455325.0, 1693585.0 ], [ -455325.0, 1693575.0 ], [ -455325.0, 1693565.0 ], [ -455325.0, 1693555.0 ], [ -455325.0, 1693545.0 ], [ -455325.0, 1693535.0 ], [ -455325.0, 1693525.0 ], [ -455325.0, 1693515.0 ], [ -455315.0, 1693505.0 ], [ -455315.0, 1693495.0 ], [ -455305.0, 1693485.0 ], [ -455305.0, 1693475.0 ], [ -455295.0, 1693465.0 ], [ -455295.0, 1693455.0 ], [ -455295.0, 1693445.0 ], [ -455295.0, 1693435.0 ], [ -455305.0, 1693425.0 ], [ -455315.0, 1693415.0 ], [ -455325.0, 1693405.0 ], [ -455335.0, 1693395.0 ], [ -455345.0, 1693395.0 ], [ -455355.0, 1693385.0 ], [ -455365.0, 1693385.0 ], [ -455375.0, 1693375.0 ], [ -455385.0, 1693365.0 ], [ -455395.0, 1693355.0 ], [ -455405.0, 1693355.0 ], [ -455415.0, 1693345.0 ], [ -455425.0, 1693335.0 ], [ -455435.0, 1693325.0 ], [ -455445.0, 1693315.0 ], [ -455445.0, 1693305.0 ], [ -455455.0, 1693295.0 ], [ -455465.0, 1693285.0 ], [ -455465.0, 1693275.0 ], [ -455465.0, 1693265.0 ], [ -455475.0, 1693255.0 ], [ -455475.0, 1693245.0 ], [ -455475.0, 1693235.0 ], [ -455475.0, 1693225.0 ], [ -455475.0, 1693215.0 ], [ -455485.0, 1693205.0 ], [ -455485.0, 1693195.0 ], [ -455485.0, 1693185.0 ], [ -455495.0, 1693175.0 ], [ -455495.0, 1693165.0 ], [ -455505.0, 1693155.0 ], [ -455505.0, 1693145.0 ], [ -455515.0, 1693135.0 ], [ -455525.0, 1693125.0 ], [ -455535.0, 1693125.0 ], [ -455545.0, 1693115.0 ], [ -455555.0, 1693105.0 ], [ -455565.0, 1693095.0 ], [ -455575.0, 1693085.0 ], [ -455575.0, 1693075.0 ], [ -455585.0, 1693065.0 ], [ -455595.0, 1693055.0 ], [ -455605.0, 1693045.0 ], [ -455615.0, 1693035.0 ], [ -455625.0, 1693025.0 ], [ -455635.0, 1693015.0 ], [ -455645.0, 1693005.0 ], [ -455655.0, 1692995.0 ], [ -455665.0, 1692985.0 ], [ -455675.0, 1692975.0 ], [ -455685.0, 1692965.0 ], [ -455695.0, 1692955.0 ], [ -455705.0, 1692945.0 ], [ -455705.0, 1692935.0 ], [ -455715.0, 1692925.0 ], [ -455725.0, 1692915.0 ], [ -455735.0, 1692905.0 ], [ -455745.0, 1692895.0 ], [ -455755.0, 1692885.0 ], [ -455765.0, 1692875.0 ], [ -455775.0, 1692865.0 ], [ -455785.0, 1692865.0 ], [ -455795.0, 1692855.0 ], [ -455805.0, 1692845.0 ], [ -455815.0, 1692845.0 ], [ -455825.0, 1692835.0 ], [ -455835.0, 1692835.0 ], [ -455845.0, 1692825.0 ], [ -455855.0, 1692825.0 ], [ -455865.0, 1692815.0 ], [ -455875.0, 1692815.0 ], [ -455885.0, 1692805.0 ], [ -455895.0, 1692805.0 ], [ -455905.0, 1692795.0 ], [ -455915.0, 1692785.0 ], [ -455915.0, 1692775.0 ], [ -455915.0, 1692765.0 ], [ -455925.0, 1692755.0 ], [ -455925.0, 1692745.0 ], [ -455925.0, 1692735.0 ], [ -455925.0, 1692725.0 ], [ -455935.0, 1692715.0 ], [ -455935.0, 1692705.0 ], [ -455945.0, 1692695.0 ], [ -455945.0, 1692685.0 ], [ -455955.0, 1692675.0 ], [ -455965.0, 1692665.0 ], [ -455975.0, 1692665.0 ], [ -455985.0, 1692655.0 ], [ -455995.0, 1692645.0 ], [ -455995.0, 1692635.0 ], [ -456005.0, 1692625.0 ], [ -456005.0, 1692615.0 ], [ -456005.0, 1692605.0 ], [ -456005.0, 1692595.0 ], [ -456005.0, 1692585.0 ], [ -456005.0, 1692575.0 ], [ -456005.0, 1692565.0 ], [ -456005.0, 1692555.0 ], [ -455995.0, 1692545.0 ], [ -455995.0, 1692535.0 ], [ -455985.0, 1692525.0 ], [ -455985.0, 1692515.0 ], [ -455975.0, 1692505.0 ], [ -455965.0, 1692495.0 ], [ -455965.0, 1692485.0 ], [ -455965.0, 1692475.0 ], [ -455975.0, 1692465.0 ], [ -455975.0, 1692455.0 ], [ -455985.0, 1692445.0 ], [ -455995.0, 1692435.0 ], [ -456005.0, 1692425.0 ], [ -456005.0, 1692415.0 ], [ -456015.0, 1692405.0 ], [ -456025.0, 1692395.0 ], [ -456035.0, 1692385.0 ], [ -456035.0, 1692375.0 ], [ -456045.0, 1692365.0 ], [ -456045.0, 1692355.0 ], [ -456055.0, 1692345.0 ], [ -456055.0, 1692335.0 ], [ -456065.0, 1692325.0 ], [ -456075.0, 1692315.0 ], [ -456075.0, 1692305.0 ], [ -456085.0, 1692295.0 ], [ -456085.0, 1692285.0 ], [ -456085.0, 1692275.0 ], [ -456085.0, 1692265.0 ], [ -456095.0, 1692255.0 ], [ -456095.0, 1692245.0 ], [ -456095.0, 1692235.0 ] ] } },
{ "type": "Feature", "properties": { "ardf_num": "SO052", "site": "Sweetcake Creek", "coarseness_rank": null, "reach_head_dch_m": 0.0 }, "geometry": { "type": "LineString", "coordinates": [ [ -459425.0, 1698515.0 ], [ -459435.0, 1698505.0 ], [ -459445.0, 1698505.0 ], [ -459455.0, 1698495.0 ], [ -459455.0, 1698485.0 ], [ -459465.0, 1698475.0 ], [ -459465.0, 1698465.0 ], [ -459455.0, 1698455.0 ], [ -459455.0, 1698445.0 ], [ -459455.0, 1698435.0 ], [ -459455.0, 1698425.0 ], [ -459445.0, 1698415.0 ], [ -459445.0, 1698405.0 ], [ -459445.0, 1698395.0 ], [ -459445.0, 1698385.0 ], [ -459445.0, 1698375.0 ], [ -459445.0, 1698365.0 ], [ -459435.0, 1698355.0 ], [ -459435.0, 1698345.0 ], [ -459435.0, 1698335.0 ], [ -459435.0, 1698325.0 ], [ -459435.0, 1698315.0 ], [ -459435.0, 1698305.0 ], [ -459435.0, 1698295.0 ], [ -459425.0, 1698285.0 ], [ -459425.0, 1698275.0 ], [ -459425.0, 1698265.0 ], [ -459425.0, 1698255.0 ], [ -459425.0, 1698245.0 ], [ -459415.0, 1698235.0 ], [ -459415.0, 1698225.0 ], [ -459405.0, 1698215.0 ], [ -459395.0, 1698205.0 ], [ -459395.0, 1698195.0 ], [ -459385.0, 1698185.0 ], [ -459375.0, 1698175.0 ], [ -459375.0, 1698165.0 ], [ -459365.0, 1698155.0 ], [ -459365.0, 1698145.0 ], [ -459365.0, 1698135.0 ], [ -459365.0, 1698125.0 ], [ -459365.0, 1698115.0 ], [ -459365.0, 1698105.0 ], [ -459365.0, 1698095.0 ], [ -459375.0, 1698085.0 ], [ -459375.0, 1698075.0 ], [ -459375.0, 1698065.0 ], [ -459385.0, 1698055.0 ], [ -459385.0, 1698045.0 ], [ -459375.0, 1698035.0 ], [ -459375.0, 1698025.0 ], [ -459375.0, 1698015.0 ], [ -459365.0, 1698005.0 ], [ -459365.0, 1697995.0 ], [ -459365.0, 1697985.0 ], [ -459365.0, 1697975.0 ], [ -459355.0, 1697965.0 ], [ -459345.0, 1697955.0 ], [ -459345.0, 1697945.0 ], [ -459335.0, 1697935.0 ], [ -459335.0, 1697925.0 ], [ -459325.0, 1697915.0 ], [ -459325.0, 1697905.0 ], [ -459325.0, 1697895.0 ], [ -459315.0, 1697885.0 ], [ -459315.0, 1697875.0 ], [ -459325.0, 1697865.0 ], [ -459325.0, 1697855.0 ], [ -459315.0, 1697845.0 ], [ -459315.0, 1697835.0 ], [ -459315.0, 1697825.0 ], [ -459315.0, 1697815.0 ], [ -459315.0, 1697805.0 ], [ -459315.0, 1697795.0 ], [ -459315.0, 1697785.0 ], [ -459315.0, 1697775.0 ], [ -459315.0, 1697765.0 ], [ -459315.0, 1697755.0 ], [ -459315.0, 1697745.0 ], [ -459315.0, 1697735.0 ], [ -459315.0, 1697725.0 ], [ -459315.0, 1697715.0 ], [ -459315.0, 1697705.0 ], [ -459315.0, 1697695.0 ], [ -459315.0, 1697685.0 ], [ -459305.0, 1697675.0 ], [ -459305.0, 1697665.0 ], [ -459305.0, 1697655.0 ], [ -459305.0, 1697645.0 ], [ -459305.0, 1697635.0 ], [ -459305.0, 1697625.0 ], [ -459305.0, 1697615.0 ], [ -459295.0, 1697605.0 ], [ -459295.0, 1697595.0 ], [ -459285.0, 1697585.0 ], [ -459285.0, 1697575.0 ], [ -459285.0, 1697565.0 ], [ -459275.0, 1697555.0 ], [ -459275.0, 1697545.0 ], [ -459275.0, 1697535.0 ], [ -459265.0, 1697525.0 ], [ -459265.0, 1697515.0 ], [ -459255.0, 1697505.0 ], [ -459255.0, 1697495.0 ], [ -459245.0, 1697485.0 ], [ -459235.0, 1697475.0 ], [ -459225.0, 1697465.0 ], [ -459215.0, 1697455.0 ], [ -459215.0, 1697445.0 ], [ -459205.0, 1697435.0 ], [ -459205.0, 1697425.0 ], [ -459205.0, 1697415.0 ], [ -459205.0, 1697405.0 ], [ -459205.0, 1697395.0 ], [ -459205.0, 1697385.0 ], [ -459205.0, 1697375.0 ], [ -459205.0, 1697365.0 ], [ -459195.0, 1697355.0 ], [ -459195.0, 1697345.0 ], [ -459195.0, 1697335.0 ], [ -459185.0, 1697325.0 ], [ -459175.0, 1697315.0 ], [ -459175.0, 1697305.0 ], [ -459165.0, 1697295.0 ], [ -459165.0, 1697285.0 ], [ -459155.0, 1697275.0 ], [ -459145.0, 1697265.0 ], [ -459145.0, 1697255.0 ], [ -459135.0, 1697245.0 ], [ -459135.0, 1697235.0 ], [ -459125.0, 1697225.0 ], [ -459125.0, 1697215.0 ], [ -459115.0, 1697205.0 ] ] } },
{ "type": "Feature", "properties": { "ardf_num": "SO053", "site": "Ophir Creek", "coarseness_rank": null, "reach_head_dch_m": null }, "geometry": { "type": "LineString", "coordinates": [ [ -454635.0, 1699525.0 ], [ -454645.0, 1699525.0 ], [ -454655.0, 1699525.0 ], [ -454665.0, 1699515.0 ], [ -454675.0, 1699515.0 ], [ -454685.0, 1699515.0 ], [ -454695.0, 1699515.0 ], [ -454705.0, 1699515.0 ], [ -454715.0, 1699515.0 ], [ -454725.0, 1699505.0 ], [ -454735.0, 1699495.0 ], [ -454745.0, 1699495.0 ], [ -454755.0, 1699485.0 ], [ -454765.0, 1699485.0 ], [ -454775.0, 1699485.0 ] ] } },
{ "type": "Feature", "properties": { "ardf_num": "SO054", "site": "Warm Creek", "coarseness_rank": 3.0, "reach_head_dch_m": null }, "geometry": { "type": "LineString", "coordinates": [ [ -463505.0, 1699905.0 ], [ -463505.0, 1699895.0 ], [ -463515.0, 1699895.0 ], [ -463525.0, 1699895.0 ], [ -463535.0, 1699895.0 ], [ -463545.0, 1699885.0 ], [ -463555.0, 1699885.0 ], [ -463565.0, 1699885.0 ], [ -463575.0, 1699885.0 ], [ -463585.0, 1699885.0 ] ] } },
{ "type": "Feature", "properties": { "ardf_num": "SO058", "site": "Goldbottom Creek", "coarseness_rank": 2.0, "reach_head_dch_m": null }, "geometry": { "type": "LineString", "coordinates": [ [ -466795.0, 1700875.0 ], [ -466805.0, 1700875.0 ], [ -466815.0, 1700875.0 ], [ -466825.0, 1700875.0 ], [ -466835.0, 1700885.0 ], [ -466825.0, 1700895.0 ] ] } },
{ "type": "Feature", "properties": { "ardf_num": "SO060", "site": "Fox River; IXL Gulch", "coarseness_rank": null, "reach_head_dch_m": null }, "geometry": { "type": "LineString", "coordinates": [ [ -464045.0, 1681135.0 ], [ -464035.0, 1681145.0 ], [ -464025.0, 1681145.0 ], [ -464015.0, 1681155.0 ], [ -464005.0, 1681155.0 ], [ -463995.0, 1681165.0 ], [ -463985.0, 1681175.0 ], [ -463975.0, 1681185.0 ], [ -463965.0, 1681195.0 ], [ -463955.0, 1681195.0 ], [ -463945.0, 1681205.0 ], [ -463935.0, 1681205.0 ], [ -463925.0, 1681215.0 ], [ -463915.0, 1681215.0 ], [ -463905.0, 1681225.0 ], [ -463895.0, 1681235.0 ], [ -463895.0, 1681245.0 ], [ -463895.0, 1681255.0 ], [ -463905.0, 1681265.0 ], [ -463905.0, 1681275.0 ], [ -463915.0, 1681275.0 ], [ -463925.0, 1681285.0 ], [ -463935.0, 1681285.0 ], [ -463945.0, 1681295.0 ], [ -463955.0, 1681305.0 ], [ -463955.0, 1681315.0 ], [ -463955.0, 1681325.0 ] ] } },
{ "type": "Feature", "properties": { "ardf_num": "SO062", "site": "Birch Creek", "coarseness_rank": null, "reach_head_dch_m": 182.4 }, "geometry": { "type": "LineString", "coordinates": [ [ -479295.0, 1688625.0 ], [ -479295.0, 1688635.0 ], [ -479295.0, 1688645.0 ], [ -479285.0, 1688655.0 ], [ -479285.0, 1688665.0 ], [ -479285.0, 1688675.0 ], [ -479275.0, 1688685.0 ], [ -479275.0, 1688695.0 ], [ -479265.0, 1688705.0 ], [ -479265.0, 1688715.0 ], [ -479255.0, 1688725.0 ], [ -479255.0, 1688735.0 ], [ -479245.0, 1688745.0 ], [ -479235.0, 1688755.0 ], [ -479235.0, 1688765.0 ], [ -479225.0, 1688775.0 ], [ -479215.0, 1688775.0 ], [ -479205.0, 1688785.0 ], [ -479195.0, 1688785.0 ], [ -479185.0, 1688795.0 ], [ -479175.0, 1688795.0 ], [ -479165.0, 1688795.0 ], [ -479155.0, 1688795.0 ], [ -479145.0, 1688795.0 ], [ -479135.0, 1688795.0 ], [ -479125.0, 1688795.0 ], [ -479115.0, 1688795.0 ], [ -479105.0, 1688795.0 ], [ -479095.0, 1688795.0 ], [ -479085.0, 1688785.0 ], [ -479075.0, 1688785.0 ], [ -479065.0, 1688785.0 ], [ -479055.0, 1688785.0 ], [ -479055.0, 1688795.0 ], [ -479045.0, 1688805.0 ], [ -479045.0, 1688815.0 ], [ -479045.0, 1688825.0 ], [ -479045.0, 1688835.0 ], [ -479055.0, 1688845.0 ], [ -479055.0, 1688855.0 ], [ -479055.0, 1688865.0 ], [ -479055.0, 1688875.0 ], [ -479055.0, 1688885.0 ], [ -479055.0, 1688895.0 ], [ -479055.0, 1688905.0 ], [ -479045.0, 1688915.0 ], [ -479045.0, 1688925.0 ], [ -479045.0, 1688935.0 ], [ -479035.0, 1688945.0 ], [ -479035.0, 1688955.0 ], [ -479035.0, 1688965.0 ], [ -479025.0, 1688975.0 ], [ -479025.0, 1688985.0 ], [ -479015.0, 1688995.0 ], [ -479005.0, 1689005.0 ], [ -478995.0, 1689015.0 ], [ -478985.0, 1689015.0 ], [ -478975.0, 1689005.0 ], [ -478965.0, 1689005.0 ], [ -478955.0, 1689005.0 ], [ -478945.0, 1689005.0 ], [ -478935.0, 1689005.0 ], [ -478925.0, 1689005.0 ], [ -478915.0, 1689005.0 ], [ -478905.0, 1689015.0 ], [ -478895.0, 1689015.0 ], [ -478885.0, 1689015.0 ], [ -478875.0, 1689025.0 ], [ -478865.0, 1689025.0 ], [ -478855.0, 1689025.0 ], [ -478845.0, 1689035.0 ], [ -478835.0, 1689045.0 ], [ -478825.0, 1689055.0 ], [ -478815.0, 1689065.0 ], [ -478815.0, 1689075.0 ], [ -478805.0, 1689085.0 ], [ -478805.0, 1689095.0 ], [ -478805.0, 1689105.0 ], [ -478795.0, 1689115.0 ], [ -478795.0, 1689125.0 ], [ -478795.0, 1689135.0 ], [ -478805.0, 1689145.0 ], [ -478805.0, 1689155.0 ], [ -478805.0, 1689165.0 ], [ -478805.0, 1689175.0 ], [ -478815.0, 1689185.0 ], [ -478815.0, 1689195.0 ], [ -478825.0, 1689205.0 ], [ -478825.0, 1689215.0 ], [ -478825.0, 1689225.0 ], [ -478835.0, 1689235.0 ], [ -478835.0, 1689245.0 ], [ -478845.0, 1689255.0 ], [ -478845.0, 1689265.0 ], [ -478845.0, 1689275.0 ], [ -478845.0, 1689285.0 ], [ -478835.0, 1689295.0 ], [ -478835.0, 1689305.0 ], [ -478825.0, 1689315.0 ], [ -478825.0, 1689325.0 ], [ -478815.0, 1689335.0 ], [ -478805.0, 1689345.0 ], [ -478795.0, 1689355.0 ], [ -478785.0, 1689365.0 ], [ -478775.0, 1689375.0 ], [ -478765.0, 1689375.0 ], [ -478755.0, 1689385.0 ], [ -478745.0, 1689385.0 ], [ -478735.0, 1689375.0 ], [ -478725.0, 1689365.0 ], [ -478715.0, 1689355.0 ], [ -478705.0, 1689345.0 ], [ -478695.0, 1689345.0 ], [ -478685.0, 1689345.0 ], [ -478675.0, 1689355.0 ], [ -478665.0, 1689355.0 ], [ -478655.0, 1689365.0 ], [ -478645.0, 1689365.0 ], [ -478635.0, 1689365.0 ], [ -478625.0, 1689365.0 ], [ -478615.0, 1689365.0 ], [ -478605.0, 1689375.0 ], [ -478595.0, 1689385.0 ], [ -478585.0, 1689395.0 ], [ -478575.0, 1689405.0 ], [ -478565.0, 1689405.0 ], [ -478555.0, 1689415.0 ], [ -478545.0, 1689425.0 ], [ -478535.0, 1689435.0 ], [ -478525.0, 1689445.0 ], [ -478515.0, 1689455.0 ], [ -478515.0, 1689465.0 ], [ -478515.0, 1689475.0 ], [ -478505.0, 1689485.0 ], [ -478505.0, 1689495.0 ], [ -478505.0, 1689505.0 ], [ -478505.0, 1689515.0 ], [ -478505.0, 1689525.0 ], [ -478505.0, 1689535.0 ], [ -478495.0, 1689545.0 ], [ -478485.0, 1689555.0 ], [ -478475.0, 1689555.0 ], [ -478475.0, 1689565.0 ] ] } },
{ "type": "Feature", "properties": { "ardf_num": "SO065", "site": "No Man Creek", "coarseness_rank": null, "reach_head_dch_m": 564.3 }, "geometry": { "type": "LineString", "coordinates": [ [ -478285.0, 1696775.0 ], [ -478295.0, 1696785.0 ], [ -478295.0, 1696795.0 ], [ -478305.0, 1696795.0 ], [ -478315.0, 1696805.0 ], [ -478315.0, 1696815.0 ], [ -478325.0, 1696825.0 ], [ -478335.0, 1696835.0 ], [ -478345.0, 1696845.0 ], [ -478355.0, 1696855.0 ], [ -478365.0, 1696855.0 ], [ -478375.0, 1696855.0 ], [ -478385.0, 1696865.0 ], [ -478385.0, 1696875.0 ], [ -478395.0, 1696875.0 ], [ -478405.0, 1696885.0 ], [ -478415.0, 1696885.0 ], [ -478425.0, 1696895.0 ], [ -478435.0, 1696905.0 ], [ -478445.0, 1696905.0 ], [ -478455.0, 1696905.0 ], [ -478465.0, 1696905.0 ], [ -478475.0, 1696905.0 ], [ -478485.0, 1696915.0 ], [ -478495.0, 1696915.0 ], [ -478505.0, 1696915.0 ], [ -478515.0, 1696915.0 ], [ -478525.0, 1696925.0 ], [ -478535.0, 1696925.0 ], [ -478545.0, 1696925.0 ], [ -478555.0, 1696925.0 ], [ -478565.0, 1696935.0 ], [ -478575.0, 1696935.0 ], [ -478585.0, 1696935.0 ], [ -478595.0, 1696945.0 ], [ -478605.0, 1696955.0 ], [ -478615.0, 1696965.0 ], [ -478625.0, 1696975.0 ], [ -478635.0, 1696985.0 ], [ -478645.0, 1696995.0 ], [ -478655.0, 1697005.0 ], [ -478655.0, 1697015.0 ], [ -478665.0, 1697025.0 ], [ -478665.0, 1697035.0 ], [ -478665.0, 1697045.0 ], [ -478665.0, 1697055.0 ], [ -478665.0, 1697065.0 ], [ -478675.0, 1697075.0 ], [ -478675.0, 1697085.0 ], [ -478675.0, 1697095.0 ], [ -478685.0, 1697105.0 ], [ -478685.0, 1697115.0 ], [ -478695.0, 1697125.0 ], [ -478695.0, 1697135.0 ], [ -478705.0, 1697145.0 ], [ -478705.0, 1697155.0 ], [ -478715.0, 1697165.0 ], [ -478725.0, 1697175.0 ], [ -478735.0, 1697185.0 ], [ -478745.0, 1697195.0 ], [ -478755.0, 1697205.0 ], [ -478765.0, 1697205.0 ], [ -478775.0, 1697215.0 ], [ -478785.0, 1697215.0 ], [ -478795.0, 1697215.0 ], [ -478805.0, 1697225.0 ], [ -478815.0, 1697235.0 ], [ -478825.0, 1697245.0 ], [ -478835.0, 1697255.0 ], [ -478845.0, 1697255.0 ], [ -478855.0, 1697265.0 ], [ -478865.0, 1697265.0 ], [ -478875.0, 1697265.0 ], [ -478885.0, 1697275.0 ], [ -478895.0, 1697275.0 ], [ -478905.0, 1697285.0 ], [ -478915.0, 1697295.0 ], [ -478925.0, 1697295.0 ], [ -478935.0, 1697305.0 ], [ -478945.0, 1697315.0 ], [ -478955.0, 1697315.0 ], [ -478965.0, 1697325.0 ], [ -478975.0, 1697325.0 ], [ -478985.0, 1697325.0 ], [ -478995.0, 1697325.0 ], [ -479005.0, 1697325.0 ], [ -479015.0, 1697325.0 ], [ -479025.0, 1697315.0 ], [ -479035.0, 1697315.0 ], [ -479045.0, 1697315.0 ], [ -479055.0, 1697315.0 ], [ -479065.0, 1697315.0 ], [ -479075.0, 1697315.0 ], [ -479085.0, 1697315.0 ], [ -479095.0, 1697315.0 ], [ -479105.0, 1697315.0 ], [ -479115.0, 1697315.0 ], [ -479125.0, 1697315.0 ], [ -479135.0, 1697325.0 ], [ -479145.0, 1697325.0 ], [ -479155.0, 1697335.0 ], [ -479165.0, 1697345.0 ], [ -479175.0, 1697355.0 ], [ -479185.0, 1697365.0 ], [ -479195.0, 1697365.0 ], [ -479205.0, 1697365.0 ], [ -479215.0, 1697375.0 ], [ -479225.0, 1697375.0 ], [ -479225.0, 1697385.0 ], [ -479235.0, 1697395.0 ], [ -479245.0, 1697405.0 ], [ -479245.0, 1697415.0 ], [ -479245.0, 1697425.0 ], [ -479255.0, 1697435.0 ], [ -479265.0, 1697445.0 ], [ -479265.0, 1697455.0 ], [ -479275.0, 1697465.0 ], [ -479285.0, 1697475.0 ], [ -479295.0, 1697485.0 ], [ -479305.0, 1697495.0 ], [ -479315.0, 1697505.0 ], [ -479325.0, 1697505.0 ], [ -479335.0, 1697505.0 ], [ -479345.0, 1697515.0 ], [ -479355.0, 1697515.0 ], [ -479365.0, 1697515.0 ], [ -479375.0, 1697525.0 ] ] } },
{ "type": "Feature", "properties": { "ardf_num": "SO066", "site": "Big Four Creek", "coarseness_rank": null, "reach_head_dch_m": null }, "geometry": { "type": "LineString", "coordinates": [ [ -480125.0, 1696455.0 ], [ -480115.0, 1696465.0 ], [ -480125.0, 1696475.0 ], [ -480115.0, 1696485.0 ], [ -480105.0, 1696495.0 ], [ -480095.0, 1696505.0 ], [ -480095.0, 1696515.0 ], [ -480085.0, 1696525.0 ], [ -480075.0, 1696525.0 ], [ -480065.0, 1696535.0 ], [ -480055.0, 1696545.0 ], [ -480045.0, 1696555.0 ], [ -480035.0, 1696555.0 ], [ -480025.0, 1696565.0 ], [ -480015.0, 1696575.0 ], [ -480005.0, 1696585.0 ], [ -479995.0, 1696595.0 ], [ -479985.0, 1696605.0 ], [ -479975.0, 1696595.0 ], [ -479965.0, 1696595.0 ], [ -479955.0, 1696605.0 ], [ -479945.0, 1696615.0 ], [ -479945.0, 1696625.0 ], [ -479935.0, 1696635.0 ], [ -479925.0, 1696645.0 ], [ -479915.0, 1696655.0 ], [ -479915.0, 1696665.0 ], [ -479915.0, 1696675.0 ], [ -479905.0, 1696685.0 ], [ -479905.0, 1696695.0 ], [ -479905.0, 1696705.0 ], [ -479895.0, 1696715.0 ], [ -479895.0, 1696725.0 ], [ -479895.0, 1696735.0 ], [ -479885.0, 1696745.0 ], [ -479885.0, 1696755.0 ], [ -479875.0, 1696765.0 ], [ -479875.0, 1696775.0 ], [ -479875.0, 1696785.0 ], [ -479875.0, 1696795.0 ], [ -479875.0, 1696805.0 ], [ -479865.0, 1696815.0 ], [ -479865.0, 1696825.0 ], [ -479865.0, 1696835.0 ], [ -479865.0, 1696845.0 ], [ -479865.0, 1696855.0 ], [ -479865.0, 1696865.0 ], [ -479865.0, 1696875.0 ], [ -479875.0, 1696885.0 ], [ -479865.0, 1696895.0 ], [ -479865.0, 1696905.0 ], [ -479855.0, 1696915.0 ], [ -479855.0, 1696925.0 ], [ -479855.0, 1696935.0 ], [ -479855.0, 1696945.0 ], [ -479845.0, 1696955.0 ], [ -479845.0, 1696965.0 ], [ -479845.0, 1696975.0 ], [ -479835.0, 1696985.0 ], [ -479835.0, 1696995.0 ], [ -479825.0, 1697005.0 ], [ -479825.0, 1697015.0 ], [ -479825.0, 1697025.0 ], [ -479825.0, 1697035.0 ], [ -479815.0, 1697045.0 ], [ -479815.0, 1697055.0 ], [ -479815.0, 1697065.0 ], [ -479805.0, 1697075.0 ], [ -479805.0, 1697085.0 ], [ -479805.0, 1697095.0 ], [ -479795.0, 1697105.0 ], [ -479795.0, 1697115.0 ], [ -479785.0, 1697125.0 ], [ -479785.0, 1697135.0 ], [ -479775.0, 1697145.0 ], [ -479775.0, 1697155.0 ], [ -479765.0, 1697165.0 ], [ -479755.0, 1697165.0 ], [ -479755.0, 1697175.0 ], [ -479755.0, 1697185.0 ], [ -479745.0, 1697195.0 ], [ -479735.0, 1697205.0 ], [ -479735.0, 1697215.0 ], [ -479725.0, 1697225.0 ], [ -479715.0, 1697235.0 ], [ -479715.0, 1697245.0 ], [ -479715.0, 1697255.0 ], [ -479705.0, 1697265.0 ], [ -479705.0, 1697275.0 ], [ -479695.0, 1697285.0 ], [ -479695.0, 1697295.0 ], [ -479685.0, 1697305.0 ], [ -479685.0, 1697315.0 ], [ -479685.0, 1697325.0 ], [ -479675.0, 1697335.0 ], [ -479675.0, 1697345.0 ], [ -479665.0, 1697355.0 ], [ -479665.0, 1697365.0 ], [ -479655.0, 1697375.0 ], [ -479645.0, 1697385.0 ], [ -479645.0, 1697395.0 ], [ -479635.0, 1697405.0 ], [ -479635.0, 1697415.0 ], [ -479625.0, 1697425.0 ], [ -479625.0, 1697435.0 ], [ -479615.0, 1697445.0 ], [ -479615.0, 1697455.0 ], [ -479605.0, 1697465.0 ], [ -479605.0, 1697475.0 ], [ -479605.0, 1697485.0 ], [ -479595.0, 1697495.0 ], [ -479595.0, 1697505.0 ], [ -479585.0, 1697515.0 ], [ -479585.0, 1697525.0 ] ] } },
{ "type": "Feature", "properties": { "ardf_num": "SO067", "site": "Casadepaga River", "coarseness_rank": 2.0, "reach_head_dch_m": null }, "geometry": { "type": "LineString", "coordinates": [ [ -480785.0, 1695865.0 ], [ -480785.0, 1695875.0 ], [ -480795.0, 1695885.0 ], [ -480795.0, 1695895.0 ], [ -480805.0, 1695905.0 ], [ -480815.0, 1695915.0 ], [ -480825.0, 1695925.0 ], [ -480835.0, 1695925.0 ], [ -480845.0, 1695925.0 ], [ -480855.0, 1695935.0 ], [ -480865.0, 1695945.0 ], [ -480875.0, 1695955.0 ], [ -480885.0, 1695965.0 ], [ -480895.0, 1695975.0 ], [ -480905.0, 1695985.0 ], [ -480905.0, 1695995.0 ], [ -480905.0, 1696005.0 ], [ -480915.0, 1696015.0 ], [ -480925.0, 1696025.0 ], [ -480935.0, 1696035.0 ], [ -480945.0, 1696045.0 ] ] } },
{ "type": "Feature", "properties": { "ardf_num": "SO076", "site": "Spruce Creek", "coarseness_rank": 2.0, "reach_head_dch_m": 2003.7 }, "geometry": { "type": "LineString", "coordinates": [ [ -481285.0, 1693475.0 ], [ -481295.0, 1693475.0 ], [ -481305.0, 1693485.0 ], [ -481315.0, 1693495.0 ], [ -481325.0, 1693505.0 ], [ -481325.0, 1693515.0 ], [ -481335.0, 1693525.0 ], [ -481345.0, 1693535.0 ], [ -481345.0, 1693545.0 ], [ -481355.0, 1693555.0 ], [ -481365.0, 1693565.0 ], [ -481375.0, 1693575.0 ], [ -481385.0, 1693585.0 ], [ -481385.0, 1693595.0 ], [ -481395.0, 1693605.0 ], [ -481405.0, 1693615.0 ], [ -481415.0, 1693625.0 ], [ -481425.0, 1693625.0 ], [ -481435.0, 1693635.0 ], [ -481445.0, 1693645.0 ], [ -481455.0, 1693655.0 ], [ -481465.0, 1693665.0 ], [ -481475.0, 1693675.0 ], [ -481485.0, 1693675.0 ], [ -481495.0, 1693685.0 ], [ -481505.0, 1693695.0 ], [ -481515.0, 1693705.0 ], [ -481515.0, 1693715.0 ], [ -481525.0, 1693725.0 ], [ -481535.0, 1693735.0 ], [ -481545.0, 1693735.0 ], [ -481555.0, 1693735.0 ], [ -481565.0, 1693735.0 ], [ -481575.0, 1693735.0 ], [ -481585.0, 1693735.0 ], [ -481595.0, 1693745.0 ], [ -481605.0, 1693755.0 ], [ -481615.0, 1693765.0 ], [ -481625.0, 1693775.0 ], [ -481625.0, 1693785.0 ], [ -481625.0, 1693795.0 ], [ -481635.0, 1693805.0 ], [ -481645.0, 1693815.0 ], [ -481655.0, 1693825.0 ], [ -481655.0, 1693835.0 ], [ -481665.0, 1693845.0 ], [ -481675.0, 1693855.0 ], [ -481675.0, 1693865.0 ], [ -481685.0, 1693875.0 ], [ -481695.0, 1693885.0 ], [ -481695.0, 1693895.0 ], [ -481705.0, 1693905.0 ], [ -481705.0, 1693915.0 ], [ -481705.0, 1693925.0 ], [ -481715.0, 1693935.0 ], [ -481715.0, 1693945.0 ], [ -481715.0, 1693955.0 ], [ -481725.0, 1693965.0 ], [ -481735.0, 1693975.0 ], [ -481745.0, 1693985.0 ], [ -481755.0, 1693995.0 ], [ -481755.0, 1694005.0 ], [ -481765.0, 1694015.0 ], [ -481765.0, 1694025.0 ], [ -481775.0, 1694035.0 ], [ -481775.0, 1694045.0 ], [ -481775.0, 1694055.0 ], [ -481785.0, 1694065.0 ], [ -481785.0, 1694075.0 ], [ -481795.0, 1694085.0 ], [ -481795.0, 1694095.0 ], [ -481805.0, 1694105.0 ], [ -481805.0, 1694115.0 ], [ -481815.0, 1694125.0 ], [ -481825.0, 1694135.0 ], [ -481835.0, 1694145.0 ], [ -481835.0, 1694155.0 ], [ -481845.0, 1694165.0 ], [ -481855.0, 1694175.0 ], [ -481855.0, 1694185.0 ], [ -481865.0, 1694195.0 ], [ -481875.0, 1694205.0 ], [ -481885.0, 1694215.0 ], [ -481895.0, 1694225.0 ], [ -481905.0, 1694235.0 ], [ -481915.0, 1694245.0 ], [ -481925.0, 1694255.0 ], [ -481925.0, 1694265.0 ], [ -481935.0, 1694275.0 ], [ -481945.0, 1694285.0 ], [ -481945.0, 1694295.0 ], [ -481955.0, 1694305.0 ], [ -481955.0, 1694315.0 ], [ -481965.0, 1694325.0 ], [ -481965.0, 1694335.0 ], [ -481965.0, 1694345.0 ], [ -481975.0, 1694355.0 ], [ -481975.0, 1694365.0 ], [ -481985.0, 1694375.0 ], [ -481985.0, 1694385.0 ], [ -481985.0, 1694395.0 ], [ -481995.0, 1694405.0 ], [ -481995.0, 1694415.0 ], [ -481995.0, 1694425.0 ], [ -482005.0, 1694435.0 ], [ -482005.0, 1694445.0 ], [ -482015.0, 1694455.0 ], [ -482015.0, 1694465.0 ], [ -482025.0, 1694475.0 ], [ -482025.0, 1694485.0 ], [ -482025.0, 1694495.0 ], [ -482025.0, 1694505.0 ], [ -482025.0, 1694515.0 ], [ -482035.0, 1694525.0 ], [ -482035.0, 1694535.0 ], [ -482035.0, 1694545.0 ], [ -482025.0, 1694555.0 ], [ -482015.0, 1694565.0 ], [ -482015.0, 1694575.0 ], [ -482005.0, 1694585.0 ], [ -481995.0, 1694595.0 ], [ -481995.0, 1694605.0 ] ] } },
{ "type": "Feature", "properties": { "ardf_num": "SO078", "site": "Lightning Creek", "coarseness_rank": null, "reach_head_dch_m": 282.1 }, "geometry": { "type": "LineString", "coordinates": [ [ -483145.0, 1692555.0 ], [ -483155.0, 1692565.0 ], [ -483155.0, 1692575.0 ], [ -483155.0, 1692585.0 ], [ -483155.0, 1692595.0 ], [ -483155.0, 1692605.0 ], [ -483155.0, 1692615.0 ], [ -483165.0, 1692625.0 ], [ -483175.0, 1692635.0 ], [ -483185.0, 1692645.0 ], [ -483195.0, 1692655.0 ], [ -483205.0, 1692665.0 ], [ -483205.0, 1692675.0 ], [ -483215.0, 1692685.0 ], [ -483215.0, 1692695.0 ], [ -483225.0, 1692705.0 ], [ -483235.0, 1692715.0 ], [ -483245.0, 1692725.0 ], [ -483255.0, 1692735.0 ], [ -483265.0, 1692745.0 ], [ -483265.0, 1692755.0 ], [ -483265.0, 1692765.0 ], [ -483265.0, 1692775.0 ], [ -483265.0, 1692785.0 ], [ -483265.0, 1692795.0 ], [ -483265.0, 1692805.0 ], [ -483275.0, 1692815.0 ], [ -483275.0, 1692825.0 ], [ -483275.0, 1692835.0 ], [ -483275.0, 1692845.0 ], [ -483275.0, 1692855.0 ], [ -483275.0, 1692865.0 ], [ -483275.0, 1692875.0 ], [ -483285.0, 1692885.0 ], [ -483285.0, 1692895.0 ], [ -483285.0, 1692905.0 ], [ -483285.0, 1692915.0 ], [ -483285.0, 1692925.0 ], [ -483285.0, 1692935.0 ], [ -483285.0, 1692945.0 ], [ -483285.0, 1692955.0 ], [ -483285.0, 1692965.0 ], [ -483295.0, 1692975.0 ], [ -483295.0, 1692985.0 ], [ -483295.0, 1692995.0 ], [ -483295.0, 1693005.0 ], [ -483295.0, 1693015.0 ], [ -483295.0, 1693025.0 ], [ -483295.0, 1693035.0 ], [ -483295.0, 1693045.0 ], [ -483295.0, 1693055.0 ], [ -483295.0, 1693065.0 ], [ -483295.0, 1693075.0 ], [ -483295.0, 1693085.0 ], [ -483295.0, 1693095.0 ], [ -483295.0, 1693105.0 ], [ -483295.0, 1693115.0 ], [ -483295.0, 1693125.0 ], [ -483295.0, 1693135.0 ], [ -483295.0, 1693145.0 ], [ -483295.0, 1693155.0 ], [ -483295.0, 1693165.0 ], [ -483295.0, 1693175.0 ], [ -483295.0, 1693185.0 ], [ -483305.0, 1693195.0 ], [ -483305.0, 1693205.0 ], [ -483305.0, 1693215.0 ], [ -483305.0, 1693225.0 ], [ -483295.0, 1693235.0 ], [ -483295.0, 1693245.0 ], [ -483295.0, 1693255.0 ], [ -483285.0, 1693265.0 ], [ -483285.0, 1693275.0 ], [ -483275.0, 1693285.0 ], [ -483265.0, 1693295.0 ], [ -483265.0, 1693305.0 ], [ -483255.0, 1693315.0 ], [ -483245.0, 1693325.0 ], [ -483245.0, 1693335.0 ], [ -483245.0, 1693345.0 ], [ -483235.0, 1693355.0 ], [ -483235.0, 1693365.0 ], [ -483225.0, 1693375.0 ], [ -483225.0, 1693385.0 ], [ -483215.0, 1693395.0 ], [ -483205.0, 1693405.0 ], [ -483195.0, 1693415.0 ], [ -483195.0, 1693425.0 ], [ -483185.0, 1693435.0 ], [ -483175.0, 1693445.0 ], [ -483165.0, 1693455.0 ], [ -483155.0, 1693465.0 ], [ -483145.0, 1693475.0 ], [ -483145.0, 1693485.0 ], [ -483135.0, 1693495.0 ], [ -483135.0, 1693505.0 ], [ -483125.0, 1693515.0 ], [ -483115.0, 1693525.0 ], [ -483115.0, 1693535.0 ], [ -483105.0, 1693545.0 ], [ -483105.0, 1693555.0 ], [ -483095.0, 1693565.0 ], [ -483085.0, 1693575.0 ], [ -483075.0, 1693585.0 ], [ -483075.0, 1693595.0 ], [ -483065.0, 1693605.0 ], [ -483065.0, 1693615.0 ], [ -483055.0, 1693625.0 ], [ -483055.0, 1693635.0 ], [ -483045.0, 1693645.0 ], [ -483035.0, 1693655.0 ], [ -483025.0, 1693665.0 ], [ -483025.0, 1693675.0 ], [ -483025.0, 1693685.0 ], [ -483025.0, 1693695.0 ], [ -483025.0, 1693705.0 ], [ -483025.0, 1693715.0 ], [ -483025.0, 1693725.0 ], [ -483025.0, 1693735.0 ], [ -483025.0, 1693745.0 ], [ -483015.0, 1693755.0 ], [ -483015.0, 1693765.0 ], [ -483015.0, 1693775.0 ], [ -483015.0, 1693785.0 ], [ -483015.0, 1693795.0 ], [ -483015.0, 1693805.0 ], [ -483025.0, 1693815.0 ], [ -483025.0, 1693825.0 ], [ -483035.0, 1693835.0 ], [ -483035.0, 1693845.0 ], [ -483035.0, 1693855.0 ], [ -483035.0, 1693865.0 ], [ -483035.0, 1693875.0 ], [ -483035.0, 1693885.0 ], [ -483045.0, 1693895.0 ], [ -483055.0, 1693905.0 ] ] } },
{ "type": "Feature", "properties": { "ardf_num": "SO079", "site": "Penelope Creek", "coarseness_rank": null, "reach_head_dch_m": 2460.7 }, "geometry": { "type": "LineString", "coordinates": [ [ -484435.0, 1692445.0 ], [ -484425.0, 1692455.0 ], [ -484425.0, 1692465.0 ], [ -484425.0, 1692475.0 ], [ -484425.0, 1692485.0 ], [ -484425.0, 1692495.0 ], [ -484425.0, 1692505.0 ], [ -484425.0, 1692515.0 ], [ -484425.0, 1692525.0 ], [ -484425.0, 1692535.0 ], [ -484425.0, 1692545.0 ], [ -484435.0, 1692555.0 ], [ -484435.0, 1692565.0 ], [ -484435.0, 1692575.0 ], [ -484445.0, 1692585.0 ], [ -484445.0, 1692595.0 ], [ -484445.0, 1692605.0 ], [ -484435.0, 1692615.0 ], [ -484425.0, 1692625.0 ], [ -484425.0, 1692635.0 ], [ -484415.0, 1692645.0 ], [ -484405.0, 1692655.0 ], [ -484405.0, 1692665.0 ], [ -484395.0, 1692675.0 ], [ -484385.0, 1692685.0 ], [ -484375.0, 1692695.0 ], [ -484365.0, 1692695.0 ], [ -484355.0, 1692705.0 ], [ -484345.0, 1692715.0 ], [ -484335.0, 1692725.0 ], [ -484335.0, 1692735.0 ], [ -484335.0, 1692745.0 ], [ -484335.0, 1692755.0 ], [ -484335.0, 1692765.0 ], [ -484335.0, 1692775.0 ], [ -484335.0, 1692785.0 ], [ -484335.0, 1692795.0 ], [ -484345.0, 1692805.0 ], [ -484345.0, 1692815.0 ], [ -484345.0, 1692825.0 ], [ -484345.0, 1692835.0 ], [ -484345.0, 1692845.0 ], [ -484345.0, 1692855.0 ], [ -484335.0, 1692865.0 ], [ -484335.0, 1692875.0 ], [ -484325.0, 1692885.0 ], [ -484325.0, 1692895.0 ], [ -484325.0, 1692905.0 ], [ -484325.0, 1692915.0 ], [ -484325.0, 1692925.0 ], [ -484325.0, 1692935.0 ], [ -484315.0, 1692945.0 ], [ -484315.0, 1692955.0 ], [ -484315.0, 1692965.0 ], [ -484315.0, 1692975.0 ], [ -484315.0, 1692985.0 ], [ -484315.0, 1692995.0 ], [ -484315.0, 1693005.0 ], [ -484315.0, 1693015.0 ], [ -484325.0, 1693025.0 ], [ -484325.0, 1693035.0 ], [ -484335.0, 1693045.0 ], [ -484335.0, 1693055.0 ], [ -484335.0, 1693065.0 ], [ -484335.0, 1693075.0 ], [ -484335.0, 1693085.0 ], [ -484345.0, 1693095.0 ], [ -484345.0, 1693105.0 ], [ -484345.0, 1693115.0 ], [ -484355.0, 1693125.0 ], [ -484355.0, 1693135.0 ], [ -484365.0, 1693145.0 ], [ -484365.0, 1693155.0 ], [ -484365.0, 1693165.0 ], [ -484365.0, 1693175.0 ], [ -484375.0, 1693185.0 ], [ -484375.0, 1693195.0 ], [ -484375.0, 1693205.0 ], [ -484375.0, 1693215.0 ], [ -484375.0, 1693225.0 ], [ -484375.0, 1693235.0 ], [ -484375.0, 1693245.0 ], [ -484375.0, 1693255.0 ], [ -484375.0, 1693265.0 ], [ -484375.0, 1693275.0 ], [ -484375.0, 1693285.0 ], [ -484375.0, 1693295.0 ], [ -484385.0, 1693305.0 ], [ -484385.0, 1693315.0 ], [ -484385.0, 1693325.0 ], [ -484375.0, 1693335.0 ], [ -484375.0, 1693345.0 ], [ -484375.0, 1693355.0 ], [ -484375.0, 1693365.0 ], [ -484375.0, 1693375.0 ], [ -484375.0, 1693385.0 ], [ -484385.0, 1693395.0 ], [ -484385.0, 1693405.0 ], [ -484385.0, 1693415.0 ], [ -484395.0, 1693425.0 ], [ -484395.0, 1693435.0 ], [ -484395.0, 1693445.0 ], [ -484395.0, 1693455.0 ], [ -484395.0, 1693465.0 ], [ -484405.0, 1693475.0 ], [ -484405.0, 1693485.0 ], [ -484405.0, 1693495.0 ], [ -484405.0, 1693505.0 ], [ -484405.0, 1693515.0 ], [ -484405.0, 1693525.0 ], [ -484405.0, 1693535.0 ], [ -484395.0, 1693545.0 ], [ -484395.0, 1693555.0 ], [ -484395.0, 1693565.0 ], [ -484395.0, 1693575.0 ], [ -484395.0, 1693585.0 ], [ -484395.0, 1693595.0 ], [ -484395.0, 1693605.0 ], [ -484405.0, 1693615.0 ], [ -484405.0, 1693625.0 ], [ -484405.0, 1693635.0 ], [ -484405.0, 1693645.0 ] ] } },
{ "type": "Feature", "properties": { "ardf_num": "SO082", "site": "Sunshine Creek", "coarseness_rank": null, "reach_head_dch_m": 3336.5 }, "geometry": { "type": "LineString", "coordinates": [ [ -489525.0, 1693425.0 ], [ -489515.0, 1693415.0 ], [ -489505.0, 1693415.0 ], [ -489495.0, 1693405.0 ], [ -489485.0, 1693405.0 ], [ -489475.0, 1693395.0 ], [ -489465.0, 1693385.0 ], [ -489455.0, 1693385.0 ], [ -489445.0, 1693375.0 ], [ -489435.0, 1693375.0 ], [ -489425.0, 1693365.0 ] ] } },
{ "type": "Feature", "properties": { "ardf_num": "SO083", "site": "Canyon Creek", "coarseness_rank": null, "reach_head_dch_m": 2203.3 }, "geometry": { "type": "LineString", "coordinates": [ [ -490505.0, 1693695.0 ], [ -490495.0, 1693695.0 ], [ -490485.0, 1693685.0 ], [ -490475.0, 1693685.0 ], [ -490465.0, 1693675.0 ], [ -490455.0, 1693675.0 ], [ -490445.0, 1693665.0 ], [ -490435.0, 1693665.0 ], [ -490425.0, 1693665.0 ], [ -490415.0, 1693655.0 ], [ -490405.0, 1693655.0 ], [ -490395.0, 1693655.0 ], [ -490385.0, 1693645.0 ], [ -490375.0, 1693645.0 ], [ -490365.0, 1693645.0 ], [ -490355.0, 1693635.0 ], [ -490345.0, 1693635.0 ], [ -490335.0, 1693635.0 ], [ -490325.0, 1693635.0 ], [ -490315.0, 1693625.0 ], [ -490305.0, 1693625.0 ], [ -490295.0, 1693625.0 ], [ -490285.0, 1693615.0 ], [ -490275.0, 1693615.0 ], [ -490265.0, 1693605.0 ], [ -490255.0, 1693605.0 ], [ -490245.0, 1693605.0 ], [ -490235.0, 1693595.0 ], [ -490225.0, 1693595.0 ], [ -490215.0, 1693595.0 ], [ -490205.0, 1693585.0 ], [ -490195.0, 1693585.0 ], [ -490185.0, 1693575.0 ], [ -490175.0, 1693575.0 ], [ -490165.0, 1693565.0 ], [ -490155.0, 1693565.0 ], [ -490145.0, 1693565.0 ], [ -490135.0, 1693565.0 ], [ -490125.0, 1693555.0 ], [ -490115.0, 1693555.0 ], [ -490105.0, 1693555.0 ], [ -490095.0, 1693555.0 ], [ -490085.0, 1693555.0 ], [ -490075.0, 1693555.0 ], [ -490065.0, 1693555.0 ], [ -490055.0, 1693555.0 ], [ -490045.0, 1693545.0 ], [ -490035.0, 1693545.0 ], [ -490025.0, 1693545.0 ], [ -490015.0, 1693545.0 ], [ -490005.0, 1693545.0 ], [ -489995.0, 1693555.0 ], [ -489985.0, 1693545.0 ], [ -489975.0, 1693545.0 ], [ -489965.0, 1693545.0 ], [ -489955.0, 1693555.0 ], [ -489945.0, 1693545.0 ], [ -489935.0, 1693555.0 ], [ -489925.0, 1693555.0 ], [ -489915.0, 1693545.0 ], [ -489905.0, 1693545.0 ], [ -489895.0, 1693545.0 ], [ -489885.0, 1693545.0 ], [ -489875.0, 1693535.0 ], [ -489865.0, 1693535.0 ], [ -489855.0, 1693535.0 ], [ -489845.0, 1693535.0 ], [ -489835.0, 1693535.0 ], [ -489825.0, 1693525.0 ], [ -489815.0, 1693525.0 ], [ -489805.0, 1693525.0 ], [ -489795.0, 1693525.0 ], [ -489785.0, 1693515.0 ], [ -489775.0, 1693515.0 ], [ -489765.0, 1693515.0 ], [ -489755.0, 1693505.0 ], [ -489745.0, 1693505.0 ], [ -489735.0, 1693505.0 ], [ -489725.0, 1693515.0 ], [ -489715.0, 1693515.0 ] ] } },
{ "type": "Feature", "properties": { "ardf_num": "SO085", "site": "Upper Goose Creek", "coarseness_rank": null, "reach_head_dch_m": null }, "geometry": { "type": "LineString", "coordinates": [ [ -489455.0, 1695795.0 ], [ -489445.0, 1695805.0 ], [ -489435.0, 1695815.0 ], [ -489425.0, 1695825.0 ], [ -489425.0, 1695835.0 ], [ -489415.0, 1695845.0 ], [ -489405.0, 1695855.0 ], [ -489395.0, 1695865.0 ], [ -489395.0, 1695875.0 ], [ -489385.0, 1695885.0 ], [ -489375.0, 1695895.0 ], [ -489365.0, 1695905.0 ], [ -489355.0, 1695915.0 ], [ -489345.0, 1695925.0 ], [ -489335.0, 1695935.0 ], [ -489325.0, 1695945.0 ], [ -489315.0, 1695945.0 ], [ -489305.0, 1695955.0 ], [ -489295.0, 1695965.0 ], [ -489285.0, 1695965.0 ], [ -489275.0, 1695975.0 ], [ -489265.0, 1695985.0 ], [ -489255.0, 1695995.0 ], [ -489245.0, 1695995.0 ], [ -489235.0, 1696005.0 ], [ -489225.0, 1696005.0 ], [ -489215.0, 1696015.0 ], [ -489205.0, 1696025.0 ], [ -489195.0, 1696035.0 ], [ -489185.0, 1696045.0 ], [ -489175.0, 1696055.0 ], [ -489165.0, 1696065.0 ], [ -489155.0, 1696075.0 ], [ -489145.0, 1696085.0 ], [ -489135.0, 1696085.0 ], [ -489125.0, 1696095.0 ], [ -489115.0, 1696095.0 ], [ -489105.0, 1696105.0 ], [ -489095.0, 1696105.0 ], [ -489085.0, 1696115.0 ], [ -489075.0, 1696115.0 ], [ -489065.0, 1696115.0 ], [ -489055.0, 1696115.0 ], [ -489045.0, 1696125.0 ], [ -489035.0, 1696125.0 ], [ -489025.0, 1696125.0 ], [ -489015.0, 1696125.0 ], [ -489005.0, 1696125.0 ], [ -488995.0, 1696125.0 ], [ -488985.0, 1696135.0 ], [ -488975.0, 1696135.0 ], [ -488965.0, 1696145.0 ], [ -488955.0, 1696155.0 ], [ -488945.0, 1696145.0 ], [ -488935.0, 1696135.0 ], [ -488925.0, 1696135.0 ], [ -488915.0, 1696125.0 ], [ -488915.0, 1696115.0 ], [ -488905.0, 1696105.0 ], [ -488895.0, 1696095.0 ], [ -488885.0, 1696085.0 ], [ -488875.0, 1696075.0 ], [ -488865.0, 1696065.0 ], [ -488855.0, 1696055.0 ], [ -488845.0, 1696055.0 ], [ -488835.0, 1696055.0 ], [ -488825.0, 1696045.0 ], [ -488815.0, 1696045.0 ], [ -488805.0, 1696035.0 ], [ -488795.0, 1696035.0 ], [ -488785.0, 1696025.0 ], [ -488775.0, 1696015.0 ], [ -488765.0, 1696005.0 ], [ -488755.0, 1695995.0 ], [ -488745.0, 1695995.0 ], [ -488735.0, 1695985.0 ], [ -488725.0, 1695985.0 ], [ -488715.0, 1695985.0 ], [ -488705.0, 1695975.0 ], [ -488695.0, 1695975.0 ], [ -488685.0, 1695965.0 ], [ -488675.0, 1695955.0 ], [ -488665.0, 1695945.0 ], [ -488655.0, 1695945.0 ], [ -488645.0, 1695935.0 ], [ -488635.0, 1695925.0 ], [ -488625.0, 1695925.0 ], [ -488615.0, 1695915.0 ], [ -488605.0, 1695915.0 ], [ -488595.0, 1695905.0 ], [ -488585.0, 1695905.0 ], [ -488575.0, 1695895.0 ], [ -488565.0, 1695895.0 ], [ -488555.0, 1695885.0 ], [ -488545.0, 1695885.0 ], [ -488535.0, 1695875.0 ], [ -488525.0, 1695875.0 ], [ -488515.0, 1695865.0 ], [ -488505.0, 1695865.0 ], [ -488495.0, 1695855.0 ], [ -488485.0, 1695855.0 ], [ -488475.0, 1695845.0 ], [ -488465.0, 1695845.0 ], [ -488455.0, 1695835.0 ], [ -488445.0, 1695835.0 ], [ -488435.0, 1695825.0 ], [ -488425.0, 1695815.0 ], [ -488415.0, 1695815.0 ], [ -488405.0, 1695805.0 ], [ -488395.0, 1695795.0 ], [ -488385.0, 1695795.0 ], [ -488375.0, 1695795.0 ], [ -488365.0, 1695785.0 ], [ -488355.0, 1695785.0 ], [ -488345.0, 1695785.0 ], [ -488335.0, 1695785.0 ], [ -488335.0, 1695775.0 ], [ -488325.0, 1695765.0 ], [ -488315.0, 1695755.0 ], [ -488305.0, 1695755.0 ], [ -488295.0, 1695755.0 ], [ -488285.0, 1695755.0 ], [ -488275.0, 1695755.0 ], [ -488265.0, 1695755.0 ], [ -488255.0, 1695755.0 ], [ -488245.0, 1695765.0 ], [ -488235.0, 1695775.0 ], [ -488225.0, 1695785.0 ], [ -488215.0, 1695795.0 ], [ -488205.0, 1695805.0 ], [ -488195.0, 1695805.0 ], [ -488185.0, 1695815.0 ], [ -488175.0, 1695825.0 ], [ -488165.0, 1695835.0 ], [ -488155.0, 1695845.0 ], [ -488145.0, 1695855.0 ], [ -488135.0, 1695865.0 ], [ -488135.0, 1695875.0 ], [ -488125.0, 1695885.0 ], [ -488125.0, 1695895.0 ] ] } },
{ "type": "Feature", "properties": { "ardf_num": "SO088", "site": "Allgold Creek", "coarseness_rank": null, "reach_head_dch_m": null }, "geometry": { "type": "LineString", "coordinates": [ [ -494095.0, 1695065.0 ], [ -494105.0, 1695055.0 ], [ -494115.0, 1695055.0 ], [ -494125.0, 1695055.0 ], [ -494135.0, 1695045.0 ], [ -494145.0, 1695035.0 ], [ -494155.0, 1695025.0 ], [ -494165.0, 1695015.0 ] ] } },
{ "type": "Feature", "properties": { "ardf_num": "SO089", "site": "Wilson Creek", "coarseness_rank": null, "reach_head_dch_m": null }, "geometry": { "type": "LineString", "coordinates": [ [ -496085.0, 1691665.0 ], [ -496085.0, 1691655.0 ], [ -496085.0, 1691645.0 ], [ -496085.0, 1691635.0 ], [ -496085.0, 1691625.0 ], [ -496085.0, 1691615.0 ], [ -496075.0, 1691605.0 ], [ -496065.0, 1691595.0 ], [ -496065.0, 1691585.0 ], [ -496065.0, 1691575.0 ], [ -496075.0, 1691565.0 ], [ -496075.0, 1691555.0 ], [ -496085.0, 1691545.0 ], [ -496085.0, 1691535.0 ], [ -496085.0, 1691525.0 ], [ -496085.0, 1691515.0 ], [ -496085.0, 1691505.0 ], [ -496095.0, 1691495.0 ], [ -496095.0, 1691485.0 ], [ -496095.0, 1691475.0 ], [ -496105.0, 1691465.0 ], [ -496105.0, 1691455.0 ], [ -496105.0, 1691445.0 ], [ -496105.0, 1691435.0 ], [ -496105.0, 1691425.0 ], [ -496115.0, 1691415.0 ], [ -496115.0, 1691405.0 ], [ -496125.0, 1691395.0 ], [ -496125.0, 1691385.0 ], [ -496135.0, 1691375.0 ], [ -496135.0, 1691365.0 ], [ -496145.0, 1691355.0 ], [ -496145.0, 1691345.0 ], [ -496155.0, 1691335.0 ], [ -496155.0, 1691325.0 ], [ -496155.0, 1691315.0 ], [ -496155.0, 1691305.0 ], [ -496155.0, 1691295.0 ], [ -496155.0, 1691285.0 ], [ -496155.0, 1691275.0 ], [ -496155.0, 1691265.0 ], [ -496155.0, 1691255.0 ], [ -496155.0, 1691245.0 ], [ -496155.0, 1691235.0 ], [ -496155.0, 1691225.0 ], [ -496155.0, 1691215.0 ], [ -496165.0, 1691205.0 ], [ -496165.0, 1691195.0 ], [ -496165.0, 1691185.0 ], [ -496165.0, 1691175.0 ], [ -496165.0, 1691165.0 ], [ -496165.0, 1691155.0 ], [ -496165.0, 1691145.0 ], [ -496165.0, 1691135.0 ], [ -496165.0, 1691125.0 ], [ -496165.0, 1691115.0 ], [ -496165.0, 1691105.0 ], [ -496165.0, 1691095.0 ], [ -496165.0, 1691085.0 ], [ -496165.0, 1691075.0 ], [ -496165.0, 1691065.0 ], [ -496165.0, 1691055.0 ], [ -496165.0, 1691045.0 ], [ -496165.0, 1691035.0 ], [ -496175.0, 1691025.0 ], [ -496175.0, 1691015.0 ], [ -496175.0, 1691005.0 ], [ -496175.0, 1690995.0 ], [ -496175.0, 1690985.0 ], [ -496185.0, 1690975.0 ], [ -496185.0, 1690965.0 ], [ -496195.0, 1690955.0 ], [ -496195.0, 1690945.0 ], [ -496195.0, 1690935.0 ], [ -496195.0, 1690925.0 ], [ -496195.0, 1690915.0 ], [ -496195.0, 1690905.0 ], [ -496195.0, 1690895.0 ], [ -496185.0, 1690885.0 ], [ -496185.0, 1690875.0 ], [ -496185.0, 1690865.0 ], [ -496185.0, 1690855.0 ], [ -496175.0, 1690845.0 ], [ -496175.0, 1690835.0 ], [ -496175.0, 1690825.0 ], [ -496165.0, 1690815.0 ], [ -496165.0, 1690805.0 ], [ -496165.0, 1690795.0 ], [ -496165.0, 1690785.0 ], [ -496155.0, 1690775.0 ], [ -496155.0, 1690765.0 ], [ -496145.0, 1690755.0 ], [ -496145.0, 1690745.0 ], [ -496135.0, 1690735.0 ], [ -496125.0, 1690725.0 ], [ -496125.0, 1690715.0 ], [ -496125.0, 1690705.0 ], [ -496115.0, 1690695.0 ], [ -496115.0, 1690685.0 ], [ -496115.0, 1690675.0 ], [ -496105.0, 1690665.0 ], [ -496105.0, 1690655.0 ], [ -496095.0, 1690645.0 ], [ -496085.0, 1690635.0 ], [ -496085.0, 1690625.0 ], [ -496075.0, 1690615.0 ], [ -496075.0, 1690605.0 ], [ -496065.0, 1690595.0 ], [ -496065.0, 1690585.0 ], [ -496055.0, 1690575.0 ], [ -496055.0, 1690565.0 ], [ -496045.0, 1690555.0 ], [ -496035.0, 1690545.0 ], [ -496035.0, 1690535.0 ], [ -496035.0, 1690525.0 ], [ -496025.0, 1690515.0 ], [ -496025.0, 1690505.0 ], [ -496015.0, 1690495.0 ], [ -496005.0, 1690485.0 ], [ -495995.0, 1690475.0 ], [ -495985.0, 1690465.0 ], [ -495985.0, 1690455.0 ], [ -495975.0, 1690445.0 ], [ -495975.0, 1690435.0 ], [ -495965.0, 1690425.0 ], [ -495965.0, 1690415.0 ], [ -495955.0, 1690405.0 ], [ -495955.0, 1690395.0 ], [ -495945.0, 1690385.0 ], [ -495945.0, 1690375.0 ], [ -495935.0, 1690365.0 ], [ -495925.0, 1690355.0 ], [ -495925.0, 1690345.0 ], [ -495925.0, 1690335.0 ], [ -495915.0, 1690325.0 ], [ -495905.0, 1690315.0 ], [ -495895.0, 1690305.0 ], [ -495885.0, 1690295.0 ], [ -495885.0, 1690285.0 ], [ -495885.0, 1690275.0 ], [ -495875.0, 1690265.0 ], [ -495875.0, 1690255.0 ], [ -495865.0, 1690245.0 ], [ -495855.0, 1690235.0 ], [ -495855.0, 1690225.0 ], [ -495855.0, 1690215.0 ], [ -495855.0, 1690205.0 ], [ -495855.0, 1690195.0 ], [ -495855.0, 1690185.0 ], [ -495845.0, 1690175.0 ], [ -495835.0, 1690165.0 ], [ -495835.0, 1690155.0 ], [ -495825.0, 1690145.0 ] ] } },
{ "type": "Feature", "properties": { "ardf_num": "SO090", "site": "Cahill Creek", "coarseness_rank": null, "reach_head_dch_m": null }, "geometry": { "type": "LineString", "coordinates": [ [ -494325.0, 1689785.0 ], [ -494325.0, 1689775.0 ], [ -494325.0, 1689765.0 ], [ -494335.0, 1689755.0 ], [ -494345.0, 1689745.0 ], [ -494355.0, 1689735.0 ], [ -494365.0, 1689725.0 ], [ -494375.0, 1689715.0 ], [ -494375.0, 1689705.0 ], [ -494365.0, 1689695.0 ], [ -494355.0, 1689685.0 ], [ -494345.0, 1689675.0 ], [ -494345.0, 1689665.0 ], [ -494345.0, 1689655.0 ], [ -494335.0, 1689645.0 ], [ -494325.0, 1689635.0 ], [ -494315.0, 1689625.0 ], [ -494305.0, 1689615.0 ], [ -494295.0, 1689605.0 ], [ -494285.0, 1689595.0 ], [ -494275.0, 1689585.0 ], [ -494265.0, 1689585.0 ], [ -494255.0, 1689575.0 ], [ -494245.0, 1689565.0 ], [ -494235.0, 1689565.0 ], [ -494225.0, 1689555.0 ], [ -494215.0, 1689555.0 ], [ -494205.0, 1689545.0 ], [ -494195.0, 1689535.0 ], [ -494185.0, 1689535.0 ], [ -494175.0, 1689525.0 ], [ -494165.0, 1689525.0 ], [ -494155.0, 1689525.0 ], [ -494145.0, 1689525.0 ], [ -494135.0, 1689525.0 ], [ -494125.0, 1689525.0 ], [ -494115.0, 1689515.0 ], [ -494105.0, 1689515.0 ], [ -494095.0, 1689515.0 ], [ -494085.0, 1689515.0 ], [ -494075.0, 1689515.0 ], [ -494065.0, 1689515.0 ], [ -494055.0, 1689515.0 ], [ -494045.0, 1689505.0 ], [ -494035.0, 1689515.0 ], [ -494025.0, 1689515.0 ], [ -494015.0, 1689515.0 ], [ -494005.0, 1689515.0 ], [ -493995.0, 1689525.0 ], [ -493985.0, 1689525.0 ], [ -493975.0, 1689535.0 ], [ -493965.0, 1689535.0 ], [ -493955.0, 1689535.0 ], [ -493945.0, 1689535.0 ], [ -493935.0, 1689535.0 ], [ -493925.0, 1689535.0 ], [ -493915.0, 1689535.0 ], [ -493905.0, 1689535.0 ], [ -493895.0, 1689535.0 ], [ -493885.0, 1689535.0 ], [ -493875.0, 1689535.0 ], [ -493865.0, 1689545.0 ], [ -493855.0, 1689545.0 ], [ -493845.0, 1689555.0 ], [ -493835.0, 1689555.0 ], [ -493825.0, 1689565.0 ], [ -493815.0, 1689565.0 ], [ -493805.0, 1689565.0 ], [ -493795.0, 1689565.0 ], [ -493785.0, 1689565.0 ], [ -493775.0, 1689565.0 ], [ -493765.0, 1689565.0 ], [ -493755.0, 1689555.0 ], [ -493745.0, 1689555.0 ], [ -493735.0, 1689555.0 ], [ -493725.0, 1689555.0 ], [ -493715.0, 1689555.0 ], [ -493705.0, 1689555.0 ], [ -493695.0, 1689555.0 ], [ -493685.0, 1689555.0 ], [ -493675.0, 1689555.0 ], [ -493665.0, 1689555.0 ], [ -493655.0, 1689555.0 ], [ -493645.0, 1689555.0 ], [ -493635.0, 1689565.0 ], [ -493625.0, 1689555.0 ], [ -493615.0, 1689555.0 ], [ -493605.0, 1689555.0 ], [ -493595.0, 1689545.0 ], [ -493585.0, 1689545.0 ], [ -493575.0, 1689535.0 ], [ -493565.0, 1689535.0 ], [ -493565.0, 1689525.0 ], [ -493555.0, 1689515.0 ], [ -493545.0, 1689505.0 ], [ -493535.0, 1689495.0 ], [ -493525.0, 1689485.0 ], [ -493515.0, 1689485.0 ], [ -493505.0, 1689485.0 ], [ -493495.0, 1689475.0 ], [ -493485.0, 1689475.0 ], [ -493475.0, 1689465.0 ], [ -493465.0, 1689465.0 ], [ -493455.0, 1689455.0 ], [ -493445.0, 1689455.0 ], [ -493435.0, 1689445.0 ], [ -493425.0, 1689445.0 ], [ -493415.0, 1689435.0 ], [ -493405.0, 1689425.0 ], [ -493395.0, 1689425.0 ], [ -493385.0, 1689425.0 ], [ -493375.0, 1689425.0 ], [ -493365.0, 1689425.0 ], [ -493355.0, 1689415.0 ], [ -493345.0, 1689415.0 ], [ -493335.0, 1689415.0 ], [ -493325.0, 1689415.0 ], [ -493315.0, 1689415.0 ], [ -493305.0, 1689415.0 ], [ -493295.0, 1689415.0 ], [ -493285.0, 1689415.0 ], [ -493275.0, 1689415.0 ], [ -493265.0, 1689415.0 ], [ -493255.0, 1689415.0 ], [ -493245.0, 1689415.0 ], [ -493235.0, 1689415.0 ], [ -493225.0, 1689415.0 ], [ -493215.0, 1689415.0 ], [ -493205.0, 1689415.0 ], [ -493195.0, 1689415.0 ], [ -493185.0, 1689415.0 ], [ -493175.0, 1689415.0 ], [ -493165.0, 1689415.0 ], [ -493155.0, 1689415.0 ] ] } },
{ "type": "Feature", "properties": { "ardf_num": "SO091", "site": "Lower Willow Creek", "coarseness_rank": 3.0, "reach_head_dch_m": null }, "geometry": { "type": "LineString", "coordinates": [ [ -492945.0, 1689335.0 ], [ -492935.0, 1689335.0 ], [ -492925.0, 1689325.0 ], [ -492915.0, 1689315.0 ], [ -492905.0, 1689315.0 ], [ -492895.0, 1689315.0 ], [ -492885.0, 1689305.0 ], [ -492875.0, 1689315.0 ], [ -492865.0, 1689325.0 ], [ -492855.0, 1689325.0 ], [ -492845.0, 1689325.0 ], [ -492835.0, 1689325.0 ], [ -492825.0, 1689315.0 ], [ -492815.0, 1689305.0 ], [ -492805.0, 1689305.0 ], [ -492795.0, 1689295.0 ], [ -492785.0, 1689285.0 ], [ -492775.0, 1689285.0 ], [ -492765.0, 1689275.0 ], [ -492755.0, 1689275.0 ], [ -492745.0, 1689275.0 ], [ -492735.0, 1689275.0 ], [ -492725.0, 1689275.0 ], [ -492715.0, 1689275.0 ], [ -492705.0, 1689285.0 ], [ -492695.0, 1689285.0 ], [ -492685.0, 1689285.0 ], [ -492675.0, 1689285.0 ], [ -492665.0, 1689285.0 ], [ -492655.0, 1689285.0 ], [ -492645.0, 1689285.0 ], [ -492635.0, 1689285.0 ], [ -492625.0, 1689285.0 ], [ -492615.0, 1689275.0 ], [ -492605.0, 1689275.0 ] ] } },
{ "type": "Feature", "properties": { "ardf_num": "SO092", "site": "Ridgeway Creek", "coarseness_rank": 3.0, "reach_head_dch_m": null }, "geometry": { "type": "LineString", "coordinates": [ [ -493705.0, 1687675.0 ], [ -493695.0, 1687685.0 ], [ -493685.0, 1687685.0 ], [ -493675.0, 1687695.0 ], [ -493665.0, 1687695.0 ], [ -493655.0, 1687705.0 ], [ -493645.0, 1687705.0 ], [ -493635.0, 1687715.0 ], [ -493625.0, 1687725.0 ], [ -493615.0, 1687735.0 ], [ -493615.0, 1687745.0 ], [ -493605.0, 1687755.0 ], [ -493595.0, 1687765.0 ], [ -493585.0, 1687775.0 ], [ -493575.0, 1687785.0 ], [ -493565.0, 1687795.0 ], [ -493555.0, 1687805.0 ], [ -493545.0, 1687815.0 ], [ -493535.0, 1687825.0 ], [ -493525.0, 1687835.0 ], [ -493515.0, 1687845.0 ], [ -493505.0, 1687855.0 ], [ -493495.0, 1687865.0 ], [ -493485.0, 1687865.0 ], [ -493475.0, 1687875.0 ], [ -493475.0, 1687885.0 ], [ -493465.0, 1687895.0 ], [ -493455.0, 1687905.0 ], [ -493445.0, 1687915.0 ], [ -493435.0, 1687925.0 ], [ -493425.0, 1687935.0 ], [ -493415.0, 1687945.0 ], [ -493405.0, 1687955.0 ], [ -493405.0, 1687965.0 ], [ -493395.0, 1687975.0 ], [ -493395.0, 1687985.0 ], [ -493385.0, 1687995.0 ], [ -493375.0, 1688005.0 ], [ -493365.0, 1688015.0 ], [ -493365.0, 1688025.0 ], [ -493355.0, 1688035.0 ], [ -493345.0, 1688045.0 ], [ -493335.0, 1688055.0 ], [ -493325.0, 1688065.0 ], [ -493315.0, 1688075.0 ], [ -493315.0, 1688085.0 ], [ -493305.0, 1688095.0 ], [ -493295.0, 1688105.0 ], [ -493295.0, 1688115.0 ], [ -493285.0, 1688125.0 ], [ -493285.0, 1688135.0 ], [ -493275.0, 1688145.0 ], [ -493275.0, 1688155.0 ], [ -493265.0, 1688165.0 ], [ -493255.0, 1688175.0 ], [ -493255.0, 1688185.0 ], [ -493245.0, 1688195.0 ], [ -493245.0, 1688205.0 ], [ -493245.0, 1688215.0 ], [ -493235.0, 1688225.0 ], [ -493235.0, 1688235.0 ], [ -493225.0, 1688235.0 ], [ -493215.0, 1688235.0 ], [ -493205.0, 1688235.0 ], [ -493195.0, 1688235.0 ], [ -493185.0, 1688235.0 ], [ -493175.0, 1688245.0 ], [ -493165.0, 1688245.0 ], [ -493155.0, 1688255.0 ], [ -493145.0, 1688265.0 ], [ -493135.0, 1688265.0 ], [ -493125.0, 1688275.0 ], [ -493115.0, 1688285.0 ], [ -493105.0, 1688285.0 ], [ -493095.0, 1688295.0 ], [ -493085.0, 1688305.0 ], [ -493075.0, 1688305.0 ], [ -493065.0, 1688305.0 ], [ -493055.0, 1688305.0 ], [ -493045.0, 1688315.0 ], [ -493035.0, 1688315.0 ], [ -493025.0, 1688325.0 ], [ -493015.0, 1688335.0 ], [ -493005.0, 1688345.0 ], [ -492995.0, 1688355.0 ], [ -492985.0, 1688355.0 ], [ -492975.0, 1688365.0 ], [ -492965.0, 1688365.0 ], [ -492955.0, 1688365.0 ], [ -492945.0, 1688375.0 ], [ -492935.0, 1688375.0 ], [ -492925.0, 1688385.0 ], [ -492915.0, 1688395.0 ], [ -492905.0, 1688405.0 ], [ -492895.0, 1688415.0 ], [ -492885.0, 1688415.0 ], [ -492875.0, 1688425.0 ], [ -492865.0, 1688435.0 ], [ -492855.0, 1688445.0 ], [ -492845.0, 1688455.0 ], [ -492835.0, 1688465.0 ], [ -492825.0, 1688475.0 ], [ -492815.0, 1688475.0 ], [ -492805.0, 1688485.0 ], [ -492795.0, 1688485.0 ], [ -492785.0, 1688495.0 ], [ -492775.0, 1688495.0 ], [ -492765.0, 1688505.0 ], [ -492755.0, 1688515.0 ], [ -492745.0, 1688525.0 ], [ -492735.0, 1688535.0 ], [ -492725.0, 1688545.0 ], [ -492715.0, 1688555.0 ], [ -492705.0, 1688565.0 ], [ -492695.0, 1688575.0 ], [ -492685.0, 1688585.0 ], [ -492685.0, 1688595.0 ], [ -492675.0, 1688605.0 ], [ -492665.0, 1688615.0 ], [ -492655.0, 1688625.0 ], [ -492645.0, 1688635.0 ], [ -492635.0, 1688635.0 ], [ -492625.0, 1688645.0 ], [ -492615.0, 1688655.0 ], [ -492605.0, 1688665.0 ], [ -492595.0, 1688675.0 ], [ -492585.0, 1688685.0 ], [ -492575.0, 1688695.0 ], [ -492565.0, 1688695.0 ], [ -492555.0, 1688705.0 ], [ -492545.0, 1688715.0 ], [ -492535.0, 1688725.0 ], [ -492525.0, 1688735.0 ], [ -492515.0, 1688745.0 ], [ -492515.0, 1688755.0 ], [ -492505.0, 1688765.0 ], [ -492495.0, 1688775.0 ], [ -492495.0, 1688785.0 ], [ -492485.0, 1688795.0 ], [ -492485.0, 1688805.0 ], [ -492485.0, 1688815.0 ], [ -492475.0, 1688825.0 ], [ -492475.0, 1688835.0 ], [ -492475.0, 1688845.0 ], [ -492475.0, 1688855.0 ], [ -492465.0, 1688865.0 ], [ -492465.0, 1688875.0 ], [ -492465.0, 1688885.0 ], [ -492455.0, 1688895.0 ], [ -492455.0, 1688905.0 ], [ -492445.0, 1688915.0 ], [ -492445.0, 1688925.0 ], [ -492435.0, 1688935.0 ], [ -492435.0, 1688945.0 ], [ -492425.0, 1688955.0 ], [ -492425.0, 1688965.0 ], [ -492415.0, 1688975.0 ], [ -492405.0, 1688985.0 ], [ -492405.0, 1688995.0 ], [ -492405.0, 1689005.0 ], [ -492405.0, 1689015.0 ], [ -492395.0, 1689025.0 ], [ -492395.0, 1689035.0 ], [ -492385.0, 1689045.0 ] ] } },
{ "type": "Feature", "properties": { "ardf_num": "SO094", "site": "Banner Creek", "coarseness_rank": 2.0, "reach_head_dch_m": 359.7 }, "geometry": { "type": "LineString", "coordinates": [ [ -487075.0, 1688725.0 ], [ -487085.0, 1688725.0 ], [ -487095.0, 1688735.0 ], [ -487105.0, 1688745.0 ], [ -487115.0, 1688755.0 ], [ -487125.0, 1688765.0 ], [ -487135.0, 1688775.0 ], [ -487145.0, 1688785.0 ], [ -487155.0, 1688785.0 ], [ -487165.0, 1688795.0 ], [ -487165.0, 1688805.0 ], [ -487175.0, 1688815.0 ], [ -487185.0, 1688825.0 ], [ -487195.0, 1688835.0 ], [ -487205.0, 1688845.0 ], [ -487215.0, 1688855.0 ], [ -487225.0, 1688855.0 ], [ -487235.0, 1688865.0 ], [ -487245.0, 1688875.0 ], [ -487255.0, 1688875.0 ], [ -487265.0, 1688875.0 ], [ -487275.0, 1688885.0 ], [ -487285.0, 1688885.0 ], [ -487295.0, 1688895.0 ], [ -487305.0, 1688895.0 ], [ -487315.0, 1688905.0 ], [ -487325.0, 1688915.0 ], [ -487335.0, 1688915.0 ], [ -487345.0, 1688925.0 ], [ -487355.0, 1688925.0 ], [ -487365.0, 1688935.0 ], [ -487375.0, 1688945.0 ], [ -487385.0, 1688955.0 ], [ -487385.0, 1688965.0 ], [ -487395.0, 1688975.0 ], [ -487405.0, 1688975.0 ], [ -487415.0, 1688975.0 ], [ -487425.0, 1688985.0 ], [ -487435.0, 1688985.0 ], [ -487445.0, 1688985.0 ], [ -487455.0, 1688985.0 ], [ -487465.0, 1688995.0 ], [ -487475.0, 1688995.0 ], [ -487485.0, 1688995.0 ], [ -487495.0, 1688995.0 ], [ -487505.0, 1689005.0 ], [ -487515.0, 1689005.0 ], [ -487525.0, 1689015.0 ], [ -487535.0, 1689025.0 ], [ -487545.0, 1689025.0 ], [ -487555.0, 1689035.0 ], [ -487565.0, 1689035.0 ], [ -487575.0, 1689035.0 ], [ -487585.0, 1689035.0 ], [ -487595.0, 1689035.0 ], [ -487605.0, 1689035.0 ], [ -487615.0, 1689045.0 ], [ -487625.0, 1689045.0 ], [ -487635.0, 1689055.0 ], [ -487645.0, 1689065.0 ], [ -487655.0, 1689075.0 ], [ -487665.0, 1689075.0 ], [ -487675.0, 1689085.0 ], [ -487685.0, 1689085.0 ], [ -487695.0, 1689095.0 ], [ -487705.0, 1689095.0 ], [ -487715.0, 1689105.0 ], [ -487725.0, 1689115.0 ], [ -487735.0, 1689125.0 ], [ -487735.0, 1689135.0 ], [ -487745.0, 1689145.0 ], [ -487745.0, 1689155.0 ], [ -487755.0, 1689165.0 ], [ -487765.0, 1689175.0 ], [ -487765.0, 1689185.0 ], [ -487775.0, 1689195.0 ], [ -487785.0, 1689205.0 ], [ -487785.0, 1689215.0 ], [ -487795.0, 1689225.0 ], [ -487805.0, 1689235.0 ], [ -487815.0, 1689235.0 ], [ -487825.0, 1689245.0 ], [ -487835.0, 1689245.0 ], [ -487845.0, 1689245.0 ], [ -487855.0, 1689255.0 ], [ -487865.0, 1689265.0 ], [ -487875.0, 1689265.0 ], [ -487885.0, 1689275.0 ], [ -487895.0, 1689275.0 ], [ -487905.0, 1689275.0 ], [ -487915.0, 1689285.0 ], [ -487925.0, 1689285.0 ], [ -487935.0, 1689295.0 ], [ -487945.0, 1689295.0 ], [ -487955.0, 1689305.0 ], [ -487965.0, 1689305.0 ], [ -487975.0, 1689305.0 ], [ -487985.0, 1689315.0 ], [ -487995.0, 1689315.0 ], [ -488005.0, 1689325.0 ], [ -488015.0, 1689325.0 ], [ -488025.0, 1689325.0 ], [ -488035.0, 1689335.0 ], [ -488045.0, 1689335.0 ], [ -488055.0, 1689335.0 ], [ -488065.0, 1689345.0 ], [ -488075.0, 1689345.0 ], [ -488085.0, 1689355.0 ], [ -488095.0, 1689365.0 ], [ -488105.0, 1689365.0 ], [ -488115.0, 1689365.0 ], [ -488125.0, 1689375.0 ], [ -488135.0, 1689375.0 ], [ -488145.0, 1689385.0 ], [ -488155.0, 1689395.0 ], [ -488165.0, 1689395.0 ], [ -488175.0, 1689405.0 ], [ -488185.0, 1689405.0 ], [ -488195.0, 1689415.0 ], [ -488205.0, 1689415.0 ], [ -488215.0, 1689415.0 ], [ -488225.0, 1689415.0 ], [ -488235.0, 1689415.0 ], [ -488245.0, 1689415.0 ], [ -488255.0, 1689415.0 ], [ -488265.0, 1689415.0 ], [ -488275.0, 1689415.0 ], [ -488285.0, 1689405.0 ], [ -488295.0, 1689415.0 ], [ -488305.0, 1689415.0 ], [ -488315.0, 1689425.0 ], [ -488315.0, 1689435.0 ], [ -488325.0, 1689435.0 ], [ -488335.0, 1689445.0 ], [ -488345.0, 1689445.0 ], [ -488355.0, 1689455.0 ] ] } },
{ "type": "Feature", "properties": { "ardf_num": "SO095", "site": "Upper Banner Creek", "coarseness_rank": 2.0, "reach_head_dch_m": 110.7 }, "geometry": { "type": "LineString", "coordinates": [ [ -486895.0, 1688615.0 ], [ -486905.0, 1688615.0 ], [ -486915.0, 1688615.0 ], [ -486925.0, 1688625.0 ], [ -486935.0, 1688625.0 ], [ -486945.0, 1688625.0 ], [ -486955.0, 1688635.0 ], [ -486965.0, 1688635.0 ], [ -486975.0, 1688635.0 ], [ -486985.0, 1688635.0 ], [ -486995.0, 1688645.0 ], [ -487005.0, 1688655.0 ], [ -487015.0, 1688655.0 ], [ -487025.0, 1688655.0 ], [ -487035.0, 1688655.0 ], [ -487045.0, 1688665.0 ], [ -487055.0, 1688675.0 ], [ -487055.0, 1688685.0 ] ] } },
{ "type": "Feature", "properties": { "ardf_num": "SO096", "site": "Ruby Creek", "coarseness_rank": 3.0, "reach_head_dch_m": 3339.1 }, "geometry": { "type": "LineString", "coordinates": [ [ -488195.0, 1686525.0 ], [ -488195.0, 1686535.0 ], [ -488205.0, 1686545.0 ], [ -488215.0, 1686555.0 ], [ -488215.0, 1686565.0 ], [ -488225.0, 1686575.0 ], [ -488225.0, 1686585.0 ], [ -488235.0, 1686595.0 ], [ -488245.0, 1686605.0 ], [ -488245.0, 1686615.0 ], [ -488255.0, 1686625.0 ], [ -488265.0, 1686635.0 ], [ -488265.0, 1686645.0 ], [ -488275.0, 1686655.0 ], [ -488285.0, 1686665.0 ], [ -488295.0, 1686675.0 ], [ -488305.0, 1686685.0 ], [ -488315.0, 1686695.0 ], [ -488325.0, 1686705.0 ], [ -488335.0, 1686715.0 ], [ -488345.0, 1686725.0 ], [ -488355.0, 1686735.0 ], [ -488365.0, 1686745.0 ], [ -488375.0, 1686745.0 ], [ -488385.0, 1686755.0 ], [ -488395.0, 1686765.0 ], [ -488405.0, 1686775.0 ], [ -488415.0, 1686785.0 ], [ -488425.0, 1686795.0 ], [ -488435.0, 1686805.0 ], [ -488445.0, 1686815.0 ], [ -488455.0, 1686825.0 ], [ -488455.0, 1686835.0 ], [ -488465.0, 1686845.0 ], [ -488475.0, 1686855.0 ], [ -488475.0, 1686865.0 ], [ -488485.0, 1686875.0 ], [ -488495.0, 1686885.0 ], [ -488505.0, 1686895.0 ], [ -488515.0, 1686895.0 ], [ -488525.0, 1686905.0 ], [ -488535.0, 1686915.0 ], [ -488545.0, 1686925.0 ], [ -488555.0, 1686935.0 ], [ -488565.0, 1686935.0 ], [ -488575.0, 1686945.0 ], [ -488585.0, 1686955.0 ], [ -488595.0, 1686965.0 ], [ -488605.0, 1686975.0 ], [ -488615.0, 1686985.0 ], [ -488625.0, 1686985.0 ], [ -488635.0, 1686995.0 ], [ -488645.0, 1687005.0 ], [ -488655.0, 1687015.0 ], [ -488665.0, 1687025.0 ], [ -488675.0, 1687025.0 ], [ -488685.0, 1687035.0 ], [ -488695.0, 1687045.0 ], [ -488705.0, 1687055.0 ], [ -488715.0, 1687055.0 ], [ -488725.0, 1687065.0 ], [ -488735.0, 1687075.0 ], [ -488745.0, 1687075.0 ], [ -488755.0, 1687085.0 ], [ -488765.0, 1687095.0 ], [ -488765.0, 1687105.0 ], [ -488775.0, 1687115.0 ], [ -488775.0, 1687125.0 ], [ -488785.0, 1687135.0 ], [ -488795.0, 1687145.0 ], [ -488795.0, 1687155.0 ], [ -488805.0, 1687165.0 ], [ -488805.0, 1687175.0 ], [ -488815.0, 1687185.0 ], [ -488825.0, 1687195.0 ], [ -488825.0, 1687205.0 ], [ -488835.0, 1687215.0 ], [ -488845.0, 1687225.0 ], [ -488855.0, 1687235.0 ], [ -488855.0, 1687245.0 ], [ -488865.0, 1687255.0 ], [ -488875.0, 1687265.0 ], [ -488885.0, 1687275.0 ] ] } },
{ "type": "Feature", "properties": { "ardf_num": "SO097", "site": "Nugget Gulch", "coarseness_rank": null, "reach_head_dch_m": null }, "geometry": { "type": "LineString", "coordinates": [ [ -486765.0, 1682195.0 ], [ -486765.0, 1682205.0 ], [ -486765.0, 1682215.0 ], [ -486765.0, 1682225.0 ], [ -486765.0, 1682235.0 ], [ -486765.0, 1682245.0 ], [ -486765.0, 1682255.0 ], [ -486765.0, 1682265.0 ], [ -486765.0, 1682275.0 ], [ -486765.0, 1682285.0 ], [ -486775.0, 1682295.0 ], [ -486775.0, 1682305.0 ], [ -486775.0, 1682315.0 ], [ -486775.0, 1682325.0 ], [ -486775.0, 1682335.0 ], [ -486775.0, 1682345.0 ], [ -486775.0, 1682355.0 ], [ -486775.0, 1682365.0 ], [ -486775.0, 1682375.0 ], [ -486785.0, 1682385.0 ], [ -486785.0, 1682395.0 ], [ -486795.0, 1682405.0 ], [ -486795.0, 1682415.0 ], [ -486795.0, 1682425.0 ], [ -486805.0, 1682435.0 ], [ -486815.0, 1682445.0 ], [ -486815.0, 1682455.0 ], [ -486825.0, 1682465.0 ], [ -486825.0, 1682475.0 ], [ -486835.0, 1682485.0 ], [ -486845.0, 1682495.0 ], [ -486845.0, 1682505.0 ], [ -486855.0, 1682515.0 ], [ -486855.0, 1682525.0 ], [ -486855.0, 1682535.0 ], [ -486855.0, 1682545.0 ], [ -486855.0, 1682555.0 ], [ -486855.0, 1682565.0 ], [ -486865.0, 1682575.0 ], [ -486875.0, 1682585.0 ], [ -486875.0, 1682595.0 ], [ -486875.0, 1682605.0 ], [ -486875.0, 1682615.0 ], [ -486875.0, 1682625.0 ], [ -486885.0, 1682635.0 ], [ -486885.0, 1682645.0 ], [ -486885.0, 1682655.0 ], [ -486895.0, 1682665.0 ], [ -486895.0, 1682675.0 ], [ -486895.0, 1682685.0 ], [ -486895.0, 1682695.0 ], [ -486905.0, 1682705.0 ], [ -486915.0, 1682715.0 ], [ -486915.0, 1682725.0 ], [ -486915.0, 1682735.0 ], [ -486925.0, 1682745.0 ], [ -486935.0, 1682755.0 ], [ -486935.0, 1682765.0 ], [ -486935.0, 1682775.0 ], [ -486945.0, 1682785.0 ], [ -486945.0, 1682795.0 ], [ -486955.0, 1682805.0 ], [ -486965.0, 1682815.0 ], [ -486965.0, 1682825.0 ], [ -486975.0, 1682835.0 ], [ -486985.0, 1682845.0 ], [ -486985.0, 1682855.0 ], [ -486985.0, 1682865.0 ], [ -486985.0, 1682875.0 ], [ -486985.0, 1682885.0 ], [ -486995.0, 1682895.0 ], [ -487005.0, 1682905.0 ], [ -487015.0, 1682915.0 ], [ -487025.0, 1682925.0 ], [ -487035.0, 1682935.0 ], [ -487035.0, 1682945.0 ], [ -487035.0, 1682955.0 ], [ -487035.0, 1682965.0 ], [ -487035.0, 1682975.0 ], [ -487045.0, 1682985.0 ], [ -487045.0, 1682995.0 ], [ -487045.0, 1683005.0 ], [ -487045.0, 1683015.0 ], [ -487055.0, 1683025.0 ], [ -487065.0, 1683035.0 ], [ -487075.0, 1683045.0 ], [ -487085.0, 1683045.0 ], [ -487095.0, 1683055.0 ], [ -487105.0, 1683065.0 ], [ -487105.0, 1683075.0 ], [ -487115.0, 1683085.0 ], [ -487115.0, 1683095.0 ], [ -487115.0, 1683105.0 ], [ -487115.0, 1683115.0 ], [ -487115.0, 1683125.0 ], [ -487125.0, 1683135.0 ], [ -487135.0, 1683145.0 ], [ -487145.0, 1683155.0 ], [ -487145.0, 1683165.0 ], [ -487155.0, 1683175.0 ], [ -487165.0, 1683185.0 ], [ -487165.0, 1683195.0 ], [ -487175.0, 1683205.0 ], [ -487185.0, 1683215.0 ], [ -487185.0, 1683225.0 ], [ -487195.0, 1683225.0 ], [ -487205.0, 1683235.0 ], [ -487215.0, 1683245.0 ], [ -487215.0, 1683255.0 ], [ -487225.0, 1683265.0 ], [ -487225.0, 1683275.0 ], [ -487235.0, 1683285.0 ], [ -487245.0, 1683295.0 ], [ -487255.0, 1683305.0 ], [ -487265.0, 1683315.0 ], [ -487265.0, 1683325.0 ], [ -487275.0, 1683335.0 ], [ -487275.0, 1683345.0 ], [ -487285.0, 1683355.0 ], [ -487285.0, 1683365.0 ], [ -487295.0, 1683375.0 ], [ -487305.0, 1683385.0 ], [ -487305.0, 1683395.0 ], [ -487315.0, 1683405.0 ], [ -487315.0, 1683415.0 ], [ -487325.0, 1683425.0 ], [ -487335.0, 1683435.0 ], [ -487345.0, 1683445.0 ], [ -487345.0, 1683455.0 ], [ -487355.0, 1683465.0 ], [ -487355.0, 1683475.0 ], [ -487355.0, 1683485.0 ], [ -487365.0, 1683495.0 ], [ -487365.0, 1683505.0 ], [ -487375.0, 1683515.0 ], [ -487385.0, 1683525.0 ], [ -487395.0, 1683535.0 ], [ -487395.0, 1683545.0 ], [ -487395.0, 1683555.0 ], [ -487405.0, 1683565.0 ], [ -487415.0, 1683575.0 ], [ -487415.0, 1683585.0 ], [ -487415.0, 1683595.0 ], [ -487425.0, 1683605.0 ], [ -487425.0, 1683615.0 ], [ -487425.0, 1683625.0 ], [ -487435.0, 1683635.0 ] ] } },
{ "type": "Feature", "properties": { "ardf_num": "SO098", "site": "Casadepaga River", "coarseness_rank": null, "reach_head_dch_m": null }, "geometry": { "type": "LineString", "coordinates": [ [ -489735.0, 1686265.0 ], [ -489735.0, 1686275.0 ], [ -489745.0, 1686285.0 ], [ -489745.0, 1686295.0 ], [ -489755.0, 1686305.0 ], [ -489755.0, 1686315.0 ], [ -489765.0, 1686325.0 ], [ -489775.0, 1686335.0 ], [ -489775.0, 1686345.0 ], [ -489785.0, 1686355.0 ], [ -489785.0, 1686365.0 ], [ -489785.0, 1686375.0 ], [ -489785.0, 1686385.0 ], [ -489795.0, 1686395.0 ], [ -489805.0, 1686405.0 ], [ -489805.0, 1686415.0 ], [ -489805.0, 1686425.0 ], [ -489805.0, 1686435.0 ], [ -489805.0, 1686445.0 ], [ -489805.0, 1686455.0 ], [ -489805.0, 1686465.0 ], [ -489805.0, 1686475.0 ], [ -489795.0, 1686475.0 ], [ -489785.0, 1686475.0 ], [ -489775.0, 1686465.0 ], [ -489765.0, 1686465.0 ], [ -489755.0, 1686465.0 ], [ -489745.0, 1686465.0 ], [ -489735.0, 1686475.0 ], [ -489725.0, 1686475.0 ], [ -489715.0, 1686485.0 ], [ -489705.0, 1686485.0 ], [ -489705.0, 1686495.0 ], [ -489695.0, 1686505.0 ], [ -489685.0, 1686515.0 ], [ -489675.0, 1686525.0 ], [ -489665.0, 1686535.0 ], [ -489655.0, 1686545.0 ], [ -489645.0, 1686545.0 ], [ -489635.0, 1686555.0 ], [ -489625.0, 1686565.0 ], [ -489615.0, 1686565.0 ], [ -489605.0, 1686575.0 ], [ -489595.0, 1686585.0 ], [ -489595.0, 1686595.0 ], [ -489595.0, 1686605.0 ], [ -489595.0, 1686615.0 ], [ -489585.0, 1686625.0 ], [ -489575.0, 1686625.0 ], [ -489575.0, 1686635.0 ], [ -489575.0, 1686645.0 ], [ -489575.0, 1686655.0 ], [ -489565.0, 1686665.0 ], [ -489565.0, 1686675.0 ], [ -489565.0, 1686685.0 ], [ -489555.0, 1686695.0 ], [ -489545.0, 1686695.0 ], [ -489545.0, 1686705.0 ], [ -489535.0, 1686715.0 ], [ -489535.0, 1686725.0 ], [ -489525.0, 1686735.0 ], [ -489525.0, 1686745.0 ], [ -489525.0, 1686755.0 ], [ -489515.0, 1686765.0 ], [ -489515.0, 1686775.0 ], [ -489515.0, 1686785.0 ], [ -489505.0, 1686795.0 ], [ -489505.0, 1686805.0 ], [ -489495.0, 1686815.0 ], [ -489495.0, 1686825.0 ], [ -489495.0, 1686835.0 ], [ -489485.0, 1686845.0 ], [ -489485.0, 1686855.0 ], [ -489475.0, 1686855.0 ], [ -489475.0, 1686865.0 ], [ -489465.0, 1686875.0 ], [ -489455.0, 1686885.0 ], [ -489445.0, 1686895.0 ], [ -489445.0, 1686905.0 ], [ -489435.0, 1686915.0 ], [ -489435.0, 1686925.0 ], [ -489435.0, 1686935.0 ], [ -489435.0, 1686945.0 ], [ -489435.0, 1686955.0 ], [ -489425.0, 1686965.0 ], [ -489425.0, 1686975.0 ], [ -489415.0, 1686985.0 ], [ -489415.0, 1686995.0 ], [ -489415.0, 1687005.0 ], [ -489415.0, 1687015.0 ], [ -489415.0, 1687025.0 ], [ -489415.0, 1687035.0 ], [ -489415.0, 1687045.0 ], [ -489415.0, 1687055.0 ], [ -489415.0, 1687065.0 ], [ -489415.0, 1687075.0 ], [ -489415.0, 1687085.0 ], [ -489415.0, 1687095.0 ], [ -489415.0, 1687105.0 ], [ -489415.0, 1687115.0 ], [ -489415.0, 1687125.0 ], [ -489425.0, 1687135.0 ], [ -489425.0, 1687145.0 ], [ -489425.0, 1687155.0 ], [ -489425.0, 1687165.0 ], [ -489425.0, 1687175.0 ], [ -489425.0, 1687185.0 ], [ -489425.0, 1687195.0 ], [ -489435.0, 1687205.0 ], [ -489445.0, 1687215.0 ], [ -489445.0, 1687225.0 ], [ -489445.0, 1687235.0 ], [ -489445.0, 1687245.0 ], [ -489445.0, 1687255.0 ], [ -489445.0, 1687265.0 ], [ -489455.0, 1687275.0 ], [ -489455.0, 1687285.0 ], [ -489445.0, 1687295.0 ], [ -489445.0, 1687305.0 ], [ -489445.0, 1687315.0 ], [ -489435.0, 1687325.0 ], [ -489425.0, 1687335.0 ], [ -489425.0, 1687345.0 ], [ -489425.0, 1687355.0 ], [ -489415.0, 1687365.0 ] ] } },
{ "type": "Feature", "properties": { "ardf_num": "SO099", "site": "Moonlight Creek", "coarseness_rank": null, "reach_head_dch_m": 1299.8 }, "geometry": { "type": "LineString", "coordinates": [ [ -495605.0, 1684945.0 ], [ -495615.0, 1684955.0 ], [ -495625.0, 1684965.0 ], [ -495625.0, 1684975.0 ], [ -495635.0, 1684985.0 ], [ -495635.0, 1684995.0 ], [ -495645.0, 1685005.0 ], [ -495645.0, 1685015.0 ], [ -495645.0, 1685025.0 ], [ -495645.0, 1685035.0 ], [ -495645.0, 1685045.0 ], [ -495655.0, 1685055.0 ], [ -495655.0, 1685065.0 ], [ -495655.0, 1685075.0 ], [ -495655.0, 1685085.0 ], [ -495655.0, 1685095.0 ], [ -495655.0, 1685105.0 ], [ -495655.0, 1685115.0 ], [ -495655.0, 1685125.0 ], [ -495655.0, 1685135.0 ], [ -495655.0, 1685145.0 ], [ -495655.0, 1685155.0 ], [ -495645.0, 1685165.0 ], [ -495635.0, 1685175.0 ], [ -495635.0, 1685185.0 ], [ -495625.0, 1685195.0 ], [ -495615.0, 1685205.0 ], [ -495605.0, 1685205.0 ], [ -495605.0, 1685215.0 ], [ -495595.0, 1685225.0 ], [ -495585.0, 1685235.0 ], [ -495575.0, 1685235.0 ], [ -495575.0, 1685245.0 ], [ -495565.0, 1685255.0 ], [ -495555.0, 1685255.0 ], [ -495545.0, 1685265.0 ], [ -495535.0, 1685265.0 ], [ -495525.0, 1685275.0 ], [ -495515.0, 1685275.0 ], [ -495505.0, 1685275.0 ], [ -495495.0, 1685285.0 ], [ -495485.0, 1685285.0 ], [ -495475.0, 1685285.0 ], [ -495465.0, 1685295.0 ], [ -495455.0, 1685285.0 ], [ -495445.0, 1685285.0 ], [ -495435.0, 1685295.0 ], [ -495425.0, 1685285.0 ], [ -495415.0, 1685285.0 ], [ -495405.0, 1685295.0 ], [ -495395.0, 1685285.0 ], [ -495385.0, 1685285.0 ], [ -495375.0, 1685285.0 ], [ -495365.0, 1685285.0 ], [ -495355.0, 1685275.0 ], [ -495345.0, 1685275.0 ], [ -495335.0, 1685275.0 ], [ -495325.0, 1685275.0 ], [ -495315.0, 1685275.0 ], [ -495305.0, 1685275.0 ], [ -495295.0, 1685275.0 ], [ -495285.0, 1685275.0 ], [ -495275.0, 1685275.0 ], [ -495265.0, 1685275.0 ], [ -495255.0, 1685275.0 ], [ -495245.0, 1685275.0 ], [ -495235.0, 1685275.0 ], [ -495225.0, 1685275.0 ], [ -495215.0, 1685275.0 ], [ -495205.0, 1685275.0 ], [ -495195.0, 1685275.0 ], [ -495185.0, 1685275.0 ], [ -495175.0, 1685275.0 ], [ -495165.0, 1685275.0 ], [ -495155.0, 1685265.0 ], [ -495145.0, 1685265.0 ], [ -495135.0, 1685265.0 ], [ -495125.0, 1685265.0 ], [ -495115.0, 1685265.0 ], [ -495105.0, 1685275.0 ], [ -495095.0, 1685275.0 ], [ -495085.0, 1685275.0 ], [ -495075.0, 1685285.0 ], [ -495065.0, 1685285.0 ], [ -495055.0, 1685285.0 ], [ -495045.0, 1685285.0 ], [ -495035.0, 1685295.0 ], [ -495025.0, 1685295.0 ], [ -495015.0, 1685305.0 ], [ -495005.0, 1685305.0 ], [ -494995.0, 1685315.0 ], [ -494985.0, 1685315.0 ], [ -494975.0, 1685325.0 ], [ -494965.0, 1685325.0 ], [ -494955.0, 1685335.0 ], [ -494945.0, 1685345.0 ], [ -494935.0, 1685355.0 ] ] } },
{ "type": "Feature", "properties": { "ardf_num": "SO137", "site": "Solomon River", "coarseness_rank": null, "reach_head_dch_m": 1306.7 }, "geometry": { "type": "LineString", "coordinates": [ [ -489385.0, 1680145.0 ], [ -489395.0, 1680135.0 ], [ -489395.0, 1680125.0 ], [ -489395.0, 1680115.0 ], [ -489405.0, 1680105.0 ], [ -489405.0, 1680095.0 ], [ -489415.0, 1680085.0 ], [ -489425.0, 1680075.0 ], [ -489425.0, 1680065.0 ], [ -489435.0, 1680055.0 ], [ -489445.0, 1680045.0 ], [ -489445.0, 1680035.0 ], [ -489455.0, 1680025.0 ], [ -489465.0, 1680015.0 ], [ -489475.0, 1680005.0 ], [ -489475.0, 1679995.0 ], [ -489485.0, 1679985.0 ], [ -489495.0, 1679975.0 ], [ -489505.0, 1679965.0 ], [ -489505.0, 1679955.0 ], [ -489515.0, 1679945.0 ], [ -489525.0, 1679935.0 ], [ -489535.0, 1679925.0 ], [ -489545.0, 1679915.0 ], [ -489555.0, 1679905.0 ], [ -489565.0, 1679905.0 ], [ -489575.0, 1679895.0 ], [ -489585.0, 1679885.0 ], [ -489595.0, 1679875.0 ], [ -489605.0, 1679865.0 ] ] } },
{ "type": "Feature", "properties": { "ardf_num": "SO142", "site": "Dutch Creek", "coarseness_rank": null, "reach_head_dch_m": null }, "geometry": { "type": "LineString", "coordinates": [ [ -453175.0, 1701075.0 ], [ -453175.0, 1701085.0 ], [ -453175.0, 1701095.0 ], [ -453175.0, 1701105.0 ], [ -453175.0, 1701115.0 ], [ -453175.0, 1701125.0 ] ] } },
{ "type": "Feature", "properties": { "ardf_num": "SO169", "site": "Puzzle Creek (Gulch)", "coarseness_rank": 3.0, "reach_head_dch_m": 2910.8 }, "geometry": { "type": "LineString", "coordinates": [ [ -497755.0, 1670915.0 ], [ -497755.0, 1670905.0 ], [ -497745.0, 1670895.0 ], [ -497735.0, 1670885.0 ], [ -497735.0, 1670875.0 ], [ -497725.0, 1670865.0 ], [ -497715.0, 1670855.0 ], [ -497705.0, 1670845.0 ], [ -497705.0, 1670835.0 ], [ -497705.0, 1670825.0 ], [ -497695.0, 1670815.0 ], [ -497685.0, 1670805.0 ], [ -497675.0, 1670795.0 ], [ -497665.0, 1670785.0 ], [ -497655.0, 1670785.0 ], [ -497645.0, 1670775.0 ], [ -497645.0, 1670765.0 ], [ -497635.0, 1670755.0 ], [ -497625.0, 1670745.0 ], [ -497625.0, 1670735.0 ], [ -497615.0, 1670725.0 ], [ -497605.0, 1670715.0 ], [ -497595.0, 1670715.0 ], [ -497585.0, 1670715.0 ], [ -497575.0, 1670715.0 ], [ -497565.0, 1670715.0 ], [ -497555.0, 1670705.0 ], [ -497545.0, 1670705.0 ], [ -497535.0, 1670705.0 ], [ -497535.0, 1670695.0 ], [ -497525.0, 1670685.0 ], [ -497515.0, 1670675.0 ], [ -497505.0, 1670665.0 ], [ -497495.0, 1670655.0 ], [ -497485.0, 1670645.0 ], [ -497475.0, 1670635.0 ], [ -497465.0, 1670635.0 ], [ -497455.0, 1670635.0 ], [ -497445.0, 1670635.0 ], [ -497435.0, 1670635.0 ], [ -497425.0, 1670625.0 ], [ -497415.0, 1670625.0 ], [ -497405.0, 1670625.0 ], [ -497395.0, 1670625.0 ], [ -497385.0, 1670625.0 ], [ -497375.0, 1670635.0 ], [ -497365.0, 1670635.0 ], [ -497355.0, 1670635.0 ], [ -497345.0, 1670645.0 ], [ -497335.0, 1670645.0 ], [ -497325.0, 1670645.0 ], [ -497315.0, 1670645.0 ], [ -497305.0, 1670645.0 ], [ -497295.0, 1670645.0 ], [ -497285.0, 1670635.0 ], [ -497275.0, 1670635.0 ], [ -497265.0, 1670635.0 ], [ -497255.0, 1670635.0 ], [ -497245.0, 1670645.0 ], [ -497235.0, 1670645.0 ], [ -497225.0, 1670645.0 ], [ -497215.0, 1670645.0 ], [ -497205.0, 1670645.0 ], [ -497195.0, 1670645.0 ], [ -497185.0, 1670645.0 ], [ -497175.0, 1670645.0 ], [ -497165.0, 1670645.0 ], [ -497155.0, 1670645.0 ], [ -497145.0, 1670655.0 ], [ -497135.0, 1670665.0 ], [ -497125.0, 1670675.0 ], [ -497115.0, 1670685.0 ], [ -497105.0, 1670695.0 ], [ -497095.0, 1670695.0 ], [ -497085.0, 1670705.0 ], [ -497075.0, 1670705.0 ], [ -497075.0, 1670715.0 ], [ -497065.0, 1670725.0 ] ] } },
{ "type": "Feature", "properties": { "ardf_num": "SO170", "site": "Problem Creek (Gulch)", "coarseness_rank": null, "reach_head_dch_m": null }, "geometry": { "type": "LineString", "coordinates": [ [ -498935.0, 1670895.0 ], [ -498925.0, 1670885.0 ], [ -498915.0, 1670885.0 ], [ -498905.0, 1670875.0 ], [ -498895.0, 1670865.0 ], [ -498885.0, 1670865.0 ], [ -498875.0, 1670855.0 ], [ -498865.0, 1670845.0 ], [ -498855.0, 1670835.0 ], [ -498845.0, 1670825.0 ], [ -498835.0, 1670815.0 ], [ -498825.0, 1670805.0 ], [ -498815.0, 1670795.0 ], [ -498805.0, 1670785.0 ], [ -498795.0, 1670775.0 ], [ -498785.0, 1670765.0 ], [ -498775.0, 1670755.0 ], [ -498765.0, 1670745.0 ], [ -498755.0, 1670745.0 ], [ -498745.0, 1670745.0 ], [ -498735.0, 1670735.0 ], [ -498725.0, 1670735.0 ], [ -498715.0, 1670735.0 ], [ -498705.0, 1670735.0 ], [ -498695.0, 1670745.0 ], [ -498685.0, 1670745.0 ], [ -498675.0, 1670745.0 ], [ -498665.0, 1670745.0 ], [ -498655.0, 1670745.0 ], [ -498645.0, 1670735.0 ], [ -498635.0, 1670725.0 ], [ -498625.0, 1670715.0 ], [ -498615.0, 1670715.0 ], [ -498605.0, 1670715.0 ], [ -498595.0, 1670705.0 ], [ -498585.0, 1670705.0 ], [ -498575.0, 1670695.0 ], [ -498565.0, 1670685.0 ], [ -498555.0, 1670675.0 ], [ -498545.0, 1670665.0 ], [ -498535.0, 1670665.0 ], [ -498525.0, 1670655.0 ], [ -498515.0, 1670655.0 ], [ -498505.0, 1670655.0 ], [ -498495.0, 1670655.0 ], [ -498485.0, 1670665.0 ], [ -498475.0, 1670665.0 ], [ -498465.0, 1670665.0 ], [ -498455.0, 1670665.0 ], [ -498445.0, 1670665.0 ], [ -498435.0, 1670665.0 ], [ -498425.0, 1670665.0 ], [ -498415.0, 1670665.0 ], [ -498405.0, 1670665.0 ], [ -498395.0, 1670665.0 ], [ -498385.0, 1670665.0 ], [ -498375.0, 1670675.0 ], [ -498365.0, 1670675.0 ], [ -498355.0, 1670675.0 ], [ -498345.0, 1670675.0 ], [ -498335.0, 1670675.0 ], [ -498325.0, 1670685.0 ], [ -498315.0, 1670685.0 ], [ -498305.0, 1670685.0 ], [ -498295.0, 1670695.0 ], [ -498285.0, 1670695.0 ], [ -498275.0, 1670695.0 ], [ -498265.0, 1670705.0 ], [ -498255.0, 1670705.0 ], [ -498245.0, 1670715.0 ], [ -498235.0, 1670715.0 ], [ -498225.0, 1670725.0 ], [ -498215.0, 1670725.0 ], [ -498205.0, 1670735.0 ], [ -498195.0, 1670745.0 ], [ -498185.0, 1670745.0 ], [ -498175.0, 1670745.0 ], [ -498165.0, 1670745.0 ], [ -498155.0, 1670755.0 ], [ -498145.0, 1670755.0 ], [ -498135.0, 1670765.0 ], [ -498125.0, 1670775.0 ], [ -498115.0, 1670785.0 ], [ -498105.0, 1670795.0 ], [ -498095.0, 1670795.0 ], [ -498085.0, 1670805.0 ], [ -498075.0, 1670815.0 ], [ -498065.0, 1670815.0 ], [ -498055.0, 1670825.0 ], [ -498045.0, 1670825.0 ], [ -498035.0, 1670825.0 ], [ -498025.0, 1670835.0 ], [ -498015.0, 1670835.0 ], [ -498005.0, 1670845.0 ], [ -498005.0, 1670855.0 ], [ -497995.0, 1670865.0 ], [ -497985.0, 1670875.0 ], [ -497975.0, 1670885.0 ], [ -497975.0, 1670895.0 ], [ -497965.0, 1670905.0 ], [ -497955.0, 1670915.0 ], [ -497945.0, 1670925.0 ], [ -497935.0, 1670935.0 ], [ -497925.0, 1670945.0 ] ] } },
{ "type": "Feature", "properties": { "ardf_num": "SO171", "site": "Lion Creek", "coarseness_rank": null, "reach_head_dch_m": 644.3 }, "geometry": { "type": "LineString", "coordinates": [ [ -485695.0, 1667295.0 ], [ -485705.0, 1667305.0 ], [ -485715.0, 1667305.0 ], [ -485725.0, 1667315.0 ], [ -485735.0, 1667315.0 ], [ -485745.0, 1667325.0 ], [ -485745.0, 1667335.0 ], [ -485745.0, 1667345.0 ], [ -485755.0, 1667355.0 ], [ -485755.0, 1667365.0 ], [ -485755.0, 1667375.0 ], [ -485755.0, 1667385.0 ], [ -485755.0, 1667395.0 ], [ -485755.0, 1667405.0 ], [ -485755.0, 1667415.0 ], [ -485755.0, 1667425.0 ], [ -485755.0, 1667435.0 ], [ -485765.0, 1667445.0 ], [ -485765.0, 1667455.0 ], [ -485765.0, 1667465.0 ], [ -485765.0, 1667475.0 ], [ -485775.0, 1667485.0 ], [ -485785.0, 1667495.0 ], [ -485795.0, 1667505.0 ], [ -485795.0, 1667515.0 ], [ -485795.0, 1667525.0 ], [ -485795.0, 1667535.0 ], [ -485795.0, 1667545.0 ], [ -485795.0, 1667555.0 ], [ -485805.0, 1667565.0 ], [ -485815.0, 1667575.0 ], [ -485815.0, 1667585.0 ], [ -485825.0, 1667595.0 ], [ -485825.0, 1667605.0 ], [ -485835.0, 1667615.0 ], [ -485835.0, 1667625.0 ], [ -485845.0, 1667635.0 ], [ -485845.0, 1667645.0 ], [ -485855.0, 1667655.0 ], [ -485855.0, 1667665.0 ], [ -485865.0, 1667675.0 ], [ -485865.0, 1667685.0 ], [ -485865.0, 1667695.0 ], [ -485875.0, 1667705.0 ], [ -485885.0, 1667715.0 ], [ -485885.0, 1667725.0 ], [ -485885.0, 1667735.0 ], [ -485895.0, 1667745.0 ], [ -485905.0, 1667755.0 ], [ -485905.0, 1667765.0 ], [ -485905.0, 1667775.0 ], [ -485905.0, 1667785.0 ], [ -485915.0, 1667795.0 ], [ -485915.0, 1667805.0 ], [ -485915.0, 1667815.0 ], [ -485905.0, 1667825.0 ], [ -485905.0, 1667835.0 ], [ -485895.0, 1667845.0 ], [ -485895.0, 1667855.0 ], [ -485885.0, 1667865.0 ], [ -485885.0, 1667875.0 ], [ -485885.0, 1667885.0 ], [ -485885.0, 1667895.0 ], [ -485885.0, 1667905.0 ], [ -485885.0, 1667915.0 ], [ -485885.0, 1667925.0 ], [ -485885.0, 1667935.0 ], [ -485885.0, 1667945.0 ], [ -485885.0, 1667955.0 ], [ -485885.0, 1667965.0 ], [ -485885.0, 1667975.0 ], [ -485885.0, 1667985.0 ], [ -485885.0, 1667995.0 ], [ -485875.0, 1668005.0 ], [ -485865.0, 1668015.0 ], [ -485855.0, 1668025.0 ], [ -485845.0, 1668035.0 ], [ -485845.0, 1668045.0 ], [ -485845.0, 1668055.0 ], [ -485835.0, 1668065.0 ], [ -485825.0, 1668075.0 ], [ -485815.0, 1668085.0 ], [ -485805.0, 1668095.0 ], [ -485795.0, 1668105.0 ], [ -485785.0, 1668115.0 ], [ -485775.0, 1668125.0 ], [ -485765.0, 1668135.0 ], [ -485765.0, 1668145.0 ], [ -485755.0, 1668155.0 ], [ -485745.0, 1668165.0 ], [ -485735.0, 1668165.0 ], [ -485725.0, 1668165.0 ], [ -485715.0, 1668165.0 ], [ -485705.0, 1668165.0 ], [ -485695.0, 1668165.0 ], [ -485685.0, 1668165.0 ], [ -485675.0, 1668165.0 ], [ -485665.0, 1668165.0 ], [ -485655.0, 1668165.0 ], [ -485645.0, 1668165.0 ], [ -485635.0, 1668165.0 ], [ -485625.0, 1668165.0 ], [ -485615.0, 1668165.0 ], [ -485605.0, 1668165.0 ], [ -485595.0, 1668175.0 ], [ -485585.0, 1668175.0 ], [ -485575.0, 1668165.0 ], [ -485565.0, 1668165.0 ], [ -485555.0, 1668175.0 ], [ -485545.0, 1668185.0 ], [ -485535.0, 1668195.0 ], [ -485535.0, 1668205.0 ], [ -485525.0, 1668215.0 ], [ -485525.0, 1668225.0 ], [ -485515.0, 1668235.0 ], [ -485505.0, 1668235.0 ], [ -485495.0, 1668245.0 ], [ -485485.0, 1668245.0 ], [ -485475.0, 1668245.0 ], [ -485465.0, 1668245.0 ], [ -485455.0, 1668245.0 ], [ -485445.0, 1668245.0 ], [ -485435.0, 1668255.0 ], [ -485425.0, 1668255.0 ], [ -485415.0, 1668255.0 ], [ -485405.0, 1668265.0 ], [ -485395.0, 1668275.0 ], [ -485385.0, 1668285.0 ], [ -485375.0, 1668295.0 ], [ -485365.0, 1668305.0 ], [ -485355.0, 1668315.0 ], [ -485345.0, 1668325.0 ], [ -485335.0, 1668335.0 ], [ -485325.0, 1668345.0 ], [ -485315.0, 1668345.0 ], [ -485305.0, 1668355.0 ], [ -485295.0, 1668355.0 ], [ -485285.0, 1668355.0 ], [ -485275.0, 1668365.0 ], [ -485275.0, 1668375.0 ], [ -485275.0, 1668385.0 ], [ -485275.0, 1668395.0 ], [ -485275.0, 1668405.0 ], [ -485285.0, 1668415.0 ], [ -485295.0, 1668425.0 ], [ -485305.0, 1668435.0 ], [ -485315.0, 1668445.0 ], [ -485315.0, 1668455.0 ], [ -485305.0, 1668465.0 ], [ -485305.0, 1668475.0 ], [ -485305.0, 1668485.0 ], [ -485305.0, 1668495.0 ], [ -485305.0, 1668505.0 ], [ -485315.0, 1668515.0 ], [ -485325.0, 1668525.0 ], [ -485335.0, 1668535.0 ], [ -485345.0, 1668545.0 ], [ -485355.0, 1668555.0 ], [ -485365.0, 1668565.0 ], [ -485375.0, 1668575.0 ], [ -485385.0, 1668585.0 ], [ -485385.0, 1668595.0 ], [ -485395.0, 1668605.0 ] ] } }
]
}
