{
"type": "FeatureCollection",
"name": "peninsula_ardf_placer_lode_3338",
"crs": { "type": "name", "properties": { "name": "urn:ogc:def:crs:EPSG::3338" } },
"features": [
{ "type": "Feature", "properties": { "ardf_num": "BN001", "mrds_num": "A012766", "site": "Idaho Creek", "quad_250": "BN", "quad_63360": "A-6", "comm_main": "Au", "comm_other": null, "site_type": "Mine", "status": "Inactive", "dep_model": "Placer Au-PGE (Cox and Singer, 1986; model 39a)", "model_code": "39a", "production": "None", "geol_desc": "Gold colors are reported from an 18-foot deep test pit in stream gravels. The test pit, dug in 1899, did not reach bedrock and its digging was hampered by the presence of large rock fragments (Brooks and others, 1901).  Sainsbury and others (1969) show 1,", "latitude": 65.240260079494817, "longitude": -164.74765652529234, "deposit_class": "placer" }, "geometry": { "type": "Point", "coordinates": [ -500500.734224778600037, 1738424.305113322800025 ] } },
{ "type": "Feature", "properties": { "ardf_num": "BN002", "mrds_num": "A012740", "site": "Camp Creek", "quad_250": "BN", "quad_63360": "B-6", "comm_main": "Au", "comm_other": null, "site_type": "Mine", "status": "Inactive", "dep_model": "Placer Au-PGE (Cox and Singer, 1986; model 39a)", "model_code": "39a", "production": "Yes; small", "geol_desc": "A small area of mining at the intersection of Camp Creek with Coffee Creek was mapped by Sainsbury and others (1969).  The Camp Creek/Coffee Creek area is underlain by low grade, Lower Paleozoic metasedimentary rocks (Till and others, 1986).", "latitude": 65.30126184061038, "longitude": -164.75866092119296, "deposit_class": "placer" }, "geometry": { "type": "Point", "coordinates": [ -499912.220479036914185, 1745216.328893531812355 ] } },
{ "type": "Feature", "properties": { "ardf_num": "BN003", "mrds_num": "A012738", "site": "Coffee Creek", "quad_250": "BN", "quad_63360": "B-6", "comm_main": "Au", "comm_other": "Hg", "site_type": "Mine", "status": "Inactive", "dep_model": "Placer Au-PGE (Cox and Singer, 1986; model 39a)", "model_code": "39a", "production": "Yes; small", "geol_desc": "Up to 25 feet of muck covered, gold-bearing stream gravels were initially mined in 1901 here (Collier, 1902).  The lower part of the mined drainage is cut into alluvial terrace gravels, the Kougarok gravel, (Hopkins, 1963) but most of the mined drainage i", "latitude": 65.312262784895083, "longitude": -164.70166170053028, "deposit_class": "placer" }, "geometry": { "type": "Point", "coordinates": [ -497090.033453782380093, 1745998.379145183600485 ] } },
{ "type": "Feature", "properties": { "ardf_num": "BN004", "mrds_num": "A012739", "site": "Coffee Creek (the upper portion)", "quad_250": "BN", "quad_63360": "B-6", "comm_main": "Au", "comm_other": null, "site_type": "Mine", "status": "Inactive", "dep_model": "Placer Au-PGE (Cox and Singer; model 39a)", "model_code": "39a", "production": "Yes; small", "geol_desc": "This small area of placer workings is primarily known from the mapping of Sainsbury and others (1969).  Early references to a residual gold placer near the head of Coffee Creek  (Collier and others, 1908; Cobb, 1975, OFR 75-429) are for the Wonder Gulch t", "latitude": 65.301261363602805, "longitude": -164.80566098188939, "deposit_class": "placer" }, "geometry": { "type": "Point", "coordinates": [ -502076.871199332817923, 1745570.837515049148351 ] } },
{ "type": "Feature", "properties": { "ardf_num": "BN006", "mrds_num": "A012743", "site": "Dahl Creek", "quad_250": "BN", "quad_63360": "B-6", "comm_main": "Au", "comm_other": null, "site_type": "Mine", "status": "Inactive", "dep_model": "Placer Au-PGE (Cox and Singer, 1986;  model 39a)", "model_code": "39a", "production": "Yes; small", "geol_desc": "The lower 10,000 feet of Dahl Creek has been placer mined for gold.  This mining, starting as early as 1901, has been by various open-cut methods but dozer and sluice operations took place as recently as 1967 (Sainsbury and others, 1969).  Some of  the go", "latitude": 65.359263976307375, "longitude": -164.72466508871767, "deposit_class": "placer" }, "geometry": { "type": "Point", "coordinates": [ -497307.160131552256644, 1751339.813679178245366 ] } },
{ "type": "Feature", "properties": { "ardf_num": "BN008", "mrds_num": "A012742", "site": "Quartz Creek", "quad_250": "BN", "quad_63360": "B-6", "comm_main": "Au", "comm_other": "W", "site_type": "Mine", "status": "Inactive", "dep_model": "Placer Au-PGE (Cox and Singer, 1986; model 39a)", "model_code": "39a", "production": "Yes; small", "geol_desc": "This part of Quartz Creek drains across schist in the upper part and Pliocene-Pleistocene Kougarok gravel  in the lower part (Hopkins, 1963; Sainsbury and others, 1969; Till and others, 1986).  Gold was discovered here in 1999 or 1900 (Brooks and others,", "latitude": 65.360264156413706, "longitude": -164.70666524194539, "deposit_class": "placer" }, "geometry": { "type": "Point", "coordinates": [ -496461.861008031759411, 1751315.134435393149033 ] } },
{ "type": "Feature", "properties": { "ardf_num": "BN009", "mrds_num": "A012736", "site": "Joe Creek", "quad_250": "BN", "quad_63360": "B-5", "comm_main": "Au", "comm_other": null, "site_type": "Mine", "status": "Inactive", "dep_model": "Placer Au-PGE (Cox and Singer, 1986; model 39a)", "model_code": "39a", "production": "Yes; small", "geol_desc": "Some placer gold mining is reported to have taken place near the mouth of Joe Creek before 1906 (Collier and others, 1908).  Bedrock is locally exposed in the area, primarily on the crest of nearby uplands and along lower Atlas Creek 3,000 feet to the wes", "latitude": 65.370264232919212, "longitude": -164.73466583008025, "deposit_class": "placer" }, "geometry": { "type": "Point", "coordinates": [ -497569.600569567875937, 1752624.422567570116371 ] } },
{ "type": "Feature", "properties": { "ardf_num": "BN010", "mrds_num": "D002564", "site": "Atlas Creek", "quad_250": "BN", "quad_63360": "B-6", "comm_main": "Au", "comm_other": null, "site_type": "Mine", "status": "Inactive", "dep_model": "Placer Au-PGE (Cox and Singer, 1986; model 39a)", "model_code": "39a", "production": "Yes; small", "geol_desc": "The lower 2,000 feet of Atlas Creek is shown to have been placer mined for gold by Sainsbury and others (1969).  Bedrock is locally exposed in the area, primarily on the crest of nearby uplands and along lower Atlas Creek (Sainsbury and other,1969).  Bedr", "latitude": 65.369264047147098, "longitude": -164.75466565175111, "deposit_class": "placer" }, "geometry": { "type": "Point", "coordinates": [ -498506.483346615394112, 1752664.422161777736619 ] } },
{ "type": "Feature", "properties": { "ardf_num": "BN011", "mrds_num": "A012744", "site": "Windy Creek; Anderson Gulch", "quad_250": "BN", "quad_63360": "B-6", "comm_main": "Au", "comm_other": null, "site_type": "Mine", "status": "Inactive", "dep_model": "Placer Au-PGE (Cox and Singer, 1986; model 39a)", "model_code": "39a", "production": "Yes; small", "geol_desc": "Gold was reported here as early as 1902 (Collier, 1902) and placer mining took place by 1906 (Collier and others, 1908).  Mining was along the lower part of Anderson Gulch and a bench along the north side of the Windy Creek valley.  Gold was present in 2", "latitude": 65.446266612861237, "longitude": -164.77767170448971, "deposit_class": "placer" }, "geometry": { "type": "Point", "coordinates": [ -498177.339810446603224, 1761303.606126129161566 ] } },
{ "type": "Feature", "properties": { "ardf_num": "BN012", "mrds_num": "A012737", "site": "Neva Creek", "quad_250": "BN", "quad_63360": "B-6", "comm_main": "Au", "comm_other": null, "site_type": "Mine", "status": "Inactive", "dep_model": "Placer Au-PGE (Cox and Singer, 1986; model 39a)", "model_code": "39a", "production": "Yes; small", "geol_desc": "Shallow gravels, presumably on bedrock, were mined early in the century (Collier, 1902).  Placer gold mining appears to have been mined on the lower part of the creek near Kougarok River. Bedrock in the area is extensively tundra-covered and is not expose", "latitude": 65.461268401204478, "longitude": -164.68867315937996, "deposit_class": "placer" }, "geometry": { "type": "Point", "coordinates": [ -493831.462744231685065, 1762288.363120606867597 ] } },
{ "type": "Feature", "properties": { "ardf_num": "BN013", "mrds_num": "A012734", "site": "Garfield Creek", "quad_250": "BN", "quad_63360": "B-6", "comm_main": "Au", "comm_other": null, "site_type": "Mine", "status": "Inactive", "dep_model": "Placer Au-PGE (Cox and Singer, 1986; model 39a)", "model_code": "39a", "production": "Yes; small", "geol_desc": "Placer mining took place early in the century on a shallow , 2 foot-thick paystreak that rests on a white clay false bedrock (Collier and others, 1908).  Initial mining produced $25,000 (about 1,400 ounces) in 1900-1901.  Sainsbury and others (1969) repor", "latitude": 65.459270330561296, "longitude": -164.5076724091748, "deposit_class": "placer" }, "geometry": { "type": "Point", "coordinates": [ -485574.557958176010288, 1760733.936209728242829 ] } },
{ "type": "Feature", "properties": { "ardf_num": "BN014", "mrds_num": "A012735", "site": "Kougarok River (lower)", "quad_250": "BN", "quad_63360": "C-6", "comm_main": "Au", "comm_other": null, "site_type": "Mine", "status": "Inactive", "dep_model": "Placer Au-PGE (Cox and Singer, 1986; model 39a)", "model_code": "39a", "production": "Yes; small", "geol_desc": "At least 3,000 feet of the Kougarok River has been placer mined for gold here.  This mining was probably by dredge and/or dragline.  Information about the nature of the paystreak or production is not available.  Bedrock in nearby uplands is part of an Ord", "latitude": 65.504269711068957, "longitude": -164.71467666622934, "deposit_class": "placer" }, "geometry": { "type": "Point", "coordinates": [ -494252.935383510892279, 1767209.944485943764448 ] } },
{ "type": "Feature", "properties": { "ardf_num": "BN015", "mrds_num": "A012692", "site": "Boulder Creek", "quad_250": "BN", "quad_63360": "C-5", "comm_main": "Au", "comm_other": null, "site_type": "Mine", "status": "Inactive", "dep_model": "Placer Au-PGE (Cox and Singer, 1986; model 39a)", "model_code": "39a", "production": "Yes; small", "geol_desc": "Gold was discovered on Boulder Creek in 1901 and initial mining encountered 2.5 feet of muck and 4 to 5 feet of unfrozen gold-bearing gravel over frozen gravel (Collier and others, 1908).  Some gold was coarse and rounded;  a 2-ounce nugget was recovered.", "latitude": 65.53827586884249, "longitude": -164.32567722148698, "deposit_class": "placer" }, "geometry": { "type": "Point", "coordinates": [ -475869.952555446652696, 1768109.189616826828569 ] } },
{ "type": "Feature", "properties": { "ardf_num": "BN016", "mrds_num": "A012693", "site": "Winona Creek", "quad_250": "BN", "quad_63360": "C-5", "comm_main": "Au", "comm_other": null, "site_type": "Mine", "status": "Inactive", "dep_model": "Placer Au-PGE (Cox and Singer, 1986; model 39a)", "model_code": "39a", "production": "Yes; small", "geol_desc": "Gold was discovered soon after the turn of the century on tributaries to the Noxapaga River including Winona Creek (Collier and others,  1908) and mining took place here after WW II (Hopkins, 1963).   Frozen, stratified peat and silt (muck), 20 to 30 feet", "latitude": 65.519276699256551, "longitude": -164.25267457234543, "deposit_class": "placer" }, "geometry": { "type": "Point", "coordinates": [ -472857.830072600685526, 1765496.83689004345797 ] } },
{ "type": "Feature", "properties": { "ardf_num": "BN017", "mrds_num": "A012691", "site": "Grouse Creek", "quad_250": "BN", "quad_63360": "C-5", "comm_main": "Au", "comm_other": null, "site_type": "Mine", "status": "Inactive", "dep_model": "Placer Au-PGE (Cox and Singer, 1986; model 39a)", "model_code": "39a", "production": "Yes; small", "geol_desc": "Gold was discovered soon after the turn of the century on tributaries to the Noxapaga River including Grouse Creek (Collier and others, 1908), and mining took place here after WW II (Hopkins, 1963).   Frozen, stratified peat and silt (muck), 20 to 30 feet", "latitude": 65.51927723642207, "longitude": -164.22267424398007, "deposit_class": "placer" }, "geometry": { "type": "Point", "coordinates": [ -471485.154334954218939, 1765283.598693093750626 ] } },
{ "type": "Feature", "properties": { "ardf_num": "BN018", "mrds_num": "A012689", "site": "Black Gulch", "quad_250": "BN", "quad_63360": "C-5", "comm_main": "Au", "comm_other": null, "site_type": "Mine", "status": "Inactive", "dep_model": "Placer Au-PGE (Cox and Singer, 1986; model 39a)", "model_code": "39a", "production": "Yes; small", "geol_desc": "Gold was discovered soon after the turn of the century on tributaries to the Noxapaga River including Black Gulch (Collier and others,  1908) and mining took place here after WW II (Hopkins, 1963; Cobb, 1975, OFR 75-429).   Frozen, stratified peat and sil", "latitude": 65.521277613257851, "longitude": -164.20467424895767, "deposit_class": "placer" }, "geometry": { "type": "Point", "coordinates": [ -470627.413830858713482, 1765376.113005858613178 ] } },
{ "type": "Feature", "properties": { "ardf_num": "BN019", "mrds_num": "A012690", "site": "Buzzard Creek (Gulch)", "quad_250": "BN", "quad_63360": "C-5", "comm_main": "Au", "comm_other": null, "site_type": "Mine", "status": "Inactive", "dep_model": "Placer Au-PGE (Cox and Singer, 1986; model 39a)", "model_code": "39a", "production": "Yes; small", "geol_desc": "Gold was discovered soon after the turn of the century on tributaries to the Noxapaga River including Buzzard Creek (Collier and others,  1908) and mining took place here after WW II (Hopkins, 1963; Cobb, 1975, OFR 75-429).   Frozen, stratified peat and s", "latitude": 65.519277952642781, "longitude": -164.18267380615961, "deposit_class": "placer" }, "geometry": { "type": "Point", "coordinates": [ -469654.770483038621023, 1765000.245726825902238 ] } },
{ "type": "Feature", "properties": { "ardf_num": "BN020", "mrds_num": "A012687", "site": "Goose Creek", "quad_250": "BN", "quad_63360": "C-5", "comm_main": "Au", "comm_other": null, "site_type": "Mine", "status": "Inactive", "dep_model": "Placer Au-PGE (Cox and Singer, 1986; model 39a)", "model_code": "39a", "production": "Yes; small", "geol_desc": "Gold was reportedly discovered on Goose Creek in 1900 (Brooks, 1901) and mining soon followed (Collier, 1902).  Mining also took place here before and after WW II (Smith, 1941; Hopkins, 1963).   Frozen, stratified peat and silt (muck), 20 to 30 feet-thick", "latitude": 65.549279643547479, "longitude": -164.13267630217752, "deposit_class": "placer" }, "geometry": { "type": "Point", "coordinates": [ -466858.813261906325351, 1767950.459067829884589 ] } },
{ "type": "Feature", "properties": { "ardf_num": "BN021", "mrds_num": "A012688", "site": "Noxapaga River", "quad_250": "BN", "quad_63360": "C-5", "comm_main": "Au", "comm_other": null, "site_type": "Occurrence", "status": "Inactive", "dep_model": "Placer Au-PGE (Cox and Singer, 1986; model 39a)", "model_code": "39a", "production": "No", "geol_desc": "Hopkins (1963) states that a small patch of Kougarok gravel (Pliocene-Pleistocene) has been prospected and found to be sparsely auriferous here.  Although Kougarok gravel has been shown to carry small amounts of gold elsewhere (Sainsbury and others, 1969;", "latitude": 65.5492799876166, "longitude": -164.11267610229115, "deposit_class": "placer" }, "geometry": { "type": "Point", "coordinates": [ -465944.447180327319074, 1767810.036507238168269 ] } },
{ "type": "Feature", "properties": { "ardf_num": "BN022", "mrds_num": "A012686", "site": "Frost Creek", "quad_250": "BN", "quad_63360": "C-5", "comm_main": "Au", "comm_other": null, "site_type": "Occurrence", "status": "Inactive", "dep_model": "Placer Au-PGE (Cox and Singer, 1986; model 39a)", "model_code": "39a", "production": "No", "geol_desc": "Early reports (Collier and others, 1908) indicate that gold was identified on Frost Creek but no subsequent mining or other work has been reported. If gold-bearing placers are present here, they may be similar in general setting to those on other north tr", "latitude": 65.57228054354151, "longitude": -164.11567845912884, "deposit_class": "placer" }, "geometry": { "type": "Point", "coordinates": [ -465693.006789809209295, 1770363.239055145531893 ] } },
{ "type": "Feature", "properties": { "ardf_num": "BN023", "mrds_num": "A012701", "site": "Coarse Gold Creek (central)", "quad_250": "BN", "quad_63360": "C-6", "comm_main": "Au", "comm_other": null, "site_type": "Mine", "status": "Inactive", "dep_model": "Placer Au-PGE (Cox and Singer, 1986; model 39a)", "model_code": "39a", "production": "Yes; small", "geol_desc": "Little is reported concerning placer gold on central Coarse Gold Creek.  Gold was reported and some mining took place somewhere on the creek by 1908 (Collier and others, 1908; Smith, 1909).  Sainsbury and others (1969) show 4,000 feet of placer mine worki", "latitude": 65.563270443228916, "longitude": -164.8246825448924, "deposit_class": "placer" }, "geometry": { "type": "Point", "coordinates": [ -498216.125250446842983, 1774517.535514282761142 ] } },
{ "type": "Feature", "properties": { "ardf_num": "BN024", "mrds_num": "10307263", "site": "Coarse Gold Creek", "quad_250": "BN", "quad_63360": "C-6", "comm_main": "Au", "comm_other": null, "site_type": "Mine", "status": "Inactive", "dep_model": "Placer Au-PGE (Cox and Singer, 1986; model 39a)", "model_code": "39a", "production": "Yes; small", "geol_desc": "Little is reported concerning placer gold on central Coarse Gold Creek.  Gold was reported and some mining took place somewhere on the creek by 1908 (Collier and others, 1908; Smith, 1909).  Sainsbury and others (1969) show placer mine workings to be pres", "latitude": 65.591272382960142, "longitude": -164.76168596469728, "deposit_class": "placer" }, "geometry": { "type": "Point", "coordinates": [ -494838.974347592913546, 1777124.187202083412558 ] } },
{ "type": "Feature", "properties": { "ardf_num": "BN025", "mrds_num": "A012702", "site": "Eureka Creek", "quad_250": "BN", "quad_63360": "C-6", "comm_main": "Au", "comm_other": null, "site_type": "Mine", "status": "Inactive", "dep_model": "Placer Au-PGE (Cox and Singer, 1986; model 39a)", "model_code": "39a", "production": "Yes; small", "geol_desc": "Early reports (Collier and others, 1908) reported mining about one mile upstream from the mouth that recovered fine gold from alluvial gravel containing schist and vein quartz fragments.  Placer mine workings are shown by Sainsbury and others (1969) to st", "latitude": 65.609274025795273, "longitude": -164.70268802875688, "deposit_class": "placer" }, "geometry": { "type": "Point", "coordinates": [ -491828.046783076424617, 1778664.662619604961947 ] } },
{ "type": "Feature", "properties": { "ardf_num": "BN026", "mrds_num": "A012694", "site": "North Fork (Kougarok River)", "quad_250": "BN", "quad_63360": "C-6", "comm_main": "Au", "comm_other": null, "site_type": "Mine", "status": "Inactive", "dep_model": "Placer Au-PGE (Cox and Singer, 1986; model 39a)", "model_code": "39a", "production": "Yes; small", "geol_desc": "Gold was discovered on North Fork (Kougarok River) by 1902 (Collier, 1902) and placer mining started by 1903 (Brooks, 1904).  Sainsbury and others (1969) show 3,500 feet of placer mine workings on the main channel of North Fork starting 2,000 feet upstrea", "latitude": 65.609275526212997, "longitude": -164.57268764993617, "deposit_class": "placer" }, "geometry": { "type": "Point", "coordinates": [ -485904.892798987799324, 1777707.865716181695461 ] } },
{ "type": "Feature", "properties": { "ardf_num": "BN027", "mrds_num": "A012695", "site": "Harris Creek", "quad_250": "BN", "quad_63360": "C-6", "comm_main": "Au", "comm_other": null, "site_type": "Mine", "status": "Inactive", "dep_model": "Placer Au-PGE (Cox and Singer, 1986; model 39a)", "model_code": "39a", "production": "Yes; small", "geol_desc": "Gold was discovered in gravels of Harris Creek by 1900 and placer mining started here by 1901 (Collier, 1902; Collier and others, 1908).  Sainsbury and others (1969) show placer mine workings on the main channel of Harris Creek starting at  the mouth and", "latitude": 65.624276023045311, "longitude": -164.5826893389526, "deposit_class": "placer" }, "geometry": { "type": "Point", "coordinates": [ -486095.578137863893062, 1779430.480250508524477 ] } },
{ "type": "Feature", "properties": { "ardf_num": "BN028", "mrds_num": "A012700", "site": "Arizona Creek", "quad_250": "BN", "quad_63360": "C-6", "comm_main": "Au", "comm_other": null, "site_type": "Mine", "status": "Inactive", "dep_model": "Placer Au-PGE (Cox and Singer, 1986; model 39a)", "model_code": "39a", "production": "Yes; small", "geol_desc": "Sainsbury and others (1969) show 1,500  feet of placer mine workings on the main channel of Arizona Creek starting 1,500 feet upstream of the mouth.  Much of the early placer mining here was on bench gravels at elevations of 20 to 70 feet above the floodp", "latitude": 65.610272782848867, "longitude": -164.7886877895497, "deposit_class": "placer" }, "geometry": { "type": "Point", "coordinates": [ -495727.37639091478195, 1779413.863542086910456 ] } },
{ "type": "Feature", "properties": { "ardf_num": "BN030", "mrds_num": "A012699", "site": "California Creek", "quad_250": "BN", "quad_63360": "C-6", "comm_main": "Au", "comm_other": null, "site_type": "Mine", "status": "Inactive", "dep_model": "Placer Au-PGE (Cox and Singer, 1986; model 39a)", "model_code": "39a", "production": "Yes; small", "geol_desc": "The presence of gold on the active floodplain and on benches 20 feet above it was noted in early reports (Collier and others, 1908).  Sainsbury and others (1969) show the lower 1,500 feet of the main channel of California Creek to have been placer mined b", "latitude": 65.63127329624561, "longitude": -164.81168995240901, "deposit_class": "placer" }, "geometry": { "type": "Point", "coordinates": [ -496395.885907722229604, 1781893.575783438049257 ] } },
{ "type": "Feature", "properties": { "ardf_num": "BN031", "mrds_num": "A012704", "site": "Henry Creek (including Merrit Gulch)", "quad_250": "BN", "quad_63360": "C-6", "comm_main": "Au", "comm_other": null, "site_type": "Mine", "status": "Inactive", "dep_model": "Placer Au-PGE (Cox and Singer, 1986; model 39a)", "model_code": "39a", "production": "Yes; small", "geol_desc": "Gold was identified in Henry Creek gravels as early as 1901 (Collier, 1902) and some sporadic mining activity was noted up to 1937 (Smith, 1939, B 910A).  Sainsbury and others (1969) show placer mine workings to be at two locations on this drainage.  The", "latitude": 65.654273931357025, "longitude": -164.82969259259522, "deposit_class": "placer" }, "geometry": { "type": "Point", "coordinates": [ -496799.267019091697875, 1784555.657690980704501 ] } },
{ "type": "Feature", "properties": { "ardf_num": "BN032", "mrds_num": "A012698", "site": "Dreamy Gulch", "quad_250": "BN", "quad_63360": "C-6", "comm_main": "Au", "comm_other": null, "site_type": "Mine", "status": "Inactive", "dep_model": "Placer Au-PGE (Cox and Singer, 1986; model 39a)", "model_code": "39a", "production": "Yes; small", "geol_desc": "Dreamy Gulch is only about 1,500 long and mining appears to have taken place along at least the lower 800 feet down the  Kougarok River.  Early mining recovered coarse, rusty and well-rounded gold from 3 to 4 feet of gravel on calcareous schist bedrock (C", "latitude": 65.670275058662398, "longitude": -164.79369498250458, "deposit_class": "placer" }, "geometry": { "type": "Point", "coordinates": [ -494874.183073638938367, 1786045.175291867926717 ] } },
{ "type": "Feature", "properties": { "ardf_num": "BN033", "mrds_num": "A012703", "site": "Taylor Creek", "quad_250": "BN", "quad_63360": "C-6", "comm_main": "Au", "comm_other": null, "site_type": "Mine", "status": "Inactive", "dep_model": "Placer Au-PGE (Cox and Singer, 1986; model 39a)", "model_code": "39a", "production": "Yes; small", "geol_desc": "Early placer mining was reported here (Collier and others, 1908) but many reports of subsequent mining, particularly that by dredge operations, was probably for nearby parts of Kougarok River (BN035; Cobb, 1975, OFR 75-429).   Sainsbury and others (1969)", "latitude": 65.684275760531747, "longitude": -164.7826968782808, "deposit_class": "placer" }, "geometry": { "type": "Point", "coordinates": [ -494122.359421531087719, 1787501.791563621489331 ] } },
{ "type": "Feature", "properties": { "ardf_num": "BN035", "mrds_num": "A012697", "site": "Kougarok River", "quad_250": "BN", "quad_63360": "C-6", "comm_main": "Au", "comm_other": "Ag, Pb, Sn", "site_type": "Mine", "status": "Active?", "dep_model": "Placer Au-PGE (Cox and Singer, 1986; model 39a)", "model_code": "39a", "production": "Yes; medium", "geol_desc": "Kougarok River is the largest and most important drainage in the Kougarok mining district.  Placer mining started here as early as 1900 when $50,000 worth of gold (about 3,000 ounces at $18 per ounce) were recovered (Brooks and others, 1901).  Extensive d", "latitude": 65.684275630943972, "longitude": -164.79169675727039, "deposit_class": "placer" }, "geometry": { "type": "Point", "coordinates": [ -494531.150619968364481, 1787568.767390522873029 ] } },
{ "type": "Feature", "properties": { "ardf_num": "BN037", "mrds_num": "D002563", "site": "Homestake Creek", "quad_250": "BN", "quad_63360": "C-6", "comm_main": "Au", "comm_other": "W", "site_type": "Occurrence", "status": "Inactive", "dep_model": "Placer Au-PGE (Cox and Singer, 1986; model 39a)", "model_code": "39a", "production": "Yes; small", "geol_desc": "Placer mining for gold took place here as early as 1903 (Brooks, 1904).  Sainsbury and others (1969) show the lower 5,000 feet of Homestake Creek to have been placer mined.  One-fourth mile upstream from the mouth, mining encountered 4 to 5 feet of muck o", "latitude": 65.683275146092555, "longitude": -164.822696218071, "deposit_class": "placer" }, "geometry": { "type": "Point", "coordinates": [ -495957.201170800428372, 1787690.003653481835499 ] } },
{ "type": "Feature", "properties": { "ardf_num": "BN038", "mrds_num": "A012708", "site": "Upper Homestake Creek", "quad_250": "BN", "quad_63360": "C-6", "comm_main": "Au", "comm_other": "W", "site_type": "Mine", "status": "Inactive", "dep_model": "Placer Au-PGE (Cox and Singer, 1986; model 39a)", "model_code": "39a", "production": "Yes; small", "geol_desc": "Sainsbury and others (1969) show that 3,000 feet of upper Homestake Creek, starting about 2.2 miles upstream of its mouth, has been placer mined.  Some of the gold recovered from Homestake Creek is coarse; a nugget worth $14.40 (0.8 ounces) was reported b", "latitude": 65.678274036110139, "longitude": -164.89169480195, "deposit_class": "placer" }, "geometry": { "type": "Point", "coordinates": [ -499181.721305846585892, 1787657.495588916586712 ] } },
{ "type": "Feature", "properties": { "ardf_num": "BN039", "mrds_num": null, "site": "Salmon Creek; upper Taylor Creek", "quad_250": "BN", "quad_63360": "C-6", "comm_main": "Au", "comm_other": null, "site_type": "Mine", "status": "Inactive", "dep_model": "Placer Au-PGE (Cox and Singer, 1986; model 39a)", "model_code": "39a", "production": "Yes; small", "geol_desc": "Sainsbury and others (1969) show about 1,000 feet of linear placer workings along the lower part of this creek.  This may be the approximate location of gravels on the sloping bench near the mouth that were mined in early years (Collier and others, 1908).", "latitude": 65.703278946718413, "longitude": -164.59369980262792, "deposit_class": "placer" }, "geometry": { "type": "Point", "coordinates": [ -485199.615975563123357, 1788196.946736592799425 ] } },
{ "type": "Feature", "properties": { "ardf_num": "BN040", "mrds_num": "A012696", "site": "Salmon Creek", "quad_250": "BN", "quad_63360": "C-6", "comm_main": "Au", "comm_other": null, "site_type": "Mine", "status": "Inactive", "dep_model": "Placer Au-PGE (Cox and Singer, 1986; model 39a)", "model_code": "39a", "production": "Yes; small", "geol_desc": "Sainsbury and others (1969) show 1,500 feet of placer workings in the stream channel starting 2,000 feet upstream from the mouth. Gold-bearing gravels associated with this drainage are 3 to 7 feet thick and covered by 8 to 10 feet of muck (Collier and oth", "latitude": 65.705278997442363, "longitude": -164.59970013906164, "deposit_class": "placer" }, "geometry": { "type": "Point", "coordinates": [ -485436.704985183256213, 1788460.668344011995941 ] } },
{ "type": "Feature", "properties": { "ardf_num": "BN041", "mrds_num": "A010727", "site": "Kougarok River; Washington Creek", "quad_250": "BN", "quad_63360": "C-6", "comm_main": "Au", "comm_other": "Pb, Sn", "site_type": "Mine", "status": "Active", "dep_model": "Placer Au-PGE (Cox and Singer, 1986; model 39a)", "model_code": "39a", "production": "Yes; medium", "geol_desc": "Kougarok River is the largest and most important drainage in the Kougarok mining district.  Placer mining started on Kougarok River as early as 1900 when $50,000 worth of gold (about 3,000 ounces at $18 per ounce) was recovered (Brooks and others, 1901).", "latitude": 65.734276585587665, "longitude": -164.85770184055664, "deposit_class": "placer" }, "geometry": { "type": "Point", "coordinates": [ -496622.743897608539555, 1793554.965576666640118 ] } },
{ "type": "Feature", "properties": { "ardf_num": "BN042", "mrds_num": "A012706", "site": "Trinity Creek", "quad_250": "BN", "quad_63360": "C-6", "comm_main": "Au", "comm_other": null, "site_type": "Mine", "status": "Inactive", "dep_model": "Placer Au-PGE (Cox and Singer, 1986; model 39a)", "model_code": "39a", "production": "None", "geol_desc": "Brooks (1907) reported that gold was discovered on this creek but there is no history of mining operations (Cobb, 1975, OFR 75-429).  Sainsbury and others (1969) did not show placer workings on this drainage although both upstream and downstream parts of", "latitude": 65.732276102618542, "longitude": -164.89070107742475, "deposit_class": "placer" }, "geometry": { "type": "Point", "coordinates": [ -498154.932254297658801, 1793582.35786525439471 ] } },
{ "type": "Feature", "properties": { "ardf_num": "BN043", "mrds_num": "10307266", "site": "Columbia Creek", "quad_250": "BN", "quad_63360": "C-6", "comm_main": "Au", "comm_other": null, "site_type": "Mine", "status": "Inactive", "dep_model": "Placer Au-PGE (Cox and Singer, 1986; model 39a)", "model_code": "39a", "production": "Yes; small", "geol_desc": "Sainsbury and others (1969) show 3,500 feet of placer mine workings along the main channel of Columbia Creek ,starting 5,000 feet upstream from its mouth.  There are no other reports of mining on this creek.  Bedrock in this area is primarily exposed on t", "latitude": 65.70927433873625, "longitude": -164.99269733648549, "deposit_class": "placer" }, "geometry": { "type": "Point", "coordinates": [ -503199.8835120194708, 1791824.884624091675505 ] } },
{ "type": "Feature", "properties": { "ardf_num": "BN044", "mrds_num": "A012707", "site": "Mascot Gulch", "quad_250": "BN", "quad_63360": "C-6", "comm_main": "Au", "comm_other": "Sn", "site_type": "Mine", "status": "Inactive", "dep_model": "Placer Au-PGE (partly residual; Cox and Singer, 1986; model 39a)", "model_code": "39a", "production": "Yes; small", "geol_desc": "Sainsbury and others (1969) show about 1,500 feet of placer mine workings along the channel of Mascot Gulch starting about 1,000 feet upstream from its mouth.  Initial mining took place here at least by 1906 (Brooks, 1907) and unlike many gold placers in", "latitude": 65.739275698086459, "longitude": -164.97270072149786, "deposit_class": "placer" }, "geometry": { "type": "Point", "coordinates": [ -501743.45914251281647, 1794968.465300559997559 ] } },
{ "type": "Feature", "properties": { "ardf_num": "BN045", "mrds_num": "A012731", "site": "Macklin Creek", "quad_250": "BN", "quad_63360": "C-6", "comm_main": "Au", "comm_other": null, "site_type": "Mine", "status": "Inactive", "dep_model": "Placer Au-PGE (Cox and Singer, 1986; model 39a)", "model_code": "39a", "production": "Yes; small", "geol_desc": "Placer gold deposits were first reported to be worked on Macklin Creek in 1901 (Collier, 1902).  This first mining included paystreaks with pans worth $0.75 (0.04 ounces at $18 per ounce).  Sainsbury and others (1969) show 8,500 feet of continuous placer", "latitude": 65.749277701794838, "longitude": -164.82170431449751, "deposit_class": "placer" }, "geometry": { "type": "Point", "coordinates": [ -494719.90969933453016, 1794934.306837963871658 ] } },
{ "type": "Feature", "properties": { "ardf_num": "BN046", "mrds_num": "A012732; D002562", "site": "Dick Creek", "quad_250": "BN", "quad_63360": "D-6", "comm_main": "Au", "comm_other": "Sn, W", "site_type": "Mine", "status": "Inactive", "dep_model": "Placer Au-PGE (Cox and Singer, 1986; model 39a)", "model_code": "39a", "production": "Yes; small", "geol_desc": "Sainsbury and others (1969) show 9,000 feet of placer workings along the channel of Dick Creek in its headwater reaches.  This location is across the continental divide (about 1,140 feet high here) and about 2.3 miles north of the placer workings on Masco", "latitude": 65.786277321909992, "longitude": -164.98370587620241, "deposit_class": "placer" }, "geometry": { "type": "Point", "coordinates": [ -501380.563978586287703, 1800213.148405947722495 ] } },
{ "type": "Feature", "properties": { "ardf_num": "BN053", "mrds_num": "A012729; W000018", "site": "Humboldt Creek", "quad_250": "BN", "quad_63360": "D-5", "comm_main": "Au, Sn", "comm_other": null, "site_type": "Mine", "status": "Inactive", "dep_model": "Placer Au-PGE (Cox and Singer, 1986; model 39a)", "model_code": "39a", "production": "Yes; small", "geol_desc": "The headwaters of Humbolt Creek are in an area southeast of the Oonatut Granite Complex (Hudson, 1979; Hudson and Arth, 1983).  This area, consists of a Lower Paleozoic metasedimentary assemblage and a polydeformed, metapelitic schist of possible Precambr", "latitude": 65.83928439123433, "longitude": -164.42271481435824, "deposit_class": "placer" }, "geometry": { "type": "Point", "coordinates": [ -475066.656377703882754, 1801913.459321356844157 ] } },
{ "type": "Feature", "properties": { "ardf_num": "BN054", "mrds_num": "A012727", "site": "Esperanza Creek", "quad_250": "BN", "quad_63360": "D-4", "comm_main": "Au", "comm_other": null, "site_type": "Mine", "status": "Inactive", "dep_model": "Placer Au-PGE (Cox and Singer, 1986; model 39a)", "model_code": "39a", "production": "Yes; small", "geol_desc": "Gold was discovered on Esperanza Creek in 1907-1908 (Smith, 1909).  Gold is present in the narrow main channel where gravels are exposed between muck banks.  The exact location of this discovery and the small amount of mining is not known.  It is assumed", "latitude": 65.799292020883314, "longitude": -163.80269896600919, "deposit_class": "placer" }, "geometry": { "type": "Point", "coordinates": [ -447673.2472922320012, 1793205.522434506332502 ] } },
{ "type": "Feature", "properties": { "ardf_num": "BN057", "mrds_num": "A012721", "site": "Hannum Creek", "quad_250": "BN", "quad_63360": "D-3", "comm_main": "Au", "comm_other": "Pb, Sn", "site_type": "Mine", "status": "Inactive", "dep_model": "Placer Au-PGE (Cox and Singer, 1986; model 39a)", "model_code": "39a", "production": "Yes; small", "geol_desc": "Gold was discovered on Hannum Creek in 1900 (Moffit, 1905) and placer mining has occurred for over 4 miles of the channel, from the mouth of Collins Creek upstream to the confluence with Cunningham Creek.  Gold is irregularly distributed on schist bedrock", "latitude": 65.916304313129459, "longitude": -163.23470220887964, "deposit_class": "placer" }, "geometry": { "type": "Point", "coordinates": [ -420101.033450345974416, 1802386.047789236530662 ] } },
{ "type": "Feature", "properties": { "ardf_num": "BN060", "mrds_num": "A012720", "site": "Nelson Creek; Nelson Gulch", "quad_250": "BN", "quad_63360": "D-3", "comm_main": "Au", "comm_other": null, "site_type": "Mine", "status": "Inactive", "dep_model": "Placer Au-PGE (Cox and Singer, 1986; model 39a)", "model_code": "39a", "production": "Yes; small", "geol_desc": "Nelson Creek is only about 3,000 feet long but gravel benches are present, at least near the mouth (related to Old Glory Creek ?).  A placer cut here revealed (top to bottom):  18 inches of muck,  up to 12 inches of blue clay, 24 inches of red clay, up to", "latitude": 65.847303055475749, "longitude": -163.18369461492082, "deposit_class": "placer" }, "geometry": { "type": "Point", "coordinates": [ -418854.163569614873268, 1794457.285404027439654 ] } },
{ "type": "Feature", "properties": { "ardf_num": "BN061", "mrds_num": "A012718", "site": "American Creek", "quad_250": "BN", "quad_63360": "D-3", "comm_main": "Au, Sn", "comm_other": null, "site_type": "Prospect", "status": "Inactive", "dep_model": "Placer Au-PGE (Cox and Singer, 1986; model 39a)", "model_code": "39a", "production": "Undetermined.", "geol_desc": "Moffit (1905) reports that small amounts of bright gold have been found in gravels of American Creek, and Anderson (1947, p. 41) reports that cassiterite is also present.  Mining activities have not been reported (Cobb, 1975, OFR 75-429).  Most of the bed", "latitude": 65.839303348660323, "longitude": -163.15269337920125, "deposit_class": "placer" }, "geometry": { "type": "Point", "coordinates": [ -417571.562318105192389, 1793380.038453647866845 ] } },
{ "type": "Feature", "properties": { "ardf_num": "BN062", "mrds_num": "A012725", "site": "Perry Creek", "quad_250": "BN", "quad_63360": "D-3", "comm_main": "Au", "comm_other": null, "site_type": "Mine", "status": "Inactive", "dep_model": "Placer Au-PGE (Cox and Singer, 1986; model 39a)", "model_code": "39a", "production": "Yes; small", "geol_desc": "This location includes terrace gravels on both the north and south sides of Perry Creek overlooking Pinnell River.  The terrace gravels are capped by basalt flows about 200 to 250 feet vertically above the Pinnell River (Henshaw, 1910).  One terrace seque", "latitude": 65.818303864221278, "longitude": -163.09069082315014, "deposit_class": "placer" }, "geometry": { "type": "Point", "coordinates": [ -415079.573281981924083, 1790675.718902439111844 ] } },
{ "type": "Feature", "properties": { "ardf_num": "BN063", "mrds_num": "A012722", "site": "Old Glory Creek", "quad_250": "BN", "quad_63360": "D-3", "comm_main": "Au", "comm_other": "Sn", "site_type": "Mine", "status": "Inactive", "dep_model": "Placer Au-PGE (Cox and Singer, 1986; model 39a)", "model_code": "39a", "production": "Yes; small", "geol_desc": "Placer gold was first produced from Old Glory Creek in 1901 (Mendenhall, 1902).  There are well-defined benches near Nelson Creek (Gulch; BN060) but mining was from gravel on schist bedrock in the active channel, primarily below the mouth of Nelson Creek.", "latitude": 65.848303958868314, "longitude": -163.13269391114639, "deposit_class": "placer" }, "geometry": { "type": "Point", "coordinates": [ -416527.549401207186747, 1794246.875212131300941 ] } },
{ "type": "Feature", "properties": { "ardf_num": "BN066", "mrds_num": "A012713", "site": "Pinnell River", "quad_250": "BN", "quad_63360": "D-3", "comm_main": "Au", "comm_other": null, "site_type": "Mine", "status": "Inactive", "dep_model": "Placer Au-PGE (Cox and Singer, 1986; model 39a)", "model_code": "39a", "production": "Yes; small", "geol_desc": "Placer gold production started on Pinnell River by 1903 (Moffit, 1905).  The main channel was worked intermittently up to the late 1930's, primarily by hydraulic operations (Cobb, 1975).  A terrace gravel, capped by basalt, is preserved along the west sid", "latitude": 65.877305672761409, "longitude": -163.08669628969324, "deposit_class": "placer" }, "geometry": { "type": "Point", "coordinates": [ -414002.488911599328276, 1797157.147347175749019 ] } },
{ "type": "Feature", "properties": { "ardf_num": "BN067", "mrds_num": "A012714; A010728", "site": "Inmachuk River", "quad_250": "BN", "quad_63360": "D-3", "comm_main": "Au", "comm_other": "Hg", "site_type": "Mine", "status": "Active?", "dep_model": "Placer Au-PGE (Cox and Singer, 1986; model 39a)", "model_code": "39a", "production": "Yes; medium", "geol_desc": "A significant part of the 578,000 ounces of gold and 32,000 ounces of silver recorded as produced from the Fairhaven district came from Inmachuk River (Hudson and DeYoung, 1978) .  Its floodplain has been extensively placer mined, mostly by dredging (Cobb", "latitude": 65.901307911995843, "longitude": -163.0026980053654, "deposit_class": "placer" }, "geometry": { "type": "Point", "coordinates": [ -409837.942447599838488, 1799282.970807627076283 ] } },
{ "type": "Feature", "properties": { "ardf_num": "BN068", "mrds_num": "A012712", "site": "Chicago Creek", "quad_250": "BN", "quad_63360": "D-1", "comm_main": "Au", "comm_other": null, "site_type": "Mine", "status": "Inactive", "dep_model": "Placer Au-PGE (Cox and Singer, 1986; model 39a)", "model_code": "39a", "production": "Yes; small", "geol_desc": "This placer gold mine is reported to be on a bench near the mouth of Chicago Creek (Mendenhall, 1902) and some mining took place in 1906 (Brooks, 1907).  The exact location and the nature of the deposit has not been described.  Bedrock in the area is exte", "latitude": 65.904316475215879, "longitude": -162.45669668075007, "deposit_class": "placer" }, "geometry": { "type": "Point", "coordinates": [ -385078.177071707090363, 1796347.206228217110038 ] } },
{ "type": "Feature", "properties": { "ardf_num": "BN069", "mrds_num": "10307273", "site": "Kugruk River", "quad_250": "BN", "quad_63360": "D-1", "comm_main": "Au", "comm_other": null, "site_type": "Mine", "status": "Inactive", "dep_model": "Placer Au-PGE (Cox and Singer, 1986; model 39a)", "model_code": "39a", "production": "Yes; small", "geol_desc": "At this location, Kugruk River is a meandering stream in a 3,000 to 4,000 foot-wide floodplain.  The elevation of the floodplain is less than 100 feet but some river terraces are present locally.  A 30-foot high bench just above the mouth of Chicago Creek", "latitude": 65.872315721964995, "longitude": -162.4536934761218, "deposit_class": "placer" }, "geometry": { "type": "Point", "coordinates": [ -385394.341547079791781, 1792796.764401671243832 ] } },
{ "type": "Feature", "properties": { "ardf_num": "BN070", "mrds_num": "A012711", "site": "Jump Creek; Wild Bunch", "quad_250": "BN", "quad_63360": "D-1", "comm_main": "Au", "comm_other": null, "site_type": "Mine", "status": "Active", "dep_model": "Placer Au-PGE (Cox and Singer, 1986; model 39a)", "model_code": "39a", "production": "Yes; small", "geol_desc": "Placer gold was discovered on Jump Creek by 1901 and mining took place at least up to WW II (Cobb, 1975).  Candle Creek, nearby, continued to be an area of active placer operations up to recent years.  Much of the mining on Jump Creek was probably along d", "latitude": 65.890322457905214, "longitude": -162.02769375826406, "deposit_class": "placer" }, "geometry": { "type": "Point", "coordinates": [ -365829.023791530984454, 1792376.233692605048418 ] } },
{ "type": "Feature", "properties": { "ardf_num": "BN072", "mrds_num": "A012709", "site": "Patterson Creek", "quad_250": "BN", "quad_63360": "D-1", "comm_main": "Au", "comm_other": null, "site_type": "Mine", "status": "Active (1983)", "dep_model": "Placer Au-PGE (Cox and Singer, 1986; model 39a)", "model_code": "39a", "production": "Yes; small", "geol_desc": "Placer gold was discovered on Patterson Creek early in the century and mining was reported to have taken place by 1909 (Henshaw (1910).  Six to eight feet of gravel on blue clay was reported from early workings (Moffit, 1905).   The gravel contains abunda", "latitude": 65.840319953805377, "longitude": -162.09968922157043, "deposit_class": "placer" }, "geometry": { "type": "Point", "coordinates": [ -369770.850013599148951, 1787250.128773040836677 ] } },
{ "type": "Feature", "properties": { "ardf_num": "BN074", "mrds_num": "A012710", "site": "Candle Creek", "quad_250": "BN", "quad_63360": "D-1", "comm_main": "Au", "comm_other": null, "site_type": "Mine", "status": "Active", "dep_model": "Placer Au-PGE (Cox and Singer, 1986; model 39a)", "model_code": "39a", "production": "Yes; medium", "geol_desc": "Over 8 miles of the channel and floodplain of Candle Creek, as well as many low level benches, have been placer mined for gold.  Mining by hand started in 1901 (Mendenhall, 1902) but hydraulic, dozer, and dredge operations were subsequently employed (Cobb", "latitude": 65.838321128024489, "longitude": -162.03168861734017, "deposit_class": "placer" }, "geometry": { "type": "Point", "coordinates": [ -366708.512510595668573, 1786652.211395047605038 ] } },
{ "type": "Feature", "properties": { "ardf_num": "BN078", "mrds_num": "A012680", "site": "Glacier Creek", "quad_250": "BN", "quad_63360": "C-1", "comm_main": "Au", "comm_other": null, "site_type": "Mine", "status": "Inactive", "dep_model": "Placer Au-PGE (Cox and singer, 1986; model 39a)", "model_code": "39a", "production": "Yes; small", "geol_desc": "Placer gold was discovered in 1908 (Henshaw, 1909).  Two men reportedly produced $400 (20 ounces) in 7 hours of mining from a 20 foot-wide paysteak in thin gravels.  Apparently gold values have been found from the Candle ditch intake upstream for 1.5 mile", "latitude": 65.580313297798426, "longitude": -162.15166251649745, "deposit_class": "placer" }, "geometry": { "type": "Point", "coordinates": [ -375676.333898112527095, 1758807.467200787039474 ] } },
{ "type": "Feature", "properties": { "ardf_num": "BN080", "mrds_num": "D002561; A012681", "site": "Gold Run", "quad_250": "BN", "quad_63360": "C-1", "comm_main": "Au", "comm_other": "W", "site_type": "Mine", "status": "Inactive", "dep_model": "Placer Au-PGE (Cox and Singer, 1986; model 39a)", "model_code": "39a", "production": "Yes; small", "geol_desc": "Placer gold was discovered on Gold Run Creek in 1908 and mining or exploration activities were reported for many years up to WW II (Cobb, 1975, OFR 75-429).  Early mining was in ground 6 to 12 feet deep in the upper creek (Henshaw, 1910).  Scheelite, wolf", "latitude": 65.547313586717763, "longitude": -162.07165866482001, "deposit_class": "placer" }, "geometry": { "type": "Point", "coordinates": [ -372453.173561502655502, 1754708.745593111263588 ] } },
{ "type": "Feature", "properties": { "ardf_num": "BN081", "mrds_num": "A012682", "site": "Dixie Creek", "quad_250": "BN", "quad_63360": "C-1", "comm_main": "Au", "comm_other": null, "site_type": "Mine", "status": "Inactive", "dep_model": "Placer Au-PGE (Cox and Singer, 1986; model 39a)", "model_code": "39a", "production": "Yes; small", "geol_desc": "Placer gold was reported to have been discovered in 1903 and a small amount of mining, probably by hand, also apparently took place that year (Moffit, 1905).  This is the only report of activity on this creek (Cobb, 1975, OFR 75-429).  The nature of the b", "latitude": 65.52430865456131, "longitude": -162.37266052365348, "deposit_class": "placer" }, "geometry": { "type": "Point", "coordinates": [ -386592.264610854617786, 1753886.098901244113222 ] } },
{ "type": "Feature", "properties": { "ardf_num": "BN087", "mrds_num": "A012752", "site": "Foster (in headwaters of Otter Creek)", "quad_250": "BN", "quad_63360": "A-1", "comm_main": "Sn", "comm_other": null, "site_type": "Prospect", "status": "Inactive", "dep_model": "Alluvial placer Sn (Cox and Singer, 1986; model 39e)", "model_code": "39e", "production": "No", "geol_desc": "Tin-bearing alluvial gravels have been prospected here (Herreid, 1965).  Several dozer cuts in the gravels have been made but little bedrock was exposed and none was mineralized.  Bedrock in the area is Lower Paleozoic metamorphic rocks (Till and others,", "latitude": 65.099298312446777, "longitude": -162.40261777556216, "deposit_class": "placer" }, "geometry": { "type": "Point", "coordinates": [ -393944.280327711079735, 1707079.76248279470019 ] } },
{ "type": "Feature", "properties": { "ardf_num": "BN088", "mrds_num": "A012751", "site": "Otter Creek", "quad_250": "BN", "quad_63360": "A-1", "comm_main": "Ag, Au", "comm_other": null, "site_type": "Prospect", "status": "Inactive", "dep_model": "Low sulfide Au-quartz veins ? (Cox and Singer, 1986; model 36a ?)", "model_code": "36a?", "production": "No", "geol_desc": "A caved shaft, estimated to be 20 feet deep, is located next to two decaying log cabins at this prospect.  The shaft is in quartz-mica schist which contains less than 1 % sulfides along tiny quartz veins (Herreid, 1965).  Grab samples of quartz-rich and q", "latitude": 65.089298088186126, "longitude": -162.4026168522727, "deposit_class": "lode" }, "geometry": { "type": "Point", "coordinates": [ -394084.907316508237273, 1705973.894102849299088 ] } },
{ "type": "Feature", "properties": { "ardf_num": "BN090", "mrds_num": "A012753", "site": "Boulder Creek (Grouse Creek)", "quad_250": "BN", "quad_63360": "A-1", "comm_main": "Au?", "comm_other": null, "site_type": "Prospect", "status": "Inactive", "dep_model": "Placer Au-PGE (Cox and Singer, 1986; model 39a)", "model_code": "39a", "production": "Undetermined.", "geol_desc": "West (1953) noticed the remains of old placer mine workings on this creek, as well as coal-bearing rocks in its headwaters, and collected a slightly radioactive heavy-mineral concentrate containing ilmenite, magnetite, garnet, and sphene.  The Death Valle", "latitude": 65.029299608604148, "longitude": -162.22260993900935, "deposit_class": "placer" }, "geometry": { "type": "Point", "coordinates": [ -386512.239134785486385, 1698279.591814865823835 ] } },
{ "type": "Feature", "properties": { "ardf_num": "BN091", "mrds_num": "A012749", "site": "Camp Creek", "quad_250": "BN", "quad_63360": "A-1", "comm_main": "Au", "comm_other": null, "site_type": "Prospect", "status": "Inactive", "dep_model": "Placer Au-PGE (Cox and Singer, 1986; model 39a)", "model_code": "39a", "production": "Yes; small", "geol_desc": "An early report (Smith and Eakin, 1911) indicates that some small scale placer mining by horse scrapers was done for a few years before 1909.  Schist is reported nearby (Smith and Eakin, 1911) but Ordovician carbonate rocks are what have been mapped more", "latitude": 65.02930159970559, "longitude": -162.11260874571428, "deposit_class": "placer" }, "geometry": { "type": "Point", "coordinates": [ -381367.414178092498332, 1697643.866056281607598 ] } },
{ "type": "Feature", "properties": { "ardf_num": "BN099", "mrds_num": "A012774", "site": "Ophir Creek", "quad_250": "BN", "quad_63360": "A-4", "comm_main": "Au", "comm_other": null, "site_type": "Mine", "status": "Active?", "dep_model": "Placer Au-PGE (Cox and Singer, 1986; model 39a)", "model_code": "39a", "production": "Yes; medium", "geol_desc": "Ophir Creek is the most important producer of placer gold in the Council district.  The majority of the 707,000 ounces of gold production recorded for the Council district probably came from Ophir Creek (Hudson and DeYoung, 1978).  Placer gold was discove", "latitude": 64.999274608495796, "longitude": -163.66462296334601, "deposit_class": "placer" }, "geometry": { "type": "Point", "coordinates": [ -454337.842812568531372, 1704091.456051567336544 ] } },
{ "type": "Feature", "properties": { "ardf_num": "BN101", "mrds_num": "A012757", "site": "Balm Of Gilead Gulch", "quad_250": "BN", "quad_63360": "A-4", "comm_main": "Au", "comm_other": null, "site_type": "Mine", "status": "Inactive", "dep_model": "Placer Au-PGE (Cox and Singer, 1986; model 39a)", "model_code": "39a", "production": "Yes; small", "geol_desc": "Detrital gold was recovered from fractures and crevices in limestone (marble) bedrock.  The gold-bearing bedrock was covered by 5 feet of soil (Collier and others, 1908).  Bedrock in the area is metasedimentary schist and marble of a Lower Paleozoic assem", "latitude": 65.01727431585212, "longitude": -163.70162484178115, "deposit_class": "placer" }, "geometry": { "type": "Point", "coordinates": [ -455772.826768748636823, 1706330.509561469079927 ] } },
{ "type": "Feature", "properties": { "ardf_num": "BN102", "mrds_num": "A012759", "site": "Crooked Creek", "quad_250": "BN", "quad_63360": "A-4", "comm_main": "Au", "comm_other": null, "site_type": "Mine", "status": "Inactive", "dep_model": "Placer Au-PGE (Cox and Singer, 1986; model 39a)", "model_code": "39a", "production": "Yes; small", "geol_desc": "Stream gravels of Crooked Creek merge with floodplain deposits of Ophir Creek where the paystreak was 250 feet wide, 6 feet thick, and contained 0.22 ounces Au per cubic yard (Collier and others, 1908; Smith and Eakin, 1911).  The paystreak narrowed to 6", "latitude": 65.027274565349458, "longitude": -163.69962569354723, "deposit_class": "placer" }, "geometry": { "type": "Point", "coordinates": [ -455517.318043300067075, 1707419.83304208656773 ] } },
{ "type": "Feature", "properties": { "ardf_num": "BN103", "mrds_num": "A012761", "site": "Albion Creek", "quad_250": "BN", "quad_63360": "A-4", "comm_main": "Au", "comm_other": null, "site_type": "Mine", "status": "Inactive", "dep_model": "Placer Au-PGE (Cox and Singer, 1986; model 39a)", "model_code": "39a", "production": "Yes; small", "geol_desc": "Placer gold mining, including dredging, has taken place along at least the lower 2,000 feet of Albion Creek as well as on the slope along the north bank up to 100 feet in elevation above the creek.  The placer deposit above the creek was called a hillside", "latitude": 65.023274336021515, "longitude": -163.70762542368888, "deposit_class": "placer" }, "geometry": { "type": "Point", "coordinates": [ -455955.284516556770541, 1707033.505058112088591 ] } },
{ "type": "Feature", "properties": { "ardf_num": "BN105", "mrds_num": "A012758", "site": "Goldbottom Creek", "quad_250": "BN", "quad_63360": "A-4", "comm_main": "Au", "comm_other": null, "site_type": "Mine", "status": "Inactive", "dep_model": "Placer Au-PGE (Cox and Singer, 1986; model 39a)", "model_code": "39a", "production": "Yes; small", "geol_desc": "Collier and others (1908) report that 3 feet of schist gravel (covered by 2 feet of sod and muck) from a claim near the head of Goldbottom Creek., was shovelled into a sluice and fine, angular gold was recovered.   This description could indicate a locati", "latitude": 65.012271394552457, "longitude": -163.84762644040862, "deposit_class": "placer" }, "geometry": { "type": "Point", "coordinates": [ -462664.276087144215126, 1706788.335773392114788 ] } },
{ "type": "Feature", "properties": { "ardf_num": "BN106", "mrds_num": "10307282", "site": "Upper Ophir Creek", "quad_250": "BN", "quad_63360": "A-4", "comm_main": "Au", "comm_other": null, "site_type": "Mine", "status": "Inactive", "dep_model": "Placer Au-PGE (Cox and Singer, 1986; model 39a)", "model_code": "39a", "production": "Yes; small", "geol_desc": "The Bendeleben A-4 topographic map shows placer mine workings over about 1,000 feet of the Ophir Creek just downstream from its confluence with Flat Creek.  This may be the location referred to by Smith and Eakin (1911) as the bench at the head of the can", "latitude": 65.056275307143608, "longitude": -163.69262813589961, "deposit_class": "placer" }, "geometry": { "type": "Point", "coordinates": [ -454720.833219700551126, 1710570.622351010330021 ] } },
{ "type": "Feature", "properties": { "ardf_num": "BN107", "mrds_num": "A012756", "site": "Oxide Creek", "quad_250": "BN", "quad_63360": "A-4", "comm_main": "Au", "comm_other": null, "site_type": "Mine", "status": "Inactive", "dep_model": "Placer Au-PGE (Cox and Singer, 1986; model 39a)", "model_code": "39a", "production": "Yes; small", "geol_desc": "There is only one early report (Collier and others, 1908, p. 244) of placer gold being produced on this creek (Cobb, 1975, OFR 75-429).", "latitude": 65.062274804353308, "longitude": -163.72862909311488, "deposit_class": "placer" }, "geometry": { "type": "Point", "coordinates": [ -456300.081181832356378, 1711479.247264526318759 ] } },
{ "type": "Feature", "properties": { "ardf_num": "BN112", "mrds_num": "A012723", "site": "Collins Creek", "quad_250": "BN", "quad_63360": "D-3", "comm_main": "Au", "comm_other": "Pb", "site_type": "Occurrence", "status": "Inactive", "dep_model": "Placer Au-PGE (Cox and Singer, 1986; model 39a)", "model_code": "39a", "production": "Undetermined.", "geol_desc": "Coarse gold (Moffit, 1905) and lead minerals including lead carbonates, pyromorphite, and galena are reported from gravels in this creek (Anderson, 1947), but information about exploration or mining here is not available (Cobb, 1975, OFR 75-429).  Bedrock", "latitude": 65.899304318610973, "longitude": -163.20269992624605, "deposit_class": "placer" }, "geometry": { "type": "Point", "coordinates": [ -418915.900903404515702, 1800309.985902996500954 ] } },
{ "type": "Feature", "properties": { "ardf_num": "BN113", "mrds_num": "A012726", "site": "Cunningham Creek", "quad_250": "BN", "quad_63360": "D-3", "comm_main": "Au", "comm_other": "Ag, Pb", "site_type": "Mine", "status": "Inactive", "dep_model": "Placer Au-PGE (Cox and Singer, 1986; model 39a)", "model_code": "39a", "production": "Yes; small", "geol_desc": "Placer gold mining took place as early as 1901 on Cunningham Creek when $1,200 (about 70 ounces) was said to have been recovered near its mouth (Moffit, 1905).  Herried (1966) shows placer mine workings to be present 500 feet downstream of the mouth of Ha", "latitude": 65.928303233171093, "longitude": -163.33370670563065, "deposit_class": "placer" }, "geometry": { "type": "Point", "coordinates": [ -424388.295830990129616, 1804337.939663771307096 ] } },
{ "type": "Feature", "properties": { "ardf_num": "BN137", "mrds_num": "10307298", "site": "Arctic Creek", "quad_250": "BN", "quad_63360": "C-6", "comm_main": "Au", "comm_other": null, "site_type": "Mine", "status": "Inactive", "dep_model": "Placer Au-PGE (Cox and Singer, 1986; model 39a)", "model_code": "39a", "production": "Yes; small", "geol_desc": "Sainsbury and others (1969) show the lower 2,000 feet of the main channel of Arctic Creek to have been placer mined.  The mined part of Arctic Creek crosses the east side of Kougarok River valley and the placer deposits here could represent reworked bench", "latitude": 65.626273501764217, "longitude": -164.78268958291309, "deposit_class": "placer" }, "geometry": { "type": "Point", "coordinates": [ -495166.139086933922954, 1781127.619809328112751 ] } },
{ "type": "Feature", "properties": { "ardf_num": "BN139", "mrds_num": null, "site": "Dome Creek", "quad_250": "BN", "quad_63360": "C-1", "comm_main": "Au (?)", "comm_other": null, "site_type": "Prospect", "status": null, "dep_model": "Placer Au-PGE (Cox and Singer, 1986; model 39a)", "model_code": "39a", "production": null, "geol_desc": "Good prospects were reported to be found on Dome Creek in 1901 (Mendenhall, 1902).  It is assumed here that this reference is to placer gold prospects and that these were on the Dome Creek that has headwaters against Monument Mountain.", "latitude": 65.699317121678433, "longitude": -162.10267413120957, "deposit_class": "placer" }, "geometry": { "type": "Point", "coordinates": [ -371817.003967741096858, 1771685.200086541473866 ] } },
{ "type": "Feature", "properties": { "ardf_num": "BN140", "mrds_num": "10307300", "site": "Milroy Creek", "quad_250": "BN", "quad_63360": "D-3", "comm_main": "Ag, Pb", "comm_other": null, "site_type": "Occurrence", "status": "Probably inactive", "dep_model": "Placer Au-PGE ? (Cox and Singer, 1986; model 39a)", "model_code": "39a", "production": "Undetermined.", "geol_desc": "Anderson (1947, p. 31) reports that heavy mineral concentrates from Milroy Creek gravels are similar to those from Cunningham Creek (BN113) which contain galena, lead carbonates, and pyromorphite.  The Harrys Creek (BN055) and Hannum Creek (BN056) galena-", "latitude": 65.89930277089195, "longitude": -163.30270227248943, "deposit_class": "placer" }, "geometry": { "type": "Point", "coordinates": [ -423438.478177541168407, 1800944.027719518169761 ] } },
{ "type": "Feature", "properties": { "ardf_num": "BN141", "mrds_num": "10307301", "site": "Turner Creek", "quad_250": "BN", "quad_63360": "C-5", "comm_main": "Au", "comm_other": null, "site_type": "Mine", "status": "Inactive", "dep_model": "Placer Au-PGE (Cox and Singer, 1986; model 39a)", "model_code": "39a", "production": "Yes; small", "geol_desc": "Placer gold was reported to have been discovered and the creek staked by 1901 (Collier, 1902).  Placer mining was reported to have taken place in 1938 (Smith, 1938).", "latitude": 65.499273305287431, "longitude": -164.40267428298785, "deposit_class": "placer" }, "geometry": { "type": "Point", "coordinates": [ -480067.222057865641546, 1764371.694419919745997 ] } },
{ "type": "Feature", "properties": { "ardf_num": "BN143", "mrds_num": null, "site": "RWM", "quad_250": "BN", "quad_63360": "D-3", "comm_main": "Au", "comm_other": null, "site_type": "Prospect", "status": "Active", "dep_model": "Probably quartz veins and segregations in metasedimentary rocks (Cox and Singer, 1986, model 36a?)", "model_code": "36a?", "production": "No", "geol_desc": "In the Fall of 2004, Royal Pretoria Gold Ltd. staked 2 State of Alaska mining claims and did a soil survey on this prospect. Altar Resources developed the prospect concept, conducted the field work, and held the property in 2004.  Soil samples were collec", "latitude": 65.856502757009395, "longitude": -163.21729602110707, "deposit_class": "lode" }, "geometry": { "type": "Point", "coordinates": [ -420235.162941279704683, 1795683.800783401587978 ] } },
{ "type": "Feature", "properties": { "ardf_num": "BN145", "mrds_num": null, "site": "Unnamed (on Albion Creek)", "quad_250": "BN", "quad_63360": "A-4", "comm_main": "Au", "comm_other": "As", "site_type": "Prospect", "status": "Active", "dep_model": "Gold-quartz vein(?) (Cox and Singer, 1986; model 36a).", "model_code": "36a?", "production": "None", "geol_desc": "In 2010, Millrock Resources in a joint venture with Kinross Gold Corp. drilled 17 holes less than 120 meters deep on a gold-arsenic soil anomaly in gold and arsenic that extends over a 900 by 2,000 meter area (Millrock Resources, 2010).  The anomaly and d", "latitude": 65.02247401812933, "longitude": -163.72432551650479, "deposit_class": "lode" }, "geometry": { "type": "Point", "coordinates": [ -456747.076793942716904, 1707059.988724004011601 ] } },
{ "type": "Feature", "properties": { "ardf_num": "NM001", "mrds_num": null, "site": "Sourdough Creek", "quad_250": "NM", "quad_63360": "D-4", "comm_main": "Au", "comm_other": null, "site_type": "Occurrence", "status": "Inactive", "dep_model": "Placer Au (Cox and Singer, 1986; model 39a).", "model_code": "39a", "production": "None", "geol_desc": "Collier and others (1908, plate X) describe Sourdough Creek as possibly auriferous over a 4- to 5-mile length on the Teller A-4 and Nome D-4 quadrangles.  Collier panned one gold color on Sourdough Creek in 1901 (Collier and others, 1908, p. 220).  In par", "latitude": 64.983518320893509, "longitude": -166.62015497310017, "deposit_class": "placer" }, "geometry": { "type": "Point", "coordinates": [ -592132.817752972361632, 1725648.668176479637623 ] } },
{ "type": "Feature", "properties": { "ardf_num": "NM002", "mrds_num": "10307903", "site": "Tisuk River", "quad_250": "NM", "quad_63360": "D-3", "comm_main": "Au", "comm_other": null, "site_type": "Occurrence", "status": "Inactive", "dep_model": "Placer Au (Cox and Singer, 1986; model 39a).", "model_code": "39a", "production": "None", "geol_desc": "Collier and others (1908, plate X) show a several-mile stretch of Tisuk River above the coastal plain as auriferous but without productive placer deposits.  The auriferous part of the river has a flood plain at least one-half mile wide.  Gold deposits are", "latitude": 64.967728309829582, "longitude": -166.2057450667966, "deposit_class": "placer" }, "geometry": { "type": "Point", "coordinates": [ -573233.830523893237114, 1720282.783605432603508 ] } },
{ "type": "Feature", "properties": { "ardf_num": "NM003", "mrds_num": null, "site": "Nolan Creek", "quad_250": "NM", "quad_63360": "D-3", "comm_main": "Au", "comm_other": null, "site_type": "Mine", "status": "Probably inactive", "dep_model": "Placer Au (Cox and Singer, 1986; model 39a).", "model_code": "39a", "production": "Yes; small", "geol_desc": "Five feet of gravel that contained 3 to 10 cents gold per pan, was reported to be present in the lower part of the creek near the Tisuk River flood plain (Collier and others, 1908, p. 220). The ground was idle when examined by Collier in 1903 but reported", "latitude": 64.934926569222569, "longitude": -166.26754260837262, "deposit_class": "placer" }, "geometry": { "type": "Point", "coordinates": [ -576774.87816363282036, 1717222.307590033393353 ] } },
{ "type": "Feature", "properties": { "ardf_num": "NM004", "mrds_num": "A012855", "site": "Wesley Creek (formerly Hume Creek)", "quad_250": "NM", "quad_63360": "D-3", "comm_main": "Au", "comm_other": null, "site_type": "Mine", "status": "Inactive", "dep_model": "Placer Au (Cox and Singer, 1986; model 39a).", "model_code": "39a", "production": "Yes; small", "geol_desc": "Placer gold deposits were worked on Wesley Creek (formerly Hume Creek) with rockers in 1901 and returned 2 to 3 dollars per man per day.  Pay gravel was angular chlorite and graphitic schist, with gneiss and granite boulders, covered by about 6 feet of mo", "latitude": 64.909826494293696, "longitude": -166.2524401562807, "deposit_class": "placer" }, "geometry": { "type": "Point", "coordinates": [ -576586.338867770391516, 1714339.892490845406428 ] } },
{ "type": "Feature", "properties": { "ardf_num": "NM007", "mrds_num": "A012856", "site": "Fairview Creek", "quad_250": "NM", "quad_63360": "D-3", "comm_main": "Au", "comm_other": null, "site_type": "Prospect", "status": "Probably inactive", "dep_model": "Placer Au (Cox and Singer, 1986; model 39a).", "model_code": "39a", "production": "Undetermined", "geol_desc": "Gold colors were reported to be locally present on Fairview Creek by Collier and others (1908), and placer mining claims have been located over about 3 miles of its length (Heiner and Porter, 1972).  Fairview Creek is wider and more braided downstream whe", "latitude": 64.816524160226294, "longitude": -166.29693426078728, "deposit_class": "placer" }, "geometry": { "type": "Point", "coordinates": [ -580571.852404508856125, 1704499.911012892378494 ] } },
{ "type": "Feature", "properties": { "ardf_num": "NM008", "mrds_num": "A012857", "site": "Tomboy Creek", "quad_250": "NM", "quad_63360": "D-3", "comm_main": "Au", "comm_other": null, "site_type": "Mine", "status": "Inactive", "dep_model": "Placer Au (Cox and Singer, 1986; model 39a).", "model_code": "39a", "production": "Yes; small", "geol_desc": "Placer gold mining took place on Tomboy Creek in 1902; the U.S. Geological Survey obtained pans of about 1.5 cents or 2.25 dollars per cubic yard from decomposed schist bedrock (Collier and others, 1908, p. 219). The overlying several feet of gravel conta", "latitude": 64.804825007416781, "longitude": -166.23323159798821, "deposit_class": "placer" }, "geometry": { "type": "Point", "coordinates": [ -577837.447717766859569, 1702661.748098149895668 ] } },
{ "type": "Feature", "properties": { "ardf_num": "NM009", "mrds_num": "10307906", "site": "Livingston Creek", "quad_250": "NM", "quad_63360": "D-3", "comm_main": "Au", "comm_other": null, "site_type": "Mine", "status": "Probably inactive", "dep_model": "Placer Au (Cox and Singer, 1986; model 39a).", "model_code": "39a", "production": "Undetermined", "geol_desc": "Livingston Creek has had placer mining claims over its lower 3 miles (Heiner and Porter, 1972, p. 162).  The creek mostly flows over glacial deposits derived from the Kigluaik Mountains (Sainsbury, Smith, and Kachadoorian, 1972).  Any placer gold deposits", "latitude": 64.820227585683753, "longitude": -166.10863277301118, "deposit_class": "placer" }, "geometry": { "type": "Point", "coordinates": [ -571706.248584319488145, 1703272.402256848989055 ] } },
{ "type": "Feature", "properties": { "ardf_num": "NM011", "mrds_num": "A012972", "site": "Canyon Creek", "quad_250": "NM", "quad_63360": "D-2", "comm_main": "Au", "comm_other": null, "site_type": "Prospect", "status": "Inactive", "dep_model": "Placer Au (Cox and Singer, 1986; model 39a).", "model_code": "39a", "production": "Undetermined", "geol_desc": "Canyon Creek is a major drainage in the western Kigluaik Mountains.  Placer mining claims were reported along about 6 miles of the stream, and the location given is the approximate mid-point of the claimed area shown as Kardex site Kx 52-89 by Heiner and", "latitude": 64.950433200277971, "longitude": -165.93484431527372, "deposit_class": "placer" }, "geometry": { "type": "Point", "coordinates": [ -560994.71370336599648, 1716072.787664737086743 ] } },
{ "type": "Feature", "properties": { "ardf_num": "NM012", "mrds_num": "10307907", "site": "Johnston Creek", "quad_250": "NM", "quad_63360": "D-2", "comm_main": "Au", "comm_other": null, "site_type": "Prospect", "status": "Undetermined", "dep_model": "Placer Au (Cox and Singer, 1986; model 39a).", "model_code": "39a", "production": "Undetermined", "geol_desc": "Johnston Creek occupies a glacial valley on the southwest flank of the Kigluaik Mountains.  Placer mining claims have been located on the creek (Kardex site Kx 52-87, Heiner and Porter, 1972), but placer gold deposits are probably of river-bar type and tr", "latitude": 64.853932366177773, "longitude": -165.91803982374671, "deposit_class": "placer" }, "geometry": { "type": "Point", "coordinates": [ -562134.105554551701061, 1705342.896844507195055 ] } },
{ "type": "Feature", "properties": { "ardf_num": "NM015", "mrds_num": "10307909", "site": "Sinuk River", "quad_250": "NM", "quad_63360": "D-2", "comm_main": "Au", "comm_other": null, "site_type": "Prospects", "status": "Probably inactive", "dep_model": "Placer Au (Cox and Singer, 1986; model 39a).", "model_code": "39a", "production": "Undetermined", "geol_desc": "The Sinuk River is the major drainage along the southwest flank of the Kigluaik Mountains.  Collier and others (1908, plate X) show the river to be gold-bearing for several miles downstream from Rulby Creek, a small east tributary (NM016).  The placer dep", "latitude": 64.74973235875288, "longitude": -165.85533642321232, "deposit_class": "placer" }, "geometry": { "type": "Point", "coordinates": [ -561271.722387769725174, 1693376.964565785136074 ] } },
{ "type": "Feature", "properties": { "ardf_num": "NM016", "mrds_num": "A012866", "site": "Rulby Creek", "quad_250": "NM", "quad_63360": "D-2", "comm_main": "Au", "comm_other": null, "site_type": "Mine", "status": "Inactive", "dep_model": "Placer Au (Cox and Singer, 1986; model 39a).", "model_code": "39a", "production": "Yes; small", "geol_desc": "Rulby Creek was prospected and produced a little placer gold in the early 1900's (Collier and others, 1908).  The creek flows across a higher gravel deposit, probably glacial, that carries small amounts of gold. This locality is within an area of iron and", "latitude": 64.775535273979941, "longitude": -165.78463855144113, "deposit_class": "placer" }, "geometry": { "type": "Point", "coordinates": [ -557451.946172641124576, 1695613.962563311681151 ] } },
{ "type": "Feature", "properties": { "ardf_num": "NM047", "mrds_num": "A012868", "site": "Charlie Creek (placer)", "quad_250": "NM", "quad_63360": "D-1", "comm_main": "Au", "comm_other": "Bi, Ti", "site_type": "Mine", "status": "Probably inactive", "dep_model": "Placer Au (Cox and Singer, 1986; model 39a).", "model_code": "39a", "production": "Undetermined", "geol_desc": "Placer gold was mined on Charlie (Charley) Creek on a small scale prior to WWI (Brooks and others, 1901).  Moffit (1907) reports that discovery of bismuth minerals in miners' sluice boxes led to the discovery of the bismuth-bearing quartz veins (NM048) in", "latitude": 64.857239765296328, "longitude": -165.4923290004962, "deposit_class": "placer" }, "geometry": { "type": "Point", "coordinates": [ -542195.845837979344651, 1702166.499310717452317 ] } },
{ "type": "Feature", "properties": { "ardf_num": "NM048", "mrds_num": "D001940; A012787", "site": "Charlie Creek (lode)", "quad_250": "NM", "quad_63360": "D-1", "comm_main": "Bi", "comm_other": "Au", "site_type": "Prospect", "status": "Probably inactive", "dep_model": "Low-sulfide Au quartz vein (Cox and Singer, 1986; model 36a).", "model_code": "36a", "production": "Undetermined", "geol_desc": "Two bismuth-bearing quartz veins were found prior to 1907 by tracing native bismuth nuggets found during early placer gold mining on Charlie Creek to their souce (Moffit, 1907).  These veins are exposed in cuts on both sides of Charlie Creek.  As describe", "latitude": 64.845039536477486, "longitude": -165.47902775421989, "deposit_class": "lode" }, "geometry": { "type": "Point", "coordinates": [ -541808.574677226017229, 1700717.676465518772602 ] } },
{ "type": "Feature", "properties": { "ardf_num": "NM049", "mrds_num": "A012879", "site": "Boer Creek", "quad_250": "NM", "quad_63360": "D-1", "comm_main": "Au", "comm_other": null, "site_type": "Mine", "status": "Inactive", "dep_model": "Placer Au (Cox and Singer, 1986; model 39a).", "model_code": "39a", "production": "Yes; small", "geol_desc": "Placer gold mining took place on Boer Creek in 1901-02 when about 135 ounces of gold were produced (Collier and others, 1908). The recovered gold was of two types: one valued at about 16 dollars per ounce and one valued at 18 dollars per ounce (gold at 20", "latitude": 64.863642058581831, "longitude": -165.30142637836087, "deposit_class": "placer" }, "geometry": { "type": "Point", "coordinates": [ -533156.204988223151304, 1701324.399392580613494 ] } },
{ "type": "Feature", "properties": { "ardf_num": "NM057", "mrds_num": "A012911", "site": "Divide Creek", "quad_250": "NM", "quad_63360": "D-1", "comm_main": "Au", "comm_other": null, "site_type": "Prospect", "status": "Probably inactive", "dep_model": "Placer Au (Cox and Singer, 1986; model 39a).", "model_code": "39a", "production": "Yes; small", "geol_desc": "Divide Creek is a small creek that heads in the divide between the Stewart River and Nome River drainages.  Some sluicing of placer gold took place here in 1903 (Collier and others, 1908). Parts of the creek flow over deep gravel deposits of  glacial orig", "latitude": 64.836642065137482, "longitude": -165.27432431468543, "deposit_class": "placer" }, "geometry": { "type": "Point", "coordinates": [ -532398.67783396015875, 1698139.331920860335231 ] } },
{ "type": "Feature", "properties": { "ardf_num": "NM058", "mrds_num": null, "site": "Divide", "quad_250": "NM", "quad_63360": "D-1", "comm_main": "Au", "comm_other": "As, Fe, Pb, Sb, Zn", "site_type": "Prospect", "status": "Active", "dep_model": "Low sulfide Au-quartz vein (Cox and Singer, 1986; model 36a).", "model_code": "36a", "production": "None", "geol_desc": "Work on the Divide prospect began in the 1990s (Chris Gierymski, Cominco American, written communication, December 1995; Stevens, 2010)).  In 1994, David and Daniel Lajack sampled the southeast flank of Boer Mountain (the hill between Boer Creek and the N", "latitude": 64.844341814742023, "longitude": -165.29802514177788, "deposit_class": "lode" }, "geometry": { "type": "Point", "coordinates": [ -533361.698439959785901, 1699175.82386330422014 ] } },
{ "type": "Feature", "properties": { "ardf_num": "NM061", "mrds_num": "A012881", "site": "Stewart River (above Mountain Creek)", "quad_250": "NM", "quad_63360": "D-1", "comm_main": "Au", "comm_other": null, "site_type": "Mine", "status": "Inactive", "dep_model": "Placer Au (Cox and Singer, 1986; model 39a).", "model_code": "39a", "production": "Yes; small", "geol_desc": "Placer gold mining above Mountain Creek on Stewart River was reported in the early years of the Nome district. Smith (1909, p. 280) noted mining, almost certainly small scale, at 'two or three camps' along Stewart River above Mountain Creek.|   Stewart Ri", "latitude": 64.800538356188653, "longitude": -165.4717239884163, "deposit_class": "placer" }, "geometry": { "type": "Point", "coordinates": [ -542320.312849508249201, 1695768.992936936905608 ] } },
{ "type": "Feature", "properties": { "ardf_num": "NM062", "mrds_num": "D002568; A012799", "site": "California; Connolly and Jensen (or Jannsen)", "quad_250": "NM", "quad_63360": "D-1", "comm_main": "Au", "comm_other": "Ag, Mo, Sb, W", "site_type": "Mine", "status": "Probably inactive", "dep_model": "Low sulfide Au-quartz veins (Cox and Singer, 1986; model 36a).", "model_code": "36a", "production": "Yes; small", "geol_desc": "The California vein was discovered and developed before 1908 (Smith, 1908; Chapin, 1914 [B 592-L, p. 397-407]; Mertie, 1918 [B 451-458]).  It is localized in a subsidiary shear zone to a north- to northeast-striking regional fault.  The lode is exposed in", "latitude": 64.76903783670673, "longitude": -165.45172147453184, "deposit_class": "lode" }, "geometry": { "type": "Point", "coordinates": [ -541986.926260053296573, 1692144.603943785419688 ] } },
{ "type": "Feature", "properties": { "ardf_num": "NM063", "mrds_num": "10307934", "site": "Unnamed (lode near Fred Creek)", "quad_250": "NM", "quad_63360": "D-1", "comm_main": "Au", "comm_other": "As", "site_type": "Prospect", "status": "Probably inactive", "dep_model": "Possible low sulfide, Au-quartz vein (Cox and Singer, 1986; model 36a).", "model_code": "36a?", "production": "None", "geol_desc": "The basal contact zone of massive marble with schist is mineralized at this locality.  The mineralized rock is hematized schist that is anomalous in gold and arsenic; arsenic is inferred to be present in a secondary mineral oxidized from arsenopyrite.  Th", "latitude": 64.781738404080556, "longitude": -165.43812247588491, "deposit_class": "lode" }, "geometry": { "type": "Point", "coordinates": [ -541106.925800085999072, 1693429.25868319766596 ] } },
{ "type": "Feature", "properties": { "ardf_num": "NM064", "mrds_num": "A012882", "site": "Fred Creek (or Fred Gulch--placer)", "quad_250": "NM", "quad_63360": "D-1", "comm_main": "Au", "comm_other": "Sn", "site_type": "Mine", "status": "Inactive", "dep_model": "Placer Au (Cox and Singer, 1986; model 39a).", "model_code": "39a", "production": "Yes; small", "geol_desc": "Small-scale placer gold mining took place by 1906 in Fred Creek downstream from the basal massive marble (Bundtzen and others, 1994) contact with schist (Moffit, 1913). Hess (1906, p. 157) reported minor cassiterite in Fred Creek,which he thought could ha", "latitude": 64.783238625867256, "longitude": -165.42732259547009, "deposit_class": "placer" }, "geometry": { "type": "Point", "coordinates": [ -540572.417974622920156, 1693506.155287904664874 ] } },
{ "type": "Feature", "properties": { "ardf_num": "NM065", "mrds_num": null, "site": "Jackpot", "quad_250": "NM", "quad_63360": "D-1", "comm_main": "Au (?)", "comm_other": null, "site_type": "Prospect", "status": "Active", "dep_model": "Disseminated and stratabound in metamorphic rocks, or in low sulfide Au-quartz veins (Cox and Singer, 1986; model 36a).", "model_code": "36a?", "production": "None", "geol_desc": "The Jackpot claims were located by following up anomalous concentrations of gold, arsenic, and other metals in stream sediments (Daniel Lajack, written communication, 1999).  The Jackpot claim block is bisected by a strong fault that strikes northeast; it", "latitude": 64.794239874501812, "longitude": -165.36632312010116, "deposit_class": "lode" }, "geometry": { "type": "Point", "coordinates": [ -537506.155437090550549, 1694219.992317507974803 ] } },
{ "type": "Feature", "properties": { "ardf_num": "NM073", "mrds_num": "A012913", "site": "Christian Creek", "quad_250": "NM", "quad_63360": "D-1", "comm_main": "Au", "comm_other": "W", "site_type": "Prospect", "status": "Probably inactive", "dep_model": "Placer Au (Cox and Singer, 1986; model 39a).", "model_code": "39a", "production": "Yes; small", "geol_desc": "Christian Creek has been placer mined for gold over about 1,000 feet of its length starting a half-mile upstream of its confluence with Nome River.  This mining may have taken place after WW II.  The occurrence of scheelite in a nearby lode (NM075) sugges", "latitude": 64.794842743281365, "longitude": -165.2028205539315, "deposit_class": "placer" }, "geometry": { "type": "Point", "coordinates": [ -529836.957980141974986, 1692972.373306779656559 ] } },
{ "type": "Feature", "properties": { "ardf_num": "NM082", "mrds_num": "D002571; A012914; A012813", "site": "Rocky Mountain Creek", "quad_250": "NM", "quad_63360": "D-1", "comm_main": "Au, Sn, W", "comm_other": null, "site_type": "Mine", "status": "Inactive", "dep_model": "Placer Au (Cox and Singer, 1986; model 39a).", "model_code": "39a", "production": "Yes; small", "geol_desc": "The lower part of Rocky Mountain Creek was placer mined for gold, probably after WW II.  The area was actively prospected for tungsten and other strategic metals during World War II (Coats, 1944), and native gold and small amounts of cassiterite were pres", "latitude": 64.769442350988101, "longitude": -165.20631895007847, "deposit_class": "placer" }, "geometry": { "type": "Point", "coordinates": [ -530476.6126598311821, 1690207.577108947560191 ] } },
{ "type": "Feature", "properties": { "ardf_num": "NM083", "mrds_num": "A012915; D002570", "site": "Nelson Gulch", "quad_250": "NM", "quad_63360": "D-1", "comm_main": "Au, W", "comm_other": null, "site_type": "Mine", "status": "Inactive", "dep_model": "Placer Au (Cox and Singer, 1986; model 39a).", "model_code": "39a", "production": "Yes; small", "geol_desc": "Nelson Gulch was placer mined during and possibly after WW II; both gold and scheelite were recovered.  An attempt to mine the gulch for scheelite during World War II was reportedly unsuccessful, but Coats (1944) thought that the area between Nelson Gulch", "latitude": 64.763242337809885, "longitude": -165.20261847355115, "deposit_class": "placer" }, "geometry": { "type": "Point", "coordinates": [ -530419.203577689477243, 1689496.323857880197465 ] } },
{ "type": "Feature", "properties": { "ardf_num": "NM084", "mrds_num": "A012918", "site": "Hobson Creek", "quad_250": "NM", "quad_63360": "D-1", "comm_main": "Au", "comm_other": null, "site_type": "Mine", "status": "Inactive", "dep_model": "Placer Au (Cox and Singer, 1986; model 39a).", "model_code": "39a", "production": "Yes; small", "geol_desc": "Hobson Creek  was prospected in 1900 but little gold was produced by 1908 (Collier and others, 1908, p. 181). The creek was subsequently mined by dredging from at least 1913 to 1916.  The fault that hosts the Breen antimony-gold prospect (NM085) likely cr", "latitude": 64.749140693640015, "longitude": -165.2812190145452, "deposit_class": "placer" }, "geometry": { "type": "Point", "coordinates": [ -534370.921946460846812, 1688576.075872594024986 ] } },
{ "type": "Feature", "properties": { "ardf_num": "NM086", "mrds_num": "A012805; AO12806", "site": "Sliscovich", "quad_250": "NM", "quad_63360": "D-1", "comm_main": "Au, Sb", "comm_other": "Ag, As", "site_type": "Mine", "status": "Active?", "dep_model": "Simple Sb deposits and low sulfide, Au-quartz vein? (Cox and Singer, 1986; models 27a and 36a).", "model_code": "27d?, 36a?", "production": "Yes; small", "geol_desc": "At least two distinctive types of mineral deposits occur on the Sliscovich claim block.  A vein, probably continuous with mineralization at the Breen East prospect (NM085), strikes about east-west and appears to trend onto the southwest part of the My Bes", "latitude": 64.759440217975623, "longitude": -165.31452018368984, "deposit_class": "lode" }, "geometry": { "type": "Point", "coordinates": [ -535738.296934079844505, 1689976.563140441430733 ] } },
{ "type": "Feature", "properties": { "ardf_num": "NM087", "mrds_num": "A012804", "site": "Breen West (Bison)", "quad_250": "NM", "quad_63360": "D-1", "comm_main": "Au, Sb", "comm_other": null, "site_type": "Mine", "status": "Inactive", "dep_model": "Disseminated, gold-bearing sulfide mineralization in calcareous metasedimentary schist; simple Sb deposits; low sulfide, Au-quartz vein? (Cox and Singer, 1986; model 27d and 36a).", "model_code": "27d?, 36a?", "production": "Yes; small", "geol_desc": "The Breen West deposit, as exposed on the Bison Lode claim, includes quartz-stibnite veins with some calcite in metasedimentary schist.  The quartz-stibnite veins are like those at the adjacent Sliscovich mine (NM086).   The metasedimentary schist host ro", "latitude": 64.75693976895873, "longitude": -165.3362203789203, "deposit_class": "lode" }, "geometry": { "type": "Point", "coordinates": [ -536803.178666543099098, 1689876.948629345744848 ] } },
{ "type": "Feature", "properties": { "ardf_num": "NM088", "mrds_num": "A012803", "site": "Unnamed (in upper Cold Creek)", "quad_250": "NM", "quad_63360": "D-1", "comm_main": "Au", "comm_other": "Sb", "site_type": "Occurrence", "status": "Probably inactive", "dep_model": "Simple Sb deposits and low sulfide, Au-quartz vein? (Cox and Singer, 1986; models 27d and 36a).", "model_code": "27d?, 36a?", "production": "None", "geol_desc": "This locality was identifed as an antimony occurrence by Hummel (1962 [MF 248]).   The vein geology and production formerly ascribed to this occurrence by Cobb (locality 26; 1972 [MF463]; 1978 [OFR 78-93]) probably belong to the Bison Lode patented by Hen", "latitude": 64.760939546293969, "longitude": -165.35172087076239, "deposit_class": "lode" }, "geometry": { "type": "Point", "coordinates": [ -537454.130122069851495, 1690441.941021295962855 ] } },
{ "type": "Feature", "properties": { "ardf_num": "NM092", "mrds_num": "10307942", "site": "McDuffee; McDuffie", "quad_250": "NM", "quad_63360": "D-1", "comm_main": "Au", "comm_other": "Ag, Sb (?)", "site_type": "Mine", "status": "Active?", "dep_model": "Low sulfide, Au-quartz vein (Cox and Singer, 1986; model 36a).", "model_code": "36a", "production": "Yes; small", "geol_desc": "The McDuffee mine was developed by shafts, adits, and open cuts on gold-bearing quartz veins along faults that cut the host rock schistosity at a high angle. The veins are best developed in a metabasite sill in mica schist that underlies massive marble (H", "latitude": 64.756938841320206, "longitude": -165.38502099279287, "deposit_class": "lode" }, "geometry": { "type": "Point", "coordinates": [ -539091.414878228330053, 1690272.144711536820978 ] } },
{ "type": "Feature", "properties": { "ardf_num": "NM093", "mrds_num": "A012883", "site": "Steep Creek", "quad_250": "NM", "quad_63360": "D-1", "comm_main": "Au", "comm_other": null, "site_type": "Mine", "status": "Inactive", "dep_model": "Placer Au (Cox and Singer, 1986; model 39a).", "model_code": "39a", "production": "Yes; small", "geol_desc": "The gravels of Steep Creek were placer mined for gold over a distance of about 0.75 mile upstream of its confluence with Goldbottom Creek.  Much of this mining was before 1905.  The paystreak was 60 to 70 feet wide in coarse gravels 1.5 to 4 feet thick, a", "latitude": 64.749838568670427, "longitude": -165.39162049555864, "deposit_class": "placer" }, "geometry": { "type": "Point", "coordinates": [ -539536.015489876503125, 1689545.413256928091869 ] } },
{ "type": "Feature", "properties": { "ardf_num": "NM094", "mrds_num": null, "site": "Silver Creek", "quad_250": "NM", "quad_63360": "D-1", "comm_main": "Au", "comm_other": null, "site_type": "Mine", "status": "Probably inactive", "dep_model": "Placer Au (Cox and Singer, 1986; model 39a).", "model_code": "39a", "production": "Yes; small", "geol_desc": "The lower 1,500 feet of Silver Creek has been placer mined by small-scale mechanical methods; this mining probably occurred in the 1930's and 1940's.  The creek flows across interlayered marble, mica schist, and probably some metabasite for about a mile a", "latitude": 64.749238397960596, "longitude": -165.39932039059136, "deposit_class": "placer" }, "geometry": { "type": "Point", "coordinates": [ -539908.5486323046498, 1689542.031916983425617 ] } },
{ "type": "Feature", "properties": { "ardf_num": "NM095", "mrds_num": "A012885", "site": "Goldbottom Creek", "quad_250": "NM", "quad_63360": "D-1", "comm_main": "Au", "comm_other": "Sn", "site_type": "Mine", "status": "Active?", "dep_model": "Placer Au (Cox and Singer, 1986; model 39a).", "model_code": "39a", "production": "Yes; small", "geol_desc": "Goldbottom Creek was placer mined for gold at least as early as 1900 (Brooks and others, 1901).  Moffit (1913, p. 87) reported that hand mining and a small hydraulic plant operated in the upper part of the creek in 1905.  Moffit (1913) also reported strea", "latitude": 64.749537817605486, "longitude": -165.42782016504893, "deposit_class": "placer" }, "geometry": { "type": "Point", "coordinates": [ -541239.338680872460827, 1689806.919382298598066 ] } },
{ "type": "Feature", "properties": { "ardf_num": "NM096", "mrds_num": "10307943", "site": "Unnamed (Silver Creek--lode)", "quad_250": "NM", "quad_63360": "D-1", "comm_main": "As, Au, Sb", "comm_other": null, "site_type": "Prospect", "status": "Probably inactive", "dep_model": "Massive stibnite lenses and disseminated gold-bearing mineralization in calcareous schist below marble and/or low-sulfide, Au-quartz veins (Cox and Singer, 1986; model 36a).", "model_code": "36a ?", "production": "None", "geol_desc": "This prospect is located near the west end of a large area of anomalous gold and arsenic values in soils defined by BHP-Utah International, Inc. (Stevens, 1991).  Near Silver Creek, gold in soils locally exceeds 100 ppb and arsenic exceeds 800 ppm.  Kenne", "latitude": 64.760538473328978, "longitude": -165.40752108066684, "deposit_class": "lode" }, "geometry": { "type": "Point", "coordinates": [ -540077.701153644127771, 1690850.546784174861386 ] } },
{ "type": "Feature", "properties": { "ardf_num": "NM097", "mrds_num": "A012912", "site": "Dorothy Creek", "quad_250": "NM", "quad_63360": "D-1", "comm_main": "Au", "comm_other": "Sb, W", "site_type": "Mine", "status": "Active?", "dep_model": "Placer Au (Cox and Singer, 1986; model 39a).", "model_code": "39a", "production": "Yes; small", "geol_desc": "Dorothy Creek was placer mined for gold as early as 1900, and by 1903 about 44,000 dollars or 2,125 ounces of gold had been produced (Collier and others, 1908).  Some mining took place as recently as 1940 (Smith, 1942).  The placer concentrate contained b", "latitude": 64.822942492470176, "longitude": -165.23732291240336, "deposit_class": "placer" }, "geometry": { "type": "Point", "coordinates": [ -530925.413758376264013, 1696337.18186905933544 ] } },
{ "type": "Feature", "properties": { "ardf_num": "NM098", "mrds_num": "A012917", "site": "Manila Creek", "quad_250": "NM", "quad_63360": "C-1", "comm_main": "Au", "comm_other": "Sb (?)", "site_type": "Mine", "status": "Inactive", "dep_model": "Placer Au (Cox and Singer, 1986; model 39a).", "model_code": "39a", "production": "Yes; small", "geol_desc": "Chapin (1914, p. 389) reported a rich placer gold discovery on Manila Creek.  The paystreak, about 10 feet thick, was on schist bedrock below about 25 feet of barren alluvium.  The gold was reported to be coarse and flaky.  In 1916, Mertie (1918, p. 454)", "latitude": 64.744240443977304, "longitude": -165.29001887071851, "deposit_class": "placer" }, "geometry": { "type": "Point", "coordinates": [ -534876.203374401549809, 1688108.226610072888434 ] } },
{ "type": "Feature", "properties": { "ardf_num": "NM099", "mrds_num": "A012884", "site": "Grouse Creek", "quad_250": "NM", "quad_63360": "D-1", "comm_main": "Au", "comm_other": null, "site_type": "Mine", "status": "Inactive", "dep_model": "Placer Au (Cox and Singer, 1986; model 39a).", "model_code": "39a", "production": "Yes; small", "geol_desc": "Small-scale placer mining for gold took place as early as 1903 on Grouse Creek (Collier and others, 1908).  This early mining was about 1 mile upstream from its confluence with Goldbottom Creek.  The pay along this part of the creek was 1 to 3 feet thick", "latitude": 64.749539109728317, "longitude": -165.3641203787106, "deposit_class": "placer" }, "geometry": { "type": "Point", "coordinates": [ -538251.98114055977203, 1689289.351102220825851 ] } },
{ "type": "Feature", "properties": { "ardf_num": "NM100", "mrds_num": null, "site": "Cold Creek", "quad_250": "NM", "quad_63360": "D-1", "comm_main": "Au", "comm_other": "Sb (?)", "site_type": "Mine", "status": "Probably inactive", "dep_model": "Placer Au (Cox and Singer, 1986; model 39a).", "model_code": "39a", "production": "Yes; small", "geol_desc": "Cold Creek has been placer mined for gold by small-scale mechanical or hand methods at several places.  Possible lode sources of gold and stibnite in the Cold Creek drainage are the Breen West mine (NM087) and an unnamed antimony-gold (?) occurrence (NM08", "latitude": 64.749239319276569, "longitude": -165.35292017947444, "deposit_class": "placer" }, "geometry": { "type": "Point", "coordinates": [ -537732.361798869911581, 1689165.668983426643535 ] } },
{ "type": "Feature", "properties": { "ardf_num": "NM101", "mrds_num": "10307944", "site": "Nome River", "quad_250": "NM", "quad_63360": "C-1", "comm_main": "Au", "comm_other": null, "site_type": "Mines", "status": "Inactive", "dep_model": "Placer Au (Cox and Singer, 1986; model 39a).", "model_code": "39a", "production": "Undetermined", "geol_desc": "The Nome River floodplain is gold-bearing downstream from its confluence with Buffalo Creek (Nome D-1 quadrangle) to the mouth of Nome Creek (Nome B-1 quadrangle) (Collier and others,1908, plate X).  Almost certainly some placer gold was mined from the No", "latitude": 64.64553889481148, "longitude": -165.28671307855265, "deposit_class": "placer" }, "geometry": { "type": "Point", "coordinates": [ -536583.248610043665394, 1677230.408013482810929 ] } },
{ "type": "Feature", "properties": { "ardf_num": "NM102", "mrds_num": "10307945", "site": "Campion Ditch", "quad_250": "NM", "quad_63360": "D-1", "comm_main": "Au", "comm_other": null, "site_type": "Occurrence", "status": "Probably inactive", "dep_model": "Possibly low sulfide, Au-quartz vein (Cox and Singer, 1986; model 36a).", "model_code": "36a?", "production": "None", "geol_desc": "Moffit (1913) reported that quartz fragments with attached gold were found during construction of the Campion Ditch.  One quartz fragment with attached gold weighed 0.75 pound and appears to have been recovered near the point where the ditch crosses Divid", "latitude": 64.854442321583505, "longitude": -165.2740254112631, "deposit_class": "lode" }, "geometry": { "type": "Point", "coordinates": [ -532049.322885075816885, 1700093.494949085405096 ] } },
{ "type": "Feature", "properties": { "ardf_num": "NM111", "mrds_num": "10307953", "site": "Quartz Creek (Stewart River)", "quad_250": "NM", "quad_63360": "D-1", "comm_main": "Au (?)", "comm_other": null, "site_type": "Occurrence", "status": "Probably inactive", "dep_model": "Placer Au (Cox and Singer, 1986; model 39a).", "model_code": "39a", "production": "None", "geol_desc": "Quartz Creek forms the approximate west boundary of the Divide prospect (NM058).  The drainage heads into a divide marked by gold-quartz veins that almostly certainly fed both Boer Creek to the north and Quartz Creek to the south, although Quartz Creek ha", "latitude": 64.835141527482989, "longitude": -165.30752471774207, "deposit_class": "placer" }, "geometry": { "type": "Point", "coordinates": [ -533979.672964043566026, 1698240.954740022774786 ] } },
{ "type": "Feature", "properties": { "ardf_num": "NM117", "mrds_num": null, "site": "Bonanza Creek", "quad_250": "NM", "quad_63360": "D-1", "comm_main": "Au", "comm_other": null, "site_type": "Mine", "status": "Inactive", "dep_model": "Placer Au-PGE (Cox and Singer, 1986; model 39a).", "model_code": "39a", "production": "Undetermined", "geol_desc": "Smith (1909, plate X) showed this part of Bonaza Creek to be an auriferous placer deposit, but subsequent reports have not mentioned it.", "latitude": 64.879847232898825, "longitude": -165.01892475526824, "deposit_class": "placer" }, "geometry": { "type": "Point", "coordinates": [ -519654.553703891520854, 1700866.837111589033157 ] } },
{ "type": "Feature", "properties": { "ardf_num": "NM118", "mrds_num": "10307957", "site": "Divide Hill", "quad_250": "NM", "quad_63360": "D-1", "comm_main": "Au", "comm_other": null, "site_type": "Prospect", "status": "Active?", "dep_model": "Low sulfide, Au-quartz vein (Cox and Singer, 1986; model 36a).", "model_code": "36a", "production": "None", "geol_desc": "The Divide Hill prospect is part of a large auriferous area that includes Boer Creek (NM049) and the Divide prospect (NM058). The prospect at Divide Hill was explored by four drill holes (Div-10, -11, -12, -13), all in the E1/2NE 1/4 section 26, T. 7 S.,", "latitude": 64.85594213002544, "longitude": -165.2885257162778, "deposit_class": "lode" }, "geometry": { "type": "Point", "coordinates": [ -532698.735819375724532, 1700374.583966130157933 ] } },
{ "type": "Feature", "properties": { "ardf_num": "NM119", "mrds_num": "A012859", "site": "Boulder Creek", "quad_250": "NM", "quad_63360": "C-3", "comm_main": "Au", "comm_other": null, "site_type": "Mine", "status": "Undetermined", "dep_model": "Alluvial placer Au (Cox and Singer, 1986; model 39a).", "model_code": "39a", "production": "Yes", "geol_desc": "There is no specific information on this placer deposit. Collier and others (1908, p. 216-217) reported mining in 1902-03.  Later claim activity was reported by Heiner and Porter (1972, Kardex site Kx 52-90) and active claims were reported as recently as", "latitude": 64.694426622561366, "longitude": -166.00292612206158, "deposit_class": "placer" }, "geometry": { "type": "Point", "coordinates": [ -569292.233942629653029, 1688563.56825284822844 ] } },
{ "type": "Feature", "properties": { "ardf_num": "NM120", "mrds_num": "10307958", "site": "Sinuk River", "quad_250": "NM", "quad_63360": "C-2", "comm_main": "Au", "comm_other": null, "site_type": "Mines", "status": "Probably inactive", "dep_model": "Alluvial placer Au (Cox and Singer, 1986; model 39a).", "model_code": "39a", "production": "Undetermined", "geol_desc": "As indicated by mining claim locations (Kardex site Kx 52-308; Alaska Division of Geological and Geophysical Surveys, 1982), exploitation of the gold-bearing high-level gravels in this area was considered in the early days of the district and possibly as", "latitude": 64.70032823245306, "longitude": -165.9484288681175, "deposit_class": "placer" }, "geometry": { "type": "Point", "coordinates": [ -566617.672345284488983, 1688745.129174363799393 ] } },
{ "type": "Feature", "properties": { "ardf_num": "NM121", "mrds_num": "A012863", "site": "Quartz Creek (headwaters)", "quad_250": "NM", "quad_63360": "C-3", "comm_main": "Au", "comm_other": null, "site_type": "Mine", "status": "Inactive", "dep_model": "Alluvial placer Au (Cox and Singer, 1986; model 39a); possible derivation from reworking of glacial deposits.", "model_code": "39a", "production": "Yes; small", "geol_desc": "Sainsbury and others (1972 [OFR 72-322]) reported a small area of placer gold mining on upper Quartz Creek.  The placer gold was on bedrock, but glacial moraine or outwash has been mapped nearby and upstream of the placer workings. Bedrock in the area is", "latitude": 64.600323890291264, "longitude": -166.01651588493306, "deposit_class": "placer" }, "geometry": { "type": "Point", "coordinates": [ -571818.84433677373454, 1678353.920741202309728 ] } },
{ "type": "Feature", "properties": { "ardf_num": "NM122", "mrds_num": "10307959", "site": "Quartz Creek (lower)", "quad_250": "NM", "quad_63360": "C-3", "comm_main": "Au", "comm_other": null, "site_type": "Mine", "status": "Probably inactive", "dep_model": "Alluvial placer Au (Cox and Singer, 1986; model 39a).", "model_code": "39a", "production": "Yes; small", "geol_desc": "Collier and others (1908, p. 215) reported sluicing for gold at this locality in 1903; information on the placer was not reported, but they noted that two men were making little more than wages in 1903'.  Bedrock in this area is mainly chloritic schist (S", "latitude": 64.57322313698586, "longitude": -166.01861181400798, "deposit_class": "placer" }, "geometry": { "type": "Point", "coordinates": [ -572461.677119610947557, 1675397.863665032899007 ] } },
{ "type": "Feature", "properties": { "ardf_num": "NM124", "mrds_num": "10307961", "site": "Sinuk River (lower)", "quad_250": "NM", "quad_63360": "C-3", "comm_main": "Au", "comm_other": null, "site_type": "Prospect", "status": "Probably inactive", "dep_model": "Alluvial placer Au (Cox and Singer, 1986; model 39a).", "model_code": "39a", "production": "Undetermined", "geol_desc": "Mining claim activity between 1968 and 1978 was reported along a portion of lower Sinuk River at location 253  about 2 miles below the mouth of Camp Creek and 4 miles upstream from the mouth of Sinuk River on Norton Sound (Alaska Division of Geological an", "latitude": 64.632721389264375, "longitude": -166.22691847542742, "deposit_class": "placer" }, "geometry": { "type": "Point", "coordinates": [ -581057.020173398545012, 1683734.403606103966013 ] } },
{ "type": "Feature", "properties": { "ardf_num": "NM126", "mrds_num": "A012860", "site": "Independence Creek", "quad_250": "NM", "quad_63360": "C-2", "comm_main": "Au", "comm_other": null, "site_type": "Mine", "status": "Inactive", "dep_model": "Alluvial placer Au (Cox and Singer, 1986; model 39a).", "model_code": "39a", "production": "Yes; small", "geol_desc": "Mining claims were staked on Independence Creek in 1900 (Heiner and Porter, 1972, Kardex site Kx 52-88).  The creek was visited by Collier and his associates in 1903; there was no activity at that time, but there was considerable evidence of  previous pla", "latitude": 64.710727559419141, "longitude": -165.98412832998073, "deposit_class": "placer" }, "geometry": { "type": "Point", "coordinates": [ -568084.031333393417299, 1690191.321412319084629 ] } },
{ "type": "Feature", "properties": { "ardf_num": "NM127", "mrds_num": "A012861", "site": "Green Gulch; Irish Hill; Washington Creek", "quad_250": "NM", "quad_63360": "C-2", "comm_main": "Au", "comm_other": null, "site_type": "Mine", "status": "Inactive", "dep_model": "Alluvial placer Au (Cox and Singer, 1986; model 39a).", "model_code": "39a", "production": "Yes; small", "geol_desc": "An extensive area of auriferous bench gravel was mapped by Collier and others (1908, plate X) west of Washington Creek (NM128) extending south along the west flank of hill 1335.  The auriferous area merges with the Sinuk River valley (NM120).  Collier and", "latitude": 64.69862887944268, "longitude": -165.92242978039755, "deposit_class": "placer" }, "geometry": { "type": "Point", "coordinates": [ -565431.881258303765208, 1688337.034974662587047 ] } },
{ "type": "Feature", "properties": { "ardf_num": "NM128", "mrds_num": "10307963", "site": "Washington Creek", "quad_250": "NM", "quad_63360": "C-2", "comm_main": "Au", "comm_other": null, "site_type": "Mine", "status": "Probably inactive", "dep_model": "Alluvial placer Au (Cox and Singer, 1986; model 39a).", "model_code": "39a", "production": "Undetermined", "geol_desc": "Placer claims were located on Washington Creek, a tributary of the Sinuk River, in 1900 (Heiner and Porter, 1972, Kardex site Kx 52-93).  Washington Creek was mentioned by Collier and others (1908, p. 216) as part of an area of auriferous bench gravels.", "latitude": 64.712629783245021, "longitude": -165.90323179298144, "deposit_class": "placer" }, "geometry": { "type": "Point", "coordinates": [ -564252.757392667350359, 1689710.420135872205719 ] } },
{ "type": "Feature", "properties": { "ardf_num": "NM129", "mrds_num": "A012848", "site": "Coal Creek", "quad_250": "NM", "quad_63360": "C-2", "comm_main": "Au", "comm_other": null, "site_type": "Mine", "status": "Inactive", "dep_model": "Alluvial placer Au (Cox and Singer, 1986; model 39a).", "model_code": "39a", "production": "Yes; small", "geol_desc": "The Coal Creek placer gold mine is developed on graphitic schist and coal-bearing Tertiary sedimentary rocks that may be downfaulted against schist.  Herreid (1970, figure 1, p. 10) described the Tertiary sedimentary rocks as conglomerate with marble and", "latitude": 64.73502990767183, "longitude": -165.92173300829461, "deposit_class": "placer" }, "geometry": { "type": "Point", "coordinates": [ -564674.223029103712179, 1692326.131205420242622 ] } },
{ "type": "Feature", "properties": { "ardf_num": "NM136", "mrds_num": "10307965", "site": "Unnamed (in Snowshoe Gulch)", "quad_250": "NM", "quad_63360": "C-2", "comm_main": "Au (?)", "comm_other": null, "site_type": "Occurrence", "status": "Inactive", "dep_model": "Alluvial placer Au (Cox and Singer, 1986; model 39a).", "model_code": "39a", "production": "None", "geol_desc": "Gold can be panned from Snowshoe Gulch, and this claim was probably staked for placer gold.  Bedrock of Snowshoe Gulch is almost entirely massive marble (Bundtzen and others, 1994).", "latitude": 64.707735485017906, "longitude": -165.6905296953631, "deposit_class": "placer" }, "geometry": { "type": "Point", "coordinates": [ -554370.903130209771916, 1687381.708404665114358 ] } },
{ "type": "Feature", "properties": { "ardf_num": "NM138", "mrds_num": "10307967", "site": "Unnamed (in Aurora Creek)", "quad_250": "NM", "quad_63360": "C-2", "comm_main": "Zn", "comm_other": "Au", "site_type": "Occurrence", "status": "Inactive", "dep_model": "Alluvial placer Au (Cox and Singer, 1986; model 39a); sphalerite-bearing boulders are present in Aurora Creek gravels.", "model_code": "39a", "production": null, "geol_desc": "A stratabound zinc-lead deposit (NM140) crops out in Aurora Creek about 1-mile above this location.  Aurora Creek has been mined with hand tools for placer gold, especially in the benches on the southwest of Aurora Creek.  Numerous boulders of zinc-bearin", "latitude": 64.721734874437544, "longitude": -165.62262224494165, "deposit_class": "placer" }, "geometry": { "type": "Point", "coordinates": [ -550911.846629673731513, 1688354.159772027516738 ] } },
{ "type": "Feature", "properties": { "ardf_num": "NM139", "mrds_num": null, "site": "Slate Creek", "quad_250": "NM", "quad_63360": "C-2", "comm_main": "Au", "comm_other": null, "site_type": "Mine", "status": "Probably inactive", "dep_model": "Alluvial placer Au (Cox and Singer, 1986; model 39a).", "model_code": "39a", "production": "Yes; small", "geol_desc": "The lower part of Slate Creek has been placer mined for gold on a small scale.  Pans taken near the head of Slate Creek and on Cripple River 2,000 feet below the mouth of Slate Creek contained more than 10,000 ppm of gold.  A stream sediment sample collec", "latitude": 64.741335182076057, "longitude": -165.62452333262164, "deposit_class": "placer" }, "geometry": { "type": "Point", "coordinates": [ -550620.312446861178614, 1690522.750857466133311 ] } },
{ "type": "Feature", "properties": { "ardf_num": "NM142", "mrds_num": null, "site": "Last Chance", "quad_250": "NM", "quad_63360": "C-2", "comm_main": "Au, Pb, Sb", "comm_other": "Ag", "site_type": "Prospect", "status": "Probably inactive", "dep_model": "Low-sulfide Au-quartz veins (Cox and Singer, 1986; model 36a).", "model_code": "36a", "production": "Undetermined.", "geol_desc": "The Last Chance prospect consists of an adit driven south-southwest on the Penny River fault or a splay of the fault.  The prospect was first reported by Smith (1908, p. 345).  Mertie (1918 [B 662-I, p. 446]) also mentions it ,but it appears unlikely that", "latitude": 64.720735139855904, "longitude": -165.54071804904859, "deposit_class": "lode" }, "geometry": { "type": "Point", "coordinates": [ -547088.171055746963248, 1687567.261482711415738 ] } },
{ "type": "Feature", "properties": { "ardf_num": "NM143", "mrds_num": "A012797; A012798", "site": "Christophosen; Last Chance", "quad_250": "NM", "quad_63360": "C-2", "comm_main": "Sb", "comm_other": "Ag, Au, Cu, Pb", "site_type": "Mine", "status": "Inactive", "dep_model": "Low-sulfide Au-quartz veins; associated mineralized shear zone (Cox and Singer, 1986; model 36a).", "model_code": "36a", "production": "Yes", "geol_desc": "The Christophosen mine is on quartz-sulfide veins as much as 5 feet wide within a weakly mineralized shear zone hundreds of feet across.  The shear zone strikes north-northeast and is a mineralized part of the Penny River fault.  Discrete veins occur on s", "latitude": 64.737435654476101, "longitude": -165.53591947396313, "deposit_class": "lode" }, "geometry": { "type": "Point", "coordinates": [ -546541.036897940677591, 1689362.495142770232633 ] } },
{ "type": "Feature", "properties": { "ardf_num": "NM144", "mrds_num": "A012887; D002578", "site": "Last Chance Creek", "quad_250": "NM", "quad_63360": "C-2", "comm_main": "Au", "comm_other": "W", "site_type": "Mine", "status": "Inactive", "dep_model": "Alluvial placer Au (Cox and Singer, 1986; 39a).", "model_code": "39a", "production": "Yes; small", "geol_desc": "Placer gold was discovered in Last Chance Creek in or before 1900 and some sluicing was reported in 1900 (Brooks and others, 1901, p. 80). Reportedly the creek was prospected extensively in 1901, but probably with poor results because the prospect was aba", "latitude": 64.723235357298535, "longitude": -165.50291643185008, "deposit_class": "placer" }, "geometry": { "type": "Point", "coordinates": [ -545266.107380162691697, 1687531.066463662544265 ] } },
{ "type": "Feature", "properties": { "ardf_num": "NM145", "mrds_num": "A012858", "site": "Mountain Creek (Greenstone Creek)", "quad_250": "NM", "quad_63360": "C-2", "comm_main": "Au", "comm_other": "Sb, W", "site_type": "Prospect", "status": "Inactive", "dep_model": "Alluvial placer Au (Cox and Singer, 1986; model 39a).", "model_code": "39a", "production": "Yes; small", "geol_desc": "A placer gold deposit was discovered before 1904 in Mountain Creek; rich values were reported in schist-bearing gravel (Collier and others, 1908), and some mining was done in the lower part of the creek.  Kennecott Exploration Company found about 5,000 pp", "latitude": 64.693934836366196, "longitude": -165.65442459745657, "deposit_class": "placer" }, "geometry": { "type": "Point", "coordinates": [ -552945.18441205623094, 1685565.021208051824942 ] } },
{ "type": "Feature", "properties": { "ardf_num": "NM146", "mrds_num": "A012869; A012870; A012871; D002573", "site": "Oregon Creek", "quad_250": "NM", "quad_63360": "C-2", "comm_main": "Au", "comm_other": "Bi, Ti, W", "site_type": "Mine", "status": "Active", "dep_model": "Alluvial placer Au (Cox and Singer, 1986; model 39a).", "model_code": "39a", "production": "Yes; small", "geol_desc": "Gold was discovered in Oregon Creek and adjacent bench deposits before 1901 (Brooks and others, 1901, p. 69, 92-94); the deposits were worked extensively before 1918.  Gold, accompanied by magnetite, garnet, bismuth, rutile, and scheelite, occurs in the p", "latitude": 64.690534799414664, "longitude": -165.65462448244531, "deposit_class": "placer" }, "geometry": { "type": "Point", "coordinates": [ -553020.787194145028479, 1685193.246702512493357 ] } },
{ "type": "Feature", "properties": { "ardf_num": "NM147", "mrds_num": "A012872; D002572", "site": "Nugget Gulch", "quad_250": "NM", "quad_63360": "C-2", "comm_main": "Au", "comm_other": "Bi, W", "site_type": "Mine", "status": "Inactive", "dep_model": "Alluvial placer Au (Cox and Singer, 1986; model 39a).", "model_code": "39a", "production": "Yes; small", "geol_desc": "Nugget Gulch was discovered and worked before 1901 (Brooks and others, 1901, p. 92, 95; Moffit, 1906, p. 136; Eakin, 1915, p. 369-370).  A short distance above the junction of Nugget Gulch and Oregon Creek, a 25-foot-wide paystreak was discovered at a dep", "latitude": 64.678934662841144, "longitude": -165.65462400190134, "deposit_class": "placer" }, "geometry": { "type": "Point", "coordinates": [ -553246.683442083885893, 1683919.141880985349417 ] } },
{ "type": "Feature", "properties": { "ardf_num": "NM148", "mrds_num": "10307968", "site": "Oregon Creek (below Nugget Gulch)", "quad_250": "NM", "quad_63360": "C-2", "comm_main": "Au", "comm_other": "Bi, W", "site_type": "Mine", "status": "Probably inactive", "dep_model": "Alluvial placer Au (Cox and Singer, 1986; model 39a).", "model_code": "39a", "production": "Yes; small", "geol_desc": "Placer mining on Oregon Creek about a half mile below Nugget Gulch was in a gravel from 1.5 to 6 feet thick that consisted of schist, limestone (marble), and granite pebbles.  Gold was bright, coarse, and little worn and was produced above a false, yellow", "latitude": 64.682435263573439, "longitude": -165.68752850223288, "deposit_class": "placer" }, "geometry": { "type": "Point", "coordinates": [ -554724.161812307545915, 1684578.097383979242295 ] } },
{ "type": "Feature", "properties": { "ardf_num": "NM149", "mrds_num": "A012874", "site": "Hungry Creek", "quad_250": "NM", "quad_63360": "C-2", "comm_main": "Au", "comm_other": "Bi, Fe, Ti", "site_type": "Mine", "status": "Inactive", "dep_model": "Alluvial placer Au (Cox and Singer, 1986; model 39a).", "model_code": "39a", "production": "Yes; small", "geol_desc": "Placer gold mining on Hungry Creek began soon after discovery in July, 1900.  In 1903, there were three mines in operation, but most of the creek had some prospecting or mining by then (Collier and others, 1908).  The creek had numerous rounded granitic b", "latitude": 64.665835370998565, "longitude": -165.69922956890906, "deposit_class": "placer" }, "geometry": { "type": "Point", "coordinates": [ -555598.295919940108433, 1682852.823073800653219 ] } },
{ "type": "Feature", "properties": { "ardf_num": "NM150", "mrds_num": "10307969", "site": "Cleveland Creek", "quad_250": "NM", "quad_63360": "C-2", "comm_main": "Au", "comm_other": null, "site_type": "Mine", "status": "Probably inactive", "dep_model": "Alluvial placer Au (Cox and Singer, 1986; model 39a).", "model_code": "39a", "production": "Yes; small", "geol_desc": "Cleveland Creek (not then named) was shown as auriferous and placer mined just above its mouth by Collier and others (1908).  Sainsbury and others (1972 [OFR 72-321]) mapped the bedrock in the creek as graphitic schist.", "latitude": 64.665735880988976, "longitude": -165.76163629577536, "deposit_class": "placer" }, "geometry": { "type": "Point", "coordinates": [ -558532.989086745074019, 1683365.374291745014489 ] } },
{ "type": "Feature", "properties": { "ardf_num": "NM151", "mrds_num": "A012865", "site": "Stella Creek", "quad_250": "NM", "quad_63360": "C-2", "comm_main": "Au", "comm_other": null, "site_type": "Prospect", "status": "Inactive", "dep_model": "Alluvial placer Au (Cox and Singer, 1986; model 39a).", "model_code": "39a", "production": "Yes; small", "geol_desc": "A placer deposit was reported by Collier and others (1908, p. 210-211) in Stella Creek.  The deposit was in a parallel bench about 10 feet above modern Stella Creek.  The bench channel was cut in quartz-chlorite schist bedrock, but it also contained many", "latitude": 64.65553147050548, "longitude": -165.83443091410379, "deposit_class": "placer" }, "geometry": { "type": "Point", "coordinates": [ -562155.060937179601751, 1682859.169589937431738 ] } },
{ "type": "Feature", "properties": { "ardf_num": "NM152", "mrds_num": "10307970", "site": "Cripple River", "quad_250": "NM", "quad_63360": "C-2", "comm_main": "Au", "comm_other": null, "site_type": "Prospect", "status": "Inactive", "dep_model": "Alluvial placer Au (Cox and Singer, 1986; model 39a).", "model_code": "39a", "production": "Undetermined", "geol_desc": "The prospect is a gravel bench on bedrock, 10 feet above and to the north above of Cripple River;  Collier and others (1908, p. 210) reported it to contain an economic deposit of placer gold.  A proposal was made to hydraulically mine the deposit, and at", "latitude": 64.646127995740613, "longitude": -165.90042607433139, "deposit_class": "placer" }, "geometry": { "type": "Point", "coordinates": [ -565443.377553173340857, 1682387.14718311582692 ] } },
{ "type": "Feature", "properties": { "ardf_num": "NM153", "mrds_num": "10307971", "site": "Arctic Creek (upper)", "quad_250": "NM", "quad_63360": "C-2", "comm_main": "Au", "comm_other": "Pb, Sb, W", "site_type": "Mine", "status": "Inactive", "dep_model": "Alluvial placer Au (Cox and Singer, 1986; model 39a).", "model_code": "39a", "production": "Yes; small", "geol_desc": "Upper Arctic Creek was mined by hand methods for about 1 mile downstream from the Nome-Teller road and probably by mechanical methods for a half-mile segment above the mouth of  Bluff Creek (NM154).  Abundant granitic boulders have been stacked on the nor", "latitude": 64.632736284357904, "longitude": -165.74493528767698, "deposit_class": "placer" }, "geometry": { "type": "Point", "coordinates": [ -558395.835807052906603, 1679601.188030915800482 ] } },
{ "type": "Feature", "properties": { "ardf_num": "NM154", "mrds_num": "10307972", "site": "Bluff Creek", "quad_250": "NM", "quad_63360": "C-2", "comm_main": "Au", "comm_other": null, "site_type": "Prospect", "status": "Probably inactive", "dep_model": "Alluvial placer Au (Cox and Singer, 1986; model 39a).", "model_code": "39a", "production": "Undetermined", "geol_desc": "Lower Bluff Creek and a small north tributary are covered by patented mining claims, although there does not appear to have been any significant placer mining.  Bedrock in lower Bluff Creek is mineralized pyritic graphitic quartz schist;  a bedrock sample", "latitude": 64.621636320379551, "longitude": -165.7521356277974, "deposit_class": "placer" }, "geometry": { "type": "Point", "coordinates": [ -558952.572041912586428, 1678442.797802416142076 ] } },
{ "type": "Feature", "properties": { "ardf_num": "NM155", "mrds_num": "AO12876", "site": "Arctic Creek (lower)", "quad_250": "NM", "quad_63360": "C-2", "comm_main": "Au", "comm_other": null, "site_type": "Mine", "status": "Undetermined", "dep_model": "Alluvial placer Au (Cox and Singer, 1986; model 39a).", "model_code": "39a", "production": "Yes; small", "geol_desc": "From 1914 to at least 1922, an alluvial placer gold deposit was mined for at least a half mile along lower Arctic Creek by a floating bucket line dredge, starting about a mile above its mouth. The placer in lower Arctic Creek appears to have gold sources", "latitude": 64.608732618789674, "longitude": -165.79832857621281, "deposit_class": "placer" }, "geometry": { "type": "Point", "coordinates": [ -561380.873563613975421, 1677415.462029793066904 ] } },
{ "type": "Feature", "properties": { "ardf_num": "NM156", "mrds_num": "A012864", "site": "Cripple River", "quad_250": "NM", "quad_63360": "C-2", "comm_main": "Au", "comm_other": null, "site_type": "Mine", "status": "Active", "dep_model": "Gold placer(Cox and Singer, 1986; model 39a).", "model_code": "39a", "production": "Yes; small", "geol_desc": "Collier and others (1908) reported that Cripple River was auriferous from its head to its mouth on Norton Sound.  This was partly confirmed in the upper part of Cripple River during 1989-1990 reconnaissance exploration by Kennecott Exploration Company (wr", "latitude": 64.612829021097284, "longitude": -165.85622425372668, "deposit_class": "placer" }, "geometry": { "type": "Point", "coordinates": [ -564025.219958047382534, 1678355.782940661534667 ] } },
{ "type": "Feature", "properties": { "ardf_num": "NM157", "mrds_num": "10307973", "site": "Unnamed (Arctic Creek)", "quad_250": "NM", "quad_63360": "C-2", "comm_main": "Au", "comm_other": null, "site_type": "Occurrence", "status": "Inactive", "dep_model": "Low-sulfide Au-quartz vein (Cox and singer, 1986; model 36a).", "model_code": "36a", "production": "None", "geol_desc": "A quartz-ankerite vein that strikes northeast and dips about 50 degrees to the northwest is exposed on the north bank of Arctic Creek about 800 feet below the mouth of Bluff Creek.  The vein itself is apparently barren, but gold can be panned from its wal", "latitude": 64.627234902462945, "longitude": -165.77603428084458, "deposit_class": "lode" }, "geometry": { "type": "Point", "coordinates": [ -559967.139495780109428, 1679258.919714125338942 ] } },
{ "type": "Feature", "properties": { "ardf_num": "NM158", "mrds_num": "A012973", "site": "Sonora Creek", "quad_250": "NM", "quad_63360": "C-2", "comm_main": "Au", "comm_other": null, "site_type": "Prospect", "status": "Inactive", "dep_model": "Alluvial placer Au ? (Cox and Singer, 1986; model 39a).", "model_code": "39a ?", "production": "None", "geol_desc": "Gold was discovered and claims located on Sonora Creek in 1900; there was some development work done in 1901 (Collier and others, 1908).  Because this location is near where Sonora Creek flows onto a marine terrace of the Norton Sound coastal plain, coast", "latitude": 64.603926136185109, "longitude": -165.92581878487306, "deposit_class": "placer" }, "geometry": { "type": "Point", "coordinates": [ -567477.817655457067303, 1677971.318355903262272 ] } },
{ "type": "Feature", "properties": { "ardf_num": "NM160", "mrds_num": "10307975", "site": "Wheel Creek", "quad_250": "NM", "quad_63360": "C-2", "comm_main": "Au", "comm_other": "Ba", "site_type": "Occurrence", "status": "Inactive", "dep_model": "Alluvial placer Au (Cox and Singer, 1986; model 39a).", "model_code": "39a", "production": "None", "geol_desc": "Gold was panned on Wheel Creek in 1991 during the Kennecott Exploration Company evaluation of the area. Herreid (1970) also reported a barium geochemical anomaly on the creek.  The creek apparently follows a steep east-striking fault that cuts through mas", "latitude": 64.645733966198094, "longitude": -165.64082065912027, "deposit_class": "placer" }, "geometry": { "type": "Point", "coordinates": [ -553244.030268786707893, 1680157.363736417610198 ] } },
{ "type": "Feature", "properties": { "ardf_num": "NM162", "mrds_num": "A012970", "site": "Willow Creek", "quad_250": "NM", "quad_63360": "C-2", "comm_main": "Au", "comm_other": "Sn", "site_type": "Mine", "status": "Probably inactive", "dep_model": "Alluvial placer Au (Cox and Singer, 1986; model 39a).", "model_code": "39a", "production": "Yes", "geol_desc": "A placer gold deposit on Willow Creek was mined as early as 1914 (Eakin, 1915 [B 622-I, p. 369-370]).  Claims were patented about 1924, and activity continued at least until 1965 (Heiner and Porter, 1972, Kardex site Kx 52-100; Alaska Division of Geologic", "latitude": 64.598933738065639, "longitude": -165.6950222891177, "deposit_class": "placer" }, "geometry": { "type": "Point", "coordinates": [ -556708.078188300365582, 1675469.711304880445823 ] } },
{ "type": "Feature", "properties": { "ardf_num": "NM163", "mrds_num": "A012785", "site": "Steiner", "quad_250": "NM", "quad_63360": "C-2", "comm_main": "Au", "comm_other": null, "site_type": "Prospect", "status": "Inactive", "dep_model": "Low-sulfide Au-quartz vein (Cox and Singer, 1986; model 36a).", "model_code": "36a", "production": "No", "geol_desc": "Cathcart (1922, p. 256) reports that a 105-foot shaft was sunk on a 5- to10- foot-wide, east-striking, quartz-feldspar vein.  The vein was followed 60 feet in the shaft and lost.  Values of 7 dollars per ton (about 0.35 ounce of gold per ton) were reporte", "latitude": 64.591033182960913, "longitude": -165.68781956761688, "deposit_class": "lode" }, "geometry": { "type": "Point", "coordinates": [ -556523.083346314495429, 1674541.5550589018967 ] } },
{ "type": "Feature", "properties": { "ardf_num": "NM165", "mrds_num": "D002583; A012823", "site": "Boulder Creek; Claus Rodine", "quad_250": "NM", "quad_63360": "C-2", "comm_main": "As, Sb", "comm_other": "Au, Pb, W", "site_type": "Prospect", "status": "Inactive", "dep_model": "Low-sulfide Au-quartz veins (Cox and Singer, 1986; model 36a).", "model_code": "36a", "production": "None", "geol_desc": "The Boulder Creek or Claus Rodine prospect is a complex deposit related generally to the Rodine fault (Bundtzen and others, 1994).  The prospect was first reported by Mertie (1918 [B 662-I, p. 427-429]), who noted that a 50-pound pod of stibnite had been", "latitude": 64.649732922323977, "longitude": -165.52060933779737, "deposit_class": "lode" }, "geometry": { "type": "Point", "coordinates": [ -547511.571563390898518, 1679600.455247671576217 ] } },
{ "type": "Feature", "properties": { "ardf_num": "NM166", "mrds_num": "A012893; D002580", "site": "Twin Mountain Creek (Yellow Bird claims)", "quad_250": "NM", "quad_63360": "C-2", "comm_main": "Au", "comm_other": "W", "site_type": "Mine", "status": "Inactive", "dep_model": "Alluvial placer Au-W and residual deposits (Cox and Singer, 1986; model 39a).", "model_code": "39a", "production": "Yes; small", "geol_desc": "A shallow placer deposit on Twin Mountain Creek (shown as Twin Mtn Ck on the map) just above Boulder Creek was worked in 1903 and earlier, but apparently without profit (Collier and others, 1908, p. 197).  Prospecting during World War I resulted in discov", "latitude": 64.659833139619238, "longitude": -165.50270892091154, "deposit_class": "placer" }, "geometry": { "type": "Point", "coordinates": [ -546475.215819445555098, 1680562.846733510727063 ] } },
{ "type": "Feature", "properties": { "ardf_num": "NM167", "mrds_num": "A012824; A012820", "site": "Unnamed (Boulder Creek east bench)", "quad_250": "NM", "quad_63360": "C-2", "comm_main": "Au", "comm_other": "As, W (?)", "site_type": "Prospect", "status": "Inactive", "dep_model": "Low-sulfide Au-quartz veins (Cox and Singer, 1986; model 36a).", "model_code": "36a", "production": "None", "geol_desc": "This prospect was discovered in 1992 by following up results of a soil geochemistry survey.  Mineralization continues to the south and the prospect is also probably related to quartz and sulfide vein mineralization reported as the Dakota group of some 13", "latitude": 64.649532793716602, "longitude": -165.50460787358114, "deposit_class": "lode" }, "geometry": { "type": "Point", "coordinates": [ -546762.585348755703308, 1679446.634306356543675 ] } },
{ "type": "Feature", "properties": { "ardf_num": "NM168", "mrds_num": "AO12892; D002584", "site": "Boulder Creek", "quad_250": "NM", "quad_63360": "C-2", "comm_main": "Au", "comm_other": "Bi, Sb, W", "site_type": "Mine", "status": "Inactive", "dep_model": "Alluvial placer Au (Cox and Singer, 1986; model 39a).", "model_code": "39a", "production": "Yes; medium", "geol_desc": "An alluvial placer gold deposit was worked downstream from the Boulder Creek lode prospect (NM165) over a distance of about a mile. The locality was known shortly after the discovery of the Nome district (Collier and others, 1908, p. 196), and mining clai", "latitude": 64.646532732570378, "longitude": -165.50990800848268, "deposit_class": "placer" }, "geometry": { "type": "Point", "coordinates": [ -547069.66331164073199, 1679160.623974585207179 ] } },
{ "type": "Feature", "properties": { "ardf_num": "NM169", "mrds_num": "A012969; D002591", "site": "Sledge Creek", "quad_250": "NM", "quad_63360": "C-2", "comm_main": "Au", "comm_other": "Ag, Sn, W", "site_type": "Prospect", "status": "Probably inactive", "dep_model": "Alluvial placer Au (Cox and Singer, 1986; model 39a).", "model_code": "39a", "production": "Yes; small", "geol_desc": "Sledge Creek has been mined at the surface in a shallow deposit near where the creek emerges from the hills and enters the Snake River valley. Drift mining at two unknown locations was also reported by Mertie (1918 [B 662-I, p. 454]).  Patented claim U.S.", "latitude": 64.636232353613337, "longitude": -165.50680652865341, "deposit_class": "placer" }, "geometry": { "type": "Point", "coordinates": [ -547121.826879276195541, 1678003.219483805354685 ] } },
{ "type": "Feature", "properties": { "ardf_num": "NM170", "mrds_num": "10307978", "site": "Unnamed (Sledge Creek)", "quad_250": "NM", "quad_63360": "C-2", "comm_main": "Au (?)", "comm_other": null, "site_type": "Occurrence", "status": "Inactive", "dep_model": "Low-sulfide Au-quartz vein? (Cox and Singer, 1986; model 36a).", "model_code": "36a?", "production": "None", "geol_desc": "Quartz-feldspar veins crop out south of Sledge Creek just upstream of where Sledge Creek enters onto the Snake River valley and about 700 feet upslope from a water ditch.  This occurrence appears to be similar to a quartz-feldspar vein described by Cathca", "latitude": 64.633232314629964, "longitude": -165.5131068056007, "deposit_class": "lode" }, "geometry": { "type": "Point", "coordinates": [ -547476.113496076781303, 1677725.480227252235636 ] } },
{ "type": "Feature", "properties": { "ardf_num": "NM171", "mrds_num": "10307979", "site": "Alpha Ridge", "quad_250": "NM", "quad_63360": "C-2", "comm_main": "Au", "comm_other": "Ag, As, Pb, Sb, Zn", "site_type": "Prospect", "status": "Probably inactive", "dep_model": "Low-sulfide Au-quartz veins ? (Cox and Singer, 1986; model 36a).", "model_code": "36a?", "production": "None", "geol_desc": "The Alpha Ridge prospect is an old prospect but its location was first reported by Sainsbury and others (1972 [OFR 72-321]).  It was explored by Kennecott Exploration Company from 1990 to 1993.  A series of soil samples collected in a reconnaissance surve", "latitude": 64.625932176154379, "longitude": -165.5224069445099, "deposit_class": "lode" }, "geometry": { "type": "Point", "coordinates": [ -548054.501980863744393, 1677000.020795981166884 ] } },
{ "type": "Feature", "properties": { "ardf_num": "NM172", "mrds_num": "A012901", "site": "Monument Creek; Poorman Bench", "quad_250": "NM", "quad_63360": "C-2", "comm_main": "Au", "comm_other": "Ag, Sn", "site_type": "Mine", "status": "Probably inactive", "dep_model": "Alluvial placer Au (Cox and Singer, 1986; model 39a).", "model_code": "39a", "production": "Yes; medium", "geol_desc": "The placer deposit on Monument Creek was apparently discovered after the discovery of a rich, shallow bench, called the Poorman bench, on the north side of the creek.  The pay streak on the bench was discovered in 1918 and mined immediately; it was about", "latitude": 64.596131131116422, "longitude": -165.51339693422554, "deposit_class": "placer" }, "geometry": { "type": "Point", "coordinates": [ -548203.743647914845496, 1673650.911511687329039 ] } },
{ "type": "Feature", "properties": { "ardf_num": "NM173", "mrds_num": "A012877", "site": "Sunset Creek", "quad_250": "NM", "quad_63360": "C-2", "comm_main": "Au", "comm_other": null, "site_type": "Mine", "status": "Inactive", "dep_model": "Alluvial placer Au and beach placers (Cox and Singer, 1986; model 39a).", "model_code": "39a", "production": "Yes; medium", "geol_desc": "This is probably a complex placer deposit developed, in part, by beach reworking of gold-bearing alluvium on the edge of the coastal plain where it is cut by Sunset Creek.  The deposit was correlated with Third Beach deposits by 1907 (Smith, 1908, p. 214)", "latitude": 64.601731778076939, "longitude": -165.5633050353818, "deposit_class": "placer" }, "geometry": { "type": "Point", "coordinates": [ -550447.835247319657356, 1674679.146942939376459 ] } },
{ "type": "Feature", "properties": { "ardf_num": "NM176", "mrds_num": "A012875", "site": "May Gulch", "quad_250": "NM", "quad_63360": "C-2", "comm_main": "Au", "comm_other": null, "site_type": "Mine", "status": "Probably inactive", "dep_model": "Alluvial placer Au (Cox and Singer, 1986; model 39a).", "model_code": "39a", "production": "Yes; small", "geol_desc": "Collier and others (1908, p. 215) reported that prospect holes sunk 20 feet into washed gravel found small gold flecks throughout the gravel.  The prospect holes did not encounter bedrock.  Bundtzen and others (1994) mapped some placer tailings in the low", "latitude": 64.655334697126861, "longitude": -165.66962512278687, "deposit_class": "placer" }, "geometry": { "type": "Point", "coordinates": [ -554411.668798523256555, 1681452.123962309909984 ] } },
{ "type": "Feature", "properties": { "ardf_num": "NM177", "mrds_num": "A012873", "site": "Trilby Creek", "quad_250": "NM", "quad_63360": "C-2", "comm_main": "Au", "comm_other": null, "site_type": "Mine", "status": "Inactive", "dep_model": "Alluvial placer Au (Cox and Singer, 1986; model 39a).", "model_code": "39a", "production": "Yes; small", "geol_desc": "Trilby Creek produced about 250 ounces of gold (5,000 dollars) before 1903 from a placer on the north side of Hungry Creek.  When the area was visited by the U.S. Geological Survey in 1903, there had been no development work that year because of the dryne", "latitude": 64.668135279110203, "longitude": -165.69372888579144, "deposit_class": "placer" }, "geometry": { "type": "Point", "coordinates": [ -555294.83172393462155, 1683059.40546950371936 ] } },
{ "type": "Feature", "properties": { "ardf_num": "NM180", "mrds_num": "10307983", "site": "Penny River", "quad_250": "NM", "quad_63360": "C-2", "comm_main": "Au", "comm_other": null, "site_type": "Mine", "status": "Probably inactive", "dep_model": "Placer Au; alluvial or beach placer (Cox and Singer, 1986; model 39a).", "model_code": "39a", "production": "Undetermined", "geol_desc": "A placer mine was shown by Sainsbury and others (1972 [OFR 72-321]) on the east side of Penny River 1.3 miles upstream from its mouth. It is not known if this placer is in the Penny River alluvium or if it is associated with raised beach deposits of the c", "latitude": 64.623335327912301, "longitude": -165.7085295456443, "deposit_class": "placer" }, "geometry": { "type": "Point", "coordinates": [ -556866.919165165163577, 1678263.059298817301169 ] } },
{ "type": "Feature", "properties": { "ardf_num": "NM182", "mrds_num": "10307985", "site": "Snake River (lower)", "quad_250": "NM", "quad_63360": "C-2", "comm_main": "Au", "comm_other": null, "site_type": "Mine", "status": "Probably inactive", "dep_model": "Alluvial placer Au (Cox and Singer, 1986; model 39a).", "model_code": "39a", "production": "Undetermined.", "geol_desc": "The entire Snake River drainage south of Last Chance Creek in the Nome C-1 quadrangle was reported as auriferous by Collier and others (1908) but not in economic quantities.  This site, reported as a mine by Sainsbury and others (1972 [OFR 72-321]),  was", "latitude": 64.6443330448014, "longitude": -165.55571201859081, "deposit_class": "placer" }, "geometry": { "type": "Point", "coordinates": [ -549267.253444432397373, 1679297.003223329316825 ] } },
{ "type": "Feature", "properties": { "ardf_num": "NM183", "mrds_num": "10307986", "site": "Unnamed (north of Boulder Creek; near hill 1293)", "quad_250": "NM", "quad_63360": "C-2", "comm_main": "Au", "comm_other": "As, Pb, Zn", "site_type": "Occurrence", "status": "Inactive", "dep_model": "Low-sulfide Au-quartz veins? (Cox and Singer, 1986; model 36a).", "model_code": "36a?", "production": "None", "geol_desc": "Mineralized schist crops out south of hill 1293 on the ridge crest northwest of theTwin Mountain Creek prospect (NM166).  The occurrence was found as a result of a soil geochemistry survey of the Boulder-Twin Mountain Creek area by Kennecott Exploration C", "latitude": 64.662633331634112, "longitude": -165.5195106445849, "deposit_class": "lode" }, "geometry": { "type": "Point", "coordinates": [ -547211.511721096816473, 1681008.882888400228694 ] } },
{ "type": "Feature", "properties": { "ardf_num": "NM184", "mrds_num": "10307987", "site": "Penny River", "quad_250": "NM", "quad_63360": "C-2", "comm_main": "Au", "comm_other": null, "site_type": "Prospects", "status": "Probably inactive", "dep_model": "Alluvial placer Au (Cox and Singer, 1986; model 39a).", "model_code": "39a", "production": "Undetermined", "geol_desc": "Penny River parallels or follows the Penny River fault over most of its length (Bundtzen and others, 1994), and several mineralized areas are present along or near this fault.  Although patented mining claims exist along this part of Penny River, there is", "latitude": 64.58983253171489, "longitude": -165.65921526447266, "deposit_class": "placer" }, "geometry": { "type": "Point", "coordinates": [ -555198.506180817843415, 1674170.251617453061044 ] } },
{ "type": "Feature", "properties": { "ardf_num": "NM185", "mrds_num": "10307988", "site": "Russel Creek", "quad_250": "NM", "quad_63360": "C-2", "comm_main": "Au", "comm_other": null, "site_type": "Prospect", "status": "Probably inactive", "dep_model": "Alluvial placer Au (Cox and Singer, 1986, model 39a).", "model_code": "39a", "production": "Undetermined", "geol_desc": "Russel Creek is a short and fairly steep creek between Monument Creek (NM172) and Sunset Creek (NM173), west tributaries to Snake River. One claim was located and patented (U.S. Mineral Survey No. 757) where the stream gradient decreases to approximate th", "latitude": 64.59283104500085, "longitude": -165.5154961753949, "deposit_class": "placer" }, "geometry": { "type": "Point", "coordinates": [ -548366.214073011884466, 1673305.594356112880632 ] } },
{ "type": "Feature", "properties": { "ardf_num": "NM186", "mrds_num": "10307989", "site": "Twin Mountain", "quad_250": "NM", "quad_63360": "C-1", "comm_main": "Ag, Au, Pb, Zn", "comm_other": null, "site_type": "Prospect", "status": "Probably inactive", "dep_model": "Low-sulfide Au-quartz veins (Cox and Singer, 1986; model 36a); massive quartz-sulfide masses in schist.", "model_code": "36a", "production": "None", "geol_desc": "Mineral deposits at Twin Mountain consist of nearly stratabound zones of sulfidized schist flanked to the north by zones of nearly horizontal white quartz veins.  In plan, the deposit is at least 700 feet long, as much as 120 feet across in a north-south", "latitude": 64.676133862254005, "longitude": -165.49741105172515, "deposit_class": "lode" }, "geometry": { "type": "Point", "coordinates": [ -545912.808918439666741, 1682310.443401163676754 ] } },
{ "type": "Feature", "properties": { "ardf_num": "NM189", "mrds_num": "A012821", "site": "Lilly", "quad_250": "NM", "quad_63360": "C-1", "comm_main": "Au", "comm_other": null, "site_type": "Prospect", "status": "Inactive", "dep_model": "Low-sulfide Au-quartz veins (Cox and Singer, 1986; model 36a).", "model_code": "36a", "production": "None", "geol_desc": "The Lilly prospect consists of pyrite and arsenopyrite in quartz veins and disseminated in silicified graphitic marble and schist near old prospect pits that probably are just east of the Rodine fault (Bundtzen and others, 1994).  Soil samples in the area", "latitude": 64.677734430488442, "longitude": -165.47981193552158, "deposit_class": "lode" }, "geometry": { "type": "Point", "coordinates": [ -545054.815522872842848, 1682341.766482371371239 ] } },
{ "type": "Feature", "properties": { "ardf_num": "NM190", "mrds_num": "10307991", "site": "Unnamed (east flank of NorthTwin Mountain)", "quad_250": "NM", "quad_63360": "C-1", "comm_main": "Au", "comm_other": null, "site_type": "Mine", "status": "Inactive", "dep_model": "Alluvial placer Au (Cox and Singer, 1986; model 39a).", "model_code": "39a", "production": "Yes; small", "geol_desc": "A small hillside placer gold mine was worked by hand methods in the head of a gulch to the east and south of the Lilly lode (NM189). The gulch contains locally derived quartz boulders.  Although only low-grade material has been found at the Lilly and near", "latitude": 64.674234675403696, "longitude": -165.46771205404926, "deposit_class": "placer" }, "geometry": { "type": "Point", "coordinates": [ -544553.122966610244475, 1681857.920136040076613 ] } },
{ "type": "Feature", "properties": { "ardf_num": "NM191", "mrds_num": "D002576", "site": "Butterfield Canyon", "quad_250": "NM", "quad_63360": "C-1", "comm_main": "Au", "comm_other": "W", "site_type": "Mine", "status": "Inactive", "dep_model": "Alluvial placer Au (Cox and Singer, 1986; model 39a).", "model_code": "39a", "production": "Yes; small", "geol_desc": "Butterfield Creek has been placer mined for approximately 2,000 feet above its confluence with Bangor Creek (NM192).  The source of the placer gold appears to be lode deposits at an elevation of 400 to 500 feet southeast of the placer workings.  This zone", "latitude": 64.688834638511693, "longitude": -165.4852129515555, "deposit_class": "placer" }, "geometry": { "type": "Point", "coordinates": [ -545095.619450324913487, 1683605.845855095190927 ] } },
{ "type": "Feature", "properties": { "ardf_num": "NM192", "mrds_num": "A012890; D002574", "site": "Bangor Creek", "quad_250": "NM", "quad_63360": "C-1", "comm_main": "Au", "comm_other": "Ag, W", "site_type": "Mine", "status": "Inactive", "dep_model": "Alluvial placer Au (Cox and Singer, 1986; model 39a).", "model_code": "39a", "production": "Yes", "geol_desc": "Bangor Creek was placer mined for about 1,500 feet above its confluence  with Butterfield Creek and for more than a mile below the confluence.  Mining probably began in Bangor Creek as early as 1906 (Brooks, 1911) and continued to 1914 when a 3.5 foot buc", "latitude": 64.689035112293936, "longitude": -165.46841355773108, "deposit_class": "placer" }, "geometry": { "type": "Point", "coordinates": [ -544302.414117811713368, 1683490.087622642284259 ] } },
{ "type": "Feature", "properties": { "ardf_num": "NM193", "mrds_num": "10307992", "site": "Jarosa Ridge", "quad_250": "NM", "quad_63360": "C-1", "comm_main": "Au", "comm_other": "As, Sb", "site_type": "Prospect", "status": "Inactive", "dep_model": "Possibly low sulfide, Au-quartz veins (Cox and Singer, 1986; model 36a).", "model_code": "36a?", "production": "None", "geol_desc": "This is an old prospect that has apparently not been previously reported.  Workings consist of at least six prospect pits or shallow shafts.  A local soil geochemical survey in the 1990's found as much as 990 ppb gold, greater than 10,000 ppm arsenic, and", "latitude": 64.704735092030418, "longitude": -165.48791463824114, "deposit_class": "lode" }, "geometry": { "type": "Point", "coordinates": [ -544917.282647739280947, 1685375.189762470312417 ] } },
{ "type": "Feature", "properties": { "ardf_num": "NM194", "mrds_num": "10307993", "site": "Last Chance Creek (west bench)", "quad_250": "NM", "quad_63360": "C-1", "comm_main": "Au", "comm_other": "Ag", "site_type": "Mine", "status": "Inactive", "dep_model": "Alluvial placer Au (Cox and Singer, 1986; model 39a).", "model_code": "39a", "production": "Yes; small", "geol_desc": "A bench placer was mined about 500 to 600 feet west of Last Chance Creek, immediately above its confluence with North Fork.  The pit is oriented northeast, parallel to the modern drainage.  The placer was mined hydraulically to bedrock for a distance of a", "latitude": 64.72063624312581, "longitude": -165.46201696466971, "deposit_class": "placer" }, "geometry": { "type": "Point", "coordinates": [ -543396.485285372124054, 1686910.25038597616367 ] } },
{ "type": "Feature", "properties": { "ardf_num": "NM195", "mrds_num": "A012825; A012815", "site": "Unnamed (lower Boulder Creek)", "quad_250": "NM", "quad_63360": "C-1", "comm_main": "Au", "comm_other": null, "site_type": "Prospect", "status": "Inactive", "dep_model": "Low-sulfide Au-quartz veins (Cox and Singer, 1986; model 36a).", "model_code": "36a", "production": "Undetermined", "geol_desc": "Auriferous quartz veins near the mouth of Boulder Creek were reported to contain 0.15 to 0.20 ounce of gold per ton (Collier and others, 1908, p. 196).  Mertie (1918) reported a gold-bearing quartz vein in the bed of Boulder Creek on placer claim No. 1 Be", "latitude": 64.643332717783153, "longitude": -165.49790721584333, "deposit_class": "lode" }, "geometry": { "type": "Point", "coordinates": [ -546566.471486895112321, 1678710.176302327774465 ] } },
{ "type": "Feature", "properties": { "ardf_num": "NM196", "mrds_num": "A012900", "site": "Alpha Creek", "quad_250": "NM", "quad_63360": "C-1", "comm_main": "Au", "comm_other": null, "site_type": "Mine", "status": "Inactive", "dep_model": "Alluvial placer Au (Cox and Singer, 1986; model 36a); possibly partly residual.", "model_code": "39a", "production": "Yes; small", "geol_desc": "The Alpha Creek placer deposit is on the flood plain of Snake River on the flank of the range of hills that extends from Monument Creek to Sledge Creek.   On the basis of the configuration of tailings, the placer deposit was surface mined by scraper and g", "latitude": 64.625532161302672, "longitude": -165.49630524477698, "deposit_class": "placer" }, "geometry": { "type": "Point", "coordinates": [ -546833.121304593980312, 1676740.901177419349551 ] } },
{ "type": "Feature", "properties": { "ardf_num": "NM197", "mrds_num": "A012836", "site": "Gold Hill", "quad_250": "NM", "quad_63360": "C-1", "comm_main": "Ag, Au", "comm_other": "Sb", "site_type": "Prospect", "status": "Inactive", "dep_model": "Low-sulfide Au-quartz veins (Cox and Singer, 1986; model 36a).", "model_code": "36a", "production": "None", "geol_desc": "The Gold Hill prospect is on a low bedrock hill tht is thinly covered by soil. Several subdued and sloughed prospect pits are near  the crest of the hill, and another pit is on the southeast flank of the hill just above Snake River.  Cathcart (1922, p. 24", "latitude": 64.606532145723051, "longitude": -165.48120084910047, "deposit_class": "lode" }, "geometry": { "type": "Point", "coordinates": [ -546486.464448884711601, 1674528.572184002492577 ] } },
{ "type": "Feature", "properties": { "ardf_num": "NM198", "mrds_num": "A012819; A012878", "site": "Pioneer Gulch", "quad_250": "NM", "quad_63360": "C-1", "comm_main": "Ag, Au", "comm_other": null, "site_type": "Mine", "status": "Inactive", "dep_model": "Alluvial placer Au, in part residual, and low-sulfide Au-quartz veins (Cox and Singer, 1986; models 39a and 36a).", "model_code": "39a and 36A", "production": "Yes; small", "geol_desc": "A partly residual alluvial gold placer was mined in Pioneer Gulch as early as 1903 (Collier and others, 1908).  Its discovery must have occurred early in the history of the Nome District because a 4.5 mile-long ditch had been constructed from Last Chance", "latitude": 64.694536517756575, "longitude": -165.42291560048244, "deposit_class": "placer" }, "geometry": { "type": "Point", "coordinates": [ -542059.382965798838995, 1683722.530990368686616 ] } },
{ "type": "Feature", "properties": { "ardf_num": "NM199", "mrds_num": "A012886", "site": "Grub Gulch", "quad_250": "NM", "quad_63360": "C-1", "comm_main": "Au", "comm_other": null, "site_type": "Mine", "status": "Inactive", "dep_model": "Alluvial placer Au (Cox and Singer, 1986; model 39a).", "model_code": "39a", "production": "Yes; small", "geol_desc": "The lower half-mile or so of Grub Gulch, at surface elevations less than 300 feet, was placer mined by hand or horse-drawn scrapers and apparently worked out before 1905 (Collier and others, 1908; Moffit, 1913).  The pay streak was 40 feet wide and 5 to 6", "latitude": 64.718737954318769, "longitude": -165.38911836905322, "deposit_class": "placer" }, "geometry": { "type": "Point", "coordinates": [ -540010.667628877097741, 1686107.015208988217637 ] } },
{ "type": "Feature", "properties": { "ardf_num": "NM200", "mrds_num": "A012889; D002579", "site": "Seattle Creek", "quad_250": "NM", "quad_63360": "C-1", "comm_main": "W", "comm_other": "Au", "site_type": "Mine", "status": "Inactive", "dep_model": "Alluvial placer containing scheelite and gold (Cox and Singer, 1986; model 39a).", "model_code": "39a", "production": "Yes; small", "geol_desc": "Seattle Creek was examined during WW II and found to contain possibly important amounts of placer scheelite (Coats, 1944).  Bedrock in the area includes graphitic mica schist, marble, and calc-muscovite schist, units that are probably of early Paleozoic p", "latitude": 64.695337536515737, "longitude": -165.38601684953275, "deposit_class": "placer" }, "geometry": { "type": "Point", "coordinates": [ -540310.375617192592472, 1683509.879067053319886 ] } },
{ "type": "Feature", "properties": { "ardf_num": "NM201", "mrds_num": "A012891; D002577", "site": "Divining Creek", "quad_250": "NM", "quad_63360": null, "comm_main": "Au, W", "comm_other": null, "site_type": "Prospect", "status": "Inactive", "dep_model": "Alluvial placer Au and scheelite deposit (Cox and Singer, 1986; model 39a).", "model_code": "39a", "production": "Undetermined.", "geol_desc": "Divining Creek reportedly contains small amounts of placer gold and scheelite in 5- to 6-foot-thick gravels that are as much as 125 feet wide and extend along about 4,000 feet of the creek (Thorne and others, 1948).  There is no reported mining.  Bedrock", "latitude": 64.656935496430577, "longitude": -165.42491235117458, "deposit_class": "placer" }, "geometry": { "type": "Point", "coordinates": [ -542871.219714519917034, 1679606.358568003633991 ] } },
{ "type": "Feature", "properties": { "ardf_num": "NM202", "mrds_num": "A012826", "site": "Goodluck Gulch", "quad_250": "NM", "quad_63360": "C-1", "comm_main": "Au", "comm_other": "Ag, W", "site_type": "Prospect", "status": "Inactive", "dep_model": "Low-sulfide Au-quartz veins (Cox and Singer, 1986; model 36a); a residual gold placer is also developed on the lode.", "model_code": "36a", "production": "None", "geol_desc": "A deposit at Goodluck Gulch, approximately located by Hummel (locality 4, 1962 [MF 247]) was relocated by Kennecott Exploration Company in 1995.  It apparently was first reported by Moffit (1913, p. 131) who noted: 'A large amount of highly mineralized qu", "latitude": 64.643933943628866, "longitude": -165.46160925702645, "deposit_class": "lode" }, "geometry": { "type": "Point", "coordinates": [ -544846.680803569266573, 1678477.982472919393331 ] } },
{ "type": "Feature", "properties": { "ardf_num": "NM203", "mrds_num": "A012894; D002582", "site": "Balto Creek (Marcus; Hunch; Agnes Association)", "quad_250": "NM", "quad_63360": "C-1", "comm_main": "Au", "comm_other": "W", "site_type": "Mine", "status": "Probably inactive", "dep_model": "Alluvial placer Au  (Cox and Singer, 1986; model 39a).", "model_code": "39a", "production": "Yes; small", "geol_desc": "Some placer gold mining occurred on Balto Creek in the early 1900s(Collier and others, 1908; Chapin, 1914 [B 592-L, p. 397-407]).  The gold-bearing gravels were as much as 25 feet wide, 4 to 5 feet thick, and extended along the creek for about one-half mi", "latitude": 64.635233873455775, "longitude": -165.4560087070405, "deposit_class": "placer" }, "geometry": { "type": "Point", "coordinates": [ -544749.687125066993758, 1677475.906711482442915 ] } },
{ "type": "Feature", "properties": { "ardf_num": "NM204", "mrds_num": "A012829; D002588; A012895", "site": "Prospect Creek", "quad_250": "NM", "quad_63360": "C-1", "comm_main": "Au, Bi (?), Cu (?), Pb, W", "comm_other": null, "site_type": "Mine", "status": "Inactive", "dep_model": "Polymetallic vein(?); alluvial placer Au (Cox and Singer, 1986; models 22c and 39a).", "model_code": "22c? and 39a", "production": "Yes; small", "geol_desc": "Small amounts of placer gold and scheelite occur in Prospect Creek gravels (Anderson, 1947; Thorne and others, 1948).  One claim (the Terri) was surveyed for patent in 1976, and patent was granted in 1977 (U.S. Mineral Survey No. 2270.  The Terri claim an", "latitude": 64.629733774372355, "longitude": -165.45420827591695, "deposit_class": "placer" }, "geometry": { "type": "Point", "coordinates": [ -544770.226729387766682, 1676856.668493818957359 ] } },
{ "type": "Feature", "properties": { "ardf_num": "NM205", "mrds_num": "A012896; D002587", "site": "Lindblom Creek", "quad_250": "NM", "quad_63360": "C-1", "comm_main": "Au", "comm_other": "W", "site_type": "Mine", "status": "Inactive", "dep_model": "Alluvial placer gold deposit probably in part developed as a residual placer on sulfidized (arsenopyrite) schist. (Cox and Singer, 1986; model 39a).", "model_code": "39a", "production": "Yes; small", "geol_desc": "Small amounts of placer gold and scheelite are present on Lindblom Creek.  Some placer gold was produced from 4- to 5-foot-thick gravels in the narrow, 25-foot-wide part of the upper creek (Collier and others, 1908; Moffit, 1913).  Some scheelite-bearing", "latitude": 64.621433854740715, "longitude": -165.44540762973617, "deposit_class": "placer" }, "geometry": { "type": "Point", "coordinates": [ -544514.60232042951975, 1675872.297454211162403 ] } },
{ "type": "Feature", "properties": { "ardf_num": "NM206", "mrds_num": "10307994", "site": "Unnamed (Lindblom Pit lode and lode on Byron Association Placer claim, U.S. Mineral Survey No. 1835)", "quad_250": "NM", "quad_63360": "C-1", "comm_main": "Au", "comm_other": "Ag, Pb, Zn", "site_type": "Prospect", "status": "Active?", "dep_model": "Low-sulfide Au-quartz veins (Cox and Singer, 1986; model 36a).", "model_code": "36a", "production": "None", "geol_desc": "The informally named Lindblom Pit prospect crops out and is exposed in trenches between elevations of about 300 to 400 feet on the hill slope between Lindblom and Rock Creeks. The deposit consists of sulfide-bearing sheeted quartz veins that cut pelitic s", "latitude": 64.618234010722986, "longitude": -165.43880734863959, "deposit_class": "lode" }, "geometry": { "type": "Point", "coordinates": [ -544264.888801615103148, 1675466.506669147871435 ] } },
{ "type": "Feature", "properties": { "ardf_num": "NM207", "mrds_num": "D002590; A012834", "site": "Rock Creek (lode); Nugent", "quad_250": "NM", "quad_63360": "C-1", "comm_main": "Au", "comm_other": "Ag, Pb, Sb, W, Zn", "site_type": "Prospect", "status": "Active", "dep_model": "Low-sulfide Au-quartz veins (Cox and Singer, 1986; model 36a)", "model_code": "36a", "production": "Undetermined", "geol_desc": "Gold-bearing, northeast-striking quartz veins in schist were known on Rock Creek by 1903 (Collier and others, 1908).  Sheeted veins were later described, massive veins were locally worked, and some residual placer gold and scheelite were produced from wea", "latitude": 64.614034564680054, "longitude": -165.42070782580316, "deposit_class": "lode" }, "geometry": { "type": "Point", "coordinates": [ -543492.385919957887381, 1674856.711636654101312 ] } },
{ "type": "Feature", "properties": { "ardf_num": "NM208", "mrds_num": "A012888; D002593; A012899", "site": "Sophie Gulch (Rock Creek)", "quad_250": "NM", "quad_63360": "C-1", "comm_main": "Au, W", "comm_other": "Pb", "site_type": "Mine", "status": "Active", "dep_model": "Low-sulfide Au-quartz veins (Cox and Singer, 1986; model 36a); residual scheelite placer.", "model_code": "36a", "production": "Yes; small", "geol_desc": "Sophie Gulch was placer mined for tungsten (scheelite) in 1916 (Mertie, 1918 [B 662-I, p. 457]); presumably some gold was also recovered.  The mine location was about 300 feet above the point where Sophie Gulch enters the flood plain of Rock Creek.  The t", "latitude": 64.613034628767906, "longitude": -165.41830782102176, "deposit_class": "lode" }, "geometry": { "type": "Point", "coordinates": [ -543398.386841982952319, 1674727.164409047458321 ] } },
{ "type": "Feature", "properties": { "ardf_num": "NM209", "mrds_num": "A012897", "site": "Rock Creek (placer)", "quad_250": "NM", "quad_63360": "C-1", "comm_main": "Au", "comm_other": "Ag", "site_type": "Mine", "status": "Inactive", "dep_model": "Alluvial placer Au (Cox and Singer, 1986; model 39a).", "model_code": "39a", "production": "Yes", "geol_desc": "The main Rock Creek placer deposit is an alluvial placer developed in the flood plain of modern Rock Creek.  The deposit was discovered by Lindeberg, Lindblom, and Brynetson in the fall of 1898 within a few days or weeks of the discovery of the Anvil Cree", "latitude": 64.610934524734475, "longitude": -165.41980728739344, "deposit_class": "placer" }, "geometry": { "type": "Point", "coordinates": [ -543509.131045382237062, 1674508.601296731969342 ] } },
{ "type": "Feature", "properties": { "ardf_num": "NM210", "mrds_num": "10307995", "site": "Rock Creek (bench placer)", "quad_250": "NM", "quad_63360": "C-1", "comm_main": "Au", "comm_other": "Ag, W (?)", "site_type": "Mine", "status": "Inactive", "dep_model": "Alluvial placer Au (Cox and Singer, 1986; model 39a).", "model_code": "39a", "production": "Yes; small", "geol_desc": "An elevated alluvial (bench) placer is partly preserved west of Rock Creek on the south part of Arsenic Hill.  The base of the channel is at an elevation of about 220 feet, or about  20 feet higher than the base of the alluvium in modern Rock Creek to the", "latitude": 64.612534361229052, "longitude": -165.42530715477818, "deposit_class": "placer" }, "geometry": { "type": "Point", "coordinates": [ -543737.748251843848266, 1674729.466694378759712 ] } },
{ "type": "Feature", "properties": { "ardf_num": "NM211", "mrds_num": "A012831", "site": "Albion", "quad_250": "NM", "quad_63360": "C-1", "comm_main": "Au", "comm_other": "Ag", "site_type": "Prospect", "status": "Undetermined", "dep_model": "Low-sulfide Au-quartz veins (Cox and Singer, 1986; model 36a).", "model_code": "36a", "production": "No", "geol_desc": "The Albion deposit originally was developed by a shaft reportedly on the north side of Albion Creek (Cathcart, 1922, p. 247), possibly on a bench claim originally located in 1900.  This claim was surveyed and patented by Daniel B. Camp in 1908 and called", "latitude": 64.619035060355813, "longitude": -165.41020956191082, "deposit_class": "lode" }, "geometry": { "type": "Point", "coordinates": [ -542902.344000866753049, 1675320.475325009087101 ] } },
{ "type": "Feature", "properties": { "ardf_num": "NM212", "mrds_num": "10307996", "site": "Unnamed (lode in Calle Creek area)", "quad_250": "NM", "quad_63360": "C-1", "comm_main": "Au", "comm_other": "Ag", "site_type": "Prospect", "status": "Active?", "dep_model": "Low sulfide Au-quartz veins (Cox and Singer, 1986; model 36a).", "model_code": "36a", "production": "None", "geol_desc": "The mineralized Calle Creek fault subcrops about 350 southeast of Rock Creek and can be traced, mainly in drill holes, for at least 1,200 feet nearly parallel to the creek.  It strikes about N 45 E, dips steeply to the northwest, and ranges from 20 to 50", "latitude": 64.617034913797269, "longitude": -165.41300899123237, "deposit_class": "lode" }, "geometry": { "type": "Point", "coordinates": [ -543072.386458483873866, 1675123.514918306143954 ] } },
{ "type": "Feature", "properties": { "ardf_num": "NM213", "mrds_num": "A012833", "site": "Reinisch (Arsenic Hill)", "quad_250": "NM", "quad_63360": "C-1", "comm_main": "Au", "comm_other": "Ag", "site_type": "Prospect", "status": "Active?", "dep_model": "Low-sulfide Au-quartz veins (Cox and Singer, 1986; model 36a).", "model_code": "36a", "production": "Undetermined", "geol_desc": "Cathcart (1922, p. 245) reported free gold in vuggy crystalline quartz in  quartz-muscovite-graphite schist at this locality, which he described as a hydraulic pit (Reinisch) on a bench opposite Sophie Gulch.  In recent years this bench has been called Ar", "latitude": 64.613734422750596, "longitude": -165.42440747257774, "deposit_class": "lode" }, "geometry": { "type": "Point", "coordinates": [ -543672.437782405875623, 1674854.003897877177224 ] } },
{ "type": "Feature", "properties": { "ardf_num": "NM214", "mrds_num": "10307997", "site": "Walsh Cut (Rock Creek)", "quad_250": "NM", "quad_63360": "C-1", "comm_main": "Au", "comm_other": "Ag, Pb, Sb, W (?)", "site_type": "Mine", "status": "Probably inactive", "dep_model": "Low-sulfide Au-quartz veins (Cox and Singer, 1986; model 36a).", "model_code": "36a", "production": "Yes; small", "geol_desc": "A hydraulic pit dating originally from before 1920 mined a residual placer developed on complex gold-arsenic deposits on the side hill above and southeast of Sophie Gulch.  A narrow and irregular zone of northeast-trending sheeted quartz veins, subparalle", "latitude": 64.611034615115244, "longitude": -165.41740750786224, "deposit_class": "lode" }, "geometry": { "type": "Point", "coordinates": [ -543394.134385983459651, 1674499.96503160125576 ] } },
{ "type": "Feature", "properties": { "ardf_num": "NM215", "mrds_num": "10307998", "site": "Walsh Cut (alluvial placer)", "quad_250": "NM", "quad_63360": "C-1", "comm_main": "Au", "comm_other": "Ag, Pb, W, Sb", "site_type": "Mine", "status": "Probably inactive", "dep_model": "Alluvial placer Au (Cox and Singer, 1986; model 39a).", "model_code": "39a", "production": "None", "geol_desc": "Two distinct alluvial fans have formed below the mouth of Walsh Cut (NM214).  The lower fan resulted from hydraulic operations in Walsh Cut.   The upper and larger fan is covered with soil and vegetation.  It could have formed in part from placer mining o", "latitude": 64.611034527080548, "longitude": -165.41980730705322, "deposit_class": "placer" }, "geometry": { "type": "Point", "coordinates": [ -543507.223012067144737, 1674519.593237917171791 ] } },
{ "type": "Feature", "properties": { "ardf_num": "NM216", "mrds_num": "10307999", "site": "Unnamed (lode in lower Rock Creek)", "quad_250": "NM", "quad_63360": "C-1", "comm_main": "Au", "comm_other": "Ag, W", "site_type": "Occurrence", "status": "Probably inactive", "dep_model": "Low-sulfide Au-quartz veins (Cox and Singer, 1986; model 36a).", "model_code": "36a", "production": "Undetermined", "geol_desc": "A massive quartz vein, as much as 4 feet wide,  is exposed on the southeast side of Rock Creek about 600 feet upstream of the Snake River road (Hummel, 1962 [MF 247, locality 30]).  Exposures on the south bank of Rock Creek between the quartz vein and the", "latitude": 64.604433821028721, "longitude": -165.43460461708213, "deposit_class": "lode" }, "geometry": { "type": "Point", "coordinates": [ -544330.672541050240397, 1673915.278459042310715 ] } },
{ "type": "Feature", "properties": { "ardf_num": "NM217", "mrds_num": "A012832; D002594", "site": "Stipek and Kotovic; Bergstrom (Rock Creek)", "quad_250": "NM", "quad_63360": "C-1", "comm_main": "Au", "comm_other": "Ag", "site_type": "Prospect", "status": "Probably inactive", "dep_model": "Low-sulfide Au-quartz veins (Cox and Singer, 1986; model 36a).", "model_code": "36a", "production": "Undetermined.", "geol_desc": "This prospect was one of two known as Stipek and Kotovic; the second, on the divide between Rock Creek and Glacier Creek, is NM235.  The east side of Rock Creek was evidently being prospected by W. Stipek and J. Kotovic in 1916, when it was visited by Mer", "latitude": 64.608034172283638, "longitude": -165.42750603655404, "deposit_class": "lode" }, "geometry": { "type": "Point", "coordinates": [ -543927.321902740048245, 1674252.841838418273255 ] } },
{ "type": "Feature", "properties": { "ardf_num": "NM218", "mrds_num": "10308000", "site": "Ullrich (Judy and Deb Bench claims)", "quad_250": "NM", "quad_63360": "C-1", "comm_main": "Au", "comm_other": null, "site_type": "Mine", "status": "Probably inactive", "dep_model": "Alluvial placer Au; high-level bench deposit (Cox and Singer, 1986; model 39a).", "model_code": "39a", "production": "Yes; small", "geol_desc": "A high-level (bench) gold placer was discovered and probably mined as recently as the 1960,s.  The claims were surveyed for patent in 1976, and two were patented in 1977.  The main placer pit is excavated subparallel to a south-trending gulch into Glacier", "latitude": 64.60333501851288, "longitude": -165.40180751797593, "deposit_class": "placer" }, "geometry": { "type": "Point", "coordinates": [ -542805.74110415938776, 1673526.060402065282688 ] } },
{ "type": "Feature", "properties": { "ardf_num": "NM219", "mrds_num": "A012904", "site": "Hot Air Bench (Columbia Mine)", "quad_250": "NM", "quad_63360": "C-1", "comm_main": "Au", "comm_other": "Ag", "site_type": "Mine", "status": "Inactive", "dep_model": "Alluvial placer Au; elevated bench formed on ancestral Glacier Creek  (Cox and Singer, 1986; model 39a).", "model_code": "39a", "production": "Yes", "geol_desc": "The Hot Air Bench appears to be a true bench of Glacier Creek.  It is approximately 100 feet vertically above and 900 feet horizontally north of Glacier Creek.  Two claims of the Hot Air Mining Company were located May 28, 1899, and August 17, 1900; the c", "latitude": 64.598034573535642, "longitude": -165.41050572015035, "deposit_class": "placer" }, "geometry": { "type": "Point", "coordinates": [ -543316.855967195704579, 1673014.558778048725799 ] } },
{ "type": "Feature", "properties": { "ardf_num": "NM220", "mrds_num": "A012830; D002585", "site": "Glacier Creek (includes Bonanza and Bergstrom Gulches)", "quad_250": "NM", "quad_63360": "C-1", "comm_main": "Au", "comm_other": "Ag, Sn, W", "site_type": "Mine", "status": "Inactive", "dep_model": "Alluvial placer Au (Cox and Singer, 1986; model 39a).", "model_code": "39a", "production": "Yes; medium", "geol_desc": "Significant placer mining took place on Glacier Creek starting in 1900 when more than 36,000 ounces of gold were produced (Brooks and others, 1901).  Mining continued to at least 1922 and included dredge operations from 1916 to 1922 (Cobb, 1978 [OFR 78-93", "latitude": 64.596234092591843, "longitude": -165.4221041512597, "deposit_class": "placer" }, "geometry": { "type": "Point", "coordinates": [ -543898.044715939671732, 1672911.59159322665073 ] } },
{ "type": "Feature", "properties": { "ardf_num": "NM221", "mrds_num": "A012902", "site": "Lynx Claim; Glacier Creek", "quad_250": "NM", "quad_63360": "C-1", "comm_main": "Au, W", "comm_other": null, "site_type": "Mine", "status": "Inactive", "dep_model": "Low-sulfide Au-quartz veins (Cox and Singer, 1986; model 36a).", "model_code": "36a", "production": "Undetermined", "geol_desc": "This deposit consists of sulfide- and scheelite-bearing quartz veins, layers, and lenses as much as 6 inches thick separated by sulfide-bearing schist.  The quartz bodies are parallel to the foliation in the schist. The deposit was first reported by Colli", "latitude": 64.5977346461476, "longitude": -165.40840588534354, "deposit_class": "lode" }, "geometry": { "type": "Point", "coordinates": [ -543223.576654602074996, 1672964.413138727890328 ] } },
{ "type": "Feature", "properties": { "ardf_num": "NM222", "mrds_num": "A012903; D002592", "site": "Snow Gulch", "quad_250": "NM", "quad_63360": "C-1", "comm_main": "Au", "comm_other": "Ag, W", "site_type": "Mine", "status": "Inactive", "dep_model": "Alluvial placer Au (Cox and Singer, 1986; model 39a).", "model_code": "39a", "production": "Yes; medium", "geol_desc": "This small south tributary to Glacier Creek (NM220), only about three quarters of a mile long, contained one of the richest gold placers on Seward Peninsula and produced more than 48,000 ounces of gold around 1900; the first claims on the creek were stake", "latitude": 64.593134764304622, "longitude": -165.4026057128016, "deposit_class": "placer" }, "geometry": { "type": "Point", "coordinates": [ -543037.79403514531441, 1672411.350011180154979 ] } },
{ "type": "Feature", "properties": { "ardf_num": "NM223", "mrds_num": "A012839", "site": "Saddle; New Era; Big Four", "quad_250": "NM", "quad_63360": "C-1", "comm_main": "Au", "comm_other": "Ag, Sb, W", "site_type": "Prospects", "status": "Active?", "dep_model": "Low-sulfide Au-quartz veins (Cox and Singer, 1986; model 36a)", "model_code": "36a", "production": "Undetermined", "geol_desc": "The Saddle deposit is of sheeted vein type; it trends northeasterly from near the west portal of the Miocene Ditch tunnel nearly to the top of hill 691.  Other gold-bearing veins were developed in the south fork of upper Snow Gulch. One prospect in this g", "latitude": 64.589735086050581, "longitude": -165.39230634454921, "deposit_class": "lode" }, "geometry": { "type": "Point", "coordinates": [ -542616.863831688649952, 1671953.456625120947137 ] } },
{ "type": "Feature", "properties": { "ardf_num": "NM224", "mrds_num": "10308001", "site": "Trench 7--Divide Zone (Bonanza Hill)", "quad_250": "NM", "quad_63360": "C-1", "comm_main": "Au", "comm_other": null, "site_type": "Prospect", "status": "Undetermined", "dep_model": "Low-sulfide Au-quartz veins (Cox and Singer, 1986; model 36a).", "model_code": "36a", "production": "None", "geol_desc": "The Trench 7--Divide deposit was identified from exploration by BHP in 1990 and by Newmont Mining Company in 1992; there are some old trenches and cuts of uncertain age on the deposit.  The area was mapped by Thomas Borovicka for Newmont in 1992; his map", "latitude": 64.582534761927576, "longitude": -165.3967046754301, "deposit_class": "lode" }, "geometry": { "type": "Point", "coordinates": [ -542961.474438471719623, 1671197.898596931481734 ] } },
{ "type": "Feature", "properties": { "ardf_num": "NM225", "mrds_num": "A012842", "site": "Hendrickson; Kotovic and Stipek (Anvil Creek)", "quad_250": "NM", "quad_63360": "C-1", "comm_main": "Au, Sb", "comm_other": null, "site_type": "Prospect", "status": "Active?", "dep_model": "Low-sulfide Au-quartz veins (Cox and Singer, 1986; model 36a).", "model_code": "36a", "production": "Undetermined.", "geol_desc": "The Hendrickson prospect is within or near the Anvil Creek fault and related shear zones that are as much as 120 feet wide.  The deposit consists of quartz-calcite veins that contain arsenopyrite, pyrite, and locally stibnite.  The veins commonly cut schi", "latitude": 64.581534975618226, "longitude": -165.39070529653787, "deposit_class": "lode" }, "geometry": { "type": "Point", "coordinates": [ -542697.499004880315624, 1671038.957095171557739 ] } },
{ "type": "Feature", "properties": { "ardf_num": "NM226", "mrds_num": "A012844; A012845", "site": "Widstedt (Anvil Creek)", "quad_250": "NM", "quad_63360": "C-1", "comm_main": "Au, Sb", "comm_other": null, "site_type": "Prospect", "status": "Active?", "dep_model": "Low-sulfide Au-quartz veins (Cox and Singer, 1986; model 36a) and/or possibly simple Sb deposits (Cox and Singer, 1986; model 27d).", "model_code": "36a, 27d?", "production": "Yes; small", "geol_desc": "The Widstedt prospect lies within or near the Anvil Creek fault and related shear zones that are as much as 120 feet wide.  The deposit consists of quartz-calcite veins that contain arsenopyrite, pyrite, and locally stibnite.  |The veins commonly cut schi", "latitude": 64.579234557071658, "longitude": -165.40010369186703, "deposit_class": "lode" }, "geometry": { "type": "Point", "coordinates": [ -543184.710046630469151, 1670862.914864051388577 ] } },
{ "type": "Feature", "properties": { "ardf_num": "NM227", "mrds_num": "10308002", "site": "Scotia (Anvil Creek)", "quad_250": "NM", "quad_63360": "C-1", "comm_main": "Au (?)", "comm_other": null, "site_type": "Prospects", "status": "Inactive", "dep_model": "Low-sulfide Au-quartz veins? (Cox and Singer, 1986; model 36a).", "model_code": "36a?", "production": "None", "geol_desc": "The Scotia prospect is probably within sheared wallrock near the Anvil fault. Cathcart (1922, p. 239) reported that an 8-inch quartz-calcite vein occured in a short tunnel on the Scotia claim; pyrite and arsenopyrite were present in both schist and vein m", "latitude": 64.577734449310725, "longitude": -165.40200318479879, "deposit_class": "lode" }, "geometry": { "type": "Point", "coordinates": [ -543302.917830232647248, 1670713.552155596436933 ] } },
{ "type": "Feature", "properties": { "ardf_num": "NM228", "mrds_num": "A012841; A012905", "site": "Bonanza Hill; Gold Bug; Golden Eagle", "quad_250": "NM", "quad_63360": "C-1", "comm_main": "Au", "comm_other": null, "site_type": "Prospects", "status": "Inactive", "dep_model": "Low-sulfide Au-quartz veins (Cox and Singer, 1986; model 36a).", "model_code": "36a", "production": "Undetermined.", "geol_desc": "Mertie (1918, p. 434) reported that country rock schist at the locality strikes N 32 W and dips 25 S.  At the time of Mertie's visit, a 125-foot tunnel had been driven on a 6-foot vein of iron-stained quartz that contained iron sulfides.  The vein strikes", "latitude": 64.589734131310038, "longitude": -165.41710343615711, "deposit_class": "lode" }, "geometry": { "type": "Point", "coordinates": [ -543786.324535565334372, 1672156.176642800215632 ] } },
{ "type": "Feature", "properties": { "ardf_num": "NM229", "mrds_num": "A012840; D002586", "site": "Jorgensen; Mountain Creek; Mary's Gulch", "quad_250": "NM", "quad_63360": null, "comm_main": "Au", "comm_other": "Ag, Pb, W", "site_type": "Mine", "status": "Inactive", "dep_model": "Low-sulfide Au-quartz veins (Cox and Singer, 1986; model 36a); partly residual gold placer (model 39a).", "model_code": "36a, 39a", "production": "Yes", "geol_desc": "The placer gold  deposit in Mountain Creek, discovered in September, 1898, by E.O. Lindblom and his associates, was probably the first important placer discovery in the Nome district.  A narrow gulch placer deposit on the creek appears to have been mined", "latitude": 64.58393371582909, "longitude": -165.42430141034126, "deposit_class": "placer" }, "geometry": { "type": "Point", "coordinates": [ -544236.542260347749107, 1671577.564389603910968 ] } },
{ "type": "Feature", "properties": { "ardf_num": "NM230", "mrds_num": "A012849", "site": "Peterson and Lamoreaux (Banner Peak)", "quad_250": "NM", "quad_63360": "C-1", "comm_main": "Pb, Sb", "comm_other": "Au (?)", "site_type": "Prospects", "status": "Inactive", "dep_model": "Low-sulfide Au-quartz vein (Cox and Singer, 1986, model 36a); simple Sb deposits? (Cox and Singer, 1986; model 27d).", "model_code": "36a, 27d?", "production": "Undetermined", "geol_desc": "Banner Peak is underlain mainly by graphitic quartz schist (quartzite) faulted to the north against chlorite-rich metaturbidite schist and marble (Bundtzen and others, 1994).  The Peterson and Lamoreaux quartz prospect is at an elevation of 650 feet in gr", "latitude": 64.572733484723145, "longitude": -165.42339925861646, "deposit_class": "lode" }, "geometry": { "type": "Point", "coordinates": [ -544407.869515008060262, 1670339.04842944140546 ] } },
{ "type": "Feature", "properties": { "ardf_num": "NM231", "mrds_num": "10308003", "site": "Mohawk (Banner Peak)", "quad_250": "NM", "quad_63360": "C-1", "comm_main": "Au (?)", "comm_other": null, "site_type": "Prospect", "status": "Inactive", "dep_model": "Low-sulfide Au-quartz veins? (Cox and Singer, 1986; model 36a).", "model_code": "36a?", "production": "None", "geol_desc": "The country rock at the Mohawk prospect is mainly graphitic schist and graphitic quartzite (Bundtzen and others, 1994).  Shallow pits expose schist containing disseminated pyrite, arsenopyrite, and possibly pyrrhotite.", "latitude": 64.571132941638552, "longitude": -165.43599708758916, "deposit_class": "lode" }, "geometry": { "type": "Point", "coordinates": [ -545032.902359335450456, 1670266.449492563959211 ] } },
{ "type": "Feature", "properties": { "ardf_num": "NM232", "mrds_num": "A012850", "site": "Unnamed (near VABM 592, south of Banner Peak)", "quad_250": "NM", "quad_63360": "C-1", "comm_main": "Au", "comm_other": "Pb, Sb", "site_type": "Occurrence", "status": "Inactive", "dep_model": "Albitic replacements in schist; allied to Low-sulfide Au-quartz veins (Cox and Singer, 1986; model 36a).", "model_code": "36a", "production": "No", "geol_desc": "Hummel (1962 [MF 247]) described old prospect pits south of Banner Peak near hill elevation 592 that contained lead- and antimony-bearing minerals, presumably galena and stibnite.  The area was included in a soil geochemical survey conducted by BHP in 199", "latitude": 64.563632612789334, "longitude": -165.43949486684838, "deposit_class": "lode" }, "geometry": { "type": "Point", "coordinates": [ -545341.38112552720122, 1669470.749644230818376 ] } },
{ "type": "Feature", "properties": { "ardf_num": "NM233", "mrds_num": "A012847", "site": "Olsen (Anvil Creek)", "quad_250": "NM", "quad_63360": "C-1", "comm_main": "Au, Sb", "comm_other": "Cu", "site_type": "Prospect", "status": "Inactive", "dep_model": "Low-sulfide Au-quartz veins (Cox and Singer, 1986, model 36a); simple Sb deposits  (Cox and Singer, 1986; model 27d).", "model_code": "36a, 27d", "production": "Undetermined.", "geol_desc": "The Olsen prospect consists of two long-abandoned shafts sunk on the east side of Anvil Creek.  The workings date from the early 1900's (Mertie, 1918 [B 662-I, p. 425-449]; Cathcart, 1922).  A 54-foot shaft was sunk on a north-northwest striking, west-dip", "latitude": 64.574934515102228, "longitude": -165.39880316294636, "deposit_class": "lode" }, "geometry": { "type": "Point", "coordinates": [ -543205.291765515808947, 1670379.588819251628593 ] } },
{ "type": "Feature", "properties": { "ardf_num": "NM235", "mrds_num": "A012835", "site": "Stipek And Kotovic (divide between Glacier and Rock Creeks)", "quad_250": "NM", "quad_63360": "C-1", "comm_main": "Au", "comm_other": "Ag, W", "site_type": "Prospect", "status": "Probably inactive", "dep_model": "Low-sulfide Au-quartz veins (Cox and Singer, 1986; model 36a).", "model_code": "36a", "production": "Undetermined", "geol_desc": "Massive quartz veins and mineralized schist subcrop on the divide between Glacier Creek and Rock Creek.  The general trend of the deposit is northeast, more or less parallel to the ridge.  The prospect was developed around 1916 by Stipek and Kotovic (Mert", "latitude": 64.602134494248418, "longitude": -165.4151060165749, "deposit_class": "lode" }, "geometry": { "type": "Point", "coordinates": [ -543455.506972023868002, 1673502.858325030887499 ] } },
{ "type": "Feature", "properties": { "ardf_num": "NM236", "mrds_num": "A012906; D002851", "site": "Anvil Creek", "quad_250": "NM", "quad_63360": "C-1", "comm_main": "Au", "comm_other": "Ag, Pb, W", "site_type": "Mine", "status": "Active", "dep_model": "Alluvial placer Au (Cox and Singer, 1986; model 39a).", "model_code": "39a", "production": "Yes; large", "geol_desc": "Placer gold was discovered on lower Anvil Creek at an elevation of about 150 feet on September 22, 1898; by the end of 1898, the creek was staked between the coastal plain and Nekula Gulch (U.S. Mineral Survey plats, especially No. 722).  The discoverers", "latitude": 64.562933472027936, "longitude": -165.41799813789132, "deposit_class": "placer" }, "geometry": { "type": "Point", "coordinates": [ -544340.06513444124721, 1669217.539277348434553 ] } },
{ "type": "Feature", "properties": { "ardf_num": "NM237", "mrds_num": "A012828", "site": "Bursik and Kern (King Mountain)", "quad_250": "NM", "quad_63360": "C-1", "comm_main": "Au", "comm_other": null, "site_type": "Prospects", "status": "Inactive", "dep_model": "Low-sulfide Au-quartz veins?  (Cox and Singer, 1986; model 36a).", "model_code": "36a?", "production": "No", "geol_desc": "Eight claims owned by Bursik and Kern were located on the west and southwest flank of King Mountain (Mertie, 1918 [B 662-I, p. 429]; Cathcart, 1922, locality 6, figure 18).  On the claims, bleached (?) marble probably contains lenses of white quartz, and", "latitude": 64.595436466123246, "longitude": -165.34950892393312, "deposit_class": "lode" }, "geometry": { "type": "Point", "coordinates": [ -540490.165514612919651, 1672231.2274770939257 ] } },
{ "type": "Feature", "properties": { "ardf_num": "NM238", "mrds_num": "A012928", "site": "Caribou Bill", "quad_250": "NM", "quad_63360": "C-1", "comm_main": "Au", "comm_other": null, "site_type": "Mine", "status": "Inactive", "dep_model": "Alluvial placer Au (Cox and Singer, 1986; model 39a).", "model_code": "39a", "production": "Yes; small", "geol_desc": "The Caribou Bill mine is one of several near the divide between upper Anvil Creek (NM236) and Dexter Creek (NM303) at surface elevations of about 450 to 600 feet, where high-level gravels were placer mined for gold.  These deposits were in gravels that ra", "latitude": 64.588936087671456, "longitude": -165.35960808615198, "deposit_class": "placer" }, "geometry": { "type": "Point", "coordinates": [ -541089.856059164507315, 1671598.833862104220316 ] } },
{ "type": "Feature", "properties": { "ardf_num": "NM239", "mrds_num": "A012930", "site": "Madeline; Mattie (upper workings)", "quad_250": "NM", "quad_63360": "C-1", "comm_main": "Au", "comm_other": null, "site_type": "Mine", "status": "Probably inactive", "dep_model": "Alluvial placer Au (Cox and Singer, 1986; model 39a).", "model_code": "39a", "production": "Yes; small", "geol_desc": "The Madeline mine is one of several near the divide between upper Anvil Creek (NM236) and Dexter Creek (NM303) at surface elevations of about 450 to 600 feet, where high-level gravels were placer mined for gold.  These deposits were in gravels that ranged", "latitude": 64.589636231676025, "longitude": -165.35440820559765, "deposit_class": "placer" }, "geometry": { "type": "Point", "coordinates": [ -540831.300102564040571, 1671633.449040851788595 ] } },
{ "type": "Feature", "properties": { "ardf_num": "NM240", "mrds_num": "A012929", "site": "Mattie (lower workings)", "quad_250": "NM", "quad_63360": "C-1", "comm_main": "Au", "comm_other": null, "site_type": "Mine", "status": "Probably inactive", "dep_model": "Alluvial placer Au (Cox and Singer, 1986; model 39a).", "model_code": "39a", "production": "Yes; small", "geol_desc": "The Mattie mine is one of several near the divide between upper Anvil Creek (NM236) and Dexter Creek (NM303) at surface elevations of about 450 to 600 feet, where high-level gravels were placer mined for gold.  These deposits were in gravels that ranged f", "latitude": 64.588436188378651, "longitude": -165.3552080555271, "deposit_class": "placer" }, "geometry": { "type": "Point", "coordinates": [ -540891.806660136673599, 1671508.033509411849082 ] } },
{ "type": "Feature", "properties": { "ardf_num": "NM241", "mrds_num": "A012931", "site": "Snowflake", "quad_250": "NM", "quad_63360": "C-1", "comm_main": "Au", "comm_other": null, "site_type": "Mine", "status": "Inactive", "dep_model": "Alluvial placer Au (Cox and Singer, 1986; model 39a).", "model_code": "39a", "production": "Yes; small", "geol_desc": "The Snowflake mine is one of several near the divide between upper Anvil Creek (NM236) and Dexter Creek (NM303) at surface elevations of about 450 to 600 feet, where high-level gravels were placer mined for gold.  These deposits were in gravels that range", "latitude": 64.585736266920776, "longitude": -165.35000777156375, "deposit_class": "placer" }, "geometry": { "type": "Point", "coordinates": [ -540697.743417809018865, 1671168.861985728610307 ] } },
{ "type": "Feature", "properties": { "ardf_num": "NM242", "mrds_num": "A012932", "site": "Sugar", "quad_250": "NM", "quad_63360": "C-1", "comm_main": "Au", "comm_other": null, "site_type": "Mine", "status": "Probably inactive", "dep_model": "Alluvial placer Au (Cox and Singer, 1986; model 39a).", "model_code": "39a", "production": "Yes; small", "geol_desc": "The Sugar mine is one of several near the divide between upper Anvil Creek (NM236) and Dexter Creek (NM303) at surface elevations of about 450 to 600 feet, where high-level gravels were placer mined for gold.  These deposits were in gravels that ranged fr", "latitude": 64.584736355951478, "longitude": -165.34570768952372, "deposit_class": "placer" }, "geometry": { "type": "Point", "coordinates": [ -540513.856554465717636, 1671023.92783652455546 ] } },
{ "type": "Feature", "properties": { "ardf_num": "NM243", "mrds_num": "A012933", "site": "Gold Hill (drift mine near Dexter)", "quad_250": "NM", "quad_63360": "C-1", "comm_main": "Au", "comm_other": null, "site_type": "Mine", "status": "Probably inactive", "dep_model": "Alluvial placer Au (Cox and Singer, 1986; model 39a).", "model_code": "39a", "production": "Yes; small", "geol_desc": "The Gold Hill mine is one of several near the divide between upper Anvil Creek (NM236) and Dexter Creek (NM303) at surface elevations of about 450 to 600 feet, where high-level gravels were placer mined for gold.  These deposits were in gravels that range", "latitude": 64.583836394155298, "longitude": -165.34350760391507, "deposit_class": "placer" }, "geometry": { "type": "Point", "coordinates": [ -540427.13154812308494, 1670907.080205647042021 ] } },
{ "type": "Feature", "properties": { "ardf_num": "NM245", "mrds_num": "A012838", "site": "Unnamed (lode in Dexter Creek)", "quad_250": "NM", "quad_63360": "C-1", "comm_main": "Au, Cu", "comm_other": null, "site_type": "Prospect", "status": "Inactive", "dep_model": "Copper- and gold-bearing lode deposit; Low-sulfide Au-quartz vein? (Cox and Singer, 1986; model 36a).", "model_code": "36a?", "production": "No", "geol_desc": "A 400-foot tunnel driven in or before 1907 was reported by Smith (1908, p. 240). The ore reportedly contained about 4 percent copper.  Moffit (1913, p. 135) proposed that gold in the deposit was more valuable than the copper.  Country rock is probably the", "latitude": 64.579136519453243, "longitude": -165.33500715115528, "deposit_class": "lode" }, "geometry": { "type": "Point", "coordinates": [ -540115.155623181723058, 1670321.208291863789782 ] } },
{ "type": "Feature", "properties": { "ardf_num": "NM246", "mrds_num": "A012946", "site": "Dexter High Bench", "quad_250": "NM", "quad_63360": "C-1", "comm_main": "Au", "comm_other": "Ag", "site_type": "Mine", "status": "Probably inactive", "dep_model": "Alluvial placer Au (Cox and Singer, 1986; model 39a).", "model_code": "39a", "production": "Yes", "geol_desc": "The Dexter High Bench placer deposit is one of three similar deposits.  The others are the Summit deposit (NM247) and the deposit at the head of Dry Creek (NM248).  The Dexter high-level deposit includes the relatively low-grade auriferous gravel that man", "latitude": 64.585836135512054, "longitude": -165.35530774078597, "deposit_class": "placer" }, "geometry": { "type": "Point", "coordinates": [ -540945.865623488673009, 1671223.001960814464837 ] } },
{ "type": "Feature", "properties": { "ardf_num": "NM247", "mrds_num": "A012909", "site": "Summit High Bench", "quad_250": "NM", "quad_63360": "C-1", "comm_main": "Au", "comm_other": null, "site_type": "Mine", "status": "Probably inactive", "dep_model": "Alluvial placer Au; buried high-level alluvial channel (Cox and Singer, 1986; model 39a).", "model_code": "39a", "production": "Yes; small", "geol_desc": "The Summit high-level bench placer mine worked a gravel deposit 600 to 800 feet wide at the surface.  The paystreak was in a 50 to 80-foot-wide bedrock channel incised in schist.  The mine was developed by shafts and drifts.  On the Summit claim (at about", "latitude": 64.577735803808253, "longitude": -165.36220668376126, "deposit_class": "placer" }, "geometry": { "type": "Point", "coordinates": [ -541425.169236558605917, 1670388.692035572137684 ] } },
{ "type": "Feature", "properties": { "ardf_num": "NM248", "mrds_num": "10308004", "site": "Unnamed high-bench deposit (Dexter Creek-Dry Creek divide)", "quad_250": "NM", "quad_63360": "C-1", "comm_main": "Au", "comm_other": null, "site_type": "Mine", "status": "Inactive", "dep_model": "Alluvial placer Au; buried high-level placer deposits (Cox and Singer, 1986; model 39a).", "model_code": "39a", "production": "Yes", "geol_desc": "Auriferous high-level gravels on the Dry Creek-Dexter Creek divide are one of three closely related ancient placer deposits; the other two are at Summit (NM247) and Dexter Station (NM246).  The main deposit on the Dry Creek-Dexter Creek divide appears to", "latitude": 64.566736016272515, "longitude": -165.34550559012854, "deposit_class": "placer" }, "geometry": { "type": "Point", "coordinates": [ -540845.737280953675508, 1669043.286429956322536 ] } },
{ "type": "Feature", "properties": { "ardf_num": "NM249", "mrds_num": "A012945", "site": "Upper Dry Creek; Bear Creek (Gulch)", "quad_250": "NM", "quad_63360": "C-1", "comm_main": "Au", "comm_other": "W", "site_type": "Mine", "status": "Active", "dep_model": "Alluvial placer Au (Cox and Singer, 1986; model 39a).", "model_code": "39a", "production": "Yes; medium", "geol_desc": "Dry Creek heads in high-level, gold-bearing gravels at the saddle between upper Dry Creek and Wet Gulch (NM248). Gold in uppermost Dry Creek was mined from 2-foot-thick gravels on a thin clay layer resting directly on schist bedrock.  Mining began as earl", "latitude": 64.550835667688574, "longitude": -165.34720369584261, "deposit_class": "placer" }, "geometry": { "type": "Point", "coordinates": [ -541227.533824685262516, 1667308.962474255822599 ] } },
{ "type": "Feature", "properties": { "ardf_num": "NM250", "mrds_num": "M047043; D002178", "site": "Nome Mining District", "quad_250": "NM", "quad_63360": "C-1", "comm_main": "Au", "comm_other": "Ag, Pb, Sb, Sn, W", "site_type": "Mines", "status": "Active", "dep_model": "The principal deposit types in the region are: low-sulfide Au-quartz veins, simple Sb deposits, Kuroko massive sulfide, and alluvial placer Au (Cox and Singer, 1986; models 36a, 27d, 28a, and 39a).", "model_code": "36a, 27d, 28a, 39a", "production": "Yes", "geol_desc": "The country rocks in the Nome mining district as defined by Bundtzen and others (1994) consist of three main lithostratigraphic units: an upper unit of chlorite- and albite-rich mafic schist, local marble, and calc-schist; a middle unit of massive and pla", "latitude": 64.576834627550866, "longitude": -165.39700372126055, "deposit_class": "placer" }, "geometry": { "type": "Point", "coordinates": [ -543084.181986347422935, 1670573.745990694267675 ] } },
{ "type": "Feature", "properties": { "ardf_num": "NM251", "mrds_num": "A010762", "site": "Nome placer field", "quad_250": "NM", "quad_63360": "C-1", "comm_main": "Au", "comm_other": "Ag, W", "site_type": "Mines", "status": "Active", "dep_model": "Alluvial placer Au (Cox and Singer, 1986, model 39a); deltaic deposits, buried strand line beach deposits, and offshore abrasion placers seaward from ancient beaches.", "model_code": "39a", "production": "Yes; large", "geol_desc": "The Nome placer field formed where the rich Anvil Creek alluvial placer (NM236) was reworked by marine  processes where it flowed out onto a coastal plain.  An ancestral Anvil Creek channel flowed southeasterly, turned south near modern Center Creek (not", "latitude": 64.543133554181921, "longitude": -165.40519674360775, "deposit_class": "placer" }, "geometry": { "type": "Point", "coordinates": [ -544113.305003078887239, 1666936.091300461674109 ] } },
{ "type": "Feature", "properties": { "ardf_num": "NM254", "mrds_num": "A012956", "site": "Nome Coastal Plain", "quad_250": "NM", "quad_63360": "C-1", "comm_main": "Au", "comm_other": "Ag, W", "site_type": "Mine", "status": "Active?", "dep_model": "Alluvial placer Au (Cox and Singer, 1986; model 39a); marine and complex placer deposits.", "model_code": "39a", "production": "Yes", "geol_desc": "Pre-Pleistocene and Pleistocene marine and terrestrial sediments, especially near the major source areas of ancestral Snake River, Anvil Creek, and Nome River, contain small amounts of particulate gold.  In the early days of the district, prospectors obse", "latitude": 64.535530673106663, "longitude": -165.46808266957612, "deposit_class": "placer" }, "geometry": { "type": "Point", "coordinates": [ -547229.392587640671991, 1666617.075517904013395 ] } },
{ "type": "Feature", "properties": { "ardf_num": "NM255", "mrds_num": "A012960", "site": "Present (First) Beach", "quad_250": "NM", "quad_63360": "C-1", "comm_main": "Au", "comm_other": "Ag", "site_type": "Mines", "status": "Active", "dep_model": "Beach placer Au (Cox and Singer, 1986; model 39a).", "model_code": "39, strandline marine placer", "production": "Yes", "geol_desc": "Gold was discovered in Present Beach in 1899, about one year after the discovery of alluvial gold in Anvil and other creeks.  Geologist  A.H. Brooks of the U. S. Geological Survey examined the deposits in 1899 and 1900 and provided a first-hand scientific", "latitude": 64.499131485987178, "longitude": -165.42878297630341, "deposit_class": "placer" }, "geometry": { "type": "Point", "coordinates": [ -546068.151575000141747, 1662292.520617805188522 ] } },
{ "type": "Feature", "properties": { "ardf_num": "NM258", "mrds_num": "A012955", "site": "Third Beach", "quad_250": "NM", "quad_63360": "C-1", "comm_main": "Au", "comm_other": "Ag", "site_type": "Mines", "status": "Active?", "dep_model": "Placer; buried beach (Cox and Singer, 1986; part of model 39a).", "model_code": "39a", "production": "Yes", "geol_desc": "The Third Beach buried beach placer was discovered in 1904 in exploration shafts.  It lies on bedrock at an elevation of about 79 or 80 feet near Little Creek (Moffit, 1907).  Exploration and development were rapid, and by 1908 most of the deposit that co", "latitude": 64.539434922618227, "longitude": -165.36730180916163, "deposit_class": "placer" }, "geometry": { "type": "Point", "coordinates": [ -542393.442223959718831, 1666219.491718854056671 ] } },
{ "type": "Feature", "properties": { "ardf_num": "NM259", "mrds_num": "A012963", "site": "Fourth Beach", "quad_250": "NM", "quad_63360": "C-1", "comm_main": "Au", "comm_other": null, "site_type": "Occurrence", "status": "Inactive", "dep_model": "Placer Au; buried, strandline beach deposit (Cox and Singer, 1986; model 39a).", "model_code": "39a", "production": "None", "geol_desc": "Fourth Beach represents the farthest advance of the sea in Quaternary time, and it has been recognized only at the base of Anvil Mountain.  It formed as a true strandline beach by waves impinging upon bedrock. Unlike Third Beach, which terminates landward", "latitude": 64.550034415296793, "longitude": -165.38830098160895, "deposit_class": "placer" }, "geometry": { "type": "Point", "coordinates": [ -543183.789045107550919, 1667556.407130895648152 ] } },
{ "type": "Feature", "properties": { "ardf_num": "NM260", "mrds_num": "A012939", "site": "Extra Dry Creek", "quad_250": "NM", "quad_63360": null, "comm_main": "Au", "comm_other": null, "site_type": "Mine", "status": "Inactive", "dep_model": "Alluvial placer Au (Cox and Singer, 1986; model 39a).", "model_code": "39a", "production": "Yes; small", "geol_desc": "The alluvial gold placer deposit in the upper canyon of Extra Dry Creek was worked by hand and produced about 1,000 ounces of gold between 1900 and 1903 (Brooks and others, 1901; Collier and others, 1908).  The unconsolidated deposits about one-half mile", "latitude": 64.565037492620206, "longitude": -165.28660637292069, "deposit_class": "placer" }, "geometry": { "type": "Point", "coordinates": [ -538097.190260542207398, 1668378.07887888723053 ] } },
{ "type": "Feature", "properties": { "ardf_num": "NM261", "mrds_num": "A012910", "site": "Cooper Gulch (placer and M. Charles lode occurrence)", "quad_250": "NM", "quad_63360": null, "comm_main": "Au", "comm_other": null, "site_type": "Mine", "status": "Inactive", "dep_model": "Alluvial placer Au (Cox and Singer, 1986; model 39a).", "model_code": "39a", "production": "Yes; small", "geol_desc": "Upper Cooper Gulch was placer mined by rocker and hydraulic methods and produced a small amount of gold between 1900 and 1916 (Cobb, 1978 [OFR 78-93]).  A small area near a bench where the gulch merges with the coastal plain apparently yielded good return", "latitude": 64.555234738810611, "longitude": -165.38310263835322, "deposit_class": "placer" }, "geometry": { "type": "Point", "coordinates": [ -542839.316721708513796, 1668085.596973709994927 ] } },
{ "type": "Feature", "properties": { "ardf_num": "NM262", "mrds_num": "A012948", "site": "Newton Gulch", "quad_250": "NM", "quad_63360": "C-1", "comm_main": "Au", "comm_other": null, "site_type": "Mine", "status": "Inactive", "dep_model": "Alluvial placer Au (Cox and Singer, 1986; model 39a).", "model_code": "39a", "production": "Yes; small", "geol_desc": "Placer mining was under way on Newton Gulch by 1900 when about 500 ounces of gold were produced (Brooks and others, 1901).  Considerable mining, including dredging from 1930 to 1932, took place on lower parts of the creek, where it enters the Nome coastal", "latitude": 64.53903599657707, "longitude": -165.32600289161084, "deposit_class": "placer" }, "geometry": { "type": "Point", "coordinates": [ -540449.586323074065149, 1665838.937946395250037 ] } },
{ "type": "Feature", "properties": { "ardf_num": "NM263", "mrds_num": "A012852", "site": "Homburger (Newton Gulch)", "quad_250": "NM", "quad_63360": "C-1", "comm_main": "Au", "comm_other": null, "site_type": "Prospect", "status": "Probably inactive", "dep_model": "Low-sulfide Au-quartz veins (Cox and Singer, 1986; model 36a).", "model_code": "36a", "production": "No", "geol_desc": "About a dozen exploration shafts, some almost 100 feet deep, were dug on oxidized, limonite-stained, decomposed bedrock near a schist-marble contact in the headwaters of Newton Gulch (Smith, 1909; Mertie, 1918 [B 662-I, p. 425-449]).  The deposit consists", "latitude": 64.542936121796004, "longitude": -165.3240033669756, "deposit_class": "lode" }, "geometry": { "type": "Point", "coordinates": [ -540281.26131065224763, 1666251.501076900167391 ] } },
{ "type": "Feature", "properties": { "ardf_num": "NM264", "mrds_num": "A012947; D002596", "site": "Lower Dry Creek", "quad_250": "NM", "quad_63360": "C-1", "comm_main": "Au", "comm_other": "W", "site_type": "Mine", "status": "Active?", "dep_model": "Alluvial placer gold deposit (Cox and Singer, 1986; model 39a). Placer deposits were of several types including fluvial, marine, and complex fluvial-marine.", "model_code": "39a", "production": "Yes; medium", "geol_desc": "Most of Dry Creek, starting about 1 mile upstream from its mouth, is auriferous.  The placer deposit described in this record is the stretch from about Blind Gulch, where Dry Creek crosses the trend of Intermediate Beach (NM287), upstream to the mouth of", "latitude": 64.520335138316426, "longitude": -165.34510018804093, "deposit_class": "placer" }, "geometry": { "type": "Point", "coordinates": [ -541706.701703896746039, 1663938.32860813755542 ] } },
{ "type": "Feature", "properties": { "ardf_num": "NM265", "mrds_num": "A012937", "site": "Deer Gulch", "quad_250": "NM", "quad_63360": "C-1", "comm_main": "Au", "comm_other": null, "site_type": "Mine", "status": "Probably inactive", "dep_model": "Alluvial placer Au (Cox and Singer, 1986; model 39a).", "model_code": "39a", "production": "Yes; small", "geol_desc": "Deer Gulch is one of several small headwater tributaries of Dexter Creek (NM303) that head in areas where high-level auriferous gravels have been mined (for example, NM246 and NM247).  Placer gold mining in these tributaries took place before 1908; some o", "latitude": 64.579036216396844, "longitude": -165.34690701067157, "deposit_class": "placer" }, "geometry": { "type": "Point", "coordinates": [ -540678.563236062182114, 1670407.011647205334157 ] } },
{ "type": "Feature", "properties": { "ardf_num": "NM266", "mrds_num": "A012938", "site": "Grass Gulch", "quad_250": "NM", "quad_63360": "C-1", "comm_main": "Au", "comm_other": null, "site_type": "Mine", "status": "Probably inactive", "dep_model": "Alluvial placer Au (Cox and Singer, 1986; model 39a).", "model_code": "39a", "production": "Yes; small", "geol_desc": "Grass Gulch is one of several small headwater tributaries of Dexter Creek (NM303) that head in areas where high-level auriferous gravels have been mined (for example, NM246 and NM247).  The Grass Gulch placer was small but very rich, and the entire 15 fee", "latitude": 64.577136055736148, "longitude": -165.35180673071295, "deposit_class": "placer" }, "geometry": { "type": "Point", "coordinates": [ -540945.816748019307852, 1670238.007058571791276 ] } },
{ "type": "Feature", "properties": { "ardf_num": "NM267", "mrds_num": "A012907", "site": "Nekula Gulch; Nicolai Gulch", "quad_250": "NM", "quad_63360": "C-1", "comm_main": "Au", "comm_other": null, "site_type": "Mine", "status": "Probably inactive", "dep_model": "Alluvial placer Au (Cox and Singer, 1986; model 39a), at least partly formed by reworking high-level bench gravel.", "model_code": "39a", "production": "Yes; small", "geol_desc": "Nekula Gulch heads in an area of auriferious high-level gravels that were drift mined at many places (for example, NM246).  The nearby Caribou Bill mine (NM238) was very rich, contained coarse and angular gold, and was at least partly mined by surface ope", "latitude": 64.58893595971935, "longitude": -165.3647080516719, "deposit_class": "placer" }, "geometry": { "type": "Point", "coordinates": [ -541330.408680627122521, 1671640.381445836042985 ] } },
{ "type": "Feature", "properties": { "ardf_num": "NM268", "mrds_num": "A012921; D002595", "site": "Dewey Creek", "quad_250": "NM", "quad_63360": "C-1", "comm_main": "Au", "comm_other": "W", "site_type": "Mine", "status": "Inactive", "dep_model": "Alluvial placer Au (Cox and Singer, 1986; model 39a).", "model_code": "39a", "production": "Yes; small", "geol_desc": "Gold was discovered on Dewey Creek by 1900; it was in 3 feet of auriferous gravel on a sandy clay layer overlain by 1 foot of sandy blue clay and 1 foot of muck.  The gold is accompanied by considerable scheelite and garnet and some magnetite (Brooks and", "latitude": 64.63013910997654, "longitude": -165.26731202289074, "deposit_class": "placer" }, "geometry": { "type": "Point", "coordinates": [ -535959.844555637915619, 1675380.512004429008812 ] } },
{ "type": "Feature", "properties": { "ardf_num": "NM269", "mrds_num": "A012927", "site": "Grace Gulch", "quad_250": "NM", "quad_63360": "C-1", "comm_main": "Au", "comm_other": null, "site_type": "Mine", "status": "Inactive", "dep_model": "Alluvial placer Au (Cox and Singer, 1986; model 39a).", "model_code": "39a", "production": "Yes; small", "geol_desc": "Small-scale placer mining in 1902 and 1903 recovered about 60 ounces of gold from a bench along Grace Gulch (Collier and others, 1908).  This bench is a possible continuation of the one mined on the south side of lower Buster Creek (NM304).  A northeast-t", "latitude": 64.607140042871876, "longitude": -165.20431038525672, "deposit_class": "placer" }, "geometry": { "type": "Point", "coordinates": [ -533422.394517032895237, 1672344.144836191786453 ] } },
{ "type": "Feature", "properties": { "ardf_num": "NM270", "mrds_num": "A012916; A012926", "site": "Union Gulch", "quad_250": "NM", "quad_63360": "C-1", "comm_main": "Au", "comm_other": null, "site_type": "Mine", "status": "Inactive", "dep_model": "Alluvial placer Au (Cox and Singer, 1986; model 39a).", "model_code": "39a", "production": "Yes; small", "geol_desc": "The gravels in Union Gulch are only 10 to 20 feet wide and 30 inches thick, but they are auriferous and estimated to contain about 0.2 ounce of gold per cubic yard (Collier and others, 1908).  The coarse and rusty gold is concentrated on bedrock. High-ang", "latitude": 64.60973981403788, "longitude": -165.21801051503115, "deposit_class": "placer" }, "geometry": { "type": "Point", "coordinates": [ -534019.668949898798019, 1672740.157710039755329 ] } },
{ "type": "Feature", "properties": { "ardf_num": "NM271", "mrds_num": "10308005", "site": "McDonald Creek", "quad_250": "NM", "quad_63360": "C-1", "comm_main": "Au", "comm_other": null, "site_type": "Mine", "status": "Probably inactive", "dep_model": "Alluvial placer Au (Cox and Singer, 1986; model 39a).", "model_code": "39a", "production": "Yes; small", "geol_desc": "McDonald Creek heads on the Nome coastal plain, and  flows across the projected trace of Third Beach (NM258).  It has been placer mined for gold downstream from this trace at surface elevations between 50 and 100 feet.  In upper McDonald Creek, Third Beac", "latitude": 64.510137427333504, "longitude": -165.25250264692309, "deposit_class": "placer" }, "geometry": { "type": "Point", "coordinates": [ -537519.783975513535552, 1662064.548576990375295 ] } },
{ "type": "Feature", "properties": { "ardf_num": "NM272", "mrds_num": "10308006", "site": "Tripple Creek", "quad_250": "NM", "quad_63360": "C-1", "comm_main": "Au", "comm_other": "Sb", "site_type": "Mine", "status": "Active", "dep_model": "Alluvial placer Au (Cox and Singer, 1986; model 39a).", "model_code": "39a", "production": "Yes; small", "geol_desc": "Tripple Creek heads in bedrock on the southeast side of Newton Peak, but it mostly flows across older parts of the Nome coastal plain and the Nome River flood plain.  The part of the creek on the Nome coastal plain, between surface elevations of 50 and 15", "latitude": 64.526037649340623, "longitude": -165.25440382844508, "deposit_class": "placer" }, "geometry": { "type": "Point", "coordinates": [ -537310.52209499408491, 1663828.599962476175278 ] } },
{ "type": "Feature", "properties": { "ardf_num": "NM273", "mrds_num": "A012941", "site": "Washington Creek; Washington Gulch", "quad_250": "NM", "quad_63360": "C-1", "comm_main": "Au", "comm_other": null, "site_type": "Mine", "status": "Probably inactive", "dep_model": "Alluvial placer Au (Cox and Singer, 1986; model 39a).", "model_code": "39a", "production": "Yes; small", "geol_desc": "Gold was discovered in Washington Creek by 1900.  It was reported to be fine gold accompanied by magnetite and garnet on a clay bottom (Brooks and others, 1901).  Moffit (1913) reported that gold was recovered on bedrock from a 10-inch-thick layer of fine", "latitude": 64.522238599333193, "longitude": -165.20630507708134, "deposit_class": "placer" }, "geometry": { "type": "Point", "coordinates": [ -535107.250542153255083, 1663022.415007919305936 ] } },
{ "type": "Feature", "properties": { "ardf_num": "NM274", "mrds_num": null, "site": "Stevens Gulch", "quad_250": "NM", "quad_63360": "C-1", "comm_main": "Au", "comm_other": null, "site_type": "Mine", "status": "Probably inactive", "dep_model": "Alluvial placer Au (Cox and Singer, 1986; model 39a).", "model_code": "39a", "production": "Yes; small", "geol_desc": "Fine gold on a clay false bedrock was reportedly discovered in Stevens Gulch by 1900.  The deposit apparently is similar to the one nearby on Washington Creek (NM273) (Brooks and others, 1901).  Stevens Gulch appears to have been placer mined between surf", "latitude": 64.520038638261695, "longitude": -165.20270505801196, "deposit_class": "placer" }, "geometry": { "type": "Point", "coordinates": [ -534978.191573620773852, 1662751.435748927295208 ] } },
{ "type": "Feature", "properties": { "ardf_num": "NM275", "mrds_num": "A012942", "site": "Moss Gulch", "quad_250": "NM", "quad_63360": "C-1", "comm_main": "Au", "comm_other": null, "site_type": "Mine", "status": "Probably inactive", "dep_model": "Alluvial placer Au (Cox and Singer, 1986; model 39a).", "model_code": "39a", "production": "Yes; small", "geol_desc": "Placer mining for gold took place at a surface elevation of about 50 feet on lower Moss Gulch by dredging in 1911 and by open-cut in 1916 (Smith, 1912; Mertie, 1918 [B 662-I, p. 425-449]).  Mining may have occurred at other times as well, but it has not b", "latitude": 64.508638372354639, "longitude": -165.20640422410216, "deposit_class": "placer" }, "geometry": { "type": "Point", "coordinates": [ -535366.786959952441975, 1661527.308460457250476 ] } },
{ "type": "Feature", "properties": { "ardf_num": "NM276", "mrds_num": "10308007", "site": "Laurada Creek", "quad_250": "NM", "quad_63360": "C-1", "comm_main": "Au", "comm_other": null, "site_type": "Mine", "status": "Probably inactive", "dep_model": "Alluvial placer Au (Cox and Singer, 1986; model 39a).", "model_code": "39a", "production": "Yes; small", "geol_desc": "Laurada Creek has been placer mined over most of its 1-mile length, probably at about the same time as mining on nearby Moss Gulch (NM275).  Mining may also have occurred at other times, but it has not been reported.  The headwaters of Laurada Creek are a", "latitude": 64.502738276905006, "longitude": -165.20630385933006, "deposit_class": "placer" }, "geometry": { "type": "Point", "coordinates": [ -535472.59697054955177, 1660877.531570885330439 ] } },
{ "type": "Feature", "properties": { "ardf_num": "NM277", "mrds_num": null, "site": "St. Michaels Creek", "quad_250": "NM", "quad_63360": "C-1", "comm_main": "Au", "comm_other": null, "site_type": "Mine", "status": "Probably inactive", "dep_model": "Alluvial placer Au (Cox and Singer, 1986; model 39a).", "model_code": "39a", "production": "Yes; small", "geol_desc": "St. Michaels Creek has been extensively dredged for placer gold along its lower 3,000 feet.  The mine workings are at surface elevations of about 50 to 75 feet.  Specific information for St. Michaels Creek has not been reported, but the deposit may be sim", "latitude": 64.540540032618551, "longitude": -165.15160763492747, "deposit_class": "placer" }, "geometry": { "type": "Point", "coordinates": [ -532178.801443657488562, 1664595.988812090130523 ] } },
{ "type": "Feature", "properties": { "ardf_num": "NM278", "mrds_num": "A012853", "site": "Unnamed (west of central Osborn Creek)", "quad_250": "NM", "quad_63360": "C-1", "comm_main": "Au, Cu", "comm_other": null, "site_type": "Prospect", "status": "Inactive", "dep_model": "Low-sulfide Au-quartz veins (Cox and Singer, 1986; model 36a).", "model_code": "36a", "production": "No", "geol_desc": "This deposit consists of a quartz vein containing iron and copper sulfides, inferred to be pyrite and chalcopyrite.  The vein is near a contact between schist and greenstone and is reported to have assayed from 0.2 to 2 ounces of gold per ton (Smith, 1908", "latitude": 64.584841454611123, "longitude": -165.11670989409586, "deposit_class": "lode" }, "geometry": { "type": "Point", "coordinates": [ -529705.512735490454361, 1669190.325316094327718 ] } },
{ "type": "Feature", "properties": { "ardf_num": "NM279", "mrds_num": "A012925", "site": "Lillian Creek", "quad_250": "NM", "quad_63360": "C-1", "comm_main": "Au", "comm_other": null, "site_type": "Mine", "status": "Inactive", "dep_model": "Alluvial placer Au (Cox and Singer, 1986; model 39a).", "model_code": "39a", "production": "Yes; small", "geol_desc": "Coarse, rough, and iron-stained (limonitic?) gold was recovered from gravel near schist bedrock on Lillian Creek.  The gravel was 3 to 10 feet thick and was covered by 5 feet of overburden (Brooks and others, 1901; Collier and others, 1908).  The pay was", "latitude": 64.604439130630396, "longitude": -165.24791004153914, "deposit_class": "placer" }, "geometry": { "type": "Point", "coordinates": [ -535529.059655020479113, 1672398.011822457192466 ] } },
{ "type": "Feature", "properties": { "ardf_num": "NM280", "mrds_num": "A012971", "site": "Bonita Creek", "quad_250": "NM", "quad_63360": "C-1", "comm_main": "Au, W", "comm_other": null, "site_type": "Prospect", "status": "Probably inactive", "dep_model": "Alluvial placer Au and scheelite (?) deposit (Cox and Singer, 1986; model 39a).", "model_code": "39a", "production": "None", "geol_desc": "Placer mining claims were staked on Bonita Creek in 1967.  Hudson and DeYoung (1978) reported a resource estimate of  1.1 to 1.5 million cubic meters pf placer ground containing 1 to 2 grams of gold and 190 grams of tungsten per cubic meter.  The tungsten", "latitude": 64.635440502143751, "longitude": -165.20351198873772, "deposit_class": "placer" }, "geometry": { "type": "Point", "coordinates": [ -532854.655535911791958, 1675450.079252558061853 ] } },
{ "type": "Feature", "properties": { "ardf_num": "NM281", "mrds_num": "10308008", "site": "Unnamed (placer mine west of Nome River)", "quad_250": "NM", "quad_63360": "C-1", "comm_main": "Au", "comm_other": null, "site_type": "Mine", "status": "Inactive", "dep_model": "Alluvial placer Au (Cox and Singer, 1986; model 39a).", "model_code": "39a", "production": "Yes; small", "geol_desc": "Placer mine tailings at a former mine site were mapped by Bundtzen and others (1994) in an unnamed east-flowing tributary of Nome River.  Bedrock near the mine site is the chlorite rich metaturbidite schist and marble unit of Bundtzen and others (1994).", "latitude": 64.61963762004055, "longitude": -165.32131162092918, "deposit_class": "placer" }, "geometry": { "type": "Point", "coordinates": [ -538702.357639742200263, 1674662.795370007865131 ] } },
{ "type": "Feature", "properties": { "ardf_num": "NM282", "mrds_num": "A012920", "site": "Banner Creek", "quad_250": "NM", "quad_63360": "C-1", "comm_main": "Au", "comm_other": null, "site_type": "Mine", "status": "Probably inactive", "dep_model": "Alluvial placer Au (Cox and Singer, 1986; model 39a).", "model_code": "39a", "production": "Yes; small", "geol_desc": "Gold was discovered on Banner Creek by 1900 (Brooks and others, 1901), and some placer mining took place by 1905 (Moffit, 1913).  Placer tailings from more recent mechanical mining are along about 1,000 feet of the creek on a north-side bench below the mo", "latitude": 64.647538161518654, "longitude": -165.31951350343198, "deposit_class": "placer" }, "geometry": { "type": "Point", "coordinates": [ -538089.679918060428463, 1677715.603555737761781 ] } },
{ "type": "Feature", "properties": { "ardf_num": "NM283", "mrds_num": "A012936", "site": "Grouse Gulch", "quad_250": "NM", "quad_63360": "C-1", "comm_main": "Au", "comm_other": null, "site_type": "Mine", "status": "Probably inactive", "dep_model": "Alluvial placer Au (Cox and Singer, 1986; model 39a).", "model_code": "39a", "production": "Yes; small", "geol_desc": "Grouse Gulch heads on the divide between Dexter Creek (NM303) and upper Anvil Creek (NM236).  It is one of several small headwater tributaries of Dexter Creek that head in areas where high-level auriferous gravels have been mined (for example, NM246).  Pl", "latitude": 64.581836540237433, "longitude": -165.33620744293646, "deposit_class": "placer" }, "geometry": { "type": "Point", "coordinates": [ -540120.62343373359181, 1670627.821952696889639 ] } },
{ "type": "Feature", "properties": { "ardf_num": "NM284", "mrds_num": "A012962", "site": "Hazel Creek (Flambeau River)", "quad_250": "NM", "quad_63360": "C-1", "comm_main": "Au", "comm_other": null, "site_type": "Mine", "status": "Inactive", "dep_model": "Alluvial placer Au (Cox and Singer, 1986; model 39a).", "model_code": "39a", "production": "Yes; small", "geol_desc": "Some small-scale placer gold mining took place in about 1905 on lower Hazel Creek where it enters the valley of Flambeau River (Moffit, 1913, p. 101).  The eastward extension of the Anvil Creek fault is projected through Hazel Creek near this location (Hu", "latitude": 64.705443295817759, "longitude": -165.10821419608467, "deposit_class": "placer" }, "geometry": { "type": "Point", "coordinates": [ -527064.628700641449541, 1682388.547965544741601 ] } },
{ "type": "Feature", "properties": { "ardf_num": "NM285", "mrds_num": "A012957; A012958", "site": "Submarine Beach", "quad_250": "NM", "quad_63360": "C-1", "comm_main": "Ag, Au", "comm_other": "Cu, W", "site_type": "Mine", "status": "Active", "dep_model": "Marine placer gold deposit; intergrading marine abrasion and fan-like deposits reworked by offshore currents (Cox and singer, 1986; model 39).", "model_code": "39", "production": "Yes; small", "geol_desc": "Submarine Beach is the oldest recognized placer deposit that developed on the abrasion platform of the Third Beach strandline.  It is irregular, but has a crudely linear trend from near the mouth of Dry Creek at Nome west as far as Jess Creek in the Nome", "latitude": 64.511029861773793, "longitude": -165.47107526174304, "deposit_class": "placer" }, "geometry": { "type": "Point", "coordinates": [ -547840.607308474020101, 1663948.745121460640803 ] } },
{ "type": "Feature", "properties": { "ardf_num": "NM286", "mrds_num": "10308009", "site": "Center Creek Beach", "quad_250": "NM", "quad_63360": "C-1", "comm_main": "Au", "comm_other": null, "site_type": "Mine", "status": "Active?", "dep_model": "Marine gold placer deposit; abraded beachline deposit (Cox and Singer, 1986; model 39).", "model_code": "39", "production": "Yes", "geol_desc": "The Center Creek Beach deposit is a rather diffuse, east-west aligned, marine concentration of placer gold about half way from the mouth of Center Creek to Intermediate Beach.  The deposit extends along the coastal plain between Little Creek and Peluk Cre", "latitude": 64.512932329189113, "longitude": -165.41748856919986, "deposit_class": "placer" }, "geometry": { "type": "Point", "coordinates": [ -545270.40052001317963, 1663716.859356442932039 ] } },
{ "type": "Feature", "properties": { "ardf_num": "NM287", "mrds_num": "A012961", "site": "Intermediate Beach; Clam Shell Beach", "quad_250": "NM", "quad_63360": "C-1", "comm_main": "Au", "comm_other": null, "site_type": "Mine", "status": "Inactive", "dep_model": "Marine gold placer deposit; marine abrasion platform concentration (Cox and Singer, 1986; model 39).", "model_code": "39", "production": "Yes", "geol_desc": "Intermediate Beach is a buried marine abrasion platform placer deposit as much as several hundred feet wide.  The gravel is 6 to 12 feet thick, with 1-3 feet of pay gravel on bedrock. The elevation of the deposit is about 20 feet above sea level. Depth of", "latitude": 64.520533527177648, "longitude": -165.39449524401724, "deposit_class": "placer" }, "geometry": { "type": "Point", "coordinates": [ -544038.303296844474971, 1664363.91670869407244 ] } },
{ "type": "Feature", "properties": { "ardf_num": "NM288", "mrds_num": "A012949", "site": "Bourbon Creek; Holyoke Creek", "quad_250": "NM", "quad_63360": "C-1", "comm_main": "Au", "comm_other": null, "site_type": "Mine", "status": "Inactive", "dep_model": "Shallow alluvial placer gold deposits formed by reworking low-grade gravel deposits of the coastal plain along Bourbon and Holyoke Creeks (Moffit, 1913; Metcalfe and Tuck, 1942) (Cox and Singer, 1986; model 39a).", "model_code": "39a", "production": "Yes; small", "geol_desc": "Shallow alluvial gold depositsin Bourbon Creek and its tributary Holyoke Creek were discovered in 1900 (Brooks and others, 1901, p. 69, 83-84) and mining began soon afterward.  Total production in 1900 was about 5,000 dollars (approximately 250 ounces of", "latitude": 64.525434278085996, "longitude": -165.37979922688334, "deposit_class": "placer" }, "geometry": { "type": "Point", "coordinates": [ -543250.278467480209656, 1664782.396163820754737 ] } },
{ "type": "Feature", "properties": { "ardf_num": "NM295", "mrds_num": "A012908", "site": "Specimen Gulch", "quad_250": "NM", "quad_63360": "C-1", "comm_main": "Au", "comm_other": null, "site_type": "Mines", "status": "Active", "dep_model": "Alluvial placer Au (Cox and Singer, 1986; model 39a).", "model_code": "39a", "production": "Yes", "geol_desc": "Specimen Gulch heads in the high-bench gravels near the Summit claim (NM247); it also crosses a major east-side bench of Anvil Creek.  Both the Summit and Anvil Creek bench placers contributed gold to the shallow deposits in Specimen Gulch (Collier and ot", "latitude": 64.57563517341211, "longitude": -165.38260553757209, "deposit_class": "placer" }, "geometry": { "type": "Point", "coordinates": [ -542427.646883242879994, 1670324.219023426063359 ] } },
{ "type": "Feature", "properties": { "ardf_num": "NM296", "mrds_num": "A012944", "site": "Otter Creek; Florence Gulch", "quad_250": "NM", "quad_63360": "B-1", "comm_main": "Au", "comm_other": null, "site_type": "Mine", "status": "Probably inactive", "dep_model": "Alluvial placer Au (Cox and Singer, 1986; model 39a).", "model_code": "39a", "production": "Yes; small", "geol_desc": "Placer gold mining, including dredging at least in 1913 (Chapin, 1914), took place along lower Otter Creek.  Otter Creek reworks coastal plain deposits.", "latitude": 64.493235895537964, "longitude": -165.29639907348582, "deposit_class": "placer" }, "geometry": { "type": "Point", "coordinates": [ -539915.679451329866424, 1660561.899728218093514 ] } },
{ "type": "Feature", "properties": { "ardf_num": "NM297", "mrds_num": "A012959", "site": "Peluk Creek", "quad_250": "NM", "quad_63360": "B-1", "comm_main": "Au", "comm_other": null, "site_type": "Mine", "status": "Probably inactive", "dep_model": "Alluvial placer Au (Cox and Singer, 1986; model 39a).", "model_code": "39a", "production": "Yes; small", "geol_desc": "Placer gold mining has taken place in at least two locations on Peluk Creek.  Near the head of the creek, at a surface elevation of about 100 feet in the Nome C-1 quadrangle, mining produced about 100 ounces of coarse, rough, and iron-stained gold from 4", "latitude": 64.498834688442557, "longitude": -165.34639761228848, "deposit_class": "placer" }, "geometry": { "type": "Point", "coordinates": [ -542175.919898086460307, 1661584.886469264747575 ] } },
{ "type": "Feature", "properties": { "ardf_num": "NM298", "mrds_num": "A012953", "site": "Hastings Creek", "quad_250": "NM", "quad_63360": "B-1", "comm_main": "Au", "comm_other": null, "site_type": "Mine", "status": "Probably inactive", "dep_model": "Alluvial placer Au (Cox and Singer, 1986; model 39a).", "model_code": "39a", "production": "Yes; small", "geol_desc": "About 1.5 miles of lower Hastings Creek has, at least locally, been placer mined for gold.  Mining included dredging in 1916-18 and 1930 (Cobb, 1978, OFR 78-93).  Some of this mining was near or on Second Beach (NM256), as well as farther inland (Collier", "latitude": 64.473640058587407, "longitude": -165.09870539413978, "deposit_class": "placer" }, "geometry": { "type": "Point", "coordinates": [ -530919.478116211947054, 1656812.53850918635726 ] } },
{ "type": "Feature", "properties": { "ardf_num": "NM300", "mrds_num": "A012943", "site": "Irene Creek; Topaz", "quad_250": "NM", "quad_63360": "B-1", "comm_main": "Au", "comm_other": null, "site_type": "Mine", "status": "Probably inactive", "dep_model": "Alluvial placer Au (Cox and Singer, 1986; model 39a).", "model_code": "39a", "production": "Yes; small", "geol_desc": "Placer gold mining has occurred locally on Irene Creek dating back to a least 1916 (Mertie, 1918 [B 662-I, p. 425-449]).  Most of Irene Creek flows across older parts of the Nome coastal plain, including the eastern trace of Third Beach (NM258).", "latitude": 64.487237920194062, "longitude": -165.20660231346062, "deposit_class": "placer" }, "geometry": { "type": "Point", "coordinates": [ -535777.188545305165462, 1659174.986394805368036 ] } },
{ "type": "Feature", "properties": { "ardf_num": "NM301", "mrds_num": "A012919; D002575", "site": "Basin Creek", "quad_250": "NM", "quad_63360": "C-1", "comm_main": "Au, W", "comm_other": null, "site_type": "Mine", "status": "Active", "dep_model": "Alluvial placer Au (Cox and Singer, 1986; model 39a).", "model_code": "39a", "production": "Yes; small", "geol_desc": "Gold was discovered on Basin Creek by 1900 (Brooks and others, 1901).  At least 1 mile of the creek has been extensively placer mined, much by a small floating dredge.  The partly crystalline gold was in a 150-foot-wide paystreak consisting of coarse grav", "latitude": 64.681339486524038, "longitude": -165.28641515701054, "deposit_class": "placer" }, "geometry": { "type": "Point", "coordinates": [ -535893.776628578314558, 1681164.089368205051869 ] } },
{ "type": "Feature", "properties": { "ardf_num": "NM302", "mrds_num": "10308011", "site": "Sparkle Creek", "quad_250": "NM", "quad_63360": "C-1", "comm_main": "Au", "comm_other": null, "site_type": "Mine", "status": "Inactive", "dep_model": "Alluvial placer Au (Cox and Singer, 1986; model 39a).", "model_code": "39a", "production": "Yes; small", "geol_desc": "Sparkle Creek appears to be an artificial drainage below two high-level ditches (see Nome C-1 quadrangle, sections 3, 10, 11, 13, 14).  Bundtzen and others (1994) mapped placer tailings on the floodplain of the Nome River opposite Sparkle Creek, suggestin", "latitude": 64.643839134977881, "longitude": -165.27531287524565, "deposit_class": "placer" }, "geometry": { "type": "Point", "coordinates": [ -536078.52901280100923, 1676951.453220037743449 ] } },
{ "type": "Feature", "properties": { "ardf_num": "NM303", "mrds_num": "A012934; A012935", "site": "Dexter Creek", "quad_250": "NM", "quad_63360": null, "comm_main": "Ag, Au", "comm_other": "Sn", "site_type": "Mine", "status": "Inactive", "dep_model": "Alluvial placer Au (Cox and Singer, 1986; model 39a).", "model_code": "39a", "production": "Yes; medium", "geol_desc": "Placer gold mining was underway on Dexter Creek by 1899.  About 14,500 ounces of gold were produced in 1900 (Schrader and Brooks, 1900; Brooks and others, 1901).  Most of Dexter Creek has been worked from its mouth to its headwater tributaries (Collier an", "latitude": 64.580937574246803, "longitude": -165.29460776043021, "deposit_class": "placer" }, "geometry": { "type": "Point", "coordinates": [ -538174.738086983561516, 1670191.26028543128632 ] } },
{ "type": "Feature", "properties": { "ardf_num": "NM304", "mrds_num": "A012923; A012924", "site": "Buster Creek", "quad_250": "NM", "quad_63360": "C-1", "comm_main": "Au", "comm_other": null, "site_type": "Mine", "status": "Inactive", "dep_model": "Alluvial placer Au (Cox and Singer, 1986; model 39a).", "model_code": "39a", "production": "Yes; small", "geol_desc": "Gold was discovered on Buster Creek by 1900 (Schrader and Brooks, 1900 and Brooks and others, 1901).  Mining took place intermittently until 1918 and again as recently as 1954 and 1955 when a small dredge was in operation (Hummel, 1975; Cobb, 1978 [OFR 78", "latitude": 64.591538900833868, "longitude": -165.24840904855171, "deposit_class": "placer" }, "geometry": { "type": "Point", "coordinates": [ -535795.189197319792584, 1670983.446303353412077 ] } },
{ "type": "Feature", "properties": { "ardf_num": "NM305", "mrds_num": "A012940", "site": "Osborn Creek", "quad_250": "NM", "quad_63360": "C-1", "comm_main": "Au", "comm_other": null, "site_type": "Mine", "status": "Inactive", "dep_model": "Alluvial placer Au (Cox and Singer, 1986; model 39a).", "model_code": "39a", "production": "Yes; medium", "geol_desc": "Placer gold was discovered on Osborn Creek in 1900.  Except in an area just above St. Michaels Creek (NM277), Osborn Creek placer deposits mostly have gravel walls and paystreaks are floored by clay-rich false bedrock.  Gravel was composed mostly of schis", "latitude": 64.556540771952314, "longitude": -165.12790881904775, "deposit_class": "placer" }, "geometry": { "type": "Point", "coordinates": [ -530760.724139890400693, 1666166.49080669041723 ] } },
{ "type": "Feature", "properties": { "ardf_num": "NM306", "mrds_num": "10308012", "site": "Grass Creek (Nome B-1 quadrangle)", "quad_250": "NM", "quad_63360": "B-1", "comm_main": "Au", "comm_other": null, "site_type": "Mine", "status": "Probably inactive", "dep_model": "Alluvial placer Au (Cox and Singer, 1986; model 39a).", "model_code": "39a", "production": "Yes; small", "geol_desc": "Placer gold tailings are present along the lower 3,000 feet of Grass Creek.  It was probably mined at about the same time and by the same methods as Saunders Creek (NM307), dredged in 1911-1912.  Grass Creek primarily flows across older parts of the Nome", "latitude": 64.479739861245321, "longitude": -165.11170549433032, "deposit_class": "placer" }, "geometry": { "type": "Point", "coordinates": [ -531422.192259845207445, 1657587.651186751900241 ] } },
{ "type": "Feature", "properties": { "ardf_num": "NM307", "mrds_num": "10308013", "site": "Saunders Creek", "quad_250": "NM", "quad_63360": "B-1", "comm_main": "Au", "comm_other": null, "site_type": "Mine", "status": "Probably inactive", "dep_model": "Alluvial placer Au (Cox and Singer, 1986; model 39a).", "model_code": "39a", "production": "Yes; small", "geol_desc": "A dredge operated on Saunders Creek in 1911-12 and reportedly worked out the ground (Chapin, 1914).  Saunders Creek flows across older parts of the eastern Nome coastal plain, including the projected trace of Third Beach (NM258) (Metcalfe and Tuck, 1942).", "latitude": 64.470539660303473, "longitude": -165.11150465459659, "deposit_class": "placer" }, "geometry": { "type": "Point", "coordinates": [ -531583.637814779533073, 1656573.799783263122663 ] } },
{ "type": "Feature", "properties": { "ardf_num": "NM308", "mrds_num": "10308014", "site": "Gold Run", "quad_250": "NM", "quad_63360": "C-1", "comm_main": "Au", "comm_other": "Sb", "site_type": "Prospect", "status": "Probably inactive", "dep_model": "Alluvial placer Au (Cox and Singer, 1986; model 39a).", "model_code": "39a", "production": "None", "geol_desc": "Mining claims have been staked for gold and antimony on Gold Run, a headwater tributary to Bonita Creek (Kardex site Kx 207, Heiner and Porter, 1972; Alaska Division of Geological and Geophysical Surveys, 1982). Bedrock in this area is marble and schist t", "latitude": 64.648840437214886, "longitude": -165.2168127275329, "deposit_class": "placer" }, "geometry": { "type": "Point", "coordinates": [ -533229.955319770495407, 1677030.425576788606122 ] } },
{ "type": "Feature", "properties": { "ardf_num": "NM309", "mrds_num": null, "site": "Willow Creek", "quad_250": "NM", "quad_63360": "C-1", "comm_main": "Au", "comm_other": null, "site_type": "Prospect", "status": "Probably inactive", "dep_model": "Alluvial placer Au (Cox and Singer, 1986; model 39a).", "model_code": "39a", "production": "None", "geol_desc": "Mining claims have been staked on Willow Creek ), a west tributary to Osborn Creek (Kardex site Kx 284, Heiner and Porter, 1972; Alaska Division of Geological and Geophysical Surveys, 1982).  Four claims were located for placer gold in 1967 by Walter Glav", "latitude": 64.599641172428747, "longitude": -165.14151027977056, "deposit_class": "placer" }, "geometry": { "type": "Point", "coordinates": [ -530600.440959770348854, 1671016.284484734525904 ] } },
{ "type": "Feature", "properties": { "ardf_num": "NM310", "mrds_num": "A012952", "site": "Lower Snake River", "quad_250": "NM", "quad_63360": "C-1", "comm_main": "Au", "comm_other": null, "site_type": "Mine", "status": "Probably inactive", "dep_model": "Alluvial placer Au (Cox and Singer, 1986; model 39a).", "model_code": "39a", "production": "Yes; small", "geol_desc": "Fine gold was discovered on the bars of lower Snake River about July 28, 1898 (Schrader and Brooks, 1900).  This discovery led to further prospecting in September, 1898, and to the subsequent major discoveries in Glacier Creek (NM220), Rock Creek (NM209),", "latitude": 64.505531024210825, "longitude": -165.44228093849691, "deposit_class": "placer" }, "geometry": { "type": "Point", "coordinates": [ -546584.275719117606059, 1663107.048876095097512 ] } },
{ "type": "Feature", "properties": { "ardf_num": "NM311", "mrds_num": "A012951", "site": "Lower Snake River (upstream of the Nome airport)", "quad_250": "NM", "quad_63360": "C-1", "comm_main": "Au", "comm_other": null, "site_type": "Mine", "status": "Probably inactive", "dep_model": "Alluvial placer Au (Cox and Singer, 1986; model 39a).", "model_code": "39a", "production": "Yes; small", "geol_desc": "Fine gold was discovered on the bars of lower Snake River in 1898 (Schrader and Brooks, 1900).  This location was plotted separately by Cobb (1972 [MF 463]) and some placer tailings appear to be present.   Dredge operations took place on lower Snake River", "latitude": 64.521729255962839, "longitude": -165.49147365044479, "deposit_class": "placer" }, "geometry": { "type": "Point", "coordinates": [ -548599.529391738120466, 1665293.13070895941928 ] } },
{ "type": "Feature", "properties": { "ardf_num": "NM312", "mrds_num": "A012922", "site": "Nome River (2 miles below Banner Creek)", "quad_250": "NM", "quad_63360": "C-1", "comm_main": "Au", "comm_other": null, "site_type": "Prospect", "status": "Inactive", "dep_model": "Alluvial placer Au (Cox and Singer, 1986; model 39a).", "model_code": "39a", "production": "Undetermined.", "geol_desc": "Fine gold is commonly found on the bars of Nome River.  This site is an area where an unsuccessful dredge operation was attempted below the mouth of Banner Creek (Moffit, 1913).", "latitude": 64.613938053703237, "longitude": -165.29931093366116, "deposit_class": "placer" }, "geometry": { "type": "Point", "coordinates": [ -537773.291434417944402, 1673857.845372645650059 ] } },
{ "type": "Feature", "properties": { "ardf_num": "SO004", "mrds_num": "10308262", "site": "Koyana Creek", "quad_250": "SO", "quad_63360": "C-4", "comm_main": "Au", "comm_other": "Hg", "site_type": "Mine", "status": "Active", "dep_model": "Placer Au-PGE (Cox and Singer, 1986; model 39a).", "model_code": "39a", "production": "Yes; small", "geol_desc": "Small-scale placer mining took place on Koyana Creek in the early part of the 1900's (Collier, 1908) and between 1928 and 1930 (Cobb, 1978).  The placer deposits were shallow and apparently low grade. Mulligan (1971) estimates that less than 100 ounces of", "latitude": 64.569563172760184, "longitude": -163.67378021759737, "deposit_class": "placer" }, "geometry": { "type": "Point", "coordinates": [ -461721.782320991333108, 1656735.608818476321176 ] } },
{ "type": "Feature", "properties": { "ardf_num": "SO005", "mrds_num": "A012584", "site": "Swede Creek", "quad_250": "SO", "quad_63360": "C-4", "comm_main": "Au", "comm_other": "Hg", "site_type": "Mine", "status": "Active", "dep_model": "Placer gold (Cox and Singer, 1986; model 39a).", "model_code": "39a", "production": "Yes; small", "geol_desc": "Placer gold was discovered on Swede Creek between 1900 and 1902 (Collier and others, 1908) but most mining was between 1918 and WW II (Mulligan, 1971). The placer workings were shallow and extended 600 feet   upstream from the steep sea cliffs along Norto", "latitude": 64.567362947678035, "longitude": -163.70278095343554, "deposit_class": "placer" }, "geometry": { "type": "Point", "coordinates": [ -463131.852944132871926, 1656694.677774634212255 ] } },
{ "type": "Feature", "properties": { "ardf_num": "SO006", "mrds_num": "A010715; D002604", "site": "Daniels Creek", "quad_250": "SO", "quad_63360": "C-4", "comm_main": "Au", "comm_other": "Hg, W", "site_type": "Mine", "status": "Active", "dep_model": "Beach placer; marine channel placer, alluvial placer (Cox and Singer, 1986; model 39a).", "model_code": "39a", "production": "Yes; medium", "geol_desc": "Placer gold was discovered in beach sand at the mouth of Daniels Creek in 1899 but within a year the beach placer was largely mined out (Brooks and others, 1901; Mulligan, 1971).  Placer gold was soon discovered on Daniels Creek but little mining took pla", "latitude": 64.571962945918457, "longitude": -163.74728307201525, "deposit_class": "placer" }, "geometry": { "type": "Point", "coordinates": [ -465165.727874651434831, 1657513.420891985530034 ] } },
{ "type": "Feature", "properties": { "ardf_num": "SO007", "mrds_num": "10308263", "site": "Eldorado Creek", "quad_250": "SO", "quad_63360": "C-4", "comm_main": "Au", "comm_other": null, "site_type": "Mine", "status": "Active?", "dep_model": "Placer Au-PGE (Cox and Singer, 1986; model 39a).", "model_code": "39a", "production": "Yes; small", "geol_desc": "Placer gold was discovered on Eldorado Creek by 1902 (Collier and others, 1908), soon after discovery of the rich placers at nearby Bluff and Daniels Creek (ARDF localities SO134 and SO006).  Some cinnabar is reported to be present in the Eldorado Creek p", "latitude": 64.582263026272287, "longitude": -163.76658463642568, "deposit_class": "placer" }, "geometry": { "type": "Point", "coordinates": [ -465911.818375452421606, 1658785.483818406704813 ] } },
{ "type": "Feature", "properties": { "ardf_num": "SO008", "mrds_num": "A012585", "site": "Bunker Hill", "quad_250": "SO", "quad_63360": "C-4", "comm_main": "Au, Cu", "comm_other": null, "site_type": "Prospect", "status": "Inactive", "dep_model": "Quartz vein or replacement at marble-schist contact; possibly low sulfide Au quartz vein (Cox and Singer, 1986; model 36a).", "model_code": "36a", "production": "No", "geol_desc": "A 5.5-foot-wide quartz vein or silicified zone at a marble-schist contact carries sparse chalcopyrite, pyrite, malachite, and azurite; the central 18 inches is barren (Cathcart, 1922).  Assays reported by early workers ran up to up to $80 per ton of gold", "latitude": 64.594263530866058, "longitude": -163.76658600191871, "deposit_class": "lode" }, "geometry": { "type": "Point", "coordinates": [ -465715.70050002692733, 1660109.86901448876597 ] } },
{ "type": "Feature", "properties": { "ardf_num": "SO009", "mrds_num": "A012588", "site": "Silverbow Creek (Little Anvil Creek)", "quad_250": "SO", "quad_63360": "C-4", "comm_main": "Au", "comm_other": null, "site_type": "Mine", "status": "Inactive", "dep_model": "Placer Au-PGE (Cox and Singer, 1986; model 39a).", "model_code": "39a", "production": "Yes; small", "geol_desc": "Some placer mining took place locally on this creek up to 1930 (Cobb, 1978, OF 78-181); the presence of gold was first reported in 1908 (Collier and others, 1908).  The placer deposits are apparently less extensive and lower grade than those on Daniels Cr", "latitude": 64.589261188519345, "longitude": -163.85258623136903, "deposit_class": "placer" }, "geometry": { "type": "Point", "coordinates": [ -469869.080414022842888, 1660163.642847692826763 ] } },
{ "type": "Feature", "properties": { "ardf_num": "SO010", "mrds_num": "A012587", "site": "California Creek", "quad_250": "SO", "quad_63360": "C-4", "comm_main": "Au", "comm_other": null, "site_type": "Mine", "status": "Inactive", "dep_model": "Placer Au-PGE (Cox and Singer, 1986; model 39a).", "model_code": "39a", "production": "Yes; small", "geol_desc": "All that has been reported is that placer mining occurred on this creek during the years 1928-30, 1933, and 1939-40 (Cobb, 1978, OF 78-181. A dredge apparently worked on the creek in 1939 and 1940.  Bedrock of the area is primarily a polydeformed, metapel", "latitude": 64.608260794532399, "longitude": -163.90959084695589, "deposit_class": "placer" }, "geometry": { "type": "Point", "coordinates": [ -472252.365955066867173, 1662664.208489248296246 ] } },
{ "type": "Feature", "properties": { "ardf_num": "SO011", "mrds_num": "A012589", "site": "Cache Creek (Spruce Creek)", "quad_250": "SO", "quad_63360": "C-5", "comm_main": "Au", "comm_other": null, "site_type": "Mine", "status": "Inactive", "dep_model": "Placer Au-PGE (Cox and Singer, 1986; model 39a).", "model_code": "39a", "production": "Yes; medium", "geol_desc": "About 8,000 feet of placer workings have been mapped along this drainage between elevations of about 45 and 130 feet.  The workings start about 5,000 feet upstream from the mouth of the creek on Taylor Lagoon.  Although prospected in the 1900's (Collier a", "latitude": 64.590258889560786, "longitude": -164.15160977767152, "deposit_class": "placer" }, "geometry": { "type": "Point", "coordinates": [ -484002.953629414318129, 1662421.154503969009966 ] } },
{ "type": "Feature", "properties": { "ardf_num": "SO012", "mrds_num": "A012612", "site": "Rabbit Creek", "quad_250": "SO", "quad_63360": "C-5", "comm_main": "Au", "comm_other": null, "site_type": "Prospect", "status": "Inactive", "dep_model": "Possibly placer Au-PGE (Cox and Singer, 1986; model 39a), but can also include beach placer and residual placer accumulations.", "model_code": "39a", "production": "No", "geol_desc": "Prospect holes uncovered creek gravel overlying well-rounded beach gravels and sand.  Two types of well-rounded beach wash are reported; these include black graphitic slate gravel and white, vein quartz, pebble gravel.  These overlie a thin sand layer on", "latitude": 64.619255988883097, "longitude": -164.34260348216304, "deposit_class": "placer" }, "geometry": { "type": "Point", "coordinates": [ -492534.231707374565303, 1667021.915062489453703 ] } },
{ "type": "Feature", "properties": { "ardf_num": "SO013", "mrds_num": "A012604", "site": "Rock Creek", "quad_250": "SO", "quad_63360": "C-5", "comm_main": "Au", "comm_other": null, "site_type": "Mine", "status": "Probably inactive", "dep_model": "Placer Au-PGE (Cox and Singer, 1986; model 39a); possibly reworked coastal plain deposits.", "model_code": "39a", "production": "Yes; small", "geol_desc": "Some small-scale mining took place as early as 1903 and between 1932 and 1934 (Cobb, 1978, OF 78-181).  Bedrock  is schist but the gravels include much greenstone, slate fragments, and quartz pebbles   Both fine and coarse gold was recovered.  The gold co", "latitude": 64.609255041510508, "longitude": -164.37260350933573, "deposit_class": "placer" }, "geometry": { "type": "Point", "coordinates": [ -494124.822392108035274, 1666142.604171166894957 ] } },
{ "type": "Feature", "properties": { "ardf_num": "SO014", "mrds_num": "A012603", "site": "Manila Creek", "quad_250": "SO", "quad_63360": "C-5", "comm_main": "Au", "comm_other": null, "site_type": "Prospect", "status": "Probably inactive", "dep_model": "Placer Au-PGE (Cox and Singer, 1986; model 39a); possibly reworked coastal plain deposits.", "model_code": "39a", "production": "No", "geol_desc": "Manila Creek has cut through coastal plain deposits in its upper reaches but schist and marble are exposed along the lower 3/4 mile of the drainage (Smith, 1910; Sainsbury and others, 1972, OFR 511).  Gold has apparently been discovered but mining has not", "latitude": 64.589253808448262, "longitude": -164.42260708045177, "deposit_class": "placer" }, "geometry": { "type": "Point", "coordinates": [ -496836.085441042436287, 1664311.577238754136488 ] } },
{ "type": "Feature", "properties": { "ardf_num": "SO015", "mrds_num": "A012596", "site": "Solomon River (lower)", "quad_250": "SO", "quad_63360": "C-5", "comm_main": "Au", "comm_other": "W", "site_type": "Mine", "status": "Active?", "dep_model": "Placer Au-PGE (Cox and Singer, 1986; model 39a); possibly reworked coastal plain deposits.", "model_code": "39a", "production": "Yes; medium", "geol_desc": "Placer gold was discovered in 1899 and mining started in 1900 when about $10,000 (or 485 fine ounces) were produced (Brooks and others, 1901).  Most of the active flood along this part of the river has been extensively worked by dredges starting as early", "latitude": 64.61125484945282, "longitude": -164.38660423076868, "deposit_class": "placer" }, "geometry": { "type": "Point", "coordinates": [ -494751.587952157133259, 1666467.221731306286529 ] } },
{ "type": "Feature", "properties": { "ardf_num": "SO016", "mrds_num": "A012610", "site": "Mystery Creek", "quad_250": "SO", "quad_63360": "C-5", "comm_main": "Au", "comm_other": null, "site_type": "Mine", "status": "Inactive", "dep_model": "Placer Au-PGE (Cox and Singer, 1986; model 39a).", "model_code": "39a", "production": "Yes; small", "geol_desc": "Hydraulic placer mining started on this creek as early as 1903 (Collier and others, 1908).  Production was mostly at elevations from 150 to 200 feet between the Puzzle and Problem Creek tributaries, especially from benches that had a paystreak 100 to 150", "latitude": 64.643254659907825, "longitude": -164.45561315569535, "deposit_class": "placer" }, "geometry": { "type": "Point", "coordinates": [ -497451.912305852456484, 1670508.700199415674433 ] } },
{ "type": "Feature", "properties": { "ardf_num": "SO017", "mrds_num": "A012611", "site": "Shovel Creek", "quad_250": "SO", "quad_63360": "C-5", "comm_main": "Au", "comm_other": null, "site_type": "Mine", "status": "Probably inactive", "dep_model": "Placer Au-PGE (Cox and Singer, 1986; model 39a).", "model_code": "39a", "production": "Yes; small", "geol_desc": "At least  three of the lower three and a half miles of Shovel Creek has been extensively placer mined, mostly by dredges and mostly in the 1920s. Early mining (Smith, 1910) encountered thin, 1 to 3 feet thick gravels over bedrock in a pay streak up to 1,0", "latitude": 64.647255105895567, "longitude": -164.41660871549095, "deposit_class": "placer" }, "geometry": { "type": "Point", "coordinates": [ -495541.73992446786724, 1670657.868883821647614 ] } },
{ "type": "Feature", "properties": { "ardf_num": "SO018", "mrds_num": "A012609", "site": "Penny Creek", "quad_250": "SO", "quad_63360": "C-5", "comm_main": "Au", "comm_other": null, "site_type": "Mine", "status": "Probably inactive", "dep_model": "Placer Au-PGE (Cox and Singer, 1986; model 39a).", "model_code": "39a", "production": "Yes; small", "geol_desc": "Mining on Penny Creek started as early as 1900; some gold was as coarse as an $18 (1 ounce) nugget (Brooks and others, 1901).  The lower 8,000 feet of the creek, which is at least locally incised up to 20 feet, has been mined mostly by small scale operati", "latitude": 64.648255650184268, "longitude": -164.37160428732642, "deposit_class": "placer" }, "geometry": { "type": "Point", "coordinates": [ -493400.889178239565808, 1670433.03402714128606 ] } },
{ "type": "Feature", "properties": { "ardf_num": "SO020", "mrds_num": "A012590; D002600", "site": "Silver; Flynn", "quad_250": "SO", "quad_63360": "C-5", "comm_main": "Au", "comm_other": "Ag, W", "site_type": "Prospect", "status": "Active?", "dep_model": "Gold-quartz vein in metamorphic rocks; low sulfide-Au quartz vein (Cox and Singer, 1986; model 36a).", "model_code": "36a", "production": "Undetermined", "geol_desc": "At least two quartz veins with ribbon rock in graphitic schist are present; these contain free gold and locally arsenopyrite (Cathcart, 1922).  Vein widths vary from 0.5 to 3 feet, they strike northwest up to several hundred feet and dip south (Asher, 196", "latitude": 64.655257438174317, "longitude": -164.29660554493177, "deposit_class": "lode" }, "geometry": { "type": "Point", "coordinates": [ -489741.15168083331082, 1670649.536124591017142 ] } },
{ "type": "Feature", "properties": { "ardf_num": "SO021", "mrds_num": "A012591", "site": "Unnamed (Big Hurrah Creek)", "quad_250": "SO", "quad_63360": "C-5", "comm_main": "Au, Cu", "comm_other": null, "site_type": "Prospect", "status": "Probably inactive", "dep_model": "Gold-quartz vein in metamorphic rocks; low sulfide-Au quartz vein (Cox and Singer, 1986; model 36a).", "model_code": "36a", "production": "No", "geol_desc": "Quartz vein in graphitic schist with pyrite, pyrrhotite, arsenopyrite, chalcopyrite, and free gold.  Three shafts and several trenches were caved in 1920 (Cathcart, 1922).  The alignment of the trenches may indicate a N to NE strike, and dump samples cont", "latitude": 64.660258434355015, "longitude": -164.25360616241412, "deposit_class": "lode" }, "geometry": { "type": "Point", "coordinates": [ -487626.476282435876783, 1670884.33759927097708 ] } },
{ "type": "Feature", "properties": { "ardf_num": "SO022", "mrds_num": "A012597; D002599; A012598", "site": "Big Hurrah Creek", "quad_250": "SO", "quad_63360": "C-5", "comm_main": "Au", "comm_other": "W", "site_type": "Mine", "status": "Active?", "dep_model": "Placer Au-PGE (Cox and Singer, 1986; model 39a).", "model_code": "39a", "production": "Yes; small", "geol_desc": "Gold was discovered and placer mining started on Big Hurrah Creek in 1900 (Collier and others, 1908).  This was apparently the richest creek in the lower Solomon River area (Smith, 1910).  Lu and others (1968) compiled records that indicate at least $120,", "latitude": 64.652258473982158, "longitude": -164.24960607436279, "deposit_class": "placer" }, "geometry": { "type": "Point", "coordinates": [ -487574.945117580296937, 1669973.159909355221316 ] } },
{ "type": "Feature", "properties": { "ardf_num": "SO023", "mrds_num": "A012593; D002598; A010654", "site": "Big Hurrah", "quad_250": "SO", "quad_63360": "C-5", "comm_main": "Au", "comm_other": "Ag, Cu, W, Zn", "site_type": "Mine", "status": "Active", "dep_model": "Gold-quartz vein in metamorphic rocks; low sulfide-Au quartz vein (Cox and Singer, 1986; model 36a).", "model_code": "36a", "production": "Yes; small", "geol_desc": "The Big Hurrah mine has been the most productive lode gold mine on the Seward Peninsula to date.  Gold-quartz veins in slaty graphitic schist  produced about 27,000 ounces of gold (Read and Meinert, 1986) primarily between 1903 and 1907, when a 20-stamp m", "latitude": 64.650658574109968, "longitude": -164.24240641888005, "deposit_class": "lode" }, "geometry": { "type": "Point", "coordinates": [ -487262.594191967742518, 1669743.963505811989307 ] } },
{ "type": "Feature", "properties": { "ardf_num": "SO024", "mrds_num": "A010713; D002601", "site": "Solomon River", "quad_250": "SO", "quad_63360": "C-5", "comm_main": "Au", "comm_other": "W", "site_type": "Mine", "status": "Active?", "dep_model": "Placer Au-PGE (Cox and Singer, 1986; model 39a).", "model_code": "39a", "production": "Yes; small", "geol_desc": "The active drainage of the Solomon River has been continuously placer mined mined, mostly by dredging,  from an elevation of about 100 feet upstream to an elevation of about 175 feet.  This is a distance of about 5 miles starting 0.7 miles downstream from", "latitude": 64.67825751931592, "longitude": -164.29960656680561, "deposit_class": "placer" }, "geometry": { "type": "Point", "coordinates": [ -489486.428040466678794, 1673206.565073334146291 ] } },
{ "type": "Feature", "properties": { "ardf_num": "SO025", "mrds_num": "10308264", "site": "Sapphire Gulch", "quad_250": "SO", "quad_63360": "C-5", "comm_main": "Au", "comm_other": null, "site_type": "Mine", "status": "Probably inactive", "dep_model": "Placer Au-PGE (Cox and Singer, 1986; model 39a).", "model_code": "39a", "production": "Yes; small", "geol_desc": "Smith (1910) reports that most of the gravels in this drainage were mined by 1907.   Bedrock is part of a lower Paleozoic metasedimentary assemblage (Sainsbury and others, 1972, OFR 511; Till and others, 1986).", "latitude": 64.675256107944463, "longitude": -164.36460611514954, "deposit_class": "placer" }, "geometry": { "type": "Point", "coordinates": [ -492602.515582353924401, 1673356.41028190148063 ] } },
{ "type": "Feature", "properties": { "ardf_num": "SO026", "mrds_num": null, "site": "Bear Gulch", "quad_250": "SO", "quad_63360": "C-5", "comm_main": "Au", "comm_other": null, "site_type": "Mine", "status": "Probably inactive", "dep_model": "Placer Au-PGE (Cox and Singer, 1986; model 39a).", "model_code": "39a", "production": "Yes; small", "geol_desc": "Smith (1910) reports that most of the gravels in this drainage were mined by 1907.   Bedrock is part of a lower Paleozoic metasedimentary assemblage (Sainsbury and others, 1972, OFR 511; Till and others, 1986).", "latitude": 64.678256416440391, "longitude": -164.35160636013075, "deposit_class": "placer" }, "geometry": { "type": "Point", "coordinates": [ -491937.729701170115732, 1673590.670648862142116 ] } },
{ "type": "Feature", "properties": { "ardf_num": "SO027", "mrds_num": "10308265", "site": "Meddler Gulch", "quad_250": "SO", "quad_63360": "C-5", "comm_main": "Au", "comm_other": null, "site_type": "Mine", "status": "Probably inactive", "dep_model": "Placer Au-PGE (Cox and Singer, 1986; model 39a).", "model_code": "39a", "production": "Yes; small", "geol_desc": "Smith (1910) reports that most of the gravels in this drainage were mined by 1907.   Material being worked in 1907 was in the headwaters and appeared to be colluvial materials (Smith, 1910, p. 179).  The gold that was recovered was reported to be coarse a", "latitude": 64.681256173498554, "longitude": -164.36460650177455, "deposit_class": "placer" }, "geometry": { "type": "Point", "coordinates": [ -492498.500809576245956, 1674017.582101035863161 ] } },
{ "type": "Feature", "properties": { "ardf_num": "SO028", "mrds_num": "A012608", "site": "Kasson Creek", "quad_250": "SO", "quad_63360": "C-5", "comm_main": "Au", "comm_other": null, "site_type": "Mine", "status": "Inactive", "dep_model": "Placer Au-PGE (Cox and Singer, 1986; model 39a).", "model_code": "39a", "production": "Yes; small", "geol_desc": "The bedrock along this part of Kasson Creek is marble and gold was found in crevices and pockets from 10 to 30 feet deep; paystreaks were from 16 to 100 feet wide (Collier and others, 1908).  The spotty, deep character of the deposits suggests that karst", "latitude": 64.691255712939537, "longitude": -164.41061035471253, "deposit_class": "placer" }, "geometry": { "type": "Point", "coordinates": [ -494492.446548603475094, 1675461.245376565027982 ] } },
{ "type": "Feature", "properties": { "ardf_num": "SO029", "mrds_num": "A012607", "site": "West Creek", "quad_250": "SO", "quad_63360": "C-5", "comm_main": "Au", "comm_other": null, "site_type": "Mine", "status": "Inactive", "dep_model": "Placer Au-PGE (Cox and Singer, 1986; model 39a).", "model_code": "39a", "production": "Yes; small", "geol_desc": "Placer mining took place over about the lower 1.5 miles of the West Creek, between elevations of 175 to 300 feet.  Gold-bearing gravels were 3 to 4 feet thick on bedrock; gold coarseness increased upstream.  Crevices and cracks in marble bedrock locally c", "latitude": 64.676255068744183, "longitude": -164.45861455340759, "deposit_class": "placer" }, "geometry": { "type": "Point", "coordinates": [ -497016.18370125774527, 1674166.907048295484856 ] } },
{ "type": "Feature", "properties": { "ardf_num": "SO030", "mrds_num": "A012606", "site": "West Creek", "quad_250": "SO", "quad_63360": "C-5", "comm_main": "Au", "comm_other": null, "site_type": "Prospect", "status": "Inactive", "dep_model": "Gold-quartz vein in metamorphic rocks; low sulfide-Au quartz vein (Cox and Singer, 1986; model 36a).", "model_code": "36a", "production": "No", "geol_desc": "Quartz veins in schist have been explored by an adit and 600 or 700 feet of underground workings (Smith, 1908).  The quartz veins contain chlorite, small stringers and vugs of pyrite and marcasite, and arsenopyrite.  Some gold and arsenopyrite is reported", "latitude": 64.678254800815921, "longitude": -164.48961781585925, "deposit_class": "lode" }, "geometry": { "type": "Point", "coordinates": [ -498442.184471948654391, 1674619.566970984684303 ] } },
{ "type": "Feature", "properties": { "ardf_num": "SO031", "mrds_num": "A012602", "site": "Adams Creek", "quad_250": "SO", "quad_63360": "C-5", "comm_main": "Au", "comm_other": null, "site_type": "Mine", "status": "Inactive", "dep_model": "Placer Au-PGE (Cox and Singer, 1986; model 39a).", "model_code": "39", "production": "Yes; small", "geol_desc": "Gold was discovered early on Adams Creek and small-scale mining produced 50 to 60 ounces on one claim in 20 days (Brooks and others, 1901).  The stream gravels are 4 to 6 feet thick and heavy mineral concentrate contains garnet and magnetite.  The active", "latitude": 64.706255530976151, "longitude": -164.45161486561136, "deposit_class": "placer" }, "geometry": { "type": "Point", "coordinates": [ -496161.807223404874094, 1677419.649676907807589 ] } },
{ "type": "Feature", "properties": { "ardf_num": "SO032", "mrds_num": "A012599", "site": "Butte Creek", "quad_250": "SO", "quad_63360": null, "comm_main": "Au", "comm_other": null, "site_type": "Mine", "status": "Probably inactive", "dep_model": "Placer Au-PGE (Cox and Singer, 1986; model 39a).", "model_code": "39a", "production": "Yes; small", "geol_desc": "The gravels in lower part of creek were thoroughly worked prior to 1907 (Smith, 1910).  Bench gravels on the west side of South Fork were productive.  The bench gravels were about 8 feet thick on schist bedrock; the surface of the bench was 20 to 25 feet", "latitude": 64.708257043468691, "longitude": -164.33460810286945, "deposit_class": "placer" }, "geometry": { "type": "Point", "coordinates": [ -490617.795802369422745, 1676770.896736003924161 ] } },
{ "type": "Feature", "properties": { "ardf_num": "SO033", "mrds_num": "A012600", "site": "Fox Creek", "quad_250": "SO", "quad_63360": "C-5", "comm_main": "Au", "comm_other": null, "site_type": "Mine", "status": "Inactive", "dep_model": "Placer Au-PGE (Cox and Singer, 1986; model 39a).", "model_code": "39a", "production": "Yes; small", "geol_desc": "Small-scale placer mining was reported on this creek in 1907 and 1908 (Smith, 1908; 1910).  Bedrock in the area is part of a lower Paleozoic metasedimentary assemblage (Till and others, 1986).", "latitude": 64.736257913495393, "longitude": -164.29860921099481, "deposit_class": "placer" }, "geometry": { "type": "Point", "coordinates": [ -488440.157125594792888, 1679591.203685552813113 ] } },
{ "type": "Feature", "properties": { "ardf_num": "SO034", "mrds_num": "A012613", "site": "Beaver Creek", "quad_250": "SO", "quad_63360": "C-6", "comm_main": "Au", "comm_other": null, "site_type": "Mine", "status": "Inactive", "dep_model": "Placer Au-PGE (Cox and Singer, 1986; model 39a).", "model_code": "39a", "production": "Yes; small", "geol_desc": "Placer mining took place along 1.5 miles of the drainage between 225 and 390 feet elevation. A dredge was moved into the area and operated in 1940 (Smith, 1942).  Mining may have continued for some time following WW II as the next stream to the north (Paj", "latitude": 64.639247956316822, "longitude": -164.81260904451003, "deposit_class": "placer" }, "geometry": { "type": "Point", "coordinates": [ -514361.500532257079612, 1672786.97951086377725 ] } },
{ "type": "Feature", "properties": { "ardf_num": "SO035", "mrds_num": "A012614", "site": "Pajara Creek", "quad_250": "SO", "quad_63360": "C-6", "comm_main": "Au", "comm_other": null, "site_type": "Mine", "status": "Inactive", "dep_model": "Placer Au-PGE (Cox and Singer, 1986; model 39a).", "model_code": "39a", "production": "Yes; small", "geol_desc": "Placer mining took place along 2 miles of the creek between 200 and 300 feet elevation.  These workings start  1 mile upstream of the confluence with Eldorado River.  The placer mining apparently occurred in the late 1940's and included dredging (Hummel,", "latitude": 64.666247790662084, "longitude": -164.84061049816933, "deposit_class": "placer" }, "geometry": { "type": "Point", "coordinates": [ -515192.235852212761529, 1675976.023563184775412 ] } },
{ "type": "Feature", "properties": { "ardf_num": "SO045", "mrds_num": "A012621", "site": "Aggie Creek", "quad_250": "SO", "quad_63360": "D-3", "comm_main": "Au", "comm_other": null, "site_type": "Mine", "status": "Inactive", "dep_model": "Placer Au-PGE (Cox and Singer, 1986; model 39a).", "model_code": "39a", "production": "None", "geol_desc": "Open-cut placer workings, from hydraulic operations and some dredging, are present on the main channel over a distance of 1.7 miles starting 0.3 miles upstream of the mouth of Aggie Creek.  These workings are between elevations of about 40 and 140 feet.", "latitude": 64.882278022163675, "longitude": -163.20860764180998, "deposit_class": "placer" }, "geometry": { "type": "Point", "coordinates": [ -434844.495140271203127, 1688124.511317724594846 ] } },
{ "type": "Feature", "properties": { "ardf_num": "SO047", "mrds_num": "A012622", "site": "Mystery Creek; Mud Creek", "quad_250": "SO", "quad_63360": "D-4", "comm_main": "Au", "comm_other": null, "site_type": "Mine", "status": "Inactive", "dep_model": "Placer Au-PGE (Cox and Singer, 1986; model 39a).", "model_code": "39a", "production": "Yes; small", "geol_desc": "Dredging was reported to have taken place 3 miles above the mouth (Chapin, 1913);  the gravels here were 2 to 15 feet thick on a clay false bedrock.  One mile above the mouth, gravels were 7 feet thick and the pay was in the lower 3 feet.  Mud Creek, a he", "latitude": 64.862274602085236, "longitude": -163.53161284648056, "deposit_class": "placer" }, "geometry": { "type": "Point", "coordinates": [ -450313.272406161180697, 1688068.560404829215258 ] } },
{ "type": "Feature", "properties": { "ardf_num": "SO048", "mrds_num": "A012623", "site": "Melsing Creek; Basin Creek; Benson Gulch", "quad_250": "SO", "quad_63360": "D-4", "comm_main": "Au", "comm_other": null, "site_type": "Mine", "status": "Probably inactive", "dep_model": "Placer Au-PGE (Cox and Singer, 1986; model 39a).", "model_code": "39a", "production": "Yes; small", "geol_desc": "The gravels of Melsing Creek are generally thin, ranging from 1.5 to 8 feet thick.  Several feet of gravel carried gold in places but better grades were present on or in bedrock (Collier and others, 1908)  A clay false bedrock is at least locally present", "latitude": 64.900272963659859, "longitude": -163.65561480831602, "deposit_class": "placer" }, "geometry": { "type": "Point", "coordinates": [ -455516.66583095950773, 1693107.461536658694968 ] } },
{ "type": "Feature", "properties": { "ardf_num": "SO049", "mrds_num": "A012627", "site": "Niukluk River", "quad_250": "SO", "quad_63360": "D-4", "comm_main": "Au", "comm_other": null, "site_type": "Mine", "status": "Probably inactive", "dep_model": "Placer Au-PGE (Cox and Singer, 1986; model 39a).", "model_code": "39a", "production": "Yes; small", "geol_desc": "Gold was originally discovered on the bars of the Niukluk River in 1865 when a survey crew for a telegraph line passed through the area (Collier and others, 1908). This area was dredged over a length of 1.1 miles and over widths up to 500 feet. Heavy mine", "latitude": 64.873272614546707, "longitude": -163.64861263733553, "deposit_class": "placer" }, "geometry": { "type": "Point", "coordinates": [ -455624.561848517740145, 1690080.275659046834335 ] } },
{ "type": "Feature", "properties": { "ardf_num": "SO050", "mrds_num": "A012628", "site": "Niukluk River", "quad_250": "SO", "quad_63360": "D-4", "comm_main": "Au", "comm_other": null, "site_type": "Mine", "status": "Active?", "dep_model": "Placer Au-PGE (Cox and Singer, 1986; model 39a).", "model_code": "39a", "production": "Yes; small", "geol_desc": "Gold was originally discovered on the bars of the Niukluk River in 1865 when a survey crew for a telegraph line passed through the area (Collier and others, 1908).  These two areas, with a combined length of 2.1 miles, were extensively dredged over widths", "latitude": 64.901271364196802, "longitude": -163.73461468288596, "deposit_class": "placer" }, "geometry": { "type": "Point", "coordinates": [ -459200.709637692838442, 1693761.664922521216795 ] } },
{ "type": "Feature", "properties": { "ardf_num": "SO051", "mrds_num": "A012626", "site": "Richter Creek", "quad_250": "SO", "quad_63360": "D-4", "comm_main": "Au", "comm_other": null, "site_type": "Mine", "status": "Inactive", "dep_model": "Placer Au-PGE (Cox and Singer, 1986; model 39a).", "model_code": "39a", "production": "Undetermined", "geol_desc": "Some small-scale mining apparently took place along this creek in the early history of the area.  The gold placers were reported to be nearly exhausted in 1906 (Smith, 1907).  Bedrock in the area is part of a lower Paleozoic metasedimentary assemblage (Ti", "latitude": 64.917270578398202, "longitude": -163.78761662548291, "deposit_class": "placer" }, "geometry": { "type": "Point", "coordinates": [ -461420.852971054497175, 1695893.857551009394228 ] } },
{ "type": "Feature", "properties": { "ardf_num": "SO052", "mrds_num": "A012629", "site": "Sweetcake Creek", "quad_250": "SO", "quad_63360": "D-4", "comm_main": "Au", "comm_other": null, "site_type": "Mine", "status": "Probably inactive", "dep_model": "Placer Au-PGE (Cox and Singer, 1986; model 39a).", "model_code": "39a", "production": "Yes; small", "geol_desc": "The first placer mining in the Ophir Creek area occurred on Sweetcake Creek soon after gold was discovered here in 1898 (Collier and others, 1908).  A stratigraphic section near the mouth of Sweetcake Creek included, from top to bottom: 5 feet of fine mic", "latitude": 64.931271786890306, "longitude": -163.7436174033918, "deposit_class": "placer" }, "geometry": { "type": "Point", "coordinates": [ -459133.284798524924554, 1697133.287520215613768 ] } },
{ "type": "Feature", "properties": { "ardf_num": "SO053", "mrds_num": "A012630; A010717; D002169", "site": "Ophir Creek", "quad_250": "SO", "quad_63360": "D-4", "comm_main": "Au", "comm_other": null, "site_type": "Mine", "status": "Active?", "dep_model": "Placer Au-PGE (Cox and Singer, 1986; model 39a).", "model_code": "39a", "production": "Yes; medium", "geol_desc": "Ophir Creek is the most important producer of placer gold in the Council district.  The majority of the 707,000 ounces of gold production recorded for the Council district probably came from Ophir Creek (Hudson and DeYoung, 1978).  Placer gold was discove", "latitude": 64.957273909348899, "longitude": -163.66061947859919, "deposit_class": "placer" }, "geometry": { "type": "Point", "coordinates": [ -454829.779927993076853, 1699430.596390123013407 ] } },
{ "type": "Feature", "properties": { "ardf_num": "SO054", "mrds_num": "A012632; D002603", "site": "Warm Creek", "quad_250": "SO", "quad_63360": "D-4", "comm_main": "Au", "comm_other": "W", "site_type": "Mine", "status": "Inactive", "dep_model": "Placer Au-PGE (Cox and Singer, 1986; model 39a).", "model_code": "39a", "production": "Yes; small", "geol_desc": "Gold mining began on Warm Creek in 1900 and by 1907 perhaps $100,000 (5,000 ounces) had been produced (Collier and others, 1908).  Most of the gold was rough and iron-stained, some was almost black, and a 2.8 ounce nugget was recovered. Heavy mineral conc", "latitude": 64.950270106901598, "longitude": -163.84362055686864, "deposit_class": "placer" }, "geometry": { "type": "Point", "coordinates": [ -463498.351288032019511, 1699923.333357063587755 ] } },
{ "type": "Feature", "properties": { "ardf_num": "SO056", "mrds_num": "A012631", "site": "Elkhorn Creek", "quad_250": "SO", "quad_63360": "D-4", "comm_main": "Au", "comm_other": null, "site_type": "Mine", "status": "Inactive", "dep_model": "Placer Au-PGE (Cox and Singer, 1986; model 39a).", "model_code": "39a", "production": "Yes; small", "geol_desc": "Placer mining has taken place for about a mile along the lower part of Elkhorn Creek.  The drainage is incised into a terrace along the Niukluk River. Creek gravels were 2.5 feet thick near the mouth and bench deposit at the mouth consisted of 4 feet of c", "latitude": 64.930267292924526, "longitude": -163.95662091026645, "deposit_class": "placer" }, "geometry": { "type": "Point", "coordinates": [ -469112.545772087643854, 1698511.116713531780988 ] } },
{ "type": "Feature", "properties": { "ardf_num": "SO057", "mrds_num": "A012634", "site": "Camp Creek", "quad_250": "SO", "quad_63360": "D-4", "comm_main": "Au", "comm_other": null, "site_type": "Mine", "status": "Inactive", "dep_model": "Placer Au-PGE (Cox and Singer, 1986; model 39a).", "model_code": "39a", "production": "Yes; small", "geol_desc": "Dredge tailings extend about 0.3 miles up the creek from the mouth and about 0.2 miles downstream along the west bank of the Niukluk River. Early mining was by hand and hydraulic methods (Collier and others, 1908); a dredge operated here in 1915-18 and 19", "latitude": 64.931267904547852, "longitude": -163.92862038609186, "deposit_class": "placer" }, "geometry": { "type": "Point", "coordinates": [ -467786.522411917336285, 1698423.93236670200713 ] } },
{ "type": "Feature", "properties": { "ardf_num": "SO058", "mrds_num": "D002602", "site": "Goldbottom Creek", "quad_250": "SO", "quad_63360": "D-4", "comm_main": "Au", "comm_other": "W", "site_type": "Mine", "status": "Probably inactive", "dep_model": "Placer Au-PGE (Cox and Singer, 1986; model 39a).", "model_code": "39a", "production": "Yes; small", "geol_desc": "Placer mining started early and about 485 ounces of gold ($10,000) were produced in 1900 (Brooks and others, 1901).  Small dredges operated from 1909 to at least 1911.  A heavy-mineral concentrate from near the mouth of Warm Creek (SO054) contained gold,", "latitude": 64.955268718525147, "longitude": -163.91562231574451, "deposit_class": "placer" }, "geometry": { "type": "Point", "coordinates": [ -466780.592846620595083, 1700978.82565544359386 ] } },
{ "type": "Feature", "properties": { "ardf_num": "SO059", "mrds_num": "A012633", "site": "Unnamed (near Post Creek)", "quad_250": "SO", "quad_63360": "D-5", "comm_main": "Au", "comm_other": null, "site_type": "Prospect", "status": "Inactive", "dep_model": "Gold-quartz vein in metamorphic rocks?; low sulfide-Au quartz vein (Cox and Singer, 1986; model 36a).", "model_code": "36a?", "production": "No", "geol_desc": "There is an early report of a gold-bearing, 8-foot-wide quartz vein localized at a schist/marble contact 0.5 mile southeast of Post Creek (Smith, 1907).  Crushing and panning of the quartz indicated that it could contain as much as 1.7 ounces of gold per", "latitude": 64.970266899020231, "longitude": -164.0196255035782, "deposit_class": "lode" }, "geometry": { "type": "Point", "coordinates": [ -471388.214191190141719, 1703366.925766644999385 ] } },
{ "type": "Feature", "properties": { "ardf_num": "SO060", "mrds_num": "A012625", "site": "Fox River; IXL Gulch", "quad_250": "SO", "quad_63360": "D-4", "comm_main": "Au", "comm_other": null, "site_type": "Mine", "status": "Probably inactive", "dep_model": "Placer Au-PGE (Cox and Singer, 1986; model 39a).", "model_code": "39a", "production": "Yes; small", "geol_desc": "The Fox River is incised and small-scale placer mining took place on bench deposits near the mouth of IXL Gulch as early as 1903 (Collier and others, 1908).  The bench gravels were 2 to 6 feet thick on schist bedrock and covered by 2 to 3.5 feet of muck.", "latitude": 64.782267700989053, "longitude": -163.7956044225825, "deposit_class": "placer" }, "geometry": { "type": "Point", "coordinates": [ -464007.326119152305182, 1681057.365703894058242 ] } },
{ "type": "Feature", "properties": { "ardf_num": "SO061", "mrds_num": "A012636", "site": "Puckmummie Creek", "quad_250": "SO", "quad_63360": "D-5", "comm_main": "Au", "comm_other": null, "site_type": "Prospect", "status": "Inactive", "dep_model": "Placer Au-PGE (Cox and Singer, 1986; model 39a).", "model_code": "39a", "production": "No", "geol_desc": "Gold colors are widely distributed in thin gravel, 2 to 3 feet thick, but there is no record of mining on the creek (Smith, 1910; Cobb, 1978, OF 78-181).  The gravels are derived from bedrock of the drainage which is part of a pelitic schist assemblage in", "latitude": 64.955265504330967, "longitude": -164.07062464884103, "deposit_class": "placer" }, "geometry": { "type": "Point", "coordinates": [ -474021.843687974847853, 1702076.38069549552165 ] } },
{ "type": "Feature", "properties": { "ardf_num": "SO062", "mrds_num": "A012637", "site": "Birch Creek", "quad_250": "SO", "quad_63360": "D-5", "comm_main": "Au", "comm_other": null, "site_type": "Mine", "status": "Inactive", "dep_model": "Placer Au-PGE (Cox and Singer, 1986; model 39a).", "model_code": "39a", "production": "Yes; small", "geol_desc": "Very little is known about mining here other than some took place in 1906 below Shea Creek, a small south tributary (Collier and others, 1908).  Bedrock in this part of the drainage is a metavolcanic assemblage thought to be Ordovician in age (Till and ot", "latitude": 64.830261494706079, "longitude": -164.13161493350202, "deposit_class": "placer" }, "geometry": { "type": "Point", "coordinates": [ -478988.756013074191287, 1688735.457244880730286 ] } },
{ "type": "Feature", "properties": { "ardf_num": "SO063", "mrds_num": "10308269", "site": "Casadepaga River (Fool Creek)", "quad_250": "SO", "quad_63360": "D-5", "comm_main": "Au", "comm_other": null, "site_type": "Mine", "status": "Inactive", "dep_model": "Placer Au-PGE (Cox and Singer, 1986; model 39a).", "model_code": "39a", "production": "Yes; small", "geol_desc": "The only information specific to this locality along the Casadepaga River is that minor placer production occurred here early in the history of the area.  The Casadepaga River is a major west tributary to the Niukluk River. The first 11 miles upstream fro", "latitude": 64.92126315870027, "longitude": -164.15162233540082, "deposit_class": "placer" }, "geometry": { "type": "Point", "coordinates": [ -478382.063566943455953, 1698909.638177580665797 ] } },
{ "type": "Feature", "properties": { "ardf_num": "SO064", "mrds_num": "A012642", "site": "Dawson Creek", "quad_250": "SO", "quad_63360": "D-5", "comm_main": "Au", "comm_other": null, "site_type": "Mine", "status": "Inactive", "dep_model": "Placer Au-PGE (Cox and Singer, 1986; model 39a).", "model_code": "39a", "production": "Yes; small", "geol_desc": "Dawson Creek heads in Paleozoic marble of Mount Dixon (Till and others, 1986) but its lower reaches cross terraces of the Casadepaga River.  Small-scale mining occurred along lower Dawson Creek where bedrock includes micaceous schist (Smith, 1910) and app", "latitude": 64.912262541685095, "longitude": -164.17862176208652, "deposit_class": "placer" }, "geometry": { "type": "Point", "coordinates": [ -479797.635049038333818, 1698112.506802587304264 ] } },
{ "type": "Feature", "properties": { "ardf_num": "SO065", "mrds_num": "A012648", "site": "No Man Creek", "quad_250": "SO", "quad_63360": "D-5", "comm_main": "Au", "comm_other": null, "site_type": "Mine", "status": "Inactive", "dep_model": "Placer Au-PGE (Cox and Singer, 1986; model 39a).", "model_code": "39a", "production": "Yes; small", "geol_desc": "A little mining by one person took place here in 1907 (Smith, 1910).  The mining was probably along the lower part of the creek where it crosses and reworks terrace deposits of the Casadepaga River.", "latitude": 64.908262601986053, "longitude": -164.16862131141275, "deposit_class": "placer" }, "geometry": { "type": "Point", "coordinates": [ -479397.955394518212415, 1697599.481065243948251 ] } },
{ "type": "Feature", "properties": { "ardf_num": "SO066", "mrds_num": "A012643", "site": "Big Four Creek", "quad_250": "SO", "quad_63360": "D-5", "comm_main": "Au", "comm_other": null, "site_type": "Mine", "status": "Inactive", "dep_model": "Placer Au-PGE (Cox and Singer, 1986; model 39a).", "model_code": "39a", "production": "Yes; small", "geol_desc": "Mining on Big Four Creek took place 0.5 mile upstream of the creek's mouth where it crosses a terrace of the Casadepaga River.  Bedrock was not encountered during mining and the gold was on the surface and on clay layers in fine creek gravels. Gold values", "latitude": 64.902262361136593, "longitude": -164.17562082504156, "deposit_class": "placer" }, "geometry": { "type": "Point", "coordinates": [ -479827.478699102764949, 1696988.777677450096235 ] } },
{ "type": "Feature", "properties": { "ardf_num": "SO067", "mrds_num": "10308270", "site": "Casadepaga River", "quad_250": "SO", "quad_63360": "D-5", "comm_main": "Au", "comm_other": null, "site_type": "Mine", "status": "Inactive", "dep_model": "Placer Au-PGE (Cox and Singer, 1986; model 39a).", "model_code": "39a", "production": "Yes; small", "geol_desc": "The Casadepaga River is a major west tributary to the Niukluk River.  The first 11 miles upstream from the mouth varies from 170 to 270 feet in elevation.  The next 8 to 9 miles upstream gains another 150 feet of elevation.  The lower 11 miles of the rive", "latitude": 64.889261819280563, "longitude": -164.192619772396, "deposit_class": "placer" }, "geometry": { "type": "Point", "coordinates": [ -480844.385071624012198, 1695679.028077867347747 ] } },
{ "type": "Feature", "properties": { "ardf_num": "SO069", "mrds_num": "A012640", "site": "Dixon Creek", "quad_250": "SO", "quad_63360": "D-5", "comm_main": "Au", "comm_other": null, "site_type": "Mine", "status": "Inactive", "dep_model": "Placer Au-PGE (Cox and Singer, 1986; model 39a).", "model_code": "39a", "production": "Yes; small", "geol_desc": "Small-scale mining took place on Dixon Creek, probably along the lower part of the creek, as early as 1899 and about 725 ounces are estimated to have been produced by 1907 (Smith, 1910).  Some of the gold was coarse.  The creek flows close to the contact", "latitude": 64.889261381418237, "longitude": -164.22262000416353, "deposit_class": "placer" }, "geometry": { "type": "Point", "coordinates": [ -482248.496575606637634, 1695896.511458333581686 ] } },
{ "type": "Feature", "properties": { "ardf_num": "SO070", "mrds_num": null, "site": "Gold Moon Gulch", "quad_250": "SO", "quad_63360": "D-5", "comm_main": "Au", "comm_other": null, "site_type": "Mine", "status": "Inactive", "dep_model": "Placer Au-PGE (Cox and Singer, 1986; model 39a).", "model_code": "39a", "production": "Yes; small", "geol_desc": "Gold Moon Gulch flows near the contact between marble and schist. A very uneven bedrock surface is developed on the marble including underground caverns (karst ?) that rob water from the surface.  Coarse gold, some with quartz, to 0.8 ounce nuggets has be", "latitude": 64.897260369455523, "longitude": -164.30262163158682, "deposit_class": "placer" }, "geometry": { "type": "Point", "coordinates": [ -485854.516602859832346, 1697360.975643896497786 ] } },
{ "type": "Feature", "properties": { "ardf_num": "SO071", "mrds_num": "A012650", "site": "Quartz Creek", "quad_250": "SO", "quad_63360": "D-5", "comm_main": "Au", "comm_other": null, "site_type": "Mine", "status": "Inactive", "dep_model": "Placer Au-PGE (Cox and Singer, 1986; model 39a).", "model_code": "39a", "production": "Yes; small", "geol_desc": "By 1907, placer mining had taken place on Quartz Creek just above its mouth for several years (Smith, 1910).  The creek is locally incised into older gravels. The gravels that were worked were 3 to 10 feet thick and the gold was recovered from the upper 2", "latitude": 64.886260093047682, "longitude": -164.30662067311664, "deposit_class": "placer" }, "geometry": { "type": "Point", "coordinates": [ -486231.197002853266895, 1696178.313848083140329 ] } },
{ "type": "Feature", "properties": { "ardf_num": "SO072", "mrds_num": "A012644", "site": "Goose Creek", "quad_250": "SO", "quad_63360": "D-5", "comm_main": "Au", "comm_other": null, "site_type": "Mine", "status": "Inactive", "dep_model": "Placer Au-PGE (Cox and Singer, 1986; model 39a).", "model_code": "39a", "production": "Yes; small", "geol_desc": "Placer gold mining started on lower Goose Creek in 1900 (Brooks and others, 1901).  Dredging started by 1909 and took place intermittantly to 1919 (Cobb, 1978, OF 78-181).  Sainsbury and others (1972, OFR 511) show placer tailings to be present over the l", "latitude": 64.878260223891772, "longitude": -164.28661966367744, "deposit_class": "placer" }, "geometry": { "type": "Point", "coordinates": [ -485432.811224999255501, 1695150.599042606772855 ] } },
{ "type": "Feature", "properties": { "ardf_num": "SO073", "mrds_num": "A012647", "site": "Dry Creek (Gulch)", "quad_250": "SO", "quad_63360": "D-5", "comm_main": "Au", "comm_other": null, "site_type": "Mine", "status": "Inactive", "dep_model": "Placer Au-PGE (Cox and Singer, 1986; model 39a).", "model_code": "39a", "production": "Yes; small", "geol_desc": "Dry Creek is incised into a terrace of the Casadepaga River.  Mining along the active channel started in 1900 and one person was mining here in 1907 (Smith, 1910).  The gold was concentrated on a clay seam and most was fine; a 0.1 ounce nugget was recover", "latitude": 64.887261236587591, "longitude": -164.22961987121775, "deposit_class": "placer" }, "geometry": { "type": "Point", "coordinates": [ -482610.318514270649757, 1695726.957462974591181 ] } },
{ "type": "Feature", "properties": { "ardf_num": "SO074", "mrds_num": "A012651", "site": "Thorpe Creek", "quad_250": "SO", "quad_63360": "D-5", "comm_main": "Au", "comm_other": null, "site_type": "Mine", "status": "Inactive", "dep_model": "Placer Au-PGE (Cox and Singer, 1986; model 39a).", "model_code": "39a", "production": "Yes; small", "geol_desc": "Gold mining on Thorpe Creek took place where it crosses a bench of the Casadepaga River (Brooks and others, 1901).  Bedrock was not encountered here although schist and marble are exposed in the creek's headwaters.  Mining between 1900 and 1907 is reporte", "latitude": 64.885261512964732, "longitude": -164.20761951820145, "deposit_class": "placer" }, "geometry": { "type": "Point", "coordinates": [ -481614.727536623191554, 1695346.884167953161523 ] } },
{ "type": "Feature", "properties": { "ardf_num": "SO075", "mrds_num": "10308272", "site": "Casadepaga River", "quad_250": "SO", "quad_63360": "D-5", "comm_main": "Au", "comm_other": null, "site_type": "Prospect", "status": "Inactive", "dep_model": "Placer Au-PGE (Cox and Singer, 1986; model 39a).", "model_code": "39a", "production": "Undetermined", "geol_desc": "The Casadepaga River is a major west tributary to the Niukluk River.  The first 11 miles upstream from the mouth varies from 170 to 270 feet in elevation.  The next 8 to 9 miles upstream gains another 150 feet of elevation.  The lower 11 miles of the rive", "latitude": 64.881261195048538, "longitude": -164.22361926595582, "deposit_class": "placer" }, "geometry": { "type": "Point", "coordinates": [ -482432.059981718542986, 1695022.189581972779706 ] } },
{ "type": "Feature", "properties": { "ardf_num": "SO076", "mrds_num": "A012641", "site": "Spruce Creek", "quad_250": "SO", "quad_63360": "D-5", "comm_main": "Au", "comm_other": null, "site_type": "Mine", "status": "Inactive", "dep_model": "Placer Au-PGE (Cox and Singer, 1986; model 39a).", "model_code": "39a", "production": "Yes; small", "geol_desc": "Spruce Creek cuts completely through the terrace of the Casadepaga River and flows on bedrock at its mouth. Sainsbury and others (1972) show placer tailings along the lower 0.7 miles of the creek.  By 1907, an estimated $10,000 or about 400 ounces of gold", "latitude": 64.878261274013425, "longitude": -164.21361891393934, "deposit_class": "placer" }, "geometry": { "type": "Point", "coordinates": [ -482015.1385333314538, 1694618.992789895040914 ] } },
{ "type": "Feature", "properties": { "ardf_num": "SO078", "mrds_num": "A012646", "site": "Lightning Creek", "quad_250": "SO", "quad_63360": "D-5", "comm_main": "Au", "comm_other": null, "site_type": "Prospect", "status": "Inactive", "dep_model": "Placer Au-PGE (Cox and Singer, 1986; model 39a).", "model_code": "39a", "production": "Undetermined.", "geol_desc": "Smith (1910) noted that considerable prospecting had occurred by 1907 along the active drainage of lower Lightning Creek where it crosses terraces of the Casadepaga River.  The terrace gravels here are 5 to 10 feet above the active stream.  Bedrock in the", "latitude": 64.870260867457844, "longitude": -164.23161836349527, "deposit_class": "placer" }, "geometry": { "type": "Point", "coordinates": [ -482994.776631665823516, 1693868.146251727128401 ] } },
{ "type": "Feature", "properties": { "ardf_num": "SO079", "mrds_num": "A012649", "site": "Penelope Creek", "quad_250": "SO", "quad_63360": "D-5", "comm_main": "Au", "comm_other": null, "site_type": "Mine", "status": "Inactive", "dep_model": "Placer Au-PGE (Cox and Singer, 1986; model 39a).", "model_code": "39a", "production": "Yes; small", "geol_desc": "Penelope Creek was primarily placer mined along its lower part where it crosses terraces of the Casadepaga River.  However, about a mile above its mouth, an exploration shaft went through 97 feet of unconsolidated materials before reaching bedrock (Smith,", "latitude": 64.862260378270861, "longitude": -164.25761795090773, "deposit_class": "placer" }, "geometry": { "type": "Point", "coordinates": [ -484349.60974480304867, 1693175.906117362435907 ] } },
{ "type": "Feature", "properties": { "ardf_num": "SO080", "mrds_num": "A010716", "site": "Casadepaga River", "quad_250": "SO", "quad_63360": "D-5", "comm_main": "Au", "comm_other": null, "site_type": "Mine", "status": "Inactive", "dep_model": "Placer Au-PGE (Cox and Singer, 1986; model 39a).", "model_code": "39a", "production": "Undetermined.", "geol_desc": "The Casadepaga River is a major west tributary to the Niukluk River.  The first 11 miles upstream from the mouth varies from 170 to 270 feet in elevation.  The next 8 to 9 miles upstream gains another 150 feet of elevation.  The lower 11 miles of the rive", "latitude": 64.867259773639518, "longitude": -164.30461900380021, "deposit_class": "placer" }, "geometry": { "type": "Point", "coordinates": [ -486464.97178177308524, 1694070.294058845611289 ] } },
{ "type": "Feature", "properties": { "ardf_num": "SO081", "mrds_num": "10308273", "site": "Casadepaga River", "quad_250": "SO", "quad_63360": "D-5", "comm_main": "Au", "comm_other": null, "site_type": "Mine", "status": "Probably inactive", "dep_model": "Placer Au-PGE (Cox and Singer, 1986; model 39a).", "model_code": "39a", "production": "Yes; small", "geol_desc": "The Casadepaga River is a major west tributary to the Niukluk River.  The first 11 miles upstream from the mouth varies from 170 to 270 feet in elevation.  The next 8 to 9 miles upstream gains another 150 feet of elevation.  The lower 11 miles of the rive", "latitude": 64.854259288109105, "longitude": -164.32361827359497, "deposit_class": "placer" }, "geometry": { "type": "Point", "coordinates": [ -487579.131200977601111, 1692777.287286379840225 ] } },
{ "type": "Feature", "properties": { "ardf_num": "SO082", "mrds_num": "A012661", "site": "Sunshine Creek", "quad_250": "SO", "quad_63360": "D-5", "comm_main": "Au", "comm_other": null, "site_type": "Mine", "status": "Probably inactive", "dep_model": "Placer Au-PGE (Cox and Singer, 1986; model 39a).", "model_code": "39a", "production": "Yes; small", "geol_desc": "The lower part of Sunshine Creek crosses benches of Canyon Creek; Sainsbury and others (1972, OFR 511) show placer tailings along the lower 0.5 mile of the creek. There are reports of placer mining here in 1918 and 1934 (Cobb, 1978, OF 78-181).  Smith (19", "latitude": 64.858258768120749, "longitude": -164.3636191515981, "deposit_class": "placer" }, "geometry": { "type": "Point", "coordinates": [ -489383.70130521687679, 1693512.128476360347122 ] } },
{ "type": "Feature", "properties": { "ardf_num": "SO083", "mrds_num": "A012660", "site": "Canyon Creek", "quad_250": "SO", "quad_63360": "D-5", "comm_main": "Au", "comm_other": null, "site_type": "Mine", "status": "Probably inactive", "dep_model": "Placer Au-PGE (Cox and Singer, 1986; model 39a).", "model_code": "39a", "production": "Yes; small", "geol_desc": "The active floodplain of Canyon Creek is incised about 10 feet into terraces that are best developed on the north side of the creek. The terraces are cut into pelitic schist bedrock and mantled by about 12 feet of clean well-rounded gravel.  The bench gra", "latitude": 64.856258529327533, "longitude": -164.37761919994512, "deposit_class": "placer" }, "geometry": { "type": "Point", "coordinates": [ -490074.130890613072552, 1693395.018341014627367 ] } },
{ "type": "Feature", "properties": { "ardf_num": "SO084", "mrds_num": "A012662", "site": "Boulder Creek", "quad_250": "SO", "quad_63360": "D-5", "comm_main": "Au", "comm_other": null, "site_type": "Mine", "status": "Probably inactive", "dep_model": "Placer Au-PGE (Cox and Singer, 1986; model 39a).", "model_code": "39a", "production": "Yes; small", "geol_desc": "Mining took place along the active channel of Boulder Creek where thin, 1.5- to 2-feet thick gravels over bedrock contained gold.  Sainsbury and others (1972, OFR 511) show placer tailings along the lower 3/4 mile of the creek. The gold was bright and som", "latitude": 64.861258393069278, "longitude": -164.39862021005905, "deposit_class": "placer" }, "geometry": { "type": "Point", "coordinates": [ -490970.82676925137639, 1694100.903648611856624 ] } },
{ "type": "Feature", "properties": { "ardf_num": "SO085", "mrds_num": "10308274", "site": "Upper Goose Creek", "quad_250": "SO", "quad_63360": "D-5", "comm_main": "Au", "comm_other": null, "site_type": "Mine", "status": "Probably inactive", "dep_model": "Placer Au-PGE (Cox and Singer, 1986; model 39a).", "model_code": "39a", "production": "Yes; small", "geol_desc": "Placer gold mining started on lower Goose Creek in 1900 (Brooks and others, 1901).  Dredging started by 1909 and took place intermittantly to 1919 (Cobb, 1978, OF 78-181).  The lower part of the creek crosses creek terraces and terraces of the Casadepaga", "latitude": 64.880259207241664, "longitude": -164.35962084620661, "deposit_class": "placer" }, "geometry": { "type": "Point", "coordinates": [ -488815.267370092740748, 1695906.28975976887159 ] } },
{ "type": "Feature", "properties": { "ardf_num": "SO086", "mrds_num": "A012657", "site": "American Creek; Game Creek", "quad_250": "SO", "quad_63360": "D-5", "comm_main": "Au", "comm_other": null, "site_type": "Mine", "status": "Undetermined", "dep_model": "Placer Au-PGE (Cox and Singer, 1986; model 39a).", "model_code": "39a", "production": "Yes; small", "geol_desc": "Very little is known about the mining at this location on American Creek.  A dredge operated here in 1940 (Smith, 1942) but subsequent work is not reported.  The Solomon D-5 topographic map shows about 0.3 miles of placer tailings on American Creek and Sa", "latitude": 64.930258852889921, "longitude": -164.45762699026639, "deposit_class": "placer" }, "geometry": { "type": "Point", "coordinates": [ -492527.217400938621722, 1702137.516934717306867 ] } },
{ "type": "Feature", "properties": { "ardf_num": "SO087", "mrds_num": "A012659", "site": "Auburn Creek (Ravine)", "quad_250": "SO", "quad_63360": "D-6", "comm_main": "Au", "comm_other": "Hg", "site_type": "Mine", "status": "Probably inactive", "dep_model": "Placer Au-PGE (Cox and Singer, 1986; model 39a).", "model_code": "39a", "production": "Yes; small", "geol_desc": "Smith (1909) reports that the gravels of Auburn Creek carry gold upstream to headwater reaches but Sainsbury and others (1972) show the location of placer workings to be localized about 0.5 miles upstream from the mouth.  The gold was coarse, on clay laye", "latitude": 64.918257724649479, "longitude": -164.52862681319954, "deposit_class": "placer" }, "geometry": { "type": "Point", "coordinates": [ -496054.426527134841308, 1701344.427043603733182 ] } },
{ "type": "Feature", "properties": { "ardf_num": "SO088", "mrds_num": "A012658", "site": "Allgold Creek", "quad_250": "SO", "quad_63360": "D-5", "comm_main": "Au", "comm_other": null, "site_type": "Prospect", "status": "Inactive", "dep_model": "Placer Au-PGE (Cox and Singer, 1986; model 39a).", "model_code": "39a", "production": "None", "geol_desc": "Early prospecting found colors in this creek (Smith, 1909) but mining has not been reported (Cobb, 1978, OF 78-181).", "latitude": 64.866257719543611, "longitude": -164.46962255509609, "deposit_class": "placer" }, "geometry": { "type": "Point", "coordinates": [ -494207.95182833931176, 1695178.192733453819528 ] } },
{ "type": "Feature", "properties": { "ardf_num": "SO089", "mrds_num": "A012655", "site": "Wilson Creek", "quad_250": "SO", "quad_63360": "D-5", "comm_main": "Au", "comm_other": null, "site_type": "Mine", "status": "Inactive", "dep_model": "Placer Au-PGE (Cox and Singer, 1986; model 39a).", "model_code": "39a", "production": "Yes; small", "geol_desc": "Wilson Creek crosses benches of Lower Willow Creek.  Some small-scale mining is reported for this creek early in the history of the area (Brooks and others, 1901) but by 1908, mining activities apparently ceased (Smith, 1909).  Wilson Creek flows close to", "latitude": 64.819256786603148, "longitude": -164.49262162509186, "deposit_class": "placer" }, "geometry": { "type": "Point", "coordinates": [ -496109.266187174885999, 1690173.222121604019776 ] } },
{ "type": "Feature", "properties": { "ardf_num": "SO090", "mrds_num": "A012663", "site": "Cahill Creek", "quad_250": "SO", "quad_63360": "D-5", "comm_main": "Au", "comm_other": null, "site_type": "Prospect", "status": "Inactive", "dep_model": "Placer Au-PGE (Cox and Singer, 1986; model 39a).", "model_code": "39a", "production": "Undetermined.", "geol_desc": "Cahill Creek has been prospected and gold was found along the lower 0.5 mile where the creek crosses benches of Lower Willow Creek (Smith, 1910).", "latitude": 64.818257138409422, "longitude": -164.4546198502816, "deposit_class": "placer" }, "geometry": { "type": "Point", "coordinates": [ -494344.84929253597511, 1689779.740503737004474 ] } },
{ "type": "Feature", "properties": { "ardf_num": "SO091", "mrds_num": "A012653", "site": "Lower Willow Creek", "quad_250": "SO", "quad_63360": "D-5", "comm_main": "Au", "comm_other": null, "site_type": "Mine", "status": "Probably inactive", "dep_model": "Placer Au-PGE (Cox and Singer, 1986; model 39a).", "model_code": "39a", "production": "Yes; small", "geol_desc": "This west tributary of the Casadepaga River, lower Willow Creek, is incised as much as 30 feet into terraces of its drainage and, near its mouth, terraces of the Casadepaga River.  Bedrock is exposed at many locations along Lower Willow Creek (Sainsbury a", "latitude": 64.815257379493218, "longitude": -164.42461830009742, "deposit_class": "placer" }, "geometry": { "type": "Point", "coordinates": [ -492990.218326115456875, 1689226.2985320976004 ] } },
{ "type": "Feature", "properties": { "ardf_num": "SO092", "mrds_num": "A012654", "site": "Ridgeway Creek", "quad_250": "SO", "quad_63360": "D-5", "comm_main": "Au", "comm_other": null, "site_type": "Prospect", "status": "Inactive", "dep_model": "Placer Au-PGE (Cox and Singer, 1986; model 39a).", "model_code": "39a", "production": "None", "geol_desc": "The lower mile of Ridgeway Creek carries gold, including small nuggets (Smith, 1910), but mining has not been reported (Cobb, 1978, 78-191).  The  regional contact between pelitic schist of possible Cambrian or Precambrian age and a lower Paleozoic metase", "latitude": 64.810257384408715, "longitude": -164.41561756874924, "deposit_class": "placer" }, "geometry": { "type": "Point", "coordinates": [ -492655.16066125157522, 1688608.724843060597777 ] } },
{ "type": "Feature", "properties": { "ardf_num": "SO093", "mrds_num": "A012656", "site": "Casadepaga River", "quad_250": "SO", "quad_63360": "D-5", "comm_main": "Au", "comm_other": null, "site_type": "Mine", "status": "Probably inactive", "dep_model": "Placer Au-PGE (Cox and Singer, 1986; model 39a).", "model_code": "39a", "production": "Yes; small", "geol_desc": "The Casadepaga River is a major west tributary to the Niukluk River.  The first 11 miles upstream from the mouth varies from 170 to 270 feet in elevation.  The next 8 to 9 miles upstream gains another 150 feet of elevation.  The lower 11 miles of the rive", "latitude": 64.808258219291886, "longitude": -164.34461506188921, "deposit_class": "placer" }, "geometry": { "type": "Point", "coordinates": [ -489358.656087137118448, 1687863.528321177465841 ] } },
{ "type": "Feature", "properties": { "ardf_num": "SO094", "mrds_num": "A012639", "site": "Banner Creek", "quad_250": "SO", "quad_63360": "D-5", "comm_main": "Au", "comm_other": null, "site_type": "Mine", "status": "Probably inactive", "dep_model": "Placer Au-PGE (Cox and Singer, 1986; model 39a).", "model_code": "39a", "production": "Yes; small", "geol_desc": "Small-scale placer mining apparently took place along most of this creek in the early history of the area (Smith, 1910).  The gold was mostly coarse, had a fineness of 929, and was present in 8 to 10 feet of gravel but mostly concentrated on bedrock (Broo", "latitude": 64.822258830700321, "longitude": -164.31961575690428, "deposit_class": "placer" }, "geometry": { "type": "Point", "coordinates": [ -487943.937880218727514, 1689222.155842196429148 ] } },
{ "type": "Feature", "properties": { "ardf_num": "SO095", "mrds_num": "10308275", "site": "Upper Banner Creek", "quad_250": "SO", "quad_63360": "D-5", "comm_main": "Au", "comm_other": null, "site_type": "Mine", "status": "Probably inactive", "dep_model": "Placer Au-PGE (Cox and Singer, 1986; model 39a).", "model_code": "39a", "production": "Yes; small", "geol_desc": "Small-scale placer mining apparently took place along most of this creek in the early history of the area (Smith, 1910).  In the lower creek,  gold was coarse, had a fineness of 929, and was present in 8 to 10 feet of gravel but mostly concentrated on bed", "latitude": 64.818259071440323, "longitude": -164.29961514861068, "deposit_class": "placer" }, "geometry": { "type": "Point", "coordinates": [ -487074.751860766962636, 1688634.626656090375036 ] } },
{ "type": "Feature", "properties": { "ardf_num": "SO096", "mrds_num": "A012638", "site": "Ruby Creek", "quad_250": "SO", "quad_63360": "D-5", "comm_main": "Au", "comm_other": null, "site_type": "Mine", "status": "Probably inactive", "dep_model": "Placer Au-PGE (Cox and Singer, 1986; model 39a).", "model_code": "39a", "production": "Yes; small", "geol_desc": "Ruby Creek was an important and heavily worked creek in the early history of the area (Brooks and others, 1901).  It is incised in its lower reaches and both the active channel and some bench placers have been mined.  Some of the gold was coarse (a 1/4 ou", "latitude": 64.798258459178129, "longitude": -164.31861389700541, "deposit_class": "placer" }, "geometry": { "type": "Point", "coordinates": [ -488311.166896105976775, 1686570.355766837252304 ] } },
{ "type": "Feature", "properties": { "ardf_num": "SO097", "mrds_num": "A012652", "site": "Nugget Gulch", "quad_250": "SO", "quad_63360": "D-5", "comm_main": "Au", "comm_other": null, "site_type": "Prospect", "status": "Inactive", "dep_model": "Placer Au-PGE (Cox and Singer, 1986; model 39a).", "model_code": "39a", "production": "Undetermined.", "geol_desc": "There is one early report that prospecting  for placer gold occurred on Nugget Gulch (Smith, 1909).", "latitude": 64.771258504697968, "longitude": -164.28861134293496, "deposit_class": "placer" }, "geometry": { "type": "Point", "coordinates": [ -487367.402277086803224, 1683374.797385909827426 ] } },
{ "type": "Feature", "properties": { "ardf_num": "SO098", "mrds_num": "10308276", "site": "Casadepaga River", "quad_250": "SO", "quad_63360": "D-5", "comm_main": "Au", "comm_other": null, "site_type": "Mine", "status": "Probably inactive", "dep_model": "Placer Au-PGE (Cox and Singer, 1986; model 39a).", "model_code": "39a", "production": "Yes; small", "geol_desc": "The Casadepaga River is a major west tributary to the Niukluk River.   The first 11 miles upstream from the mouth varies from 170 to 270 feet in elevation.  The next 8 to 9 miles upstream gains another 150 feet of elevation.  The lower 11 miles of the riv", "latitude": 64.794257909600375, "longitude": -164.3496140702357, "deposit_class": "placer" }, "geometry": { "type": "Point", "coordinates": [ -489835.572695627226494, 1686357.864306579111144 ] } },
{ "type": "Feature", "properties": { "ardf_num": "SO099", "mrds_num": "10308277", "site": "Moonlight Creek", "quad_250": "SO", "quad_63360": "D-5", "comm_main": "Au", "comm_other": null, "site_type": "Mine", "status": "Probably inactive", "dep_model": "Placer Au-PGE (Cox and Singer, 1986; model 39a).", "model_code": "39a", "production": "Yes; small", "geol_desc": "Mertie (1918) reports that placer mining took place along this creek in 1916.  Moonlight Creek flows close to the contact of pelitic schist of possible Cambrian or Precambrian age to the east with a lower Paleozoic metasedimentary assemblage, that include", "latitude": 64.778256520922554, "longitude": -164.4546179492329, "deposit_class": "placer" }, "geometry": { "type": "Point", "coordinates": [ -495044.161536887346301, 1685373.667890026699752 ] } },
{ "type": "Feature", "properties": { "ardf_num": "SO101", "mrds_num": "A012679", "site": "Venetia Creek", "quad_250": "SO", "quad_63360": "D-6", "comm_main": "Au", "comm_other": null, "site_type": "Mine", "status": "Probably inactive", "dep_model": "Placer Au-PGE (Cox and Singer, 1986; model 39a).", "model_code": "39a", "production": "Yes; small", "geol_desc": "Gold was discoverd on Venetia Creek in 1900 and production through 1903 was $6,000 or about 290 ounces (Collier and others, 1908).  The gold was in thin gravels, 3 to 4 feet thick, in a narrow (10 to 50 feet) pay streak on marble and chloritic schist bedr", "latitude": 64.80024987076844, "longitude": -164.83361712316534, "deposit_class": "placer" }, "geometry": { "type": "Point", "coordinates": [ -512435.400641994376201, 1690669.951522606890649 ] } },
{ "type": "Feature", "properties": { "ardf_num": "SO102", "mrds_num": "10308279", "site": "Dividend Creek", "quad_250": "SO", "quad_63360": "D-6", "comm_main": "Au", "comm_other": null, "site_type": "Mine", "status": "Probably inactive", "dep_model": "Placer Au-PGE (Cox and Singer, 1986; model 39a).", "model_code": "39a", "production": "Yes; small", "geol_desc": "Smith (1909) reports that mining took place on this creek before 1908.  The small tributaries to Telegram Creek were all placer mined by small-scale methods in the early history of the Iron Creek area.  The gravels are probably thin, locally derived, and", "latitude": 64.85625627145815, "longitude": -164.56962256347791, "deposit_class": "placer" }, "geometry": { "type": "Point", "coordinates": [ -499065.381485003512353, 1694824.638892683666199 ] } },
{ "type": "Feature", "properties": { "ardf_num": "SO103", "mrds_num": "10308280", "site": "Oversight Creek", "quad_250": "SO", "quad_63360": "D-6", "comm_main": "Au", "comm_other": null, "site_type": "Mine", "status": "Probably inactive", "dep_model": "Placer Au-PGE (Cox and Singer, 1986; model 39a).", "model_code": "39a", "production": "Yes; small", "geol_desc": "Smith (1909) reports that profitable mining took place on this creek before 1908.  The small headwater tributaries to Telegram Creek were all placer mined by small-scale methods during early mining in the Iron Creek area.  The gravels are probably thin, l", "latitude": 64.859256415641681, "longitude": -164.5626227150546, "deposit_class": "placer" }, "geometry": { "type": "Point", "coordinates": [ -498684.67333945655264, 1695102.402191155357286 ] } },
{ "type": "Feature", "properties": { "ardf_num": "SO104", "mrds_num": "10308281", "site": "Adventuress Creek", "quad_250": "SO", "quad_63360": "D-6", "comm_main": "Au", "comm_other": null, "site_type": "Mine", "status": "Probably inactive", "dep_model": "Placer Au-PGE (Cox and Singer, 1986; model 39a).", "model_code": "39a", "production": "Yes; small", "geol_desc": "Smith (1909) reports that mining took place on this creek before 1908.  The small tributaries to Telegram Creek were all placer mined by small-scale methods during early mining of the Iron Creek area.  The gravels are thin, locally derived, and lay on low", "latitude": 64.863256305373056, "longitude": -164.5746227168558, "deposit_class": "placer" }, "geometry": { "type": "Point", "coordinates": [ -499175.700251436326653, 1695632.977748861303553 ] } },
{ "type": "Feature", "properties": { "ardf_num": "SO105", "mrds_num": "10308282", "site": "Penny Creek", "quad_250": "SO", "quad_63360": "D-6", "comm_main": "Au", "comm_other": null, "site_type": "Mine", "status": "Probably inactive", "dep_model": "Placer Au-PGE (Cox and Singer, 1986; model 39a).", "model_code": "39a", "production": "Yes; small", "geol_desc": "Smith (1909) reports that mining took place on this creek before 1908.  The small tributaries to the headwaters of Telegram Creek were all placer mined by small-scale methods during early mining of the Iron Creek area.  The gravels are probably thin, loca", "latitude": 64.86825621095926, "longitude": -164.58662274515333, "deposit_class": "placer" }, "geometry": { "type": "Point", "coordinates": [ -499648.851383598928805, 1696273.731085677398369 ] } },
{ "type": "Feature", "properties": { "ardf_num": "SO106", "mrds_num": "10308283", "site": "Shoal Creek", "quad_250": "SO", "quad_63360": "D-6", "comm_main": "Au", "comm_other": null, "site_type": "Mine", "status": "Probably inactive", "dep_model": "Placer Au-PGE (Cox and Singer, 1986; model 39a).", "model_code": "39a", "production": "Yes; small", "geol_desc": "Smith (1909) reports that mining took place on this creek before 1908.  The small tributaries to the headwaters of Telegram Creek were all placer mined by small-scale methods during early mining of the Iron Creek area.  The gravels are thin, locally deriv", "latitude": 64.87025602963773, "longitude": -164.60162265809535, "deposit_class": "placer" }, "geometry": { "type": "Point", "coordinates": [ -500315.321474031661637, 1696606.840325154131278 ] } },
{ "type": "Feature", "properties": { "ardf_num": "SO107", "mrds_num": "10308284", "site": "Ready Bullion Creek", "quad_250": "SO", "quad_63360": "D-6", "comm_main": "Au", "comm_other": null, "site_type": "Mine", "status": "Probably inactive", "dep_model": "Placer Au-PGE (Cox and Singer, 1986; model 39a).", "model_code": "39a", "production": "Yes; small", "geol_desc": "Smith (1909) reports that mining took place on this creek before 1908.  The small tributaries to the headwaters of Telegram Creek were all placer mined by small-scale methods during early mining of the Iron Creek area.  The gravels are thin, locally deriv", "latitude": 64.862256007098622, "longitude": -164.59462249972009, "deposit_class": "placer" }, "geometry": { "type": "Point", "coordinates": [ -500129.496579901955556, 1695673.311870358418673 ] } },
{ "type": "Feature", "properties": { "ardf_num": "SO108", "mrds_num": "10308285", "site": "Telegram Creek", "quad_250": "SO", "quad_63360": "D-6", "comm_main": "Au", "comm_other": null, "site_type": "Mine", "status": "Probably inactive", "dep_model": "Placer Au-PGE (Cox and Singer, 1986; model 39a).", "model_code": "39a", "production": "Yes; small", "geol_desc": "A large part of Telegram Creek, at least the 1.3 miles downstream from the mouth of Ready Bullion Creek, has been placer mined.  As the north and east headwater tributaries of Telegram Creek (SO102-SO106) were also mined (Smith, 1909), it is possible that", "latitude": 64.867255885136146, "longitude": -164.60862250728439, "deposit_class": "placer" }, "geometry": { "type": "Point", "coordinates": [ -500696.06413349788636, 1696329.285847885068506 ] } },
{ "type": "Feature", "properties": { "ardf_num": "SO109", "mrds_num": "10308286", "site": "Hardluck Gulch", "quad_250": "SO", "quad_63360": "D-6", "comm_main": "Au", "comm_other": null, "site_type": "Mine", "status": "Probably inactive", "dep_model": "Placer Au-PGE (Cox and Singer, 1986; model 39a).", "model_code": "39a", "production": "Yes; small", "geol_desc": "Placer mining recovered coarse, well-rounded gold from a thin, clay layer on bedrock, mostly before 1908 (Smith, 1909) although mining was taking place near the mouth in 1909 (Henshaw, 1910).  Bedrock is part of a lower Paleozoic metasedimentary assemblag", "latitude": 64.877255816948164, "longitude": -164.62362281389244, "deposit_class": "placer" }, "geometry": { "type": "Point", "coordinates": [ -501220.361740294552874, 1697543.370559929637238 ] } },
{ "type": "Feature", "properties": { "ardf_num": "SO110", "mrds_num": "10308287", "site": "Chickamin Gulch", "quad_250": "SO", "quad_63360": "D-6", "comm_main": "Au", "comm_other": null, "site_type": "Prospect", "status": "Probably inactive", "dep_model": "Placer Au-PGE (Cox and Singer, 1986; model 39a).", "model_code": "39a", "production": "None", "geol_desc": "A bench deposit along lower Chickamin Gulch contains fine, bright gold in sand (with some pebbles) that overlies solution-pitted marble (Smith, 1909).  The sand is overlain by angular debris, possibly colluvium.   Bedrock in the area is part of a lower Pa", "latitude": 64.88025523706753, "longitude": -164.65162292811189, "deposit_class": "placer" }, "geometry": { "type": "Point", "coordinates": [ -502476.652055887156166, 1698085.156683662207797 ] } },
{ "type": "Feature", "properties": { "ardf_num": "SO111", "mrds_num": "A012671", "site": "Left Fork Dome Creek", "quad_250": "SO", "quad_63360": "D-6", "comm_main": "Au", "comm_other": null, "site_type": "Mine", "status": "Probably inactive", "dep_model": "Placer Au-PGE (Cox and Singer, 1986; model 39a).", "model_code": "39a", "production": "Yes; small", "geol_desc": "Most of the lower parts of Left Fork Dome Creek were placer mined during the first few years of mining in the area.  Production was estimated to be about $20,000 or almost 1,000 ounces of gold by 1908 (Smith, 1909).  Surface water was lost to underground", "latitude": 64.885255252474849, "longitude": -164.6536233642563, "deposit_class": "placer" }, "geometry": { "type": "Point", "coordinates": [ -502481.147094299667515, 1698650.706187261035666 ] } },
{ "type": "Feature", "properties": { "ardf_num": "SO113", "mrds_num": null, "site": "Dome Creek", "quad_250": "SO", "quad_63360": "D-6", "comm_main": "Au", "comm_other": null, "site_type": "Mine", "status": "Probably inactive", "dep_model": "Placer Au-PGE (Cox and Singer, 1986; model 39a).", "model_code": "39a", "production": "Yes; small", "geol_desc": "The entire 2.5 mile length of Dome Creek has been placer mined.  The creek was worked by small-scale methods for several years after gold discovery about 1900 and a dredge worked a considerable amount of the creek in 1939 and 1940 (Sainsbury and others, 1", "latitude": 64.884254822074283, "longitude": -164.67162320496809, "deposit_class": "placer" }, "geometry": { "type": "Point", "coordinates": [ -503340.650939463463146, 1698676.886789397103712 ] } },
{ "type": "Feature", "properties": { "ardf_num": "SO114", "mrds_num": "10308288", "site": "Discovery Creek", "quad_250": "SO", "quad_63360": "D-6", "comm_main": "Au", "comm_other": null, "site_type": "Mine", "status": "Probably inactive", "dep_model": "Placer Au-PGE (Cox and Singer, 1986; model 39a).", "model_code": "39a", "production": "Yes; small", "geol_desc": "A small amount of mining took place near the mouth of the creek prior to 1909 (Smith, 1909). Some placer gold was reported on upstream tributaries but there is no record of mining above the lower part of the creek.  Bedrock in the immediate area is part o", "latitude": 64.883254158593388, "longitude": -164.69962300091873, "deposit_class": "placer" }, "geometry": { "type": "Point", "coordinates": [ -504667.765930585446768, 1698779.235343959880993 ] } },
{ "type": "Feature", "properties": { "ardf_num": "SO115", "mrds_num": null, "site": "Canyon Creek", "quad_250": "SO", "quad_63360": "D-6", "comm_main": "Au", "comm_other": null, "site_type": "Occurrence", "status": "Inactive", "dep_model": "Placer Au-PGE (Cox and Singer, 1986; model 39a).", "model_code": "39a", "production": "None", "geol_desc": "Gold colors are reported to be present in this creek but mining has apparently not occurred.", "latitude": 64.862252184034247, "longitude": -164.77162118414427, "deposit_class": "placer" }, "geometry": { "type": "Point", "coordinates": [ -508412.172447335964534, 1697016.874018039787188 ] } },
{ "type": "Feature", "properties": { "ardf_num": "SO116", "mrds_num": "A012674", "site": "El Patron Creek", "quad_250": "SO", "quad_63360": "D-6", "comm_main": "Au", "comm_other": null, "site_type": "Mine", "status": "Inactive", "dep_model": "Placer Au-PGE (Cox and Singer, 1986; model 39a).", "model_code": "39A", "production": "Yes; small", "geol_desc": "A small, one-person operation recovered coarse, angular gold with ilmenite, magnetite, and garnet in 1906-1908 (Smith, 1909).  This mining was near a bedrock contact between schist and marble.  The regional bedrock around El Patron Creek includes schistos", "latitude": 64.857251726756786, "longitude": -164.78862097419656, "deposit_class": "placer" }, "geometry": { "type": "Point", "coordinates": [ -509297.676230494922493, 1696596.819157819263637 ] } },
{ "type": "Feature", "properties": { "ardf_num": "SO118", "mrds_num": "10308289", "site": "Rabbit Creek", "quad_250": "SO", "quad_63360": "D-6", "comm_main": "Au", "comm_other": null, "site_type": "Mine", "status": "Probably inactive", "dep_model": "Placer Au-PGE (Cox and Singer, 1986; model 39a).", "model_code": "39a", "production": "Yes; small", "geol_desc": "Rabbit Creek was staked and some placer mining occurred prior to 1909.  The recovered gold was fine, flaky, and bright (Smith, 1909).  Bedrock in the area is part of a lower Paleozoic metasedimentary assemblage (Till and others, 1986).", "latitude": 64.896253939974869, "longitude": -164.71662419087829, "deposit_class": "placer" }, "geometry": { "type": "Point", "coordinates": [ -505229.780221175053157, 1700339.339310754323378 ] } },
{ "type": "Feature", "properties": { "ardf_num": "SO119", "mrds_num": "A012672", "site": "Willow Creek", "quad_250": "SO", "quad_63360": "D-6", "comm_main": "Au", "comm_other": null, "site_type": "Mine", "status": "Probably inactive", "dep_model": "Placer Au-PGE (Cox and Singer, 1986; model 39a).", "model_code": "39a", "production": "Yes; small", "geol_desc": "There was some small scale placer mining on this creek prior to 1909 (Collier and others, 1908).  The lower part of the creek flows through bench gravels (Brooks and others, 1901) and some bench gravels between Slate Creek (SO138) and Willow Creek are rep", "latitude": 64.906251943908885, "longitude": -164.81162572839867, "deposit_class": "placer" }, "geometry": { "type": "Point", "coordinates": [ -509488.416839990473818, 1702165.39216451626271 ] } },
{ "type": "Feature", "properties": { "ardf_num": "SO121", "mrds_num": null, "site": "Rock Creek", "quad_250": "SO", "quad_63360": "D-6", "comm_main": "Au", "comm_other": null, "site_type": "Mine", "status": "Probably inactive", "dep_model": "Placer Au-PGE (Cox and Singer, 1986; model 39a).", "model_code": "39a", "production": "Yes; small", "geol_desc": "Placer mining on Rock Creek reportedly took place before 1908 (Smith, 1909).  Additional information is not available but mining was probably in conjunction with activities on Slate Creek (SO138).  Bedrock in this area is mostly part of a lower Paleozoic", "latitude": 64.9022508392476, "longitude": -164.85862580036627, "deposit_class": "placer" }, "geometry": { "type": "Point", "coordinates": [ -511756.150785412173718, 1702086.528411594917998 ] } },
{ "type": "Feature", "properties": { "ardf_num": "SO122", "mrds_num": "10308290", "site": "Bobs Creek; Babs Creek", "quad_250": "SO", "quad_63360": "D-6", "comm_main": "Au", "comm_other": null, "site_type": "Mine", "status": "Probably inactive", "dep_model": "Placer Au-PGE (Cox and Singer, 1986; model 39a).", "model_code": "39a", "production": "Yes; small", "geol_desc": "Some mining is reported from a claim in the headwaters of the creek  (Smith, 1907).  Fine gold with magnetite and garnet have been recovered but the gold-bearing gravels were all frozen (Smith, 1909).  Bedrock in this area is mostly part of a lower Paleoz", "latitude": 64.917254066804929, "longitude": -164.72362622509513, "deposit_class": "placer" }, "geometry": { "type": "Point", "coordinates": [ -505180.53028867370449, 1702703.879719942808151 ] } },
{ "type": "Feature", "properties": { "ardf_num": "SO123", "mrds_num": "A012675", "site": "Benson Creek", "quad_250": "SO", "quad_63360": "D-6", "comm_main": "Au", "comm_other": null, "site_type": "Mine", "status": "Probably inactive", "dep_model": "Placer Au-PGE (Cox and Singer, 1986; model 39a).", "model_code": "39a", "production": "Yes; small", "geol_desc": "Placer gold mining occurred intermittantly on Benson Creek between 1900 and 1938.  Gold could be panned to the headwaters but most of the production was from the lower part of the creek where it crosses bench deposits of Iron Creek (Smith, 1909).  Copper-", "latitude": 64.911254847881594, "longitude": -164.68562566018886, "deposit_class": "placer" }, "geometry": { "type": "Point", "coordinates": [ -503513.033790306420997, 1701755.000064910622314 ] } },
{ "type": "Feature", "properties": { "ardf_num": "SO126", "mrds_num": null, "site": "Eagle Creek; Easy Creek", "quad_250": "SO", "quad_63360": "D-6", "comm_main": "Au", "comm_other": null, "site_type": "Mine", "status": "Probably inactive", "dep_model": "Placer Au-PGE (Cox and Singer, 1986; model 39a).", "model_code": "39a", "production": "Yes; small", "geol_desc": "Placer mining on lower Eagle Creek took place before 1910.  This part of Eagle Creek cuts through a bench of Iron Creek that contains some gold but successful mining was on the active drainage.  Bedrock includes marble with many sulfide veinlets and the p", "latitude": 64.920255009956222, "longitude": -164.68362649570071, "deposit_class": "placer" }, "geometry": { "type": "Point", "coordinates": [ -503258.892777096945792, 1702730.476306797470897 ] } },
{ "type": "Feature", "properties": { "ardf_num": "SO127", "mrds_num": "A012673; A010714", "site": "Iron Creek", "quad_250": "SO", "quad_63360": "D-6", "comm_main": "Au", "comm_other": "Hg", "site_type": "Mine", "status": "Probably inactive", "dep_model": "Placer Au-PGE (Cox and Singer, 1986; model 39a).", "model_code": "39a", "production": "Yes; small", "geol_desc": "Iron Creek has been placer mined over about 90 percent of its 5.5 mile length.  Most of this mining was by small-scale methods from discovery in 1899 or 1900 to 1914.  A dredge operated in 1939 and 1940 but this was probably upstream on Dome Creek (Sainsb", "latitude": 64.932255143145454, "longitude": -164.68462761028243, "deposit_class": "placer" }, "geometry": { "type": "Point", "coordinates": [ -503091.290808121208102, 1704058.87089537573047 ] } },
{ "type": "Feature", "properties": { "ardf_num": "SO128", "mrds_num": "10308291", "site": "Barney Creek", "quad_250": "SO", "quad_63360": "D-6", "comm_main": "Au", "comm_other": null, "site_type": "Mine", "status": "Probably inactive", "dep_model": "Placer Au-PGE (Cox and Singer, 1986; model 39a).", "model_code": "39a", "production": "Yes; small", "geol_desc": "A small amount of placer mining occurred on this creek prior to 1909 (Smith, 1909).  Small flakes of gold were recovered with considerable magnetite and garnet.  The report of exotic rocks in the gravels probably reflects glacially related erratics from t", "latitude": 64.930254736994627, "longitude": -164.70162745522666, "deposit_class": "placer" }, "geometry": { "type": "Point", "coordinates": [ -503920.590967298485339, 1703967.587377081857994 ] } },
{ "type": "Feature", "properties": { "ardf_num": "SO129", "mrds_num": "A012670", "site": "West Branch Sherrette Creek", "quad_250": "SO", "quad_63360": "D-6", "comm_main": "Au", "comm_other": null, "site_type": "Prospect", "status": "Probably inactive", "dep_model": "Placer Au-PGE (Cox and Singer, 1986; model 39a).", "model_code": "39a", "production": "Undetermined.", "geol_desc": "Prospecting has taken place on the upper and lower parts of this creek and some gold colors are present locally in gravels (Smith, 1909) but there is no record of mining (Cobb, 1978, OF 78-181).  The stream heads in a marble upland with numerous copper-be", "latitude": 64.941257198139851, "longitude": -164.5836283954234, "deposit_class": "placer" }, "geometry": { "type": "Point", "coordinates": [ -498216.923246552993078, 1704288.392726757097989 ] } },
{ "type": "Feature", "properties": { "ardf_num": "SO135", "mrds_num": "10308293", "site": "Idaho; Eskimo; Seagull", "quad_250": "SO", "quad_63360": "C-4", "comm_main": "Ag, As, Au Bi, Cd, Cu, Pb, Sb, W", "comm_other": "W", "site_type": "Mine", "status": "Active", "dep_model": "Discontinuous, irregular to joint-con tolled arsenopyrite-quartz  veins and breccia with disseminated arsenopyrite and pyrite in host rocks; low sulfide-Au quartz vein (Cox and Singer, 1986; model 36a).", "model_code": "36a", "production": "Undetermined.", "geol_desc": "This prospect has long been known but few details have been published. It was discovered after 1908 inasmuch as Brooks (1908) makes a point of the absence of any nearby lode source for the placer gold in Daniels Creek (SO006). In 1939, the Alaska Homestak", "latitude": 64.569062797123777, "longitude": -163.75258291196246, "deposit_class": "lode" }, "geometry": { "type": "Point", "coordinates": [ -465464.174746811157092, 1657230.474138372577727 ] } },
{ "type": "Feature", "properties": { "ardf_num": "SO136", "mrds_num": "10308294", "site": "Unnamed (near mouth of Koyana Creek)", "quad_250": "SO", "quad_63360": "C-4", "comm_main": "Au", "comm_other": null, "site_type": "Prospect", "status": "Active", "dep_model": "Discontinuous, irregular to joint-con tolled arsenopyrite-quartz  veins and breccia with disseminated arsenopyrite and pyrite in host rocks; low sulfide-Au quartz vein (Cox and Singer, 1986; model 36a).", "model_code": "36a", "production": "None", "geol_desc": "This prospect is at the east end of an arcuate band of Paleozoic schist about three miles long and up to a half mile wide that hosts most of the lode deposits in the Bluff area, including the Koryana (SO176) , Saddle (SO175), Daniels Creek (SO New D1014),", "latitude": 64.568063135575628, "longitude": -163.66767980699652, "deposit_class": "lode" }, "geometry": { "type": "Point", "coordinates": [ -461456.951456160226371, 1656527.623971689026803 ] } },
{ "type": "Feature", "properties": { "ardf_num": "SO137", "mrds_num": "A012595", "site": "Solomon River", "quad_250": "SO", "quad_63360": "C-5", "comm_main": "Au", "comm_other": null, "site_type": "Mine", "status": "Inactive", "dep_model": "Placer Au-PGE (Cox and Singer, 1986; model 39a).", "model_code": "39a", "production": "Yes; small", "geol_desc": "Stream gravels about 4-feet thick in the flood plain of Solomon River were dredged between 1929 and 1932; the paystreak was up to 700-800 feet wide (Smith, 1933).  Bedrock in the area is part of a lower Paleozoic metasedimentary assemblage (Till and other", "latitude": 64.737257490157276, "longitude": -164.3236095799092, "deposit_class": "placer" }, "geometry": { "type": "Point", "coordinates": [ -489599.052793444076087, 1679885.445705677848309 ] } },
{ "type": "Feature", "properties": { "ardf_num": "SO138", "mrds_num": "A012678", "site": "Slate Creek", "quad_250": "SO", "quad_63360": "D-6", "comm_main": "Au", "comm_other": null, "site_type": "Mine", "status": "Probably inactive", "dep_model": "Placer Au-PGE (Cox and Singer, 1986; model 39a).", "model_code": "39a", "production": "Yes; small", "geol_desc": "Placer mining of the main channel of Slate Creek, for about 0.5 mile upstream from the mouth of Rock Creek, took place prior to 1908 (Collier and others, 1908).  Mining recovered bright, flat gold from thin, 3- to 4-foot-thick gravels but there was probab", "latitude": 64.901251002139915, "longitude": -164.85062561452818, "deposit_class": "placer" }, "geometry": { "type": "Point", "coordinates": [ -511400.607648408447858, 1701914.894832994556054 ] } },
{ "type": "Feature", "properties": { "ardf_num": "SO140", "mrds_num": null, "site": "Rocky Creek", "quad_250": "SO", "quad_63360": "D-6", "comm_main": "Au", "comm_other": null, "site_type": "Prospect", "status": "Inactive", "dep_model": "Placer Au-PGE (Cox and Singer, 1986; model 39a).", "model_code": "39a", "production": "Undetermined.", "geol_desc": "Claims were staked on this creek and exploration undertaken prior to 1909 but reports of valuable placer apparently did not occur (Smith, 1909).  Bedrock in the area is part of a lower Paleozoic metasedimentary assemblage (Till and others, 1986).", "latitude": 64.901254122376514, "longitude": -164.71162468388508, "deposit_class": "placer" }, "geometry": { "type": "Point", "coordinates": [ -504906.585463697789237, 1700851.652487312443554 ] } },
{ "type": "Feature", "properties": { "ardf_num": "SO142", "mrds_num": "D002716", "site": "Dutch Creek", "quad_250": "SO", "quad_63360": "D-4", "comm_main": "Au", "comm_other": "W", "site_type": "Mine", "status": "Probably inactive", "dep_model": "Placer Au-PGE (Cox and Singer, 1986; model 39a).", "model_code": "39a", "production": "Yes; small", "geol_desc": "Placer mining, mostly between 1900 and 1918, took place on lower Dutch Creek (now shown as Snowball Creek on the Solomon D-4 quadrangle) near its confluence with Ophir Creek (Smith and Eakin, 1911).  These were various small-scale hydraulic and open-cut o", "latitude": 64.975274748869666, "longitude": -163.63362080474434, "deposit_class": "placer" }, "geometry": { "type": "Point", "coordinates": [ -453277.474617665575352, 1701231.939516156446189 ] } },
{ "type": "Feature", "properties": { "ardf_num": "SO143", "mrds_num": "A012624", "site": "Snowball Creek", "quad_250": "SO", "quad_63360": "D-4", "comm_main": "Au", "comm_other": null, "site_type": "Prospect", "status": "Inactive", "dep_model": "Placer Au-PGE (Cox and Singer, 1986; model 39a).", "model_code": "39a", "production": "Undetermined", "geol_desc": "The original Snowball Creek (the west headwater tributary in this drainage) has been prospected but it is not clear if gold has been discovered and produced (Collier and others, 1908).  Bedrock in the area is part of lower Paleozoic metasedimentary assemb", "latitude": 64.996275578517924, "longitude": -163.6036221945831, "deposit_class": "placer" }, "geometry": { "type": "Point", "coordinates": [ -451538.437988299760036, 1703344.558487960603088 ] } },
{ "type": "Feature", "properties": { "ardf_num": "SO144", "mrds_num": "A012594", "site": "Unnamed (near Big Hurrah Creek)", "quad_250": "SO", "quad_63360": "C-5", "comm_main": "Au", "comm_other": null, "site_type": "Prospect", "status": "Inactive", "dep_model": "Gold-quartz vein in metamorphic rocks; low sulfide-Au quartz vein (Cox and Singer, 1986; model 36a).", "model_code": "36a", "production": "No", "geol_desc": "Two short adits explore quartz veins at this locality.  The lower adit is reported to have exposed a 7- to 8-foot-wide, vertical but faulted, quartz vein (Smith, 1910, p. 147).  The upper adit, a few hundred feet to the south of the lower one, is on a 1-f", "latitude": 64.6512581735835, "longitude": -164.26360575167342, "deposit_class": "lode" }, "geometry": { "type": "Point", "coordinates": [ -488252.781333659018856, 1669965.754663873463869 ] } },
{ "type": "Feature", "properties": { "ardf_num": "SO165", "mrds_num": "10308314", "site": "Ryan Creek", "quad_250": "SO", "quad_63360": "C-4", "comm_main": "Au", "comm_other": null, "site_type": "Mine", "status": "Inactive", "dep_model": "Placer Au-PGE (Cox and Singer, 1986; model 39a).", "model_code": "39a", "production": "Yes; small", "geol_desc": "Some placer gold mining took place on Ryan Creek before 1907 (Collier and others, 1908).  However, only a few small placer pits are present on the creek and probably less than 100 ounces of gold were produced (Mulligan, 1971).  Bedrock in the area is Pale", "latitude": 64.578262067131448, "longitude": -163.79958460629175, "deposit_class": "placer" }, "geometry": { "type": "Point", "coordinates": [ -467540.275732787267771, 1658575.867493955651298 ] } },
{ "type": "Feature", "properties": { "ardf_num": "SO166", "mrds_num": "10308315", "site": "Jerome Creek", "quad_250": "SO", "quad_63360": "C-5", "comm_main": "Au", "comm_other": null, "site_type": "Mine", "status": "Probably inactive", "dep_model": "Placer Au-PGE (Cox and Singer, 1986; model 39a); possibly reworked coastal plain deposits.", "model_code": "39a", "production": "Yes; small", "geol_desc": "Gold was discovered and some developments took place on Jerome Creek as early as 1900 (Brooks and others, 1901). Both fine and coarse gold were found in irregularly distributed pay (Smith, 1910).  At least part of the mining was near the mouth of the cree", "latitude": 64.612254699728936, "longitude": -164.40060563173472, "deposit_class": "placer" }, "geometry": { "type": "Point", "coordinates": [ -495395.670138716348447, 1666681.778232335112989 ] } },
{ "type": "Feature", "properties": { "ardf_num": "SO167", "mrds_num": "10308316", "site": "Moran Creek (Gulch)", "quad_250": "SO", "quad_63360": "C-5", "comm_main": "Au", "comm_other": null, "site_type": "Mine", "status": "Active?", "dep_model": "Placer Au-PGE (Cox and Singer, 1986; model 39a); possibly reworked alluvial and coastal plain deposits by more than one cycle of deposition.", "model_code": "39a", "production": "Yes; small", "geol_desc": "Early placer mining on Moran Creek (1908) was on gravel benches of the Solomon River (Smith, 1909) and the deposits may be reworked alluvial deposits.  This part of the Solomon River is at low enough elevations to have been affected by Quaternary sea leve", "latitude": 64.621255215311436, "longitude": -164.37560278528977, "deposit_class": "placer" }, "geometry": { "type": "Point", "coordinates": [ -494058.230948964483105, 1667487.355272310087457 ] } },
{ "type": "Feature", "properties": { "ardf_num": "SO168", "mrds_num": "10308317", "site": "Quartz Creek (tributary to lower Solomon River)", "quad_250": "SO", "quad_63360": "C-5", "comm_main": "Au", "comm_other": null, "site_type": "Mine", "status": "Active?", "dep_model": "Placer Au-PGE (Cox and Singer, 1986; model 39a); possibly reworked alluvial and coastal plain deposits.", "model_code": "39a", "production": "Yes; small", "geol_desc": "The lower 1,000 feet of Quartz Creek flows across a bench along the south side of the Solomon River valley.  Placer mining along this part of the creek took place as early as 1906-07 (Smith, 1910). Subsequent mining may have also taken place in this area", "latitude": 64.645256577702625, "longitude": -164.3306046387396, "deposit_class": "placer" }, "geometry": { "type": "Point", "coordinates": [ -491518.064443475857843, 1669798.503538334043697 ] } },
{ "type": "Feature", "properties": { "ardf_num": "SO169", "mrds_num": "10308318", "site": "Puzzle Creek (Gulch)", "quad_250": "SO", "quad_63360": "C-5", "comm_main": "Au", "comm_other": null, "site_type": "Mine", "status": "Probably inactive", "dep_model": "Placer Au-PGE (Cox and Singer, 1986; model 39a).", "model_code": "39a", "production": "Yes; small", "geol_desc": "Small-scale mining took place here in the early 1900's (Smith, 1910).  The area is one where both bench deposits and ancestral channels can be present (see Mystery Creek, SO016).  The gold recovered here was very coarse, some with attached quartz, and par", "latitude": 64.646254780432287, "longitude": -164.4476123129505, "deposit_class": "placer" }, "geometry": { "type": "Point", "coordinates": [ -497021.96511804277543, 1670779.338063092669472 ] } },
{ "type": "Feature", "properties": { "ardf_num": "SO170", "mrds_num": "10308319", "site": "Problem Creek (Gulch)", "quad_250": "SO", "quad_63360": "C-5", "comm_main": "Au", "comm_other": null, "site_type": "Mine", "status": "Probably inactive", "dep_model": "Placer Au-PGE (Cox and Singer, 1986; model 39a).", "model_code": "39a", "production": "Yes; small", "geol_desc": "Mining on the lower part of this creek started in 1900 (Brooks and others, 1901).  Thin gravels, 2- to 3-feet thick, overlie metasedimentary schist in the active drainage; bench deposits are present on both sides of the creek.  A 45-foot shaft on the sout", "latitude": 64.645254565063709, "longitude": -164.46761463902646, "deposit_class": "placer" }, "geometry": { "type": "Point", "coordinates": [ -497983.159977465693373, 1670818.982401161454618 ] } },
{ "type": "Feature", "properties": { "ardf_num": "SO171", "mrds_num": "10308320", "site": "Lion Creek", "quad_250": "SO", "quad_63360": "C-5", "comm_main": "Au", "comm_other": null, "site_type": "Mine", "status": "Probably inactive", "dep_model": "Placer Au-PGE (Cox and Singer, 1986; model 39a).", "model_code": "39a", "production": "Yes; small", "geol_desc": "Small-scale placer mining took place on Lion Creek prior to 1908.  Gold was present in 4 feet of gravel over bedrock and at least locally on benches to the active drainage (Collier and others, 1908).  The early mining recovered $1.70 to $2.00 per cubic ya", "latitude": 64.640259223243646, "longitude": -164.19760883503531, "deposit_class": "placer" }, "geometry": { "type": "Point", "coordinates": [ -485325.686791030224413, 1668269.545442723436281 ] } },
{ "type": "Feature", "properties": { "ardf_num": "SO172", "mrds_num": "10308321", "site": "Unnamed (north of Big Hurrah Creek)", "quad_250": "SO", "quad_63360": "C-5", "comm_main": "Au, Sb", "comm_other": null, "site_type": "Prospect", "status": "Probably inactive", "dep_model": "Gold-quartz vein; low sulfide-Au quartz vein (Cox and Singer, 1986; model 36a) or quartz-stibnite vein in graphitic schist; simple Sb deposits (Cox and Singer, 1986; model 27d).", "model_code": "27d or 36a", "production": "None", "geol_desc": "A 10-foot-wide silicified and brecciated zone in very fine-grained graphitic schist contains disseminated sulfides, mostly pyrite.  However, along the footwall side, stibnite is disseminated and forms blades to 3 inches long (Asher, 1969, DGGS R33).  The", "latitude": 64.653257792175395, "longitude": -164.28060563327435, "deposit_class": "lode" }, "geometry": { "type": "Point", "coordinates": [ -489020.629209163191263, 1670311.237609756411985 ] } },
{ "type": "Feature", "properties": { "ardf_num": "SO173", "mrds_num": "10308322", "site": "Unnamed (in headwaters of Camp Creek)", "quad_250": "SO", "quad_63360": "D-5", "comm_main": "Au", "comm_other": null, "site_type": "Prospect", "status": "Probably inactive", "dep_model": "Gold-quartz vein; low sulfide-Au quartz vein (Cox and Singer, 1986; model 36a).", "model_code": "36a", "production": "None", "geol_desc": "Smith (1907) reports that a quartz vein carrying free gold was found in the head of Camp Creek.", "latitude": 64.848264278151206, "longitude": -164.0116150357764, "deposit_class": "lode" }, "geometry": { "type": "Point", "coordinates": [ -473057.346027935855091, 1689859.97593438741751 ] } },
{ "type": "Feature", "properties": { "ardf_num": "SO174", "mrds_num": null, "site": "American Creek", "quad_250": "SO", "quad_63360": "D-5", "comm_main": "Au", "comm_other": null, "site_type": "Mine", "status": "Probably inactive", "dep_model": "Placer Au-PGE (Cox and Singer, 1986; model 39a).", "model_code": "39a", "production": "Yes; small", "geol_desc": "Sainsbury and others (1972, OFR 511) show about 1/4 mile of placer tailings at this location.  Bedrock here is Paleozoic marble (Till and others, 1986).", "latitude": 64.960260034109368, "longitude": -164.40562856537096, "deposit_class": "placer" }, "geometry": { "type": "Point", "coordinates": [ -489576.347523090313189, 1705057.06239692796953 ] } },
{ "type": "Feature", "properties": { "ardf_num": "SO175", "mrds_num": "10308323", "site": "Saddle", "quad_250": "SO", "quad_63360": "C-4", "comm_main": "As, Au", "comm_other": null, "site_type": "Prospect", "status": "Active", "dep_model": "Discontinuous, irregular to joint-con tolled arsenopyrite-quartz  veins and breccia with disseminated arsenopyrite and pyrite in host rocks; low sulfide-Au quartz vein (Cox and Singer, 1986; model 36a).", "model_code": "36a", "production": "None", "geol_desc": "The Saddle prospect was first identified by  BHP-Utah in 1995 as an area anomalous in arsenic and gold in soils. Subsequently they drilled 10 holes in the area before they dropped the property in 1990.  In  2008, Millrock Resources Inc. (2010) began explo", "latitude": 64.575863223570607, "longitude": -163.72288270826974, "deposit_class": "lode" }, "geometry": { "type": "Point", "coordinates": [ -463946.141931264603045, 1657773.210268630646169 ] } },
{ "type": "Feature", "properties": { "ardf_num": "SO176", "mrds_num": null, "site": "Koyana", "quad_250": "SO", "quad_63360": "C-4", "comm_main": "As, Au", "comm_other": null, "site_type": "Prospect", "status": "Active", "dep_model": "Discontinuous, irregular to joint-con tolled arsenopyrite-quartz  veins and breccia with disseminated arsenopyrite and pyrite in host rocks; low sulfide-Au quartz vein (Cox and Singer, 1986; model 36a).", "model_code": "36a", "production": "None", "geol_desc": "The Koyana prospect was first identified by  BHP-Utah in 1995 as an area anomalous in arsenic and gold in soils. Subsequently they drilled 10 holes in the area before they dropped the property in 1990.  In  2008, Millrock Resources Inc. began exploring in", "latitude": 64.570963167006283, "longitude": -163.68848091100048, "deposit_class": "lode" }, "geometry": { "type": "Point", "coordinates": [ -462395.747878969996236, 1656992.426474943291396 ] } },
{ "type": "Feature", "properties": { "ardf_num": "SO177", "mrds_num": null, "site": "Daniels", "quad_250": "SO", "quad_63360": "C-4", "comm_main": "As, Au", "comm_other": "Ag, Bi, Cd, Cu, Pb, Sb, W, Zn", "site_type": "Prospect", "status": "Active", "dep_model": "Discontinuous, irregular to joint-con tolled arsenopyrite-quartz  veins and breccia with disseminated arsenopyrite and pyrite in host rocks; low sulfide-Au quartz vein (Cox and Singer, 1986; model 36a).", "model_code": "36a", "production": "None", "geol_desc": "The Daniels prospect was first identified by BHP-Utah in 1995 as an area anomalous in arsenic and gold in soils. Subsequently, they drilled 10 holes in the area before they dropped the property in 1990 (Stevens, 2010).  In 2008, Millrock Resources Inc. be", "latitude": 64.578163253971653, "longitude": -163.73818350526756, "deposit_class": "lode" }, "geometry": { "type": "Point", "coordinates": [ -464633.520176678954158, 1658134.036359156714752 ] } },
{ "type": "Feature", "properties": { "ardf_num": "TE001", "mrds_num": "10308381", "site": "Village Creek", "quad_250": "TE", "quad_63360": "C-7", "comm_main": "Sn", "comm_other": null, "site_type": "Prospect", "status": "Inactive", "dep_model": "Alluvial tin placer (Cox and Singer, 1986; model 39e)", "model_code": "39e", "production": "None", "geol_desc": "Village Creek drains the northwest uplands of  the Cape Mountain granite stock (Hudson and Arth, 1983).  Eight USBM churn-drill holes (Heide and Sanford, 1948) define one area where average tin grades are 0.1 lb. Sn per cubic yard (Mulligan, 1966, p. 19).", "latitude": 65.619218462606753, "longitude": -168.0627807896974, "deposit_class": "placer" }, "geometry": { "type": "Point", "coordinates": [ -643970.189098595175892, 1808492.511891136644408 ] } },
{ "type": "Feature", "properties": { "ardf_num": "TE003", "mrds_num": null, "site": "Boulder Creek", "quad_250": "TE", "quad_63360": "C-6", "comm_main": "Sn", "comm_other": "W, monazite, xenotime", "site_type": "Prospect", "status": "Inactive", "dep_model": "Alluvial tin placer (Cox and Singer, 1986; model 39e)", "model_code": "39e", "production": "None", "geol_desc": "Boulder Creek drains across the north contact of the Late Cretaceous (78.8 +/- 2.9 my;  Hudson and Arth, 1983. p. 769) Cape Mountain biotite granite where it intrudes Mississippian marble and limestone (Sainsbury, 1972).  Detrital cassiterite is present t", "latitude": 65.611219336546128, "longitude": -167.98277628488239, "deposit_class": "placer" }, "geometry": { "type": "Point", "coordinates": [ -640547.221004251157865, 1806847.7316662624944 ] } },
{ "type": "Feature", "properties": { "ardf_num": "TE004", "mrds_num": "10308382", "site": "Goodwin Gulch", "quad_250": "TE", "quad_63360": "C-6", "comm_main": "Sn", "comm_other": null, "site_type": "Mine", "status": "Inactive", "dep_model": "Alluvial tin placer (Cox and Singer, 1986; model 39e)", "model_code": "39e", "production": "Yes", "geol_desc": "The headwaters of Goodwin Gulch are in the contact zone of the Late Cretaceous Cape Mountain biotite granite (Hudson and Arth, 1983) with Mississippian marble (Sainsbury, 1972).  The active drainage of Goodwin Gulch contained an alluvial placer deposit of", "latitude": 65.588219446197101, "longitude": -167.91577072520229, "deposit_class": "placer" }, "geometry": { "type": "Point", "coordinates": [ -638055.704188383650035, 1803697.479520328342915 ] } },
{ "type": "Feature", "properties": { "ardf_num": "TE005", "mrds_num": null, "site": "Goodwin Creek; including tRIbutaries Wales Creek and Percy Gulch", "quad_250": "TE", "quad_63360": "C-6", "comm_main": "Sn", "comm_other": null, "site_type": "Prospect", "status": "Inactive", "dep_model": "Alluvial tin placer  (Cox and Singer, 1986; model 39e)", "model_code": "39e", "production": "Yes", "geol_desc": "Goodwin Creek passes over Mississippian marble and limestone (Sainsbury, 1972); it does not directly drain uplands of the Late Cretaceous Cape Mountain biotite granite (Hudson and Arth, 1983) or its contact.  However, three tributaries, including Goodwin", "latitude": 65.589219742278217, "longitude": -167.90277028023942, "deposit_class": "placer" }, "geometry": { "type": "Point", "coordinates": [ -637445.20253071829211, 1803681.607284682104364 ] } },
{ "type": "Feature", "properties": { "ardf_num": "TE006", "mrds_num": "10308383", "site": "Cape Creek; American Tinfields, Inc.", "quad_250": "TE", "quad_63360": "C-6", "comm_main": "Sn", "comm_other": null, "site_type": "Mine", "status": "Inactive", "dep_model": "Alluvial tin placer  (Cox and Singer, 1986; model 39e)", "model_code": "39e", "production": "Yes", "geol_desc": "Cape Creek, the principal drainage on the east side of the Cape Mountain upland, has headwaters in the contact zone of the Late Cretaceous Cape Mountain biotite granite (Hudson and Arth, 1983) with Mississippian marble (Sainsbury, 1972).  Private company", "latitude": 65.570218178185371, "longitude": -167.93376934983323, "deposit_class": "placer" }, "geometry": { "type": "Point", "coordinates": [ -639286.398173391236924, 1801909.577708608703688 ] } },
{ "type": "Feature", "properties": { "ardf_num": "TE007", "mrds_num": null, "site": "First Chance Creek; American Tinfields, Inc.", "quad_250": "TE", "quad_63360": "C-6", "comm_main": "Sn", "comm_other": null, "site_type": "Mine", "status": "Inactive", "dep_model": "Alluvial tin placer  (Cox and Singer, 1986; model 39e)", "model_code": "39e", "production": "Yes", "geol_desc": "Thin overburden (1 - 6 feet) overlies a thin (3 - 5 feet) gravel section on Mississippian limestone bedrock (Sainsbury, 1972).  Churn-drill holes and shafts indicated grades between 0.5 and 4 pounds of tin per cubic yard (Mulligan and Thorne, 1959, p. 44)", "latitude": 65.568217914004578, "longitude": -167.94276952507056, "deposit_class": "placer" }, "geometry": { "type": "Point", "coordinates": [ -639739.676710859290324, 1801778.349511312320828 ] } },
{ "type": "Feature", "properties": { "ardf_num": "TE008", "mrds_num": "10308384", "site": "Cape Creek Beach; American Tinfields, Inc.", "quad_250": "TE", "quad_63360": "C-6", "comm_main": "Sn", "comm_other": null, "site_type": "Prospect", "status": "Inactive", "dep_model": "Beach tinplacer (related to alluvial tin placer  (Cox and Singer, 1986; model 39e)", "model_code": "39e", "production": "None", "geol_desc": "These deposits have formed from the reworking of alluvial deposits by recent shorelines at the mouth of Cape Creek.  Seventy-four churn-drill holes define a fan-shaped area of about 25 acres of cassiterite-bearing, wave-worked beach deposits peripheral to", "latitude": 65.558217278253167, "longitude": -167.9497686659283, "deposit_class": "placer" }, "geometry": { "type": "Point", "coordinates": [ -640288.336474676500075, 1800756.408961686538532 ] } },
{ "type": "Feature", "properties": { "ardf_num": "TE012", "mrds_num": "10308387", "site": "Kigezruk Creek", "quad_250": "TE", "quad_63360": "C-6", "comm_main": "Sn", "comm_other": null, "site_type": "Occurrence", "status": "Inactive", "dep_model": "Alluvial tin placer  (Cox and Singer, 1986; model 39e)", "model_code": "39e", "production": "None", "geol_desc": "Bedrock in the drainage is a slaty metapelitic and metasandstone sequence of unknown but probable Paleozoic age that is locally intruded by altered mafic bodies (Sainsbury, 1972).  A trace and 0.01 pounds of tin per cubic yard were found in heavy mineral", "latitude": 65.517217856252032, "longitude": -167.71974826993906, "deposit_class": "placer" }, "geometry": { "type": "Point", "coordinates": [ -630819.148198799346574, 1794087.129186309874058 ] } },
{ "type": "Feature", "properties": { "ardf_num": "TE013", "mrds_num": "10308388", "site": "Unnamed (on Baituk Creek)", "quad_250": "TE", "quad_63360": "C-6", "comm_main": "Sn, Au", "comm_other": null, "site_type": "Occurrence", "status": "Inactive", "dep_model": "Alluvial tin  placer  (Cox and Singer, 1986; model 39e)", "model_code": "39e", "production": "None", "geol_desc": "Bedrock in the drainage is a slaty metapelitic and metasandstone sequence of unknown but probable Paleozoic age locally  intruded by altered mafic bodies (Sainsbury, 1972).  The one USBM churn-drill hole completed at this location encountered 15 feet of g", "latitude": 65.517217381029795, "longitude": -167.78575339255997, "deposit_class": "placer" }, "geometry": { "type": "Point", "coordinates": [ -633810.393237864715047, 1794715.527235121466219 ] } },
{ "type": "Feature", "properties": { "ardf_num": "TE014", "mrds_num": "10308389", "site": "Unnamed (on Baituk Creek)", "quad_250": "TE", "quad_63360": "C-6", "comm_main": "Sn, Au", "comm_other": null, "site_type": "Occurrence", "status": "Inactive", "dep_model": "Alluvial tin  placer  (Cox and Singer, 1986; model 39e)", "model_code": "39e", "production": "None", "geol_desc": "Bedrock in this drainage is a slaty metapelitic and metasandstone sequence of unknown but probable Paleozoic age locally intruded by altered mafic bodies (Sainsbury, 1972). The two USBM churn-drill holes completed at this location encountered 5 and 8.5  f", "latitude": 65.527218215132393, "longitude": -167.76775349894859, "deposit_class": "placer" }, "geometry": { "type": "Point", "coordinates": [ -632765.443674610229209, 1795633.972451583249494 ] } },
{ "type": "Feature", "properties": { "ardf_num": "TE015", "mrds_num": "10308390", "site": "Unnamed (on Baituk Creek)", "quad_250": "TE", "quad_63360": "C-6", "comm_main": "Sn, Au", "comm_other": null, "site_type": "Occurrence", "status": "Inactive", "dep_model": "Alluvial tin  placer  (Cox and Singer, 1986; model 39e)", "model_code": "39e", "production": "None", "geol_desc": "Bedrock in the drainage is a slaty metapelitic and metasandstone sequence of unknown but probable Paleozoic age locally intruded by altered mafic bodies (Sainsbury, 1972).  The two USBM churn-drill holes completed at this location encountered 5.5 feet of", "latitude": 65.543219592779295, "longitude": -167.72175237585577, "deposit_class": "placer" }, "geometry": { "type": "Point", "coordinates": [ -630315.812208603834733, 1796940.803131209919229 ] } },
{ "type": "Feature", "properties": { "ardf_num": "TE016", "mrds_num": "10308391", "site": "Unnamed (on Baituk Creek)", "quad_250": "TE", "quad_63360": "C-6", "comm_main": "Sn, Au", "comm_other": null, "site_type": "Occurrence", "status": "Inactive", "dep_model": "Alluvial tin  placer  (Cox and Singer, 1986; model 39e)", "model_code": "39e", "production": "None", "geol_desc": "Bedrock in the drainage is a slaty metapelitic and metasandstone sequence of unknown but probable Paleozoic age locally intruded by  altered mafic bodies (Sainsbury, 1972).  The three USBM churn-drill hole completed at this location encountered 4 to 5 fee", "latitude": 65.564221046803539, "longitude": -167.71575514067203, "deposit_class": "placer" }, "geometry": { "type": "Point", "coordinates": [ -629564.577847171225585, 1799173.353024743963033 ] } },
{ "type": "Feature", "properties": { "ardf_num": "TE017", "mrds_num": "10308392", "site": "Lynx Creek", "quad_250": "TE", "quad_63360": "C-6", "comm_main": "Sn", "comm_other": null, "site_type": "Occurrence", "status": "Inactive", "dep_model": "Alluvial tin  placer  (Cox and Singer, 1986; model 39e)", "model_code": "39e", "production": "None", "geol_desc": "Bedrock in the drainage is a slaty metapelitic and metasandstone sequence of unknown but probable Paleozoic age locally intruded by altered mafic bodies (Sainsbury, 1972).  Mulligan (1966, p. 19 and 33) reports 0.03 pound tin per cubic yard from one sampl", "latitude": 65.643226123592456, "longitude": -167.72176670836194, "deposit_class": "placer" }, "geometry": { "type": "Point", "coordinates": [ -628031.483853052835912, 1807842.024299464887008 ] } },
{ "type": "Feature", "properties": { "ardf_num": "TE018", "mrds_num": "10308393", "site": "Potato Creek", "quad_250": "TE", "quad_63360": "C-6", "comm_main": "Sn", "comm_other": null, "site_type": "Prospect", "status": "Inactive", "dep_model": "Alluvial tin  placer  (Cox and Singer, 1986; model 39e)", "model_code": "39e", "production": "None", "geol_desc": "Bedrock in the headwaters of Potato Creek is thermally metamorposed thin-bedded metapelite, metasandstone, and minor impure metacarbonate rocks of  unknown but probable Paleozoic age.  These rocks makeup the relatively resistant  upland of Potato Mountain", "latitude": 65.660228257492037, "longitude": -167.64376483234881, "deposit_class": "placer" }, "geometry": { "type": "Point", "coordinates": [ -624125.68503431417048, 1808959.984242897015065 ] } },
{ "type": "Feature", "properties": { "ardf_num": "TE019", "mrds_num": "10308394", "site": "Oakland Creek (formerly known as Diomede Creek)", "quad_250": "TE", "quad_63360": "C-6", "comm_main": "Sn", "comm_other": null, "site_type": "Prospect", "status": "Inactive", "dep_model": "Alluvial tin  placer  (Cox and Singer, 1986; model 39e)", "model_code": "39e", "production": "None", "geol_desc": "Bedrock in the headwaters of Oakland Creek is thermally metamorposed thin-bedded metapelite, metasandstone, and minor impure metacarbonate rocks of  unknown but probable Paleozoic age.  These rocks makeup the relatively resistant  upland of Potato Mountai", "latitude": 65.674229404533691, "longitude": -167.6087644605507, "deposit_class": "placer" }, "geometry": { "type": "Point", "coordinates": [ -622229.858978982432745, 1810157.964253506390378 ] } },
{ "type": "Feature", "properties": { "ardf_num": "TE020", "mrds_num": null, "site": "Buck Creek; including Left Fork; West Fork; Peluk Creek; and upper Buck Creek", "quad_250": "TE", "quad_63360": "C-6", "comm_main": "Sn", "comm_other": "Au (Sutter Creek to West Fork areas)", "site_type": "Mine", "status": "Inactive", "dep_model": "Alluvial tin  placer  (Cox and Singer, 1986; model 39e)", "model_code": "39e", "production": "Yes", "geol_desc": "Bedrock in the headwaters of Buck Creek is thermally metamorposed thin-bedded metapelite, metasandstone, and minor impure metacarbonate rocks of  unknown but probable Paleozoic age.  These rocks makeup the relatively resistant  upland of Potato Mountain t", "latitude": 65.642227620774435, "longitude": -167.51375311605028, "deposit_class": "placer" }, "geometry": { "type": "Point", "coordinates": [ -618666.185094452113844, 1805780.695567274233326 ] } },
{ "type": "Feature", "properties": { "ardf_num": "TE021", "mrds_num": "10308395", "site": "Sutter Creek", "quad_250": "TE", "quad_63360": "C-6", "comm_main": "Sn", "comm_other": null, "site_type": "Mine", "status": "Inactive", "dep_model": "Alluvial tin  placer  (Cox and Singer, 1986; model 39e)", "model_code": "39e", "production": "Yes", "geol_desc": "Bedrock in the northern headwaters of Sutter Creek is thermally metamorposed thin-bedded metapelite, metasandstone, and minor impure metacarbonate rocks of  unknown but probable Paleozoic age.  These rocks makeup the relatively resistant  upland of Potato", "latitude": 65.635227144777616, "longitude": -167.51175190899716, "deposit_class": "placer" }, "geometry": { "type": "Point", "coordinates": [ -618733.357338843401521, 1804998.543023803737015 ] } },
{ "type": "Feature", "properties": { "ardf_num": "TE022", "mrds_num": "10308396", "site": "Iron Creek", "quad_250": "TE", "quad_63360": "C-6", "comm_main": "Sn", "comm_other": null, "site_type": "Mine", "status": "Inactive", "dep_model": "Alluvial tin  placer  (Cox and Singer, 1986; model 39e)", "model_code": "39e", "production": "Yes", "geol_desc": "Bedrock in the headwaters of Iron Creek is thermally metamorposed thin- bedded metapelite, metasandstone, and minor impure metacarbonate rocks of  unknown but probable Paleozoic age.  These rocks makeup the relatively resistant  upland of Potato Mountain", "latitude": 65.644227678345189, "longitude": -167.55575662541881, "deposit_class": "placer" }, "geometry": { "type": "Point", "coordinates": [ -620517.239539496018551, 1806390.693469105288386 ] } },
{ "type": "Feature", "properties": { "ardf_num": "TE025", "mrds_num": null, "site": "Grouse Creek", "quad_250": "TE", "quad_63360": "C-5", "comm_main": "Sn", "comm_other": null, "site_type": "Mine", "status": "Inactive", "dep_model": "Alluvial tin  placer  (Cox and Singer, 1986; model 39e)", "model_code": "39e", "production": "Yes", "geol_desc": "Bedrock in the headwaters of Buck Creek (TE020), the major east tributary and the apparent source of placer cassiterite on Grouse Creek, is thermally metamorposed thin-bedded metapelite, metasandstone, and minor impure metacarbonate rocks of  unknown but", "latitude": 65.628227111134535, "longitude": -167.46674838891423, "deposit_class": "placer" }, "geometry": { "type": "Point", "coordinates": [ -616857.913320043473504, 1803816.366130699170753 ] } },
{ "type": "Feature", "properties": { "ardf_num": "TE026", "mrds_num": null, "site": "Ishut Creek", "quad_250": "TE", "quad_63360": "C-6", "comm_main": "W", "comm_other": null, "site_type": "Occurrence", "status": "Inactive", "dep_model": "Alluvial tin  placer  (Cox and Singer, 1986; model 39e)", "model_code": "39e", "production": "None", "geol_desc": "Bedrock in the drainage is a slaty metapelitic and metasandstone sequence of unknown but probable Paleozoic age locally intruded by  altered mafic bodies (Sainsbury, 1972).  Heavy mineral concentrate from two USBM churn-drill holes contained pyrite, limon", "latitude": 65.56322160941734, "longitude": -167.61474764332303, "deposit_class": "placer" }, "geometry": { "type": "Point", "coordinates": [ -625016.291748338844627, 1798110.311026592738926 ] } },
{ "type": "Feature", "properties": { "ardf_num": "TE027", "mrds_num": null, "site": "Buckner Creek (tributary to Anikovik River); Buhner Creek", "quad_250": "TE", "quad_63360": "C-6", "comm_main": "Sn, Au (?)", "comm_other": null, "site_type": "Occurrence", "status": "Inactive", "dep_model": "Alluvial tin  placer  (Cox and Singer, 1986; model 39e)", "model_code": "39e", "production": "Yes; small", "geol_desc": "Bedrock of the Anikovik River drainage includes two major assemblages (Sainsbury, 1972).  Throughout most of the drainage, bedrock is a slaty metapelitic and metasandstone sequence of unknown but probable Paleozoic age locally intruded by altered mafic bo", "latitude": 65.533219296143287, "longitude": -167.61874262267415, "deposit_class": "placer" }, "geometry": { "type": "Point", "coordinates": [ -625877.600078541669063, 1794876.201715845847502 ] } },
{ "type": "Feature", "properties": { "ardf_num": "TE028", "mrds_num": "10308398", "site": "Jarvis Creek (tributary to Anikovik River)", "quad_250": "TE", "quad_63360": "C-6", "comm_main": "Sn", "comm_other": null, "site_type": "Occurrence", "status": "Inactive", "dep_model": "Alluvial tin  placer  (Cox and Singer, 1986; model 39e)", "model_code": "39e", "production": "None", "geol_desc": "Bedrock in the Jarvis Creek drainage is slaty metapelitic and metasandstone sequence (of unknown but probable Paleozoic age locally intruded by altered mafic bodies.  Brooks (1901) reported cassiterite from the Anikovik River at approximately this localit", "latitude": 65.52321856340599, "longitude": -167.63174203936006, "deposit_class": "placer" }, "geometry": { "type": "Point", "coordinates": [ -626693.655916641815566, 1793908.205027194460854 ] } },
{ "type": "Feature", "properties": { "ardf_num": "TE029", "mrds_num": "10308399", "site": "Banner Creek (tributary to Anikovik River)", "quad_250": "TE", "quad_63360": "C-6", "comm_main": "Sn", "comm_other": null, "site_type": "Occurrence", "status": "Inactive", "dep_model": "Alluvial tin  placer  (Cox and Singer, 1986; model 39e)", "model_code": "39e", "production": "None", "geol_desc": "Banner Creek flows west from headwaters in Ordovician limestones of the York Mountains (Sainsbury, 1972) but most of its drainage is across a thin bedded metapelitic and metasandstone sequence of unknown but probable Paleozoic age.  The USBM completed thr", "latitude": 65.522218480971731, "longitude": -167.62474124009427, "deposit_class": "placer" }, "geometry": { "type": "Point", "coordinates": [ -626399.030775125720538, 1793733.097080193925649 ] } },
{ "type": "Feature", "properties": { "ardf_num": "TE030", "mrds_num": "10308400", "site": "Anikovik River", "quad_250": "TE", "quad_63360": "C-6", "comm_main": "Au, Cr, Sn", "comm_other": null, "site_type": "Occurrence", "status": "Inactive", "dep_model": "Alluvial tin  placer  (Cox and Singer, 1986; model 39e)", "model_code": "39e", "production": "None", "geol_desc": "Anikovik River's eastern tributaries have headwaters in Ordovician limestone of the York Mountains (Sainsbury, 1972) whereas the main drainage and western tributaries are in areas underlain by a thin-bedded, slaty metapelitic and metasandstone sequence of", "latitude": 65.504217102572198, "longitude": -167.63573902372625, "deposit_class": "placer" }, "geometry": { "type": "Point", "coordinates": [ -627306.354957639356144, 1791873.815819133771583 ] } },
{ "type": "Feature", "properties": { "ardf_num": "TE031", "mrds_num": null, "site": "Deer Creek", "quad_250": "TE", "quad_63360": "C-6", "comm_main": "Au", "comm_other": null, "site_type": "Occurrence", "status": "Inactive", "dep_model": "Alluvial Au-PGE  placer  (Cox and Singer, 1986; model 39a)", "model_code": "39a", "production": "Yes, small", "geol_desc": "Bedrock in the Deer Creek drainage is a sequence of thin-bedded, slaty metapelite and metasandstone of unknown but probable Paleozoic age that is locally intruded by altered mafic bodies.  Brooks (1901, p. 134-135) reports the presence of placer gold and", "latitude": 65.501216850758794, "longitude": -167.6567403312753, "deposit_class": "placer" }, "geometry": { "type": "Point", "coordinates": [ -628327.106877012643963, 1791745.177493420662358 ] } },
{ "type": "Feature", "properties": { "ardf_num": "TE032", "mrds_num": "10308401", "site": "Anikovik River Beach", "quad_250": "TE", "quad_63360": "B-6", "comm_main": "Au, Sn", "comm_other": null, "site_type": "Mine", "status": "Inactive", "dep_model": "Alluvial and beach(?)  Au-Sn placer  (Cox and Singer, 1986; models 39a and 39c)", "model_code": "39a, 39c", "production": "Yes", "geol_desc": "Anikovik River's eastern tributaries have headwaters in Ordovician limestone of the York Mountains (Sinsbury, 1972) whereas the main drainage and western tributaries are in areas underlain by a  thin-bedded, slaty metapelitic and metasandstone sequence of", "latitude": 65.490216147591141, "longitude": -167.67173990049926, "deposit_class": "placer" }, "geometry": { "type": "Point", "coordinates": [ -629257.935741485911421, 1790687.633481133729219 ] } },
{ "type": "Feature", "properties": { "ardf_num": "TE033", "mrds_num": "A016049", "site": "Lost River Beach", "quad_250": "TE", "quad_63360": "B-5", "comm_main": "Sn", "comm_other": null, "site_type": "Occurrence", "status": "Inactive", "dep_model": "Alluvial tin  placer  (Cox and Singer, 1986; model 39e)", "model_code": "39e", "production": "None", "geol_desc": "Lost River is the main south-flowing drainage in the York Mountains.  Bedrock in this drainage and its tributaries are various Ordovician limestone facies locally intruded by felsic and mafic dikes and granite stocks (Sainsbury, 1969).   Although the lowe", "latitude": 65.390218438648546, "longitude": -167.14870351583161, "deposit_class": "placer" }, "geometry": { "type": "Point", "coordinates": [ -607697.627124312683009, 1774902.606355373747647 ] } },
{ "type": "Feature", "properties": { "ardf_num": "TE034", "mrds_num": "A016050", "site": "Unnamed  (on Rapid River)", "quad_250": "TE", "quad_63360": "B-5", "comm_main": "Sn", "comm_other": null, "site_type": "Prospect", "status": "Inactive", "dep_model": "Alluvial tin  placer  (Cox and Singer, 1986; model 39e)", "model_code": "39e", "production": "None", "geol_desc": "Bedrock in the 7-mile long southeast flowing Rapid River and its tributary drainages includes various Ordovician limestone facies and local mafic and felsic dikes (Sainsbury, 1969).  The two USBM churn-drill holes in the lower part of the river encountere", "latitude": 65.408218148737774, "longitude": -167.18170514665269, "deposit_class": "placer" }, "geometry": { "type": "Point", "coordinates": [ -608807.375440265401267, 1777171.011013398412615 ] } },
{ "type": "Feature", "properties": { "ardf_num": "TE039", "mrds_num": "10308405", "site": "Unnamed (on Lost River)", "quad_250": "TE", "quad_63360": "B-5", "comm_main": "Sn", "comm_other": "Ag, Pb", "site_type": "Occurrence", "status": "Inactive", "dep_model": "Alluvial tin  placer  (Cox and Singer, 1986; model 39e)", "model_code": "39e", "production": "None", "geol_desc": "Bedrock in this drainage and its tributaries are various Ordovician limestone facies locally intruded by felsic and mafic dikes and granite stocks (Sainsbury, 1969). The USBM completed two churn-drill holes in the active drainage of Lost River here (Mulli", "latitude": 65.448221234411818, "longitude": -167.18471297503714, "deposit_class": "placer" }, "geometry": { "type": "Point", "coordinates": [ -608065.475098505266942, 1781567.71216730796732 ] } },
{ "type": "Feature", "properties": { "ardf_num": "TE045", "mrds_num": "10308409", "site": "Unnamed (on Lost River)", "quad_250": "TE", "quad_63360": "B-5", "comm_main": "Sn", "comm_other": null, "site_type": "Occurrence", "status": "Inactive", "dep_model": "Alluvial tin  placer  (Cox and Singer, 1986; model 39e)", "model_code": "39e", "production": "None", "geol_desc": "Bedrock in this drainage and its tributaries are various Ordovician limestone facies locally intruded by felsic and mafic dikes and granite stocks (Sainsbury, 1969).  The USBM completed three churn-drill holes in a line across Lost River at his locality.", "latitude": 65.46322280733952, "longitude": -167.17771635272663, "deposit_class": "placer" }, "geometry": { "type": "Point", "coordinates": [ -607417.604817181942053, 1783142.083925305632874 ] } },
{ "type": "Feature", "properties": { "ardf_num": "TE046", "mrds_num": "10308410", "site": "Cassiterite Creek (Lost River)", "quad_250": "TE", "quad_63360": "B-5", "comm_main": "Sn, W", "comm_other": null, "site_type": "Mine", "status": "Inactive", "dep_model": "Alluvial tin  placer  (Cox and Singer, 1986; model 39e)", "model_code": "39e", "production": "Yes", "geol_desc": "Bedrock in this drainage and its tributaries are various Ordovician limestone facies locally intruded by felsic and mafic dikes and granite stocks (Sainsbury, 1969).  The principal lode sources of tin in the Lost River area (Lost River Mine; TE048, TE049,", "latitude": 65.471224164899041, "longitude": -167.16371869323672, "deposit_class": "placer" }, "geometry": { "type": "Point", "coordinates": [ -606605.344398251618259, 1783888.020561383105814 ] } },
{ "type": "Feature", "properties": { "ardf_num": "TE057", "mrds_num": "10308421", "site": "York Creek (East)", "quad_250": "TE", "quad_63360": "C-5", "comm_main": "Sn, W", "comm_other": null, "site_type": "Occurrence", "status": "Inactive", "dep_model": "Alluvial tin  placer  (Cox and Singer, 1986; model 39e)", "model_code": "39e", "production": "None", "geol_desc": "The headwater area of York Creek, on the north flank of the Brooks Mountain area, includes the contact zone of the Brooks Mountain granite stock and a small granite plug in Ordovician limestone (Sainsbury, 1969, plate 1).  Fine-grained, carbonaceous metap", "latitude": 65.558232922427493, "longitude": -167.07373527060406, "deposit_class": "placer" }, "geometry": { "type": "Point", "coordinates": [ -600617.005134568666108, 1792573.557301794178784 ] } },
{ "type": "Feature", "properties": { "ardf_num": "TE058", "mrds_num": "10308422", "site": "York Creek (West)", "quad_250": "TE", "quad_63360": "C-5", "comm_main": "Sn, W", "comm_other": null, "site_type": "Occurrence", "status": "Inactive", "dep_model": "Alluvial tin  placer  (Cox and Singer, 1986; model 39e)", "model_code": "39e", "production": "None", "geol_desc": "The headwater area of York Creek, on the north flank of the Brooks Mountain area, includes the contact zone of the Brooks Mountain granite stock and a small granite plug in Ordovician limestone (Sainsbury, 1969, plate 1).  Fine-grained, carbonaceous metap", "latitude": 65.567233300140387, "longitude": -167.11073749798641, "deposit_class": "placer" }, "geometry": { "type": "Point", "coordinates": [ -602098.185045585036278, 1793891.654663467081264 ] } },
{ "type": "Feature", "properties": { "ardf_num": "TE059", "mrds_num": "10308423", "site": "Tin Creek (in Ear Mountain area)", "quad_250": "TE", "quad_63360": "D-3", "comm_main": "Sn", "comm_other": null, "site_type": "Occurrence", "status": "Inactive", "dep_model": "Alluvial tin  placer  (Cox and Singer, 1986; model 39e)", "model_code": "39e", "production": "None", "geol_desc": "The Ear Mountain upland is cored by a Late Cretaceous (76.7 +/- 2.8 my) composite biotite granite stock (Sainsbury, 1972; Hudson and Arth, 1983).  Country rocks to this stock are an impure and schistose carbonate sequence of unknown but probable Paleozoic", "latitude": 65.970265206990462, "longitude": -166.19875610797888, "deposit_class": "placer" }, "geometry": { "type": "Point", "coordinates": [ -552510.529813727829605, 1830023.291308655869216 ] } },
{ "type": "Feature", "properties": { "ardf_num": "TE061", "mrds_num": null, "site": "Tuttle Creek", "quad_250": "TE", "quad_63360": "D-3", "comm_main": "Sn", "comm_other": null, "site_type": "Prospect", "status": "Inactive", "dep_model": "Alluvial tin  placer  (Cox and Singer, 1986; model 39e)", "model_code": "39e", "production": "None", "geol_desc": "Tuttle Creek and its headwaters drain a mineralized area straddling the contact between the Late Cretaceous Ear Mountain granite stock (76.7 +/- 2.9 my; Hudson and Arth, 1983, p. 769) and an impure metacarbonate sequence, with some metapelitic rocks, of u", "latitude": 65.937262162885091, "longitude": -166.35175564385796, "deposit_class": "placer" }, "geometry": { "type": "Point", "coordinates": [ -560039.843118931399658, 1827694.522428162861615 ] } },
{ "type": "Feature", "properties": { "ardf_num": "TE062", "mrds_num": "10308424", "site": "Quartz Creek (Ear Mountain area)", "quad_250": "TE", "quad_63360": "D-3", "comm_main": "Sn", "comm_other": null, "site_type": "Occurrence", "status": "Inactive", "dep_model": "Alluvial tin  placer  (Cox and Singer, 1986; model 39e)", "model_code": "39e", "production": "None", "geol_desc": "Quartz Creek crosses the contact zone, and has headwaters in,  the Ear Mountain granite stock (Sainsbury, 1972).   This is a Late Cretaceous (76.7 +/- 2.9 my; Hudson and Arth, 1983, p. 769) composite biotite granite that intrudes an impure and schistose c", "latitude": 65.903261126631406, "longitude": -166.33375199542326, "deposit_class": "placer" }, "geometry": { "type": "Point", "coordinates": [ -559931.72331845969893, 1823823.650214858120307 ] } },
{ "type": "Feature", "properties": { "ardf_num": "TE063", "mrds_num": "10308425", "site": "Deer Creek (Ear Mountain area)", "quad_250": "TE", "quad_63360": "D-3", "comm_main": "Sn", "comm_other": null, "site_type": "Occurrence", "status": "Inactive", "dep_model": "Alluvial tin  placer  (Cox and Singer, 1986; model 39e)", "model_code": "39e", "production": "None", "geol_desc": "Deer Creek has headwaters in the contact zone of the Ear Mountain granite stock (Sainsbury, 1972).   This is a Late Cretaceous (76.7 +/- 2.9 my; Hudson and Arth, 1983, p. 769) composite biotite granite that intrudes an impure and schistose carbonate seque", "latitude": 65.887262022257602, "longitude": -166.21774810704679, "deposit_class": "placer" }, "geometry": { "type": "Point", "coordinates": [ -555050.940744525752962, 1821099.426970172906294 ] } },
{ "type": "Feature", "properties": { "ardf_num": "TE064", "mrds_num": "10308426", "site": "Step Creek; Step Gulch", "quad_250": "TE", "quad_63360": "D-3", "comm_main": "Sn", "comm_other": null, "site_type": "Occurrence", "status": "Inactive", "dep_model": "Alluvial tin  placer  (Cox and Singer, 1986; model 39e)", "model_code": "39e", "production": "None", "geol_desc": "Step Creek crosses the contact zone of the Ear Mountain biotite granite stock.  This is a Late Cretaceous (76.7 +/- 2.9 my; Hudson and Arth, 1983, p. 769) composite biotite granite that intrudes an impure and schistose carbonate sequence, with some metape", "latitude": 65.891262391129388, "longitude": -166.19074785516003, "deposit_class": "placer" }, "geometry": { "type": "Point", "coordinates": [ -553756.870225428254344, 1821311.790691307280213 ] } },
{ "type": "Feature", "properties": { "ardf_num": "TE065", "mrds_num": "10308427", "site": "Pinnacle Creek", "quad_250": "TE", "quad_63360": "D-3", "comm_main": "Sn", "comm_other": null, "site_type": "Occurrence", "status": "Inactive", "dep_model": "Alluvial tin  placer  (Cox and Singer, 1986; model 39e)", "model_code": "39e", "production": "None", "geol_desc": "Pinnacle Creek crosses the contact zone of the Ear Mountain biotite granite stock.  This is a Late Cretaceous (76.7 +/- 2.9 my; Hudson and Arth, 1983, p. 769) composite biotite granite that intrudes an impure and schistose carbonate sequence, with some me", "latitude": 65.892262568923869, "longitude": -166.17374754568905, "deposit_class": "placer" }, "geometry": { "type": "Point", "coordinates": [ -552973.024594714981504, 1821279.593351986724883 ] } },
{ "type": "Feature", "properties": { "ardf_num": "TE066", "mrds_num": "10308428", "site": "Saddle Creek; Crosby Creek", "quad_250": "TE", "quad_63360": "D-3", "comm_main": "Sn", "comm_other": null, "site_type": "Occurrence", "status": "Inactive", "dep_model": "Alluvial tin  placer  (Cox and Singer, 1986; model 39e)", "model_code": "39e", "production": "None", "geol_desc": "Saddle Creek has headwaters in the southeast contact zone of the Ear Mountain biotite granite stock.  This is a Late Cretaceous (76.7 +/- 2.9 my; Hudson and Arth, 1983, p. 769) composite biotite granite that intrudes an impure and schistose carbonate sequ", "latitude": 65.892262776581617, "longitude": -166.14874693992493, "deposit_class": "placer" }, "geometry": { "type": "Point", "coordinates": [ -551850.116958679514937, 1821071.659373871749267 ] } },
{ "type": "Feature", "properties": { "ardf_num": "TE067", "mrds_num": "10308429", "site": "Kreuger Creek", "quad_250": "TE", "quad_63360": "D-3", "comm_main": "Sn", "comm_other": null, "site_type": "Prospect", "status": "Inactive", "dep_model": "Alluvial tin  placer  (Cox and Singer, 1986; model 39e)", "model_code": "39e", "production": "None", "geol_desc": "The segment of Kreuger Creek referred to here is the 0.5 miles at and below the confluence with Eldorado Creek.  Eldorado Creek has headwaters that cross the northeast contact zone of the Ear Mountain granite stock (Sainsbury, 1972).  This stock is a Late", "latitude": 65.929264765693915, "longitude": -166.0967493642228, "deposit_class": "placer" }, "geometry": { "type": "Point", "coordinates": [ -548768.384697058121674, 1824690.678066371940076 ] } },
{ "type": "Feature", "properties": { "ardf_num": "TE068", "mrds_num": null, "site": "Eldorado Creek", "quad_250": "TE", "quad_63360": "D-3", "comm_main": "Sn", "comm_other": null, "site_type": "Prospect", "status": "Inactive", "dep_model": "Alluvial tin  placer  (Cox and Singer, 1986; model 39e)", "model_code": "39e", "production": "None", "geol_desc": "Eldorado Creek has headwaters that cross the northeast contact zone of the Ear Mountain granite stock (Sainsbury, 1972).  This stock is a Late Cretaceous (76.7 +/- 2.9 my; Hudson and Arth, 1983, p. 769) composite biotite granite that intrudes an impure an", "latitude": 65.934264715132016, "longitude": -166.11375044070698, "deposit_class": "placer" }, "geometry": { "type": "Point", "coordinates": [ -549430.129996486357413, 1825378.495778417447582 ] } },
{ "type": "Feature", "properties": { "ardf_num": "TE069", "mrds_num": null, "site": "Kelly Creek", "quad_250": "TE", "quad_63360": "D-2", "comm_main": "Au", "comm_other": "Ag, As, Hg, Sb", "site_type": "Prospect", "status": "Active", "dep_model": "Disseminated and stockwork quartz and gold mineralization in metapelitic rocks.  Possibly carbonate-hosted Au-Ag and/or  low sulfide Au-quartz vein (Cox and Singer, 1986; models 26a or 36a).", "model_code": "26a or 36a ?", "production": "None", "geol_desc": "The Kelly Creek prospect is in mica-quartz schist and graphitic quartz schist intercalated in a metasedimentary sequence that includes schistose, micaceous, dolomitic marble; mica-calcite schist; and minor micaceous quartzite (Cedar Mountain, 2011 [projec", "latitude": 65.769861887737676, "longitude": -165.89892679087885, "deposit_class": "lode" }, "geometry": { "type": "Point", "coordinates": [ -543053.415950384922326, 1805609.479358767857775 ] } },
{ "type": "Feature", "properties": { "ardf_num": "TE070", "mrds_num": null, "site": "Bryan Creek; Dick Creek", "quad_250": "TE", "quad_63360": "D-1", "comm_main": "Au", "comm_other": "Sn, W", "site_type": "Mine", "status": "Probably inactive", "dep_model": "Alluvial Au placer  (Cox and Singer, 1986; model 39a)", "model_code": "39a", "production": "Yes", "geol_desc": "Dick Creek is a north-flowing tibutary to Bryan Creek that has been placer mined for its gold content.  Bryan Creek, the only placer mine in the Serpentine district, is almost all in the Bendeleben quadrangle.  Only a small part of this mine, at the confl", "latitude": 65.825278586105725, "longitude": -165.00570988621274, "deposit_class": "placer" }, "geometry": { "type": "Point", "coordinates": [ -501659.55448197259102, 1804661.751281425356865 ] } },
{ "type": "Feature", "properties": { "ardf_num": "TE071", "mrds_num": null, "site": "Ward", "quad_250": "TE", "quad_63360": "C-1", "comm_main": "Cu", "comm_other": null, "site_type": "Mine", "status": "Inactive", "dep_model": "Copper-bearing mineralization in silica-rich zones at base of marble overlying metapelitic schist.", "model_code": "Alluvial Au placer  (Cox and Singer, 1986; model 39a)", "production": "Yes, small", "geol_desc": "The lode deposit at the Ward mine is a type of mineral occurrence that is repeated at many locations along a north-trending marble belt that extends southward from this location to the Iron Creek and Casadepaga River areas of southern Seward Peninsula.  I", "latitude": 65.746274050312721, "longitude": -165.22870438650097, "deposit_class": "placer" }, "geometry": { "type": "Point", "coordinates": [ -513208.025988491077442, 1797693.03498342842795 ] } },
{ "type": "Feature", "properties": { "ardf_num": "TE076", "mrds_num": "10308434", "site": "Goldrun Creek", "quad_250": "TE", "quad_63360": "C-2", "comm_main": "Au", "comm_other": null, "site_type": "Mine", "status": "Probably inactive", "dep_model": "Alluvial Au placer  (Cox and Singer, 1986; model 39a)", "model_code": "39a", "production": "Yes, small", "geol_desc": "Very little is recorded about this placer mining operation.  Dozer and sluice operations have taken place on the lower part of the creek, between elevations of 265 and 320 feet and within 1 mile of the confluence with the American River.  Bedrock in the a", "latitude": 65.641263702656005, "longitude": -165.6057091592246, "deposit_class": "placer" }, "geometry": { "type": "Point", "coordinates": [ -532299.179521220503375, 1789140.028917322633788 ] } },
{ "type": "Feature", "properties": { "ardf_num": "TE077", "mrds_num": null, "site": "Windy Creek", "quad_250": "TE", "quad_63360": "C-2", "comm_main": "Au", "comm_other": "Hg, Sn (?)", "site_type": "Mine", "status": "Probably inactive", "dep_model": "Alluvial Au placer  (Cox and Singer, 1986; model 39a)", "model_code": "39a", "production": "Yes", "geol_desc": "The lower mile of  Windy Creek, including the area of its mouth on Budd Creek, has been placer mined for gold.  A small dredge operated here early in the century.  Cinnabar is reported to be in heavy mineral concentrates from the placer operations but the", "latitude": 65.602263091687163, "longitude": -165.52470262179031, "deposit_class": "placer" }, "geometry": { "type": "Point", "coordinates": [ -529371.246407619095407, 1784214.86708857351914 ] } },
{ "type": "Feature", "properties": { "ardf_num": "TE078", "mrds_num": "10308435", "site": "Unnamed (near Magnolia Creek)", "quad_250": "TE", "quad_63360": "C-1", "comm_main": "Au", "comm_other": null, "site_type": "Prospect", "status": "Inactive", "dep_model": "Disseminated or vein gold in metapelitic schist.  Possibly low-sulfide Au-quartz veins (Cox and Singer, 1986, model 36a)", "model_code": "36a", "production": "None", "geol_desc": "The Magnolia Creek prospect is an area of anomalous gold values in stream sediments and soils.  Magnolia Creek marks the approximate boundary between a highly deformed metapelitic schist to the east and a metapelitic/metacarbonate assemblage to the west.", "latitude": 65.514261541239335, "longitude": -165.32868634981077, "deposit_class": "lode" }, "geometry": { "type": "Point", "coordinates": [ -522119.689593779679853, 1773006.180196033092216 ] } },
{ "type": "Feature", "properties": { "ardf_num": "TE081", "mrds_num": "A016069", "site": "Allene Creek", "quad_250": "TE", "quad_63360": "B-3", "comm_main": "Au", "comm_other": null, "site_type": "Mine", "status": "Probably inactive", "dep_model": "Alluvial Au placer  (Cox and Singer, 1986; model 39a)", "model_code": "39a", "production": "Yes", "geol_desc": "Bedrock in the Allene Creek drainage is a chlorite and mica schist assemblage that is locally intruded by small greenstone bodies (Sainsbury, 1972); the age of this assemblage is uncertain but it is probably Paleozoic.  Dredge and later dozer/sluice minin", "latitude": 65.35323897823433, "longitude": -166.05168785021743, "deposit_class": "placer" }, "geometry": { "type": "Point", "coordinates": [ -558323.727945548831485, 1761225.439232086529955 ] } },
{ "type": "Feature", "properties": { "ardf_num": "TE082", "mrds_num": "A016068", "site": "Offield Creek", "quad_250": "TE", "quad_63360": "B-3", "comm_main": "Au", "comm_other": null, "site_type": "Mine", "status": "Probably inactive", "dep_model": "Alluvial Au placer  (Cox and Singer, 1986; model 39a)", "model_code": "39a", "production": "Yes", "geol_desc": "Bedrock in the Offield Creek drainage is a schistose chlorite and mica schist assemblage that is locally intruded by small greenstone bodies (Sainsbury, 1972); the age of this assemblage is uncertain but it is probably Paleozoic.  Although Cobb (1975) sta", "latitude": 65.301238496914578, "longitude": -166.00868129167296, "deposit_class": "placer" }, "geometry": { "type": "Point", "coordinates": [ -557395.202666795346886, 1755164.630332778673619 ] } },
{ "type": "Feature", "properties": { "ardf_num": "TE083", "mrds_num": "10308437", "site": "McKinley Creek", "quad_250": "TE", "quad_63360": "B-3", "comm_main": "Au", "comm_other": null, "site_type": "Mine", "status": "Probably inactive", "dep_model": "Alluvial Au placer  (Cox and Singer, 1986; model 39a)", "model_code": "39a", "production": "Yes", "geol_desc": "Bedrock in the McKinley Creek drainage is a chlorite and mica schist assemblage that is locally intruded by small greenstone bodies (Sainsbury, 1972); the age of this assemblage is uncertain but it is probably Paleozoic.  Sainsbury and others (1969) show", "latitude": 65.272237288761303, "longitude": -166.06167596679376, "deposit_class": "placer" }, "geometry": { "type": "Point", "coordinates": [ -560411.703712981077842, 1752431.735391608206555 ] } },
{ "type": "Feature", "properties": { "ardf_num": "TE084", "mrds_num": null, "site": "Dewey Creek", "quad_250": "TE", "quad_63360": "B-3", "comm_main": "Au", "comm_other": null, "site_type": "Occurrence", "status": "Probably inactive", "dep_model": "Alluvial Au placer  (Cox and Singer, 1986; model 39a)", "model_code": "39a", "production": "Undetermined", "geol_desc": "Bedrock in the Dewey Creek drainage is a chlorite and mica schist assemblage that is locally intruded by small greenstone bodies (Sainsbury, 1972); the age of this assemblage is uncertain but it is probably Paleozoic.  Placer gold is reported to be presen", "latitude": 65.297236397151309, "longitude": -166.15267876060074, "deposit_class": "placer" }, "geometry": { "type": "Point", "coordinates": [ -564085.825126398704015, 1755941.856376422801986 ] } },
{ "type": "Feature", "properties": { "ardf_num": "TE085", "mrds_num": "10308438", "site": "Moonlight Creek; Igloo Creek", "quad_250": "TE", "quad_63360": "B-3", "comm_main": "Au", "comm_other": null, "site_type": "Mine", "status": "Probably inactive", "dep_model": "Alluvial Au placer  (Cox and Singer, 1986; model 39a)", "model_code": "39a", "production": "Yes", "geol_desc": "Bedrock in the Moonlight Creek drainage is a chlorite and mica schist assemblage that is locally intruded by small greenstone bodies (Sainsbury, 1972); the age of this assemblage is uncertain but it is probably Paleozoic.  Some small scale placer mining a", "latitude": 65.307235732111067, "longitude": -166.19068117951406, "deposit_class": "placer" }, "geometry": { "type": "Point", "coordinates": [ -565626.54945083882194, 1757360.688224873505533 ] } },
{ "type": "Feature", "properties": { "ardf_num": "TE086", "mrds_num": "A016067; D002557", "site": "Sunset Creek", "quad_250": "TE", "quad_63360": "B-3", "comm_main": "Au, W", "comm_other": null, "site_type": "Mine", "status": "Probably inactive", "dep_model": "Alluvial Au placer  (Cox and Singer, 1986; model 39a)", "model_code": "39a", "production": "Yes", "geol_desc": "Bedrock in the Sunset Creek drainage is a chlorite and mica schist assemblage that is locally intruded by small greenstone bodies (Sainsbury, 1972); the age of this assemblage is uncertain but it is probably Paleozoic.  Quaternary basalt flows are present", "latitude": 65.331234647725907, "longitude": -166.26368621835766, "deposit_class": "placer" }, "geometry": { "type": "Point", "coordinates": [ -568484.35579660651274, 1760613.063206113874912 ] } },
{ "type": "Feature", "properties": { "ardf_num": "TE087", "mrds_num": null, "site": "Unnamed Creek", "quad_250": "TE", "quad_63360": "B-3", "comm_main": "Au (?)", "comm_other": null, "site_type": "Mine", "status": "Probably inactive", "dep_model": "Alluvial Au placer  (Cox and Singer, 1986; model 39a)", "model_code": "39a", "production": "Yes", "geol_desc": "Bedrock in this drainage is a chlorite and mica schist assemblage that is locally intruded by small greenstone bodies (Sainsbury, 1972); the age of this assemblage is uncertain but it is probably Paleozoic.  All that is known about this locality is that s", "latitude": 65.416240558098821, "longitude": -166.0726960229423, "deposit_class": "placer" }, "geometry": { "type": "Point", "coordinates": [ -558017.215362507500686, 1768305.997682790039107 ] } },
{ "type": "Feature", "properties": { "ardf_num": "TE090", "mrds_num": "A016077", "site": "Coyote Creek", "quad_250": "TE", "quad_63360": "A-3", "comm_main": "Au", "comm_other": null, "site_type": "Mine", "status": "Probably inactive", "dep_model": "Alluvial Au placer  (Cox and Singer, 1986; model 39a)", "model_code": "39a", "production": "Yes", "geol_desc": "Bedrock in the Coyote Creek drainage is a metapelitic sequence with local metamorphosed mafic intrusive bodies (Sainsbury, 1972).  In places, the retrograded greenschist facies mafic bodies preserve remnant blueschist facies minerals.  The age of this ass", "latitude": 65.203231294414664, "longitude": -166.28566973586703, "deposit_class": "placer" }, "geometry": { "type": "Point", "coordinates": [ -572115.649137888802215, 1746779.980418919119984 ] } },
{ "type": "Feature", "properties": { "ardf_num": "TE091", "mrds_num": "A016078", "site": "Dese Creek", "quad_250": "TE", "quad_63360": "A-3", "comm_main": "Au", "comm_other": "Hg", "site_type": "Mine", "status": "Probably inactive", "dep_model": "Alluvial Au placer  (Cox and Singer, 1986; model 39a)", "model_code": "39a", "production": "Yes", "geol_desc": "Bedrock in the Dese Creek drainage is a metapelitic sequence with local metamorphosed mafic intrusive bodies (Sainsbury, 1972).  In places, the retrograded greenschist facies mafic bodies preserve remnant blueschist facies minerals.  The age of this assem", "latitude": 65.205233098496777, "longitude": -166.2026687541148, "deposit_class": "placer" }, "geometry": { "type": "Point", "coordinates": [ -568253.465393280144781, 1746286.686913407640532 ] } },
{ "type": "Feature", "properties": { "ardf_num": "TE092", "mrds_num": "A045404; A016075", "site": "Bluestone River", "quad_250": "TE", "quad_63360": "A-3", "comm_main": "Au", "comm_other": "Hg, PGM", "site_type": "Mine", "status": "Probably inactive", "dep_model": "Alluvial Au placer  (Cox and Singer, 1986; model 39a)", "model_code": "39a", "production": "Yes", "geol_desc": "Bedrock in the Bluestone River drainage is mostly a metapelitic sequence with local metamorphosed mafic intrusive bodies (Sainsbury, 1972).  South and east tributaries to the Bluestone River, such as Gold Run Creek,  have bedrock assemblages that include", "latitude": 65.112230874716886, "longitude": -166.19465996566205, "deposit_class": "placer" }, "geometry": { "type": "Point", "coordinates": [ -569777.529221346834674, 1736026.196362970862538 ] } },
{ "type": "Feature", "properties": { "ardf_num": "TE093", "mrds_num": "A016076", "site": "Skookum Creek", "quad_250": "TE", "quad_63360": "A-3", "comm_main": "Au", "comm_other": null, "site_type": "Mine", "status": "Probably inactive", "dep_model": "Alluvial Au placer  (Cox and Singer, 1986; model 39a)", "model_code": "39a", "production": "Yes", "geol_desc": "Bedrock in the lower part of Skookum Creek is a metapelitic schist assemblage (Sainsbury, 1972).   This assemblage may be in high-angle fault contact with chlorite schist and related rocks that make up bedrock in the upper part of the drainage.  Both of t", "latitude": 65.096229345403898, "longitude": -166.25065875877723, "deposit_class": "placer" }, "geometry": { "type": "Point", "coordinates": [ -572691.492337623960339, 1734754.256242190254852 ] } },
{ "type": "Feature", "properties": { "ardf_num": "TE094", "mrds_num": "M045403; A016073", "site": "Gold Run", "quad_250": "TE", "quad_63360": "A-3", "comm_main": "Au", "comm_other": "Hg, PGM, W", "site_type": "Mine", "status": "Probably inactive", "dep_model": "Alluvial Au placer  (Cox and Singer, 1986; model 39a)", "model_code": "39a", "production": "Yes", "geol_desc": "Bedrock in this drainage and its headwater tributaries is dominately a chlorite-bearing schist and amphibolite assemblage (Sainsbury, 1972).  The lower 1.25 miles of the stream drains across a metapelitic schist assemblage.   Both of these assemblages hav", "latitude": 65.066230009098305, "longitude": -166.19965504175315, "deposit_class": "placer" }, "geometry": { "type": "Point", "coordinates": [ -570945.003685639472678, 1731027.354904554085806 ] } },
{ "type": "Feature", "properties": { "ardf_num": "TE095", "mrds_num": "A016026", "site": "Unnamed (on Alder Creek)", "quad_250": "TE", "quad_63360": "A-3", "comm_main": "Au", "comm_other": null, "site_type": "Prospect", "status": "Probably inactive", "dep_model": "Altered fault (?) contact with quartz stringers, pyrite, and fine gold.  Possibly low sulfide Au-quartz vein model (Cox and Singer, 1986, model 36a).", "model_code": "36a", "production": "None", "geol_desc": "This is a lode prospect initially exposed on lower Alder Creek by placer operations and subsequently explored to a depth of 60 feet from exposures on the south side of the creek.  The prospect is an altered fault (?) zone, in one place 16 feet wide,  alon", "latitude": 65.062230096519215, "longitude": -166.19265456021148, "deposit_class": "lode" }, "geometry": { "type": "Point", "coordinates": [ -570702.478530847001821, 1730528.769269061740488 ] } },
{ "type": "Feature", "properties": { "ardf_num": "TE096", "mrds_num": "A016074", "site": "Alder Creek", "quad_250": "TE", "quad_63360": "A-3", "comm_main": "Au", "comm_other": null, "site_type": "Mine", "status": "Probably inactive", "dep_model": "Alluvial Au placer  (Cox and Singer, 1986; model 39a)", "model_code": "39a", "production": "Yes", "geol_desc": "Bedrock in the Alder Creek drainage is a chlorite schist assemblage with local metamorphosed mafic intrusive bodies (Sainsbury, 1972).  The age of this assemblage is not known but it is probably Paleozoic.  Gold was discovered in 1900 and about 1mile of t", "latitude": 65.062230314657498, "longitude": -166.18265449037469, "deposit_class": "placer" }, "geometry": { "type": "Point", "coordinates": [ -570239.664549405453727, 1730442.892561856657267 ] } },
{ "type": "Feature", "properties": { "ardf_num": "TE097", "mrds_num": null, "site": "Quartz Creek; Sunset Creek; Slate Creek", "quad_250": "TE", "quad_63360": "A-3", "comm_main": "Au", "comm_other": null, "site_type": "Mine", "status": "Probably inactive", "dep_model": "Alluvial Au placer  (Cox and Singer, 1986; model 39a)", "model_code": "39a", "production": "Yes, small", "geol_desc": "Bedrock in the drainage of Quartz Creek (and most of upper Gold Run) is a chlorite schist assemblage with local metamorphosed mafic intrusive bodies (Sainsbury, 1972).  The age of this assemblage is not known but it is probably Paleozoic.  Sainsbury and o", "latitude": 65.032228195853818, "longitude": -166.25965168239497, "deposit_class": "placer" }, "geometry": { "type": "Point", "coordinates": [ -574416.757436110987328, 1727818.175563417840749 ] } },
{ "type": "Feature", "properties": { "ardf_num": "TE098", "mrds_num": "10308440", "site": "Upper Quartz Creek", "quad_250": "TE", "quad_63360": "A-3", "comm_main": "Au", "comm_other": null, "site_type": "Mine", "status": "Probably inactive", "dep_model": "Alluvial Au placer  (Cox and Singer, 1986; model 39a)", "model_code": "39a", "production": "Yes, small", "geol_desc": "Bedrock in this drainage is a chlorite schist assemblage with local metamorphosed mafic intrusive bodies (Sainsbury, 1972).  The age of this assemblage is not known but it is probably Paleozoic.  Sainsbury and others (1969) show the location of placer min", "latitude": 65.024227367331065, "longitude": -166.29465108568641, "deposit_class": "placer" }, "geometry": { "type": "Point", "coordinates": [ -576202.070260290638544, 1727244.577851934125647 ] } },
{ "type": "Feature", "properties": { "ardf_num": "TE099", "mrds_num": "A013503", "site": "Windy Creek", "quad_250": "TE", "quad_63360": "A-3", "comm_main": "Au", "comm_other": null, "site_type": "Mine", "status": "Probably inactive", "dep_model": "Alluvial Au placer  (Cox and Singer, 1986; model 39a)", "model_code": "39a", "production": "Yes, small", "geol_desc": "A regional boundary between metapelitic rocks to the northwest and chlorite schist and related rocks to the southeast parallels Windy Creek about 0.2 to 0.4 miles to the southeast of the main drainage (Sainsbury, 1972).  The metapelitic assemblage makes u", "latitude": 65.07622731811135, "longitude": -166.34265694783289, "deposit_class": "placer" }, "geometry": { "type": "Point", "coordinates": [ -577354.786511075217277, 1733359.185414977604523 ] } },
{ "type": "Feature", "properties": { "ardf_num": "TE100", "mrds_num": "A016072", "site": "Bering Creek", "quad_250": "TE", "quad_63360": "A-3", "comm_main": "Au", "comm_other": null, "site_type": "Mine", "status": "Probably inactive", "dep_model": "Alluvial Au placer  (Cox and Singer, 1986; model 39a)", "model_code": "39a", "production": "Yes, small", "geol_desc": "Bedrock in the Bering Creek drainage is a metapelitic sequence that is locally cut by metamorphosed mafic intrusive bodies (Sainsbury, 1972).  The age of this sequence is uncertain but it is probably Paleozoic.  Coarse, bright, unworn placer gold was hand", "latitude": 65.087226509276192, "longitude": -166.39165851434598, "deposit_class": "placer" }, "geometry": { "type": "Point", "coordinates": [ -579392.868183979298919, 1734990.900778686860576 ] } },
{ "type": "Feature", "properties": { "ardf_num": "TE101", "mrds_num": "A016071", "site": "Eagle Creek", "quad_250": "TE", "quad_63360": "A-3", "comm_main": "Au", "comm_other": "Hg", "site_type": "Mine", "status": "Probably inactive", "dep_model": "Alluvial Au placer  (Cox and Singer, 1986; model 39a)", "model_code": "39a", "production": "Yes, small", "geol_desc": "Bedrock in the Bering Creek drainage is a metapelitic sequence that is locally cut by metamorphosed mafic intrusive bodies (Sainsbury, 1972).  The age of this sequence is uncertain but it is probably Paleozoic.|At least some placer mining on this part of", "latitude": 65.078225565750216, "longitude": -166.42165817964516, "deposit_class": "placer" }, "geometry": { "type": "Point", "coordinates": [ -580965.762787039158866, 1734267.043000355362892 ] } },
{ "type": "Feature", "properties": { "ardf_num": "TE102", "mrds_num": "10308441", "site": "Ring Creek", "quad_250": "TE", "quad_63360": "A-3", "comm_main": "Au", "comm_other": null, "site_type": "Mine", "status": "Probably inactive", "dep_model": "Alluvial Au placer  (Cox and Singer, 1986; model 39a)", "model_code": "39a", "production": "Yes, small", "geol_desc": "Bedrock in the Bering Creek drainage is a metapelitic sequence that is locally cut by metamorphosed mafic intrusive bodies (Sainsbury, 1972).  The age of this sequence is uncertain but it is probably Paleozoic. Sainsbury and others (1969) mapped the locat", "latitude": 65.115227162844462, "longitude": -166.38666129272022, "deposit_class": "placer" }, "geometry": { "type": "Point", "coordinates": [ -578583.125011216150597, 1738014.509636068018153 ] } },
{ "type": "Feature", "properties": { "ardf_num": "TE107", "mrds_num": null, "site": "Wolf", "quad_250": "TE", "quad_63360": "D-2", "comm_main": "Au", "comm_other": "Ag, As, Hg, Sb", "site_type": "Prospect", "status": "Active", "dep_model": "Disseminated and stockwork quartz and gold mineralization in metapelitic rocks.  Possibly carbonate-hosted Au-Ag and/or  low sulfide Au-quartz vein (Cox and Singer, 1986; models 26a or 36a).", "model_code": "26a or 36a", "production": "None", "geol_desc": "The Wolf prospect is in mica-quartz schist and graphitic quartz schist intercalated in a metasedimentary sequence that includes schistose, micaceous, dolomitic marble; mica-calcite schist; and minor micaceous quartzite (Cedar Mountain, 2011 [project]).  T", "latitude": 65.761661284392716, "longitude": -165.90632642065006, "deposit_class": "lode" }, "geometry": { "type": "Point", "coordinates": [ -543550.311828065779991, 1804771.634916248964146 ] } },
{ "type": "Feature", "properties": { "ardf_num": "TE108", "mrds_num": null, "site": "South Fox", "quad_250": "TE", "quad_63360": "D-2", "comm_main": "Au", "comm_other": "Ag, As, Hg, Sb", "site_type": "Prospect", "status": "Active", "dep_model": "Disseminated and stockwork quartz and gold mineralization in metapelitic rocks.  Possibly carbonate-hosted Au-Ag and/or  low sulfide Au-quartz vein (Cox and Singer, 1986; models 26a or 36a).", "model_code": "26a or 36a ?", "production": "None", "geol_desc": "The South Fox prospect is in mica-quartz schist and graphitic quartz schist intercalated in a metasedimentary sequence that includes schistose, micaceous, dolomitic marble; mica-calcite schist; and minor micaceous quartzite (Cedar Mountain, 2011 [project]", "latitude": 65.785659879885614, "longitude": -166.00263196010405, "deposit_class": "lode" }, "geometry": { "type": "Point", "coordinates": [ -547418.836287221056409, 1808191.308478943072259 ] } },
{ "type": "Feature", "properties": { "ardf_num": "TE109", "mrds_num": null, "site": "North Fox", "quad_250": "TE", "quad_63360": "D-2", "comm_main": "Au", "comm_other": "Ag, As, Hg, Sb", "site_type": "Prospect", "status": "Active", "dep_model": "Disseminated and stockwork quartz and gold mineralization in metapelitic rocks.  Possibly carbonate-hosted Au-Ag and/or  low sulfide Au-quartz vein (Cox and Singer, 1986; models 26a or 36a).", "model_code": "26a or 36a ?", "production": "None", "geol_desc": "The North Fox prospect is in mica-quartz schist and graphitic quartz schist intercalated in a metasedimentary sequence that includes schistose, micaceous, dolomitic marble; mica-calcite schist; and minor micaceous quartzite (Cedar Mountain, 2011 [project]", "latitude": 65.794961160881741, "longitude": -165.97183158679221, "deposit_class": "lode" }, "geometry": { "type": "Point", "coordinates": [ -545843.697439630981535, 1808956.461702141910791 ] } },
{ "type": "Feature", "properties": { "ardf_num": "TE110", "mrds_num": null, "site": "Wolverine", "quad_250": "TE", "quad_63360": "D-2", "comm_main": "Au", "comm_other": "Ag, As, Hg, Sb", "site_type": "Prospect", "status": null, "dep_model": "Disseminated and stockwork quartz and gold mineralization in metapelitic rocks.  Possibly carbonate-hosted Au-Ag and/or  low sulfide Au-quartz vein (Cox and Singer, 1986; models 26a or 36a).", "model_code": "26a or 36a ?", "production": "None", "geol_desc": "The Wolverine prospect is in mica-quartz schist and graphitic quartz schist intercalated in a metasedimentary sequence that includes schistose, micaceous, dolomitic marble; mica-calcite schist; and minor micaceous quartzite (Cedar Mountain, 2011 [project]", "latitude": 65.781465956043789, "longitude": -165.78032491009665, "deposit_class": "lode" }, "geometry": { "type": "Point", "coordinates": [ -537469.780795226339251, 1805916.062725067371503 ] } },
{ "type": "Feature", "properties": { "ardf_num": "TE111", "mrds_num": null, "site": "Moose", "quad_250": "TE", "quad_63360": "D-2", "comm_main": "Au", "comm_other": "Ag, As, Hg, Sb", "site_type": "Prospect", "status": "Active", "dep_model": "Disseminated and stockwork quartz and gold mineralization in metapelitic rocks.  Possibly carbonate-hosted Au-Ag and/or  low sulfide Au-quartz vein (Cox and Singer, 1986; models 26a or 36a).", "model_code": "26a or 36a ?", "production": "None", "geol_desc": "The Moose prospect is in mica-quartz schist and graphitic quartz schist intercalated in a metasedimentary sequence that includes schistose, micaceous, partly dolomitic marble, mica-calcite schist, and minor micaceous quartzite (Cedar Mountain, 2011 [proje", "latitude": 65.765967588797153, "longitude": -165.70742208070942, "deposit_class": "lode" }, "geometry": { "type": "Point", "coordinates": [ -534480.876622124575078, 1803629.138658728916198 ] } },
{ "type": "Feature", "properties": { "ardf_num": "TE112", "mrds_num": null, "site": "Jaeger", "quad_250": "TE", "quad_63360": "D-2", "comm_main": "Au", "comm_other": "Ag, As, Hg, Sb", "site_type": "Prospect", "status": null, "dep_model": "Disseminated and stockwork quartz and gold mineralization in metapelitic rocks.  Possibly carbonate-hosted Au-Ag and/or  low sulfide Au-quartz vein (Cox and Singer, 1986; models 26a or 36a).", "model_code": "26a or 36a ?", "production": null, "geol_desc": "The Jaeger prospect is in mica-quartz schist and graphitic quartz schist intercalated in a metasedimentary sequence that includes schistose, micaceous, dolomitic marble; mica-calcite schist; and minor micaceous quartzite (Cedar Mountain, 2011 [project]).", "latitude": 65.756768836779912, "longitude": -165.65912018312929, "deposit_class": "lode" }, "geometry": { "type": "Point", "coordinates": [ -532477.367590598994866, 1802232.795688207726926 ] } }
]
}
